Domestic by Dep. Port,n_vys,n_imo,tps_mn_gtnm,tps_mn_dwtnm,aby_vys,aby_flt,aby_gtnm,aby_dwtnm,avd_vys,avd_flt,avd_gtnm,avd_dwtnm,avt_vys,avt_flt,avt_gtnm,avt_dwtnm,apt_vys,apt_flt,apt_gtnm,apt_dwtnm,ene_tj,ene_tj_voy,ene_tj_stop,co2_t,co2_t_voy,co2_t_stop,co2e_t,co2e_t_voy,co2e_t_stop
Belfast,2162,481,7477.3,3812.5,2003.4,2002.9,2004.8,2004.6,147.5,405.5,219.3,258.3,12.0,57.2,35.6,50.7,9.0,40.0,26.0,38.4,1987.1,1496.6,490.6,152407.4,114912.9,37494.5,155333.6,117119.2,38214.4
Aberdeen,1974,348,5517.8,4635.0,2005.4,2006.6,2006.7,2007.8,311.0,697.5,544.4,598.4,40.0,272.2,646.8,820.8,15.0,61.4,74.2,79.3,3091.4,2563.4,528.1,231858.5,192212.9,39645.6,236310.2,195903.4,40406.8
Liverpool,1589,317,5034.6,3237.8,2003.0,2002.9,2004.0,2004.0,149.5,338.1,212.9,258.7,16.0,66.2,57.5,61.2,8.0,36.0,20.2,31.2,1407.3,1129.3,278.1,107526.8,86436.6,21090.2,109591.3,88096.2,21495.2
Immingham,1014,349,2476.4,3546.3,2003.9,2004.2,2006.4,2006.5,300.6,413.8,370.9,372.7,34.0,133.5,131.5,104.0,19.0,44.1,49.4,43.2,991.2,665.0,326.2,74469.2,49945.7,24523.4,75899.0,50904.7,24994.3
Broadstairs,813,483,1264.5,1755.5,2003.8,2004.7,2007.0,2006.5,59.7,122.1,114.8,132.7,7.0,19.5,64.1,76.2,19.0,33.8,35.6,38.5,403.6,200.1,203.6,30351.4,15038.5,15312.9,30934.1,15327.2,15606.9
Peterhead,686,226,2234.3,2261.9,2005.2,2004.5,2009.3,2009.3,347.5,765.5,854.6,860.8,57.0,203.4,1474.3,1624.4,19.0,68.4,78.4,72.5,1305.1,1153.4,151.7,97990.8,86598.0,11392.8,99872.3,88260.7,11611.5
Withernsea,547,291,2651.9,4359.2,1997.1,2000.5,2005.0,2005.4,205.9,349.2,527.1,539.0,23.0,61.1,180.0,174.8,34.0,60.3,84.4,79.6,702.2,403.0,299.3,52814.3,30270.9,22543.5,53828.4,30852.1,22976.3
Heysham,532,26,2373.1,870.9,2004.3,1999.7,2004.2,2003.3,135.6,1368.4,354.7,342.1,11.0,229.8,94.8,96.0,5.0,61.4,23.0,28.5,671.7,534.4,137.4,51758.1,41183.0,10575.1,52751.9,41973.7,10778.2
Teesport,493,272,1356.1,1853.3,2003.9,2004.3,2005.7,2005.5,248.4,394.4,349.3,319.6,29.0,62.6,195.9,135.4,24.0,51.0,57.0,55.7,584.2,363.0,221.1,43879.7,27271.0,16608.7,44722.2,27794.6,16927.6
Tilbury,463,229,833.8,828.0,2000.6,2002.0,2000.8,2003.8,128.3,242.1,274.6,244.0,27.0,41.0,52.3,51.5,23.0,41.8,36.1,46.4,272.8,183.2,89.6,20514.2,13772.6,6741.6,20908.1,14037.0,6871.0
Lerwick,461,133,805.2,421.6,1999.4,2000.5,2001.7,2003.1,234.9,735.1,339.7,341.5,25.0,213.7,210.2,243.3,11.0,91.3,106.2,126.7,481.4,322.6,158.7,36152.5,24233.2,11919.3,36846.6,24698.5,12148.1
Orford,455,300,1642.0,2086.8,2008.6,2008.2,2010.4,2010.1,63.4,94.0,78.4,81.8,7.0,14.1,14.6,15.1,24.0,35.3,30.1,31.8,451.8,168.3,283.5,34092.0,12635.3,21456.7,34746.6,12877.9,21868.7
Dagenham,421,89,292.5,451.0,1993.0,2002.1,2000.5,2000.7,126.3,229.4,182.6,182.7,15.0,36.1,44.2,44.1,3.0,28.2,17.9,17.6,126.8,101.4,25.4,9540.1,7624.9,1915.2,9723.3,7771.3,1951.9
Steynton,408,120,1840.1,2797.5,2006.1,2005.9,2008.7,2008.7,203.1,378.1,331.3,342.0,22.0,60.4,93.3,94.7,24.0,45.3,43.6,45.9,539.6,291.8,247.8,40935.8,22280.5,18655.3,41721.8,22708.3,19013.5
Avonmouth,404,111,373.8,469.4,2000.5,2003.4,2000.6,2003.3,207.6,325.7,243.9,235.3,29.0,75.6,61.6,52.7,18.0,55.3,41.9,40.4,263.4,182.2,81.1,19914.5,13793.1,6121.3,20296.8,14058.0,6238.9
Hatston,398,60,2006.7,416.7,1999.4,1997.4,2001.6,1999.5,136.7,258.4,320.3,257.8,12.0,28.8,42.4,44.4,9.0,13.8,19.6,25.0,593.0,432.8,160.2,44692.7,32624.9,12067.7,45550.8,33251.3,12299.4
Tranmere,389,84,2066.6,2222.1,2004.8,2004.4,2006.2,2006.6,143.3,435.6,241.0,368.1,10.0,98.9,56.5,83.9,3.0,127.5,61.5,92.8,560.5,319.4,241.1,42837.8,24538.1,18299.7,43660.3,25009.2,18651.1
Mallaig,385,29,86.8,62.8,2006.7,2001.7,2001.7,2005.7,85.9,288.0,183.7,121.0,13.0,45.3,228.5,140.0,4.0,30.7,45.2,27.3,104.2,76.4,27.8,7823.5,5735.0,2088.5,7973.7,5845.1,2128.6
Hull,381,163,484.4,564.3,2001.6,2002.0,2002.1,2004.1,228.9,470.8,415.6,403.3,31.0,106.9,126.2,100.6,22.0,62.7,88.4,77.0,276.1,186.8,89.3,20762.2,14053.0,6709.2,21160.8,14322.9,6838.0
Purfleet,376,150,399.3,563.0,1999.5,2003.5,2005.4,2005.4,107.8,223.6,191.6,185.6,20.0,33.3,52.6,50.3,19.5,47.9,44.8,46.7,227.7,124.0,103.7,17132.7,9331.2,7801.5,17461.6,9510.4,7951.3
Shoreham,374,103,174.5,231.7,1994.7,1997.5,1996.1,1995.5,112.5,416.7,174.3,170.6,17.0,62.7,71.0,59.1,11.0,49.6,63.9,54.9,108.3,84.3,24.1,8135.6,6328.7,1806.9,8291.8,6450.2,1841.6
Great Yarmouth,363,140,698.3,723.0,2000.3,2002.3,2004.1,2003.2,300.7,982.0,633.2,654.7,56.0,311.9,1212.8,1205.8,24.0,75.9,131.1,140.1,553.2,459.0,94.2,41469.1,34393.2,7075.9,42265.3,35053.5,7211.8
Fawley,360,144,2074.2,3331.6,2004.2,2006.0,2008.9,2009.6,202.1,669.0,470.6,453.8,42.0,106.6,171.4,148.7,19.0,58.0,52.4,37.9,563.2,370.7,192.5,42380.1,27911.0,14469.0,43193.7,28446.9,14746.8
Tees,352,181,1532.5,2189.8,2005.8,2006.2,2009.6,2009.4,178.1,346.4,261.1,238.9,28.0,91.2,123.1,126.1,33.0,83.8,169.1,129.1,833.4,393.2,440.2,62577.7,29523.2,33054.4,63779.2,30090.1,33689.1
Oban,342,65,901.8,139.4,1991.5,1993.8,1992.2,1993.7,261.1,805.7,1118.7,608.1,30.0,134.6,899.6,694.2,12.5,47.6,19.2,23.4,495.1,405.7,89.4,37204.5,30484.6,6720.0,37918.9,31069.9,6849.0
Warrenpoint,329,99,1105.1,507.7,2006.4,2004.6,2010.3,2009.0,156.3,349.4,351.2,336.9,14.0,44.8,58.1,62.0,12.0,40.6,25.5,32.8,273.3,202.7,70.7,21045.7,15610.7,5435.0,21449.7,15910.4,5539.3
Grimsby,323,124,605.7,560.9,2000.0,1999.5,2004.9,2007.2,185.1,545.4,244.6,350.5,32.0,166.8,262.0,260.7,26.0,67.6,51.6,43.8,277.8,192.8,85.0,20878.9,14487.7,6391.2,21279.8,14765.8,6514.0
Itchen,316,92,851.2,374.1,1996.7,2002.2,2003.5,2001.9,96.5,353.5,291.1,222.6,18.0,51.4,39.8,40.6,15.0,42.1,25.6,23.7,140.5,106.8,33.7,10615.1,8075.0,2540.1,10818.9,8230.0,2588.9
Southampton,314,91,798.9,362.5,2002.3,2002.9,2002.5,2003.8,119.6,397.7,367.6,252.0,31.0,125.5,64.5,84.7,19.0,58.9,77.7,87.1,359.1,226.4,132.7,27051.6,17079.7,9971.9,27571.0,17407.7,10163.4
Buchan,310,103,494.8,481.5,2007.6,2007.1,2009.1,2009.4,189.8,523.2,370.0,337.0,14.0,75.8,103.4,93.8,41.0,111.3,277.5,263.3,300.5,138.7,161.8,22398.8,10324.9,12073.9,22828.8,10523.1,12305.7
Lowestoft,304,93,404.1,620.7,1994.5,1997.3,2001.8,2004.0,190.3,515.1,355.5,348.0,32.0,157.8,157.3,129.6,13.5,116.3,114.1,100.7,255.7,179.7,76.0,19200.0,13496.1,5703.9,19568.6,13755.2,5813.4
Thames,303,115,652.1,880.1,2006.9,2005.4,2008.3,2008.0,110.0,211.7,184.5,198.3,35.0,41.5,91.4,105.9,22.0,42.3,43.1,46.6,198.1,125.3,72.8,14886.8,9411.6,5475.2,15172.6,9592.3,5580.3
Gravesend,292,59,170.4,171.4,2002.3,1998.5,1997.4,2000.0,126.2,266.7,230.9,201.4,33.0,70.1,116.7,83.4,9.0,47.3,26.7,23.9,136.2,104.4,31.8,10229.5,7837.1,2392.4,10425.9,7987.6,2438.4
Scrabster,286,85,440.1,382.6,1995.1,1995.6,2002.4,2005.2,366.9,702.4,516.5,533.8,47.0,122.8,198.1,173.2,14.0,50.0,117.8,127.8,251.9,184.6,67.4,18929.8,13868.5,5061.3,19293.3,14134.8,5158.5
Etrick Field,284,124,696.1,714.6,2006.2,2007.4,2009.4,2008.3,233.3,537.0,393.5,308.4,36.5,121.3,262.7,162.0,39.0,109.8,126.0,122.3,368.3,195.2,173.1,27651.7,14655.3,12996.4,28182.6,14936.7,13245.9
Kyle Of Lochalsh,279,59,67.3,54.4,2000.8,1999.3,1996.8,2000.2,196.4,341.9,285.2,253.0,29.0,118.0,139.3,112.1,16.0,42.1,52.8,65.7,139.0,102.9,36.1,10438.9,7727.8,2711.1,10639.3,7876.1,2763.2
Silvertown,275,34,135.7,212.3,1990.8,1989.9,1993.5,1993.4,121.1,244.5,147.5,142.8,14.0,67.7,37.2,35.4,2.0,118.1,22.0,19.5,72.6,57.5,15.1,5458.3,4324.5,1133.8,5563.1,4407.5,1155.6
Caister On Sea,257,47,246.9,324.0,1992.8,1998.9,1998.4,1997.0,127.6,364.2,196.5,172.4,17.0,94.0,99.2,81.3,6.0,78.6,53.3,44.0,102.1,71.2,30.9,7606.9,5286.3,2320.6,7753.0,5387.8,2365.2
Felixstowe,251,94,1389.9,1743.7,2005.3,2007.0,2010.6,2010.2,254.7,301.5,247.0,280.8,21.0,189.4,35.2,30.4,19.0,39.5,76.2,99.2,249.3,177.0,72.3,18766.4,13293.9,5472.5,19126.7,13549.2,5577.5
Plymouth,242,106,928.7,517.8,2000.9,1998.5,2003.7,2004.4,218.8,454.2,493.7,296.9,36.0,63.3,53.2,59.4,25.0,144.3,19.2,27.8,323.7,249.8,74.0,24559.9,19002.3,5557.6,25031.5,19367.1,5664.3
Milford Haven,241,57,606.3,421.6,2006.5,2006.9,2002.5,2007.0,109.4,226.5,313.3,218.1,35.0,53.8,105.7,82.3,32.0,67.7,48.4,57.5,268.6,167.0,101.6,20415.2,12678.0,7737.3,20807.2,12921.4,7885.8
Dulas Bay,235,189,514.8,820.6,2005.0,2005.3,2005.8,2005.5,58.1,140.8,106.6,113.3,8.0,23.9,117.7,127.7,34.0,81.8,79.0,69.4,287.5,103.8,183.7,22063.7,7982.5,14081.2,22487.3,8135.7,14351.6
Portsmouth,232,47,1081.5,208.5,2001.2,1996.2,2001.9,2001.1,135.4,1234.4,728.7,291.5,48.0,405.8,800.1,802.5,13.5,64.2,28.4,51.1,458.8,383.7,75.1,34725.2,29081.1,5644.2,35391.9,29639.4,5752.5
Sheerness,230,73,644.5,328.5,2001.8,2001.1,2001.3,2001.1,228.6,273.9,281.0,284.4,33.0,79.5,48.3,55.3,11.0,30.6,18.1,23.2,137.7,118.9,18.7,10338.9,8930.2,1408.6,10537.4,9101.7,1435.7
Saint Leonards-On-Sea,229,32,176.3,272.4,1993.4,1993.3,1997.3,1997.2,122.3,332.7,178.9,175.7,18.0,45.0,28.5,26.7,5.0,29.9,27.2,24.6,66.2,48.7,17.5,4973.0,3657.7,1315.3,5068.5,3727.9,1340.6
Portbury,225,136,2205.4,1391.2,2003.6,2004.9,2005.8,2003.3,326.9,397.0,419.9,367.0,34.0,78.4,52.9,54.4,19.0,45.1,26.9,44.0,279.4,215.8,63.6,21280.3,16453.7,4826.6,21688.9,16769.6,4919.3
Greenock,222,75,1887.8,331.7,1998.4,1999.6,2009.1,2005.2,202.0,310.7,477.1,376.3,28.0,35.8,48.3,56.7,13.0,32.3,12.2,19.3,392.1,327.0,65.1,29922.0,24984.2,4937.8,30496.5,25463.9,5032.6
Liverpool Bay Terminal,221,111,160.9,236.0,2002.7,2003.1,2003.4,2003.5,81.5,133.2,204.2,219.8,18.0,31.5,152.0,153.0,27.0,41.1,41.2,42.0,82.4,50.9,31.6,6219.0,3837.3,2381.7,6338.4,3910.9,2427.4
Eastham,220,94,219.8,299.4,2000.9,2002.1,2005.8,2005.8,155.8,381.5,280.5,273.1,43.5,130.7,117.2,106.5,20.0,45.6,45.0,45.0,175.6,117.6,58.0,13250.6,8886.0,4364.6,13505.0,9056.7,4448.4
Grangemouth,214,118,434.8,556.0,2004.3,2005.0,2006.3,2005.9,292.5,380.6,367.3,368.5,28.5,58.5,66.9,61.6,18.5,29.4,30.6,30.5,201.6,139.9,61.7,15062.7,10430.9,4631.8,15351.9,10631.2,4720.8
Neyland,212,35,293.0,77.2,2005.4,2002.9,1997.4,1999.1,116.8,214.9,340.0,236.4,23.0,91.7,20.2,47.3,42.5,61.3,69.2,71.5,138.0,50.9,87.1,10453.6,3844.2,6609.4,10654.3,3918.0,6736.3
Walton-On-The-Naze,206,92,330.8,522.8,2003.6,2006.6,2007.2,2007.1,64.3,105.2,108.9,110.0,8.0,14.0,16.2,15.9,37.5,46.9,41.6,42.0,192.0,45.0,147.0,14661.2,3375.4,11285.7,14942.7,3440.3,11502.4
Stornoway Harbor,197,43,659.8,152.4,2005.1,1998.6,2011.5,2010.1,264.5,236.6,860.3,533.6,32.0,53.2,218.2,179.0,12.0,28.2,24.5,24.4,240.1,191.4,48.7,18410.4,14688.1,3722.4,18763.9,14970.1,3793.9
Erith,197,80,102.5,140.8,1995.5,1999.0,1997.9,1997.6,140.8,209.2,195.1,195.9,20.0,29.5,33.1,36.0,10.0,36.4,24.1,25.0,45.2,33.4,11.8,3401.3,2513.2,888.2,3466.7,2561.4,905.2
Fraserburgh,196,90,121.9,95.4,1994.0,1999.7,2005.0,2005.8,280.4,694.2,472.3,443.1,46.0,116.1,246.6,231.1,21.5,119.8,284.5,219.4,147.3,92.2,55.1,11059.4,6918.9,4140.5,11271.8,7051.8,4220.0
Montrose,190,92,409.3,315.2,2006.3,2004.3,2008.5,2007.9,255.4,432.4,447.0,426.6,40.5,141.2,366.6,335.9,27.0,62.4,101.0,94.1,185.8,147.8,38.0,13948.9,11098.8,2850.1,14216.7,11311.9,2904.8
Flushing,178,128,1084.3,1677.5,2001.7,2002.0,2008.3,2009.6,257.6,398.5,416.8,478.1,45.0,93.8,106.0,110.1,24.0,73.9,58.8,62.0,355.8,222.6,133.2,26860.9,16776.5,10084.4,27376.6,17098.6,10278.0
Campbeltown,176,67,86.2,84.2,1997.0,1996.9,1998.2,2001.8,153.6,382.5,291.4,293.6,19.5,53.4,65.3,80.5,21.0,99.1,52.4,43.9,73.2,41.9,31.3,5512.3,3161.7,2350.6,5618.1,3222.4,2395.7
Cardiff,175,65,163.8,223.5,1997.0,2000.9,2002.8,2002.7,132.3,347.5,218.7,225.4,23.0,46.3,64.2,66.5,24.0,45.1,48.7,50.6,88.2,51.3,36.8,6663.2,3891.2,2771.9,6791.1,3966.0,2825.2
Newport,174,112,163.0,241.2,1997.6,2000.6,2003.0,2003.2,279.7,303.8,306.4,306.4,34.0,56.0,108.4,110.0,24.0,49.5,59.9,60.3,73.1,55.9,17.2,5523.7,4228.9,1294.9,5629.8,4310.0,1319.7
Kilroot,173,63,109.1,158.4,1995.1,2001.6,2000.9,2001.2,198.5,322.9,256.2,259.6,24.0,38.1,49.5,48.7,19.0,25.8,26.8,26.9,41.9,33.5,8.5,3172.2,2534.6,637.6,3233.1,2583.3,649.8
Cliffe,170,44,165.7,195.5,1996.0,2001.9,2002.1,2002.1,132.4,283.8,243.3,214.4,16.0,54.4,44.1,33.3,3.0,31.4,13.0,12.0,57.2,47.4,9.8,4299.3,3560.2,739.2,4381.9,3628.5,753.3
Catterline,167,85,467.5,530.2,2008.1,2006.5,2008.6,2008.0,428.7,931.4,528.9,498.8,21.0,86.0,120.4,108.9,79.0,146.3,223.1,177.1,243.7,110.2,133.6,18301.1,8272.7,10028.4,18652.5,8431.6,10220.9
White Hill Point,165,66,414.8,212.2,2002.9,2001.4,2000.9,2004.5,143.3,237.0,211.0,207.7,30.0,57.0,32.5,39.2,26.0,64.7,25.1,47.9,132.5,93.4,39.1,9964.1,7018.1,2946.0,10155.5,7152.9,3002.6
Staxigoe,164,76,257.6,155.0,1999.8,2001.1,2005.8,2008.0,176.0,303.7,230.2,163.2,39.0,92.6,253.9,316.3,28.0,63.6,51.9,61.4,144.2,96.0,48.2,10565.9,6951.6,3614.2,10768.7,7085.1,3683.6
Cowes,161,41,433.5,129.5,1999.1,1999.7,1996.0,1998.7,272.8,606.6,974.2,375.6,44.0,114.3,717.5,444.8,13.0,49.7,19.4,33.4,202.4,174.7,27.7,15202.1,13115.7,2086.4,15494.0,13367.5,2126.5
Londonderry,160,121,226.8,332.9,2002.9,2003.0,2007.9,2007.9,171.9,230.4,295.5,292.2,21.5,40.1,80.3,69.3,19.0,30.7,52.7,54.5,78.4,57.4,21.1,5956.1,4363.0,1593.1,6070.4,4446.8,1623.7
Castletown,154,87,230.6,190.4,2001.0,2000.1,2001.6,2002.2,108.8,248.3,196.8,219.2,15.0,71.8,73.8,69.8,21.0,87.3,163.3,84.8,227.8,60.9,166.9,17469.5,4625.8,12843.7,17804.9,4714.6,13090.3
Portland Uk,151,89,1002.8,1637.3,2006.9,2007.0,2009.7,2010.1,152.8,353.1,368.9,424.3,43.0,66.0,97.1,105.0,24.0,61.9,68.6,73.1,271.7,174.2,97.5,20494.0,13112.8,7381.3,20887.5,13364.5,7523.0
Harwich,147,55,149.7,161.5,2003.8,2003.1,2003.6,2008.1,161.4,329.6,280.2,317.7,36.0,253.5,186.6,170.2,18.0,64.9,62.2,51.6,106.5,78.1,28.3,7994.6,5866.5,2128.1,8148.1,5979.1,2169.0
Rosehearty,146,97,610.5,752.8,2006.0,2005.2,2006.1,2003.6,274.2,423.9,448.7,491.4,38.5,82.3,100.0,91.7,24.5,84.0,111.4,138.7,204.0,109.4,94.6,15336.0,8230.4,7105.6,15630.5,8388.4,7242.0
"Scalpay, Outer Hebridies",139,25,45.5,28.9,2005.5,2003.7,2002.2,2004.8,106.2,264.6,250.2,166.2,17.0,34.3,44.3,38.0,15.0,40.7,27.7,36.8,42.4,28.0,14.3,3182.4,2105.5,1076.9,3243.5,2145.9,1097.6
Barrow-In-Furness,139,61,350.7,178.0,2007.5,2006.4,2007.5,2006.8,398.8,2377.0,447.4,379.8,34.0,483.4,265.6,191.0,24.0,76.0,58.7,59.7,246.1,197.6,48.4,18600.8,14892.3,3708.5,18958.0,15178.2,3779.7
Baltasound,136,63,180.0,231.2,1988.6,1994.5,2002.9,2004.4,460.7,715.8,885.2,1054.4,96.5,134.8,214.8,172.6,14.0,85.9,112.8,90.6,111.9,79.1,32.8,8410.8,5942.9,2467.9,8572.2,6057.0,2515.3
Invergordon,133,78,510.4,123.4,2003.5,2003.9,2001.9,2004.0,201.0,273.5,228.2,217.6,25.0,65.6,41.9,78.2,24.0,80.2,50.4,142.8,171.0,127.9,43.1,12889.3,9639.9,3249.4,13136.8,9825.0,3311.8
Dundee,133,78,246.4,173.9,2002.4,2000.9,1999.0,2001.1,215.8,451.9,390.2,417.1,30.0,90.1,233.6,251.1,27.0,60.2,108.7,124.1,122.2,92.1,30.1,9178.7,6915.2,2263.5,9354.9,7048.0,2306.9
Oulton Broad,133,24,83.1,115.3,1993.3,2001.0,1998.3,1997.0,124.1,342.3,164.9,150.0,15.0,68.8,73.2,49.8,6.0,103.7,97.4,53.5,43.1,28.5,14.6,3239.8,2143.9,1096.0,3302.0,2185.0,1117.0
Ipswich,131,89,140.4,211.6,1998.3,1999.5,2001.9,2002.2,257.6,389.3,387.8,381.5,30.0,62.1,92.6,88.7,33.0,61.6,41.0,41.3,55.8,40.3,15.6,4210.9,3041.6,1169.2,4291.7,3100.0,1191.7
"Maryfield, Bressay",130,88,963.2,1004.1,2000.4,2000.4,2003.1,2002.6,457.8,757.8,600.7,588.1,59.5,160.6,200.1,200.4,25.0,106.0,77.3,64.5,307.7,199.8,107.9,23125.0,15008.2,8116.8,23569.0,15296.3,8272.7
Craignure,128,52,95.9,44.7,1985.9,1990.8,1991.1,1990.5,264.1,345.0,436.3,312.7,28.0,39.2,42.3,44.7,15.0,36.2,106.8,38.3,66.7,34.7,32.0,5008.7,2607.4,2401.2,5104.8,2657.5,2447.3
Glensanda,127,34,909.8,1538.9,1987.5,1994.4,1991.2,1991.1,221.9,319.0,555.1,568.9,27.0,34.9,62.9,63.3,21.0,32.4,35.4,35.5,108.5,94.1,14.4,8241.1,7151.0,1090.1,8399.3,7288.3,1111.0
New Holland,127,90,90.5,121.4,2003.0,2001.9,2000.5,2001.8,211.9,507.4,269.3,253.1,25.0,36.4,41.2,39.2,30.0,77.3,316.3,315.7,55.3,25.1,30.2,4154.5,1885.3,2269.2,4234.3,1921.5,2312.8
Howdon,125,39,221.9,279.5,2004.0,2003.1,2005.6,2006.2,143.6,380.8,381.3,547.5,42.0,63.7,135.3,158.5,10.0,45.3,63.1,75.9,67.3,54.7,12.6,5054.4,4107.1,947.3,5151.5,4186.0,965.5
Glasgow,124,59,99.0,146.8,2001.2,2004.2,2006.1,2006.6,170.9,260.3,243.0,241.9,24.0,63.7,105.2,78.6,20.0,31.4,64.3,68.9,39.7,28.8,10.9,3003.8,2181.2,822.6,3061.5,2223.1,838.4
Kirkwall,124,35,68.6,25.7,1993.6,1989.5,1993.5,1992.6,273.7,493.0,554.9,525.3,47.5,80.6,740.0,652.5,21.0,83.3,68.6,74.2,116.5,80.6,35.8,8745.6,6054.0,2691.6,8913.6,6170.2,2743.3
Leith,122,70,181.1,83.3,1998.2,2002.9,2005.4,2001.8,159.2,314.2,286.1,298.9,36.0,87.0,83.8,133.6,31.0,80.6,106.3,216.7,87.0,61.3,25.7,6531.4,4601.2,1930.2,6656.8,4689.5,1967.2
Whitstable,121,77,21.5,26.9,1998.8,1999.5,2000.4,1999.3,39.8,89.7,82.8,72.4,6.0,11.3,36.6,25.7,22.0,28.0,32.4,28.8,14.2,8.8,5.4,1064.0,661.4,402.6,1084.4,674.1,410.4
Stromness,121,31,59.9,26.8,1995.5,1992.9,1997.8,1997.6,230.9,576.7,478.2,487.2,33.0,154.3,238.0,232.9,22.0,91.8,50.2,70.5,89.4,60.6,28.9,6714.6,4547.5,2167.2,6843.5,4634.8,2208.8
Hartlepool,121,75,214.3,301.7,2003.6,2004.5,2004.4,2004.6,256.9,414.8,371.6,352.0,34.0,66.4,192.3,133.2,30.0,51.8,76.3,75.3,93.6,61.5,32.1,7025.5,4618.6,2406.9,7160.4,4707.3,2453.1
Larne,118,17,2437.6,454.2,2001.2,1998.8,2001.0,2000.8,210.5,421.7,2038.0,1241.5,60.0,76.1,455.0,416.8,11.0,27.7,20.9,19.8,886.0,810.9,75.1,67977.5,62224.6,5752.9,69282.7,63419.3,5863.4
Swansea,112,52,116.9,135.3,1996.0,1999.6,2000.1,2002.7,280.1,693.3,404.3,389.5,38.0,125.2,350.1,226.6,22.5,29.2,33.1,35.2,87.4,73.7,13.7,6589.1,5559.6,1029.5,6715.6,5666.3,1049.3
Milton,111,35,58.1,80.4,1996.5,1999.8,1997.3,1995.4,80.8,231.3,164.3,157.8,11.0,54.6,47.9,32.6,12.0,45.2,36.4,31.6,36.7,25.4,11.3,2753.8,1906.6,847.2,2806.6,1943.2,863.5
Poole,111,35,51.4,53.2,1997.4,1994.9,1992.8,1994.2,106.4,261.6,153.3,142.5,22.0,41.7,37.4,43.3,13.0,38.7,39.7,45.6,56.6,30.1,26.5,4271.5,2262.2,2009.3,4353.5,2305.7,2047.8
Rosyth,109,70,245.0,103.3,1997.1,1998.9,1994.0,1999.0,211.5,301.6,308.6,307.0,37.0,179.4,67.6,102.9,19.0,62.3,40.6,56.0,115.3,84.2,31.1,8666.0,6326.8,2339.3,8832.4,6448.2,2384.2
Ellesmere,109,71,80.9,115.2,1999.4,2001.1,2002.2,2002.4,171.0,296.0,272.5,270.4,27.0,38.3,57.2,58.0,19.0,26.6,31.3,31.7,34.3,26.9,7.5,2601.5,2039.3,562.2,2651.5,2078.5,573.0
Nigg,108,66,203.0,189.0,2007.9,2006.8,2009.0,2009.1,208.6,269.3,242.0,312.1,26.0,71.7,195.9,143.6,56.5,113.9,113.3,98.0,99.5,61.3,38.2,7490.3,4614.6,2875.7,7634.1,4703.2,2930.9
Lochboisdale,107,24,111.0,24.1,1996.1,1996.0,1988.9,1991.2,154.5,291.4,813.7,315.9,24.0,42.4,162.0,117.3,12.0,30.7,65.9,50.1,76.3,50.8,25.5,5725.2,3811.8,1913.4,5835.2,3885.0,1950.2
Scapa Bay,105,50,744.0,1205.7,2000.7,2004.5,2003.1,2003.3,402.0,534.3,428.7,409.1,63.0,108.5,196.1,170.0,21.0,83.7,84.0,87.5,312.7,202.7,110.0,23518.2,15224.0,8294.2,23969.7,15516.3,8453.4
Scalloway,104,32,39.2,29.6,2002.2,2003.0,2006.8,2006.5,298.3,775.7,572.6,487.6,48.0,253.8,416.8,355.1,12.0,67.2,135.4,133.1,51.9,39.0,12.8,3894.3,2930.6,963.7,3969.1,2986.9,982.2
Grutness,104,44,436.5,458.9,1999.4,1999.1,2001.6,2001.4,273.3,588.0,476.1,532.3,19.0,84.7,60.2,74.1,10.0,60.7,65.6,75.0,127.0,68.9,58.1,9548.3,5185.5,4362.8,9731.6,5285.0,4446.6
Blyth,104,58,257.7,204.4,2004.1,2004.4,2008.0,2006.8,182.7,433.4,510.8,445.8,35.5,114.7,389.6,320.9,23.0,87.3,186.5,167.4,123.0,91.6,31.4,9236.6,6876.6,2359.9,9413.9,7008.7,2405.3
Bruray Out Skerries,103,61,297.9,369.5,1996.2,1997.9,2007.0,2008.3,549.7,926.7,855.1,882.1,91.0,170.9,260.5,289.4,23.0,157.4,246.8,183.9,164.0,100.8,63.2,12321.4,7571.4,4750.1,12558.0,7716.7,4841.3
Port Ellen,103,16,342.9,64.2,1983.1,1981.8,2003.4,1998.5,397.9,419.4,1348.1,685.8,36.0,37.3,232.8,191.0,14.0,16.0,59.7,51.5,191.0,134.8,56.3,14589.0,10297.7,4291.3,14869.1,10495.4,4373.7
Stanlow,101,60,223.1,303.4,2004.6,2005.4,2006.4,2006.4,269.6,433.3,399.1,391.7,37.0,60.3,87.6,88.0,19.0,62.6,44.8,50.0,132.3,79.8,52.5,9994.7,6051.6,3943.1,10186.6,6167.8,4018.8
Holyhead,100,38,85.0,36.0,2001.5,2000.9,2005.2,2003.8,108.9,238.9,193.6,153.7,20.0,125.4,59.1,91.4,16.0,31.9,15.2,25.8,55.5,38.9,16.5,4196.6,2949.6,1247.0,4277.2,3006.2,1271.0
Upnor,98,22,58.4,87.2,1993.6,2005.1,1998.6,1998.5,111.2,304.7,186.5,182.3,13.0,35.8,57.5,55.7,3.0,35.7,20.0,19.7,20.0,17.8,2.2,1500.8,1334.0,166.7,1529.6,1359.7,169.9
Newhaven/Edinburgh,95,47,419.8,88.0,1994.8,1997.7,2005.9,1996.0,214.8,292.8,346.0,346.6,33.0,58.7,33.9,47.1,12.0,38.1,22.3,20.3,134.1,103.7,30.4,10127.6,7805.9,2321.8,10322.1,7955.7,2366.4
Inverness,94,24,94.8,149.1,1999.4,2000.4,2000.9,2000.7,388.7,347.0,445.5,454.4,47.0,42.8,63.1,63.8,20.5,37.7,22.8,20.5,60.2,37.2,23.0,4523.3,2795.4,1727.9,4610.1,2849.1,1761.1
Chatham,93,45,37.0,51.9,1994.5,1998.1,1998.7,1999.1,135.2,245.7,238.1,230.4,24.0,83.9,103.0,77.4,22.0,32.1,26.4,25.4,42.3,31.7,10.7,3178.1,2377.3,800.8,3239.2,2422.9,816.2
Lybster,91,44,68.5,58.1,2005.7,2006.6,2007.5,2007.0,185.6,325.3,319.3,302.6,46.0,72.7,132.1,89.9,21.0,60.3,75.1,82.6,55.7,40.0,15.7,4175.8,2998.7,1177.2,4256.0,3056.2,1199.8
Goole,90,76,52.1,75.6,1997.7,1997.8,2001.4,2001.3,174.6,262.8,276.5,272.9,23.0,35.1,70.8,69.7,29.0,37.4,39.7,39.3,18.0,14.6,3.4,1350.4,1094.0,256.4,1376.3,1115.0,261.3
Cromer,90,64,215.5,298.3,1995.6,1998.8,2001.7,2002.2,442.2,657.3,593.7,576.4,61.0,89.9,154.8,137.8,27.0,62.4,61.3,46.6,99.7,68.4,31.2,7482.9,5136.7,2346.1,7626.5,5235.4,2391.2
Uig,89,24,240.7,39.7,2005.9,2001.1,2001.3,2002.1,202.9,496.0,1115.2,508.3,38.0,107.8,193.9,167.6,18.0,34.0,19.6,22.6,151.5,132.3,19.2,11379.6,9939.6,1440.0,11598.1,10130.4,1467.7
Thorpeness,89,42,191.9,250.3,1999.2,2006.9,2008.1,2007.5,89.2,186.7,122.4,131.4,12.0,31.5,28.6,29.2,9.0,40.7,29.5,27.9,42.7,22.7,20.0,3221.9,1711.3,1510.6,3283.7,1744.2,1539.6
Saint Combs And Charleston,89,44,362.6,452.9,2005.3,2004.0,2006.8,2006.1,265.5,596.0,477.7,467.5,16.0,62.4,73.1,58.3,31.0,58.2,67.7,66.3,109.2,59.4,49.8,8179.3,4450.9,3728.4,8336.3,4536.4,3800.0
Ullapool,88,40,441.2,86.2,2000.6,1991.7,2010.5,2007.8,337.6,976.3,623.5,622.6,21.5,190.6,105.7,174.7,14.0,87.3,69.8,142.8,173.1,114.9,58.2,13239.7,8793.5,4446.2,13493.9,8962.4,4531.6
North Cove,88,63,904.7,1545.1,2003.2,2004.6,2007.5,2007.7,222.1,395.6,347.6,338.3,42.5,97.8,131.7,118.9,17.5,102.0,63.5,44.2,207.6,124.9,82.8,15631.7,9389.9,6241.8,15931.8,9570.2,6361.6
Brodick,87,33,169.9,94.2,1990.7,1998.2,1994.3,2001.3,172.1,218.2,333.6,160.2,25.0,83.4,288.7,117.4,20.0,41.4,53.8,43.5,115.8,81.1,34.7,8725.7,6102.0,2623.7,8893.2,6219.2,2674.0
Brough,86,71,59.9,87.2,1995.3,1995.9,1996.8,1996.8,269.0,352.6,358.1,361.2,23.0,32.7,43.7,44.0,14.0,26.5,38.7,38.0,22.6,15.9,6.6,1694.2,1195.9,498.3,1726.7,1218.8,507.9
Dungeness,82,32,56.2,81.3,2002.5,2000.0,2002.8,2003.8,115.6,268.4,151.7,141.1,14.0,39.6,32.8,25.4,5.0,25.2,19.2,16.4,22.3,18.6,3.7,1672.8,1394.8,278.0,1704.9,1421.6,283.3
Chapel Saint Leonards,81,58,70.2,70.3,2000.3,2000.8,2000.6,2000.1,112.8,274.9,275.4,196.5,12.0,35.9,61.7,41.2,22.0,74.1,139.6,94.2,35.0,15.4,19.6,2624.1,1150.9,1473.2,2674.5,1173.0,1501.5
Pennan,81,63,184.8,230.2,2008.0,2007.1,2006.2,2005.1,250.2,453.3,403.8,399.7,34.0,64.6,118.1,100.6,38.0,95.5,167.4,147.0,107.4,42.2,65.2,8054.4,3162.8,4891.7,8209.1,3223.5,4985.6
Workington,81,38,39.8,55.4,1998.6,2002.0,1999.5,2000.4,196.7,267.7,234.4,232.3,22.0,29.4,44.2,44.2,22.0,34.6,49.5,50.4,14.1,11.0,3.1,1064.3,832.3,232.0,1084.8,848.3,236.5
Ramsgate,80,43,47.4,43.9,2001.1,2003.7,2007.2,2007.3,100.2,333.7,178.2,170.8,20.0,97.8,64.5,58.9,17.5,93.4,27.4,26.0,43.2,28.8,14.4,3244.2,2166.0,1078.3,3306.5,2207.5,1099.0
Carron,80,13,13.1,10.4,1979.5,1998.4,1975.1,1976.8,153.8,124.7,224.4,204.5,17.5,27.2,43.6,39.8,15.0,33.5,65.6,56.6,21.5,10.4,11.1,1610.5,778.6,831.9,1641.5,793.6,847.9
Ayr,80,52,33.4,45.6,1992.3,1998.2,2000.4,2001.2,100.1,246.3,209.7,221.9,17.5,34.5,62.5,61.7,18.0,35.1,56.4,56.6,12.3,9.2,3.1,926.8,696.8,230.0,944.6,710.2,234.4
Runcorn,79,66,60.9,88.2,2001.4,2002.2,2001.9,2002.1,198.6,239.5,267.9,263.2,25.0,30.6,55.5,53.2,22.0,27.3,29.7,29.9,29.3,20.5,8.8,2220.3,1556.2,664.1,2262.9,1586.1,676.8
Lochmaddy,79,15,224.7,33.1,2001.6,2003.3,2000.8,2000.3,221.3,239.4,1336.3,827.1,37.0,43.0,65.2,62.7,25.0,30.4,109.6,104.7,143.6,78.0,65.5,10779.5,5858.4,4921.1,10986.4,5970.9,5015.6
Bedhampton,77,3,17.5,26.4,1989.7,1991.7,1989.4,1989.3,105.0,97.9,146.7,148.3,34.0,28.8,156.3,163.1,14.0,17.2,36.6,35.7,23.9,17.5,6.4,1791.7,1314.4,477.4,1826.1,1339.6,486.5
Lochinver,75,25,15.6,11.9,1997.7,1997.5,1995.6,1995.5,207.4,812.6,412.8,366.9,44.0,212.4,559.4,415.7,15.0,66.1,107.4,88.5,39.1,30.2,8.9,2933.7,2264.5,669.2,2990.0,2308.0,682.1
Burntisland,75,28,79.3,86.4,2000.3,1998.4,2005.8,2004.0,251.5,305.2,419.4,411.1,74.0,115.8,174.0,143.3,26.0,52.6,18.8,14.5,57.1,46.5,10.6,4287.2,3492.9,794.3,4369.5,3560.0,809.5
Dover,74,58,199.8,92.8,1998.3,1997.1,1997.1,1997.7,287.3,461.9,279.8,271.0,31.0,163.7,55.3,88.1,23.0,59.4,29.7,53.3,90.7,68.8,21.9,6830.9,5178.1,1652.8,6962.0,5277.5,1684.5
Bembridge,73,46,89.2,114.8,1999.6,2003.1,2008.3,2008.1,61.2,258.8,131.6,152.1,10.0,42.8,57.4,63.3,12.0,66.7,75.4,80.6,76.3,47.6,28.7,5740.3,3575.0,2165.3,5850.5,3643.6,2206.9
Port Talbot,72,42,263.6,461.7,1999.2,2000.6,2008.1,2008.7,381.5,463.1,328.7,316.3,44.5,51.2,42.5,39.9,23.0,87.4,116.8,115.2,56.8,32.9,23.8,4301.5,2504.6,1796.9,4384.1,2552.7,1831.4
Braefoot,72,22,319.0,369.0,1997.9,2006.9,2011.4,2011.4,179.7,334.6,578.2,596.5,60.0,88.7,64.0,62.2,35.0,70.8,91.1,89.4,73.8,47.2,26.6,5527.8,3535.6,1992.1,5633.9,3603.5,2030.4
"Ham Voe, Foula",72,36,77.7,75.6,2000.9,1998.8,2003.8,2003.9,219.1,483.9,296.8,270.1,30.0,114.8,85.9,70.7,17.0,49.9,74.2,69.1,47.2,31.9,15.3,3545.5,2394.0,1151.5,3613.6,2440.0,1173.6
Ilfracombe,72,65,280.2,321.3,2003.9,2003.5,2008.2,2009.2,92.4,267.6,138.3,201.8,16.5,33.8,68.6,91.4,19.0,32.5,20.4,20.8,53.7,30.9,22.8,4116.3,2366.6,1749.8,4195.4,2412.0,1783.4
North Ronaldsay,71,46,243.2,271.5,2003.6,2005.6,2003.7,2004.2,305.5,634.2,496.0,449.7,21.0,82.7,82.7,74.2,27.0,155.2,155.1,125.4,121.3,51.0,70.3,9108.4,3827.3,5281.1,9283.3,3900.8,5382.5
Buckie,69,38,33.7,31.3,1996.4,2001.7,2004.4,2004.4,225.0,325.3,195.9,202.7,38.0,159.8,147.0,143.5,38.0,72.5,91.3,96.7,42.9,30.8,12.2,3223.3,2310.6,912.7,3285.2,2355.0,930.2
Fleetwood,69,25,179.4,80.7,2000.7,1997.4,2007.1,2004.7,184.5,527.9,388.4,323.4,18.0,89.1,59.7,60.0,12.0,59.6,20.2,29.4,51.5,36.4,15.2,3948.8,2789.3,1159.5,4024.6,2842.8,1181.8
Gunness,69,56,35.0,50.1,1999.9,1999.6,2000.4,2000.5,208.1,224.0,235.2,235.2,24.0,32.4,39.6,39.3,28.0,50.6,43.7,43.8,14.3,10.7,3.5,1073.1,806.8,266.4,1093.7,822.2,271.5
Seaham,68,45,68.1,115.5,2000.0,2000.8,2002.5,2002.7,158.9,234.4,264.4,282.3,25.0,74.5,41.8,40.7,22.5,34.2,31.8,32.1,19.8,14.6,5.2,1484.0,1093.5,390.5,1512.5,1114.5,398.0
Macduff,68,54,443.4,732.9,2001.2,2001.6,2001.9,2001.8,257.3,703.4,351.3,353.2,32.0,98.2,123.8,118.7,33.5,86.6,45.7,41.5,135.5,72.6,62.9,10192.6,5451.3,4741.3,10388.3,5556.0,4832.3
Thamesport,68,31,645.0,1099.6,1994.7,2000.1,1992.4,1992.3,129.1,269.7,626.2,638.6,24.0,49.2,78.8,77.4,22.0,46.6,29.2,28.2,82.9,65.3,17.6,6267.3,4938.3,1329.0,6387.6,5033.1,1354.5
Dunrossness And Fair Isle,68,21,196.2,47.1,2000.5,1999.1,2002.1,2002.0,216.9,630.1,409.4,461.0,16.0,36.9,30.1,49.8,7.5,109.2,133.0,229.9,79.1,41.7,37.4,5935.9,3128.8,2807.1,6049.9,3188.9,2861.0
Fishnish,67,25,86.8,21.0,1995.8,1996.1,1995.0,1996.1,202.0,638.9,879.1,423.0,25.0,89.6,105.2,124.4,13.0,15.4,64.5,48.8,55.5,37.6,17.9,4167.0,2821.3,1345.8,4247.0,2875.4,1371.6
Finnart,67,27,445.8,785.8,2004.1,2007.1,2011.1,2011.2,133.2,355.1,505.8,525.6,42.0,61.5,118.7,119.3,30.0,41.9,34.0,34.3,96.1,63.4,32.7,7309.6,4855.9,2453.7,7449.9,4949.1,2500.8
Bernera (N Uist),66,18,41.3,12.6,1996.5,1997.2,1998.2,1993.0,170.5,248.7,497.4,238.7,21.5,22.6,102.7,61.6,14.0,29.8,32.8,39.9,37.5,27.5,10.1,2819.3,2061.2,758.1,2873.4,2100.8,772.6
Ardyne,66,15,100.7,143.2,2009.2,2000.9,2005.9,2005.7,232.2,325.5,647.0,687.5,74.5,59.5,152.9,152.7,19.0,100.9,452.0,484.7,115.0,33.0,82.0,8648.5,2494.4,6154.1,8814.6,2542.3,6272.3
Gosport,66,19,68.1,90.6,2007.8,2005.4,2005.3,2005.0,422.1,456.2,428.0,400.8,70.0,122.1,166.2,153.1,45.5,65.3,100.8,99.4,78.7,42.6,36.1,5922.7,3212.3,2710.4,6036.4,3274.0,2762.4
Brixham,65,30,153.8,139.9,1995.2,1994.8,2005.8,2005.8,192.1,325.1,516.6,577.3,38.0,45.1,183.1,197.6,8.0,43.1,10.6,10.7,27.1,22.7,4.4,2056.0,1722.1,333.9,2095.5,1755.2,340.3
Cove (Aberdeen),65,46,463.6,711.9,2004.0,2002.8,2004.9,2004.5,213.7,507.4,396.0,391.8,36.0,75.9,131.9,133.7,17.0,108.8,82.8,55.6,152.5,82.2,70.3,11467.1,6176.4,5290.8,11687.3,6295.0,5392.3
Tobermory,65,32,176.6,25.5,1993.4,1988.7,1991.6,1990.4,197.0,339.5,452.5,392.7,23.0,31.4,68.6,64.7,17.0,28.1,53.5,49.3,79.7,52.4,27.3,6021.1,3960.7,2060.4,6136.7,4036.7,2100.0
Cullivoe,65,30,18.2,17.6,1995.5,1991.7,2001.8,2000.0,392.7,537.4,618.1,630.4,79.0,119.9,253.6,291.9,43.0,57.8,71.0,63.7,38.1,27.9,10.2,2862.6,2096.7,766.0,2917.6,2136.9,780.7
Fairisle,65,28,271.0,292.5,1997.9,2000.6,2003.9,2003.4,237.6,533.3,563.2,597.7,24.0,70.5,94.1,96.8,22.0,58.2,37.9,31.8,78.5,52.4,26.1,5896.3,3938.0,1958.3,6009.5,4013.6,1995.9
Porthoustock,64,53,355.6,633.0,2000.5,2001.5,2009.4,2009.6,201.0,244.4,259.3,260.2,30.0,76.1,190.9,187.9,22.5,47.9,64.9,65.1,176.2,148.3,27.9,13289.4,11161.9,2127.5,13544.5,11376.2,2168.4
Bromborough,63,48,41.4,59.6,2000.8,2002.0,2001.5,2001.7,200.0,350.7,286.5,292.4,37.0,63.4,64.4,62.6,27.0,59.4,89.5,89.5,24.4,15.8,8.6,1840.3,1195.0,645.3,1875.6,1218.0,657.7
Sunderland,63,58,95.0,110.5,2003.2,2003.1,2005.4,2004.0,244.5,398.2,414.6,382.9,37.0,67.8,123.1,109.5,24.0,79.4,118.2,114.5,40.1,26.1,14.1,3001.7,1946.7,1055.1,3059.4,1984.0,1075.3
Wells-Next-The-Sea,63,22,35.2,30.4,2011.8,2006.5,2010.1,2009.5,184.1,336.5,215.9,219.5,69.0,90.8,160.3,127.4,23.0,78.4,110.1,115.7,36.3,25.9,10.4,2724.7,1947.4,777.3,2777.0,1984.8,792.2
Lossiemouth,63,50,283.0,355.8,2004.7,2004.7,2006.5,2003.8,303.3,452.9,713.4,815.5,32.0,58.4,95.2,86.2,22.0,73.6,180.5,191.0,75.2,47.5,27.7,5650.2,3569.2,2081.1,5758.7,3637.7,2121.0
Garston,61,44,53.7,77.2,2000.0,2001.8,1999.9,2000.3,329.2,357.2,361.4,355.7,35.0,62.1,120.2,115.8,29.0,48.7,64.7,63.5,30.5,24.8,5.7,2297.9,1871.9,426.0,2342.0,1907.8,434.2
Sandbank,59,11,41.3,26.1,1993.5,1995.0,2005.3,2002.5,304.8,825.5,624.8,431.5,42.0,132.5,470.4,383.0,30.0,86.0,920.3,783.9,56.1,27.2,29.0,4215.8,2041.1,2174.7,4296.7,2080.3,2216.4
Camusnagaul,57,23,26.5,37.1,1994.2,1997.4,2000.6,2001.4,222.1,446.3,528.2,599.6,27.0,54.9,215.0,235.2,11.0,25.4,14.9,12.5,16.5,11.7,4.9,1242.4,877.5,364.8,1266.2,894.4,371.8
Eling,57,22,198.6,229.8,2007.0,2007.5,2008.1,2007.8,485.4,393.7,252.9,262.3,37.0,42.8,41.5,42.5,23.0,58.8,26.4,25.8,61.8,50.1,11.7,4694.1,3816.0,878.1,4784.2,3889.3,894.9
Troon,57,24,46.3,61.2,1984.2,1994.0,1999.4,2001.0,110.3,411.3,244.3,220.6,17.0,70.5,81.2,43.7,18.0,33.4,14.8,6.1,31.1,23.6,7.5,2346.5,1776.8,569.6,2391.5,1811.0,580.6
Gourdon,56,45,138.4,92.0,2005.0,2004.8,2009.2,2008.2,301.8,441.7,559.9,517.5,48.0,90.3,171.8,162.1,32.5,71.2,81.7,81.8,62.1,45.2,16.9,4664.7,3396.2,1268.5,4754.2,3461.4,1292.8
Kings Lynn,56,44,28.3,42.1,1997.4,2000.5,2001.7,2001.5,181.5,277.6,239.1,245.9,22.5,47.5,65.0,70.3,35.5,64.2,55.6,57.3,16.2,10.9,5.2,1214.2,820.9,393.3,1237.5,836.7,400.8
Torpoint,56,25,170.8,187.2,2003.0,2000.4,2002.8,2004.2,351.2,925.9,450.2,454.0,74.5,762.9,127.4,75.1,28.5,211.3,1614.4,1350.7,88.5,52.5,36.0,6685.9,3955.6,2730.3,6814.3,4031.6,2782.7
Skegness,55,21,28.3,24.5,1984.4,2001.4,2006.3,2006.8,216.6,430.3,277.4,290.9,56.0,65.7,171.6,154.8,14.0,110.6,271.0,295.6,36.1,26.3,9.8,2686.3,1968.5,717.8,2737.9,2006.3,731.6
Lynton,54,48,123.8,122.5,2002.1,2004.1,2005.4,2004.4,67.8,114.4,78.5,82.9,12.0,16.3,17.7,19.2,21.5,34.5,31.8,43.0,29.8,11.5,18.3,2295.4,883.2,1412.2,2339.5,900.1,1439.4
Burghead,54,40,177.1,224.2,2006.1,2004.7,2003.4,2004.3,264.4,353.5,446.0,488.5,49.5,86.0,117.0,105.3,22.5,71.6,146.6,115.8,62.0,29.6,32.4,4648.8,2213.7,2435.1,4738.1,2256.2,2481.9
Claonaig,53,43,154.2,138.9,2004.0,2003.6,2007.5,2007.1,403.9,666.4,512.9,493.8,91.0,179.4,179.3,149.2,35.0,83.1,86.5,88.6,79.7,64.0,15.7,5984.7,4809.2,1175.6,6099.6,4901.5,1198.1
Corpach,53,20,10.5,13.6,1997.2,1999.0,2000.8,2001.8,162.3,215.4,230.4,234.0,27.0,28.0,34.2,34.5,20.0,22.2,44.2,39.8,11.4,7.3,4.1,853.9,546.8,307.2,870.3,557.3,313.1
Garrabost,53,26,77.7,58.8,2003.3,1998.9,2007.5,2007.1,271.2,438.0,374.1,301.9,35.0,74.9,57.6,65.3,11.0,32.4,39.1,28.4,34.5,24.1,10.4,2614.6,1823.0,791.7,2664.8,1858.0,806.9
Kinloch,53,12,30.5,4.7,1995.8,1992.8,1994.9,1993.8,240.9,285.5,328.8,250.3,27.0,28.5,48.9,45.4,13.0,18.5,71.9,64.8,31.8,17.2,14.6,2389.9,1292.8,1097.1,2435.8,1317.6,1118.2
Cairnryan,53,3,652.4,113.0,2000.7,2000.7,2001.0,2000.8,395.5,314.3,601.3,572.9,24.0,23.0,121.8,101.8,17.0,20.3,39.2,43.3,226.4,146.4,79.9,17381.6,11247.0,6134.6,17715.3,11462.9,6252.3
Castlebay,53,9,282.3,38.6,1994.1,1994.8,1994.6,1994.6,616.8,1120.6,904.6,898.5,30.0,161.4,87.6,115.4,9.0,45.1,33.2,38.6,105.5,73.3,32.2,7922.8,5503.4,2419.4,8074.9,5609.1,2465.8
Kinlochbervie,52,28,15.9,15.7,1995.0,1994.1,1997.9,1996.3,283.3,467.6,309.5,389.0,34.0,61.5,88.1,88.2,16.0,32.3,30.8,29.4,20.7,15.7,5.0,1554.9,1176.0,378.9,1584.7,1198.6,386.2
Hound Point Terminal,52,25,703.0,482.5,2002.9,2007.8,2007.8,2010.7,242.5,304.5,371.7,283.6,59.5,183.6,116.2,231.6,19.0,65.3,26.6,52.5,343.4,280.8,62.6,25866.4,21156.9,4709.6,26363.1,21563.1,4800.0
Middlesbrough,52,14,51.1,75.8,1998.5,2003.7,1986.1,1986.2,184.9,333.4,442.8,426.6,40.0,63.7,238.2,227.9,30.0,47.4,57.1,51.3,33.5,21.7,11.8,2516.6,1630.8,885.9,2564.9,1662.1,902.9
Boston,52,39,28.0,40.6,1997.0,1996.5,1996.8,1997.1,194.2,408.4,272.3,273.6,20.5,50.8,91.6,92.5,27.0,45.7,94.5,95.3,13.7,9.5,4.1,1026.4,716.1,310.3,1046.1,729.8,316.3
Grimsay,51,14,26.4,22.6,1999.4,2001.6,2000.9,2003.3,127.9,189.4,228.0,261.6,25.0,39.0,54.0,61.4,18.0,47.8,33.7,32.6,25.7,13.8,11.9,1933.4,1038.2,895.3,1970.6,1058.1,912.5
Tarbert,50,18,151.4,23.9,2002.8,1999.2,2000.9,2001.8,201.3,321.7,1206.6,607.7,36.0,35.0,123.3,115.9,29.5,52.2,78.4,78.4,95.9,60.4,35.5,7204.1,4536.2,2667.8,7342.4,4623.3,2719.1
Scalasaig,50,16,22.7,11.8,2007.9,2000.6,1996.1,2005.4,102.7,380.2,316.5,164.4,12.5,51.6,83.9,54.2,6.0,21.3,26.5,19.8,14.7,11.2,3.5,1105.5,841.2,264.3,1126.8,857.4,269.4
Symbister,50,21,51.1,26.4,2003.1,2000.9,2005.2,2006.7,365.3,1947.1,1132.5,712.4,67.5,338.1,1570.8,663.7,47.0,83.5,68.8,129.4,78.7,66.2,12.5,5908.7,4967.9,940.9,6022.2,5063.3,958.9
Saint Sampson,50,15,46.7,64.8,1998.9,1996.1,2007.3,2007.8,184.3,392.6,422.1,431.8,39.5,62.6,71.7,76.3,17.5,103.2,48.9,44.3,37.4,16.4,21.0,2807.6,1228.2,1579.4,2861.5,1251.8,1609.7
Teignmouth,50,38,47.1,71.3,1998.2,2000.5,1997.5,1997.5,237.8,432.2,436.9,449.7,35.5,54.9,423.3,440.2,27.0,37.2,57.7,58.7,14.8,12.7,2.1,1112.7,958.2,154.5,1134.1,976.6,157.5
Watchet Harbor,49,11,3.3,2.9,2010.0,2004.0,2001.7,1996.7,84.5,133.5,126.9,124.6,12.0,10.8,22.2,27.1,62.0,72.5,51.4,52.4,10.2,2.7,7.5,763.4,203.8,559.6,778.0,207.7,570.3
Wallsend,49,38,87.2,71.5,2006.7,2006.3,2009.6,2009.5,156.9,301.5,414.2,396.3,44.0,63.9,69.1,66.1,22.0,54.4,82.1,66.9,37.9,29.3,8.6,2850.1,2203.3,646.8,2904.8,2245.6,659.2
Leverburgh,48,19,25.3,8.2,1999.2,2002.4,2001.4,1998.1,238.4,363.6,690.6,291.2,29.5,56.9,136.9,95.9,20.5,39.6,429.8,255.3,54.0,24.9,29.1,4051.2,1867.8,2183.4,4129.0,1903.7,2225.3
Sharpness,48,44,29.4,45.6,2000.9,2000.8,2002.3,2002.4,237.0,253.5,252.2,252.9,25.5,34.6,46.3,45.8,34.0,43.5,55.8,55.3,11.3,8.0,3.3,858.3,606.5,251.8,874.8,618.1,256.6
Blairmore,47,19,267.6,404.0,2005.0,2004.8,2006.5,2007.9,807.9,844.0,379.3,328.8,145.0,111.9,366.8,132.2,13.0,26.9,25.9,20.8,117.3,99.2,18.1,8853.7,7479.8,1373.9,9023.7,7623.4,1400.3
Barry,47,38,55.8,79.1,1999.8,2001.1,2004.1,2004.8,110.6,324.5,264.3,268.6,19.0,73.4,93.7,94.3,35.0,66.6,84.0,97.1,27.4,16.3,11.1,2073.9,1239.7,834.3,2113.7,1263.5,850.3
Sandwick,47,24,219.8,266.7,2001.1,2001.1,2002.7,2002.9,297.2,434.9,470.8,524.1,23.0,82.1,91.4,111.0,11.0,37.0,43.1,39.4,60.6,41.8,18.8,4553.4,3141.6,1411.8,4640.8,3201.9,1438.9
Greencastle,46,25,121.3,72.1,2004.0,2003.4,2009.3,2006.4,312.3,383.2,421.0,392.8,25.5,38.7,29.9,42.8,15.0,31.2,24.6,30.5,32.1,20.9,11.2,2466.6,1609.1,857.5,2514.0,1640.0,874.0
Porlock,45,28,24.5,23.4,1996.2,1997.4,2004.1,2004.2,73.7,138.1,152.3,148.7,11.0,28.2,64.4,80.5,47.0,67.9,38.0,46.2,12.8,7.4,5.4,964.2,556.0,408.2,982.7,566.6,416.0
Shoreham-By-Sea,44,6,5.7,9.0,1988.5,1991.3,1987.9,1987.9,69.9,73.5,77.8,78.5,13.0,18.2,14.3,14.2,20.0,85.8,82.2,82.0,8.2,3.3,4.9,616.0,247.9,368.1,627.8,252.7,375.2
Toberonochy,44,14,6.2,6.1,2008.1,1996.2,2006.6,2012.1,93.1,317.0,123.7,106.4,11.0,47.6,30.8,23.4,27.5,70.5,44.6,40.5,13.9,8.2,5.8,1047.0,612.7,434.3,1067.1,624.4,442.7
Marchwood,44,10,126.5,144.3,2005.5,2005.8,2006.2,2006.1,482.3,314.4,262.8,266.6,38.0,30.8,41.3,41.5,16.0,15.6,22.8,22.9,35.1,29.7,5.4,2670.3,2263.0,407.4,2721.6,2306.4,415.2
Isle Of Grain,44,7,5.1,4.7,1999.5,1997.3,1984.5,1980.9,115.2,290.4,299.7,394.6,44.0,54.5,160.2,171.6,44.0,33.3,76.7,77.0,14.8,9.7,5.1,1108.1,725.9,382.2,1129.4,739.9,389.5
Seaford,43,26,61.6,89.6,1997.5,1998.9,2003.9,2004.4,171.1,492.8,338.6,453.9,30.0,79.0,93.2,87.9,5.0,16.0,19.3,21.4,16.4,14.2,2.2,1232.9,1066.9,166.1,1256.6,1087.4,169.2
Amlwch,43,42,203.1,344.9,2004.6,2004.6,2005.1,2005.2,98.3,205.2,148.4,150.6,14.0,28.1,38.3,38.5,33.0,47.9,33.8,34.0,63.9,20.7,43.2,4925.9,1589.2,3336.7,5020.5,1619.7,3400.8
Nairn,43,23,544.8,879.9,2003.1,2003.5,2003.0,2002.7,286.1,396.8,709.2,757.7,42.0,85.2,273.9,275.4,27.0,91.3,173.3,168.6,165.7,101.3,64.4,12452.9,7613.6,4839.3,12692.0,7759.8,4932.2
Brotton,42,37,274.1,448.4,2004.2,2004.8,2007.7,2007.4,235.0,338.6,416.8,417.3,34.0,50.0,87.6,85.5,16.5,34.9,56.4,55.8,62.7,32.7,30.0,4715.9,2454.6,2261.3,4806.4,2501.7,2304.7
Mylor,42,27,227.5,340.6,2005.4,2004.7,2008.4,2008.7,267.7,642.4,727.6,743.1,61.5,86.9,90.1,87.9,38.5,40.2,50.1,51.8,83.7,58.1,25.7,6313.6,4370.3,1943.3,6434.8,4454.2,1980.6
Staithes,42,35,156.5,117.1,2004.8,2005.8,2009.2,2006.7,270.5,342.6,360.6,254.2,29.0,45.0,29.5,41.1,20.5,94.9,86.7,110.7,41.5,20.1,21.4,3111.9,1506.5,1605.4,3171.6,1535.4,1636.2
Isle Of Whithorn,41,23,20.6,24.5,1990.2,1996.2,1997.2,1998.4,214.2,225.0,250.0,251.0,26.0,24.9,36.3,37.4,8.0,23.5,53.3,46.6,8.9,6.5,2.4,667.6,490.9,176.7,680.4,500.3,180.1
Pen-Clawdd,41,32,76.5,101.6,2001.0,2000.2,2008.9,2010.4,209.6,253.9,125.2,170.0,30.0,38.2,62.8,78.0,26.0,34.4,25.6,29.1,17.9,12.8,5.1,1361.1,975.6,385.5,1387.2,994.3,392.9
Boddam,40,36,159.6,168.1,2005.8,2005.2,2008.0,2007.1,377.2,731.0,650.1,573.9,37.5,92.2,218.7,197.2,46.0,94.4,111.2,128.5,62.4,41.5,20.9,4687.4,3116.9,1570.6,4777.4,3176.7,1600.7
Faslane,39,12,19.2,18.3,2004.0,2000.8,2003.9,2004.5,470.2,550.8,615.2,608.4,70.0,250.3,405.2,326.3,23.0,59.5,103.5,84.0,45.9,35.6,10.3,3450.0,2676.4,773.6,3516.3,2727.8,788.5
Isles Of Scilly,39,17,55.6,8.7,1985.0,1983.7,1989.4,1986.1,180.5,166.1,190.0,185.9,17.0,18.4,22.9,24.8,10.0,17.0,14.9,14.7,26.7,17.0,9.7,2015.4,1287.3,728.1,2054.1,1312.0,742.1
Lochs,39,17,15.7,14.8,2008.6,2000.9,2002.4,2008.1,105.9,245.2,254.2,227.2,12.0,62.1,49.3,48.8,17.0,38.9,28.5,31.4,10.5,7.0,3.5,787.4,526.0,261.4,802.6,536.1,266.5
Lochaline,39,23,37.3,13.5,1991.7,1990.6,1989.6,1992.3,252.6,376.2,526.0,305.3,32.0,37.5,92.5,59.8,13.0,36.2,35.5,24.3,26.1,18.1,8.0,1963.3,1359.1,604.2,2001.0,1385.2,615.8
Colwyn Bay (Bae Colwyn),38,35,44.8,66.2,2000.2,2000.9,2001.4,2001.5,577.6,538.3,568.2,577.2,72.5,68.7,76.1,75.3,18.0,24.8,25.2,25.2,14.8,13.9,0.9,1111.7,1046.0,65.7,1133.1,1066.1,67.0
Ulva Ferry,38,12,8.6,9.2,2001.8,1990.2,2003.3,2009.2,140.9,188.2,168.3,164.3,15.0,17.8,27.5,29.1,8.5,18.3,27.5,30.7,5.9,3.7,2.2,444.9,277.0,167.9,453.4,282.3,171.1
Saint David'S,37,34,155.8,202.3,2003.7,2003.4,2008.9,2007.1,174.0,291.4,243.6,198.7,34.0,57.8,135.6,170.0,23.0,40.0,38.9,47.9,56.0,20.9,35.1,4308.9,1604.3,2704.6,4391.6,1635.1,2756.5
Port Clarence,37,21,26.3,34.1,2004.1,2000.5,2000.8,2001.5,224.7,405.0,332.3,349.8,59.0,77.7,88.0,82.3,48.0,105.5,138.5,116.1,25.3,14.2,11.0,1898.1,1071.4,826.7,1934.5,1092.0,842.5
Fort William,37,19,21.6,13.8,1984.8,1987.3,1973.0,1987.6,227.9,287.5,228.4,304.1,26.0,29.5,29.5,40.5,11.0,21.2,17.1,23.1,14.0,8.9,5.1,1065.5,680.0,385.5,1085.9,693.0,392.9
Loth (Sanday),37,9,39.2,18.0,1992.4,1999.4,1993.3,1994.6,532.5,506.6,702.6,548.6,49.0,91.2,492.7,351.6,28.0,36.6,59.0,47.3,43.0,32.3,10.7,3229.0,2422.1,806.8,3291.0,2468.6,822.3
Canna,37,16,43.5,11.3,1990.7,1986.4,1988.8,1986.4,245.4,271.0,521.0,211.4,20.0,28.2,111.2,60.3,13.0,23.6,45.0,26.7,33.8,22.1,11.7,2539.3,1658.9,880.4,2588.0,1690.7,897.3
South Harris,37,19,25.2,13.8,2001.4,2000.1,1981.8,1999.5,157.2,412.8,320.3,323.1,23.0,51.7,102.8,152.7,21.0,273.8,302.4,352.7,23.7,12.4,11.4,1792.5,936.7,855.8,1827.0,954.7,872.3
Skeld,36,22,30.1,19.8,2003.2,2003.3,2008.8,2008.5,261.7,621.0,468.5,476.4,36.5,147.1,273.3,257.9,14.0,78.0,145.4,124.3,28.1,19.7,8.4,2112.9,1480.2,632.7,2153.5,1508.7,644.8
Port Appin,36,5,5.6,6.1,2002.0,2003.6,2002.9,2002.4,218.9,200.1,227.8,234.9,24.5,20.7,28.1,29.3,10.5,13.5,24.4,25.4,7.9,5.3,2.6,592.0,400.1,191.9,603.3,407.8,195.6
Southwick,36,11,18.5,28.5,1992.8,1993.6,1993.7,1993.3,181.4,242.9,172.1,170.0,24.0,39.2,30.8,30.6,4.0,19.4,9.9,10.0,6.5,6.1,0.5,489.0,454.4,34.6,498.4,463.2,35.2
Clydebank,36,31,57.5,81.9,2002.3,2002.4,2005.7,2005.7,200.0,255.5,300.6,296.0,30.5,43.6,80.1,78.5,29.0,29.5,26.1,26.1,26.2,19.4,6.8,1984.5,1472.6,511.9,2022.6,1500.9,521.7
Dunvegan,36,20,12.7,9.0,1992.8,1996.0,2000.4,1999.4,240.0,259.6,247.9,243.5,28.5,46.0,46.8,57.7,15.0,21.1,29.1,43.1,13.1,10.0,3.1,985.4,750.1,235.2,1004.3,764.6,239.7
Port Saint Mary,35,26,107.1,115.5,1998.7,1999.7,2009.5,2008.8,228.9,291.4,341.6,347.2,30.0,39.2,45.0,54.8,22.0,49.9,34.1,36.4,25.2,16.0,9.2,1909.3,1216.9,692.4,1945.9,1240.2,705.7
Flamborough,35,25,169.1,270.2,2002.8,2001.9,2003.7,2003.7,156.0,481.6,219.0,212.3,38.0,80.9,152.0,157.9,27.0,68.0,52.5,47.1,51.2,23.7,27.5,3846.1,1779.0,2067.1,3919.9,1813.2,2106.7
"Hamnavoe, Burra Isle",35,17,47.6,72.5,2002.9,2001.9,2003.1,2003.0,218.7,667.6,564.3,607.2,30.0,82.8,101.9,96.4,26.0,75.6,36.0,27.9,17.7,11.5,6.2,1333.2,867.6,465.6,1358.8,884.2,474.6
Sompting,35,22,39.9,27.6,1997.9,2001.3,2006.8,2004.1,80.6,180.6,96.8,116.2,31.0,62.6,85.6,100.2,25.0,42.2,46.0,47.2,22.3,13.6,8.7,1680.6,1021.6,658.9,1712.9,1041.3,671.6
Wick,35,16,36.2,50.1,2003.0,1995.7,2003.6,2001.9,299.3,1508.7,376.0,381.9,81.0,363.8,295.3,76.3,18.0,121.0,79.5,24.1,49.1,39.1,10.0,3682.8,2935.7,747.1,3753.6,2992.1,761.4
Galmisdale,34,13,28.5,6.1,1995.6,1994.5,1992.6,1992.4,385.4,292.5,749.3,494.7,24.5,31.3,40.2,51.5,18.5,34.2,61.2,53.1,27.2,12.7,14.5,2044.2,954.5,1089.8,2083.5,972.8,1110.7
Stockinish,34,21,45.1,21.1,1996.4,1996.2,1989.4,1991.3,236.4,319.7,303.3,242.8,23.5,49.3,32.9,32.9,13.5,15.1,10.0,12.2,15.8,12.8,3.0,1198.9,972.1,226.7,1221.9,990.8,231.1
Little Haven,34,32,82.4,137.5,2003.9,2004.5,2007.9,2008.3,91.1,172.9,87.7,84.1,32.0,39.7,62.2,62.8,37.5,59.5,42.3,43.8,73.0,15.0,58.0,5640.8,1153.5,4487.3,5749.1,1175.6,4573.5
Kilcreggan,34,17,72.6,114.7,2001.5,2002.4,2005.9,2006.5,239.1,551.3,559.2,535.6,27.0,102.4,246.5,237.3,38.5,67.6,74.8,69.9,28.7,19.5,9.2,2167.0,1473.5,693.6,2208.6,1501.8,706.9
Portavadie,34,18,14.8,14.6,1994.5,1993.7,1994.6,1997.5,395.1,393.4,398.8,400.3,43.5,48.5,94.9,113.9,20.5,19.6,37.2,38.4,14.9,11.6,3.4,1122.3,870.1,252.2,1143.9,886.8,257.0
Culkein,34,20,21.7,26.9,2002.9,1998.3,2004.9,2006.7,204.6,456.2,185.6,174.9,23.0,120.2,68.5,47.3,25.0,46.2,57.3,63.8,21.2,12.4,8.8,1590.8,932.6,658.2,1621.4,950.6,670.8
Old Dornie,34,18,91.3,22.3,1996.8,1989.8,2008.2,2003.4,392.6,1274.1,868.2,617.5,28.5,163.8,81.6,110.0,16.0,35.8,46.5,41.4,42.8,27.2,15.6,3260.7,2068.6,1192.1,3323.3,2108.4,1215.0
Southwold,34,27,90.7,102.5,2002.2,2003.7,2006.7,2006.1,103.3,195.7,147.7,161.3,24.5,65.0,60.2,57.9,35.0,71.9,59.7,51.2,28.2,15.9,12.3,2116.6,1190.7,925.9,2157.3,1213.6,943.7
Ardrossan,34,12,230.9,39.7,1988.6,1991.7,1991.9,1990.5,474.4,1166.8,1420.1,472.2,39.0,241.7,1820.1,1573.9,23.0,38.5,62.0,58.4,118.8,108.4,10.5,8924.5,8139.0,785.5,9095.9,8295.3,800.6
Rhu,33,8,5.1,2.9,2004.2,2004.8,2003.1,2006.4,245.6,309.4,431.5,393.3,31.0,52.0,120.6,97.7,90.0,80.9,141.0,113.7,22.7,11.1,11.5,1701.2,837.1,864.2,1733.9,853.1,880.7
Eastbourne,33,18,22.4,26.6,1993.8,1998.7,1997.2,1994.9,150.4,383.5,168.7,143.1,20.0,58.4,77.6,50.6,5.0,28.0,55.6,19.7,12.1,10.9,1.2,907.7,815.9,91.8,925.1,831.5,93.6
Ardgour,33,14,8.8,9.5,1988.5,1994.2,1989.0,1989.4,283.3,333.6,371.7,348.7,30.0,34.6,40.0,35.0,11.0,29.1,19.2,19.2,8.4,6.0,2.4,633.5,454.6,178.9,645.6,463.3,182.3
Penarth,33,18,35.7,50.3,1995.2,1997.2,1998.7,1999.3,131.1,421.5,344.7,365.6,23.0,49.5,70.1,72.1,32.0,64.5,106.8,104.6,17.7,9.1,8.6,1338.0,690.5,647.5,1363.7,703.7,660.0
Lyness,32,13,41.0,61.6,1992.1,1994.0,2001.3,2001.6,222.7,442.6,281.6,258.3,17.0,24.0,27.0,17.6,38.0,183.2,81.4,41.1,18.2,6.6,11.6,1368.3,495.8,872.5,1394.5,505.3,889.2
Corran,32,21,10.3,9.9,1994.8,1993.4,1993.1,1991.9,257.4,335.0,293.3,261.8,26.0,35.6,52.8,50.6,13.0,14.3,19.3,20.3,10.6,8.6,2.0,796.8,647.5,149.3,812.1,659.9,152.2
Penzance,32,11,14.2,7.1,1981.3,1986.7,1989.1,1992.9,174.2,516.6,216.5,245.3,22.0,61.0,76.9,63.4,25.0,30.4,27.7,35.4,11.4,8.6,2.8,856.4,645.5,210.8,872.8,657.9,214.9
Hessle/Hull,32,27,22.1,30.7,1996.8,1997.1,1997.7,1997.8,340.3,420.2,419.5,420.0,30.5,38.8,52.3,51.8,17.5,28.0,32.3,32.5,9.0,7.0,2.0,677.4,528.7,148.7,690.4,538.8,151.6
Bracadale,32,11,5.6,7.1,2008.8,2008.3,2011.0,2010.0,139.4,215.3,156.5,169.7,29.0,52.4,88.7,100.3,14.0,13.2,13.7,11.6,6.2,5.1,1.1,464.8,383.2,81.6,473.7,390.5,83.2
Breasclete,31,10,7.3,8.5,1989.9,1995.7,1992.9,1992.0,181.8,201.3,263.4,268.6,23.0,35.6,46.9,44.9,15.0,70.3,57.6,70.4,7.6,3.7,3.9,571.3,275.2,296.1,582.3,280.5,301.8
Ridham Dock,31,19,16.9,25.3,1996.7,1997.0,1998.2,1998.3,191.8,245.2,212.6,207.1,25.0,33.8,39.8,38.4,21.0,33.8,34.7,34.6,6.9,5.4,1.5,518.6,402.7,115.9,528.6,410.5,118.1
Fowey,31,19,40.1,14.9,1992.1,1998.5,1998.9,1998.3,183.4,395.5,213.8,217.0,27.0,83.0,305.0,389.2,14.0,65.6,127.5,188.7,31.7,26.1,5.7,2386.9,1958.8,428.1,2432.7,1996.4,436.3
Kennacraig,31,4,392.4,59.3,1999.8,1995.8,2006.9,2005.1,1440.9,1528.9,2875.9,2674.0,110.0,120.8,367.3,357.6,32.0,33.0,62.5,60.5,198.0,162.0,36.0,15201.7,12442.6,2759.1,15493.6,12681.5,2812.0
Newlyn,31,8,3.1,1.9,1985.2,1985.9,1981.8,1979.0,276.1,367.4,618.4,679.0,51.0,95.8,1082.1,1149.8,13.0,37.1,31.2,33.5,21.5,19.8,1.7,1610.9,1484.5,126.4,1641.8,1513.0,128.9
Gourock,30,20,34.4,9.8,2000.3,1998.6,1998.0,1997.6,557.9,704.0,436.3,312.8,61.5,118.2,360.0,256.9,21.5,86.7,229.6,141.9,36.4,21.5,14.9,2737.8,1617.9,1120.0,2790.4,1648.9,1141.5
Selsey,30,24,88.3,106.8,2001.7,2003.8,2009.0,2009.0,98.9,187.5,135.8,194.6,24.0,37.0,65.5,83.5,13.0,38.4,42.3,45.1,22.0,11.8,10.2,1657.8,883.2,774.7,1689.6,900.1,789.5
Pentraeth,30,22,17.4,20.2,2001.7,2002.7,2001.0,2001.1,132.2,235.4,121.9,111.9,17.5,34.7,127.6,65.7,41.0,60.2,62.0,56.3,19.0,9.4,9.6,1435.5,706.1,729.4,1463.0,719.7,743.4
Crail,30,21,45.6,44.2,1998.6,2000.5,2000.8,2001.9,258.4,393.5,456.0,494.7,45.5,55.5,57.1,43.3,34.5,95.5,422.6,465.1,24.0,6.9,17.1,1748.5,514.0,1234.5,1782.0,523.9,1258.2
Yarmouth,30,13,73.4,14.8,1996.0,1997.1,2007.1,2004.9,168.4,668.2,749.7,151.2,20.5,276.4,2180.3,1524.9,14.5,19.3,66.7,52.2,74.7,68.0,6.7,5608.1,5103.2,505.0,5715.8,5201.1,514.7
Little Oakley,30,21,34.4,52.2,2005.3,2006.5,2005.8,2005.9,296.1,329.9,356.2,359.2,31.0,56.3,59.9,55.7,18.5,26.1,31.1,29.4,24.8,15.0,9.8,1864.0,1128.6,735.4,1899.7,1150.3,749.5
Sutton Bridge,28,11,10.0,12.2,1991.7,2002.4,2006.2,2005.6,143.9,230.7,218.5,231.8,24.0,30.9,34.9,33.5,26.5,54.8,77.3,68.9,5.7,3.8,1.9,424.5,281.8,142.7,432.7,287.3,145.4
Lismore Island,28,15,22.3,5.1,1992.5,1985.9,1997.5,1997.8,183.2,344.0,348.5,198.5,20.0,36.5,20.7,31.2,12.0,30.7,126.4,83.8,14.6,5.5,9.1,1101.1,414.4,686.7,1122.2,422.4,699.9
Brandesburton,28,23,45.5,58.9,2002.4,2002.6,2003.7,2003.4,211.3,312.8,156.6,169.1,40.0,67.4,56.3,49.7,25.5,55.0,69.4,79.7,20.0,8.9,11.2,1505.6,666.6,838.9,1534.5,679.4,855.1
Minehead,28,26,26.7,26.4,2004.6,2005.6,2006.7,2006.7,45.7,58.9,55.2,57.1,8.0,17.2,25.0,30.7,37.5,56.4,41.1,52.3,19.2,5.2,14.1,1465.8,393.7,1072.1,1494.0,401.3,1092.7
Aultbea,28,12,74.5,16.0,2008.9,2003.0,2011.5,2010.5,142.3,400.8,787.9,373.7,11.0,24.7,35.5,33.9,8.0,34.4,61.7,53.7,26.6,13.4,13.2,2040.6,1030.8,1009.8,2079.8,1050.6,1029.2
Brancaster Staithe,28,11,16.4,19.0,1985.3,2001.8,2004.7,2005.1,174.4,317.0,321.5,337.3,49.0,52.9,84.7,56.6,12.0,52.2,85.1,71.4,13.8,9.3,4.5,1034.8,698.2,336.6,1054.7,711.6,343.0
North Harris,28,9,6.2,6.9,2000.6,1986.0,2004.7,2006.8,124.3,287.1,155.2,145.2,13.0,46.1,50.7,46.0,7.0,56.2,36.5,31.8,6.8,3.7,3.2,514.1,274.8,239.3,523.9,280.1,243.9
Portstewart,27,5,10.1,1.9,1982.7,1990.0,1989.8,1990.9,107.7,236.3,259.7,215.5,20.0,26.4,35.4,33.2,48.0,49.2,39.9,55.7,8.3,4.1,4.2,626.0,311.1,314.9,638.1,317.1,321.0
Bernera (Lewis),27,12,12.2,14.9,1987.7,1995.9,2000.5,2000.5,244.2,415.8,328.0,333.0,24.0,67.2,76.1,53.9,11.0,15.9,18.4,19.6,6.5,5.2,1.2,486.6,392.9,93.7,495.9,400.4,95.5
Cloghan Point/Carrickfergus,27,18,83.1,56.5,2002.8,2002.6,2006.7,2006.9,201.7,343.6,254.1,315.8,12.0,31.5,31.6,51.4,18.0,37.8,24.6,29.3,25.4,15.4,10.0,1936.6,1178.3,758.3,1973.8,1200.9,772.9
Stackpole Quay,27,24,115.8,130.6,2005.7,2005.3,2007.1,2007.2,137.5,178.4,155.3,136.6,35.0,38.4,47.1,56.5,23.0,39.6,46.3,60.9,53.0,15.8,37.3,4079.7,1209.5,2870.2,4158.1,1232.7,2925.4
Walls,27,20,15.5,14.2,2001.1,2002.4,2007.5,2007.0,446.6,504.1,425.8,422.6,40.0,87.8,149.0,138.7,26.0,62.4,65.5,62.4,13.7,9.7,4.0,1031.7,731.3,300.4,1051.5,745.4,306.2
Port Mor,26,11,11.0,4.0,2001.6,1992.5,1993.3,1995.4,216.9,342.6,492.4,282.0,25.5,31.2,48.4,44.9,20.0,32.0,69.5,45.1,11.1,5.3,5.8,835.2,396.6,438.5,851.2,404.3,447.0
Rothesay,26,11,24.1,4.2,1982.5,1998.2,1999.0,1998.9,182.2,438.7,416.6,491.0,32.5,45.0,48.4,50.8,23.0,66.0,357.3,357.4,27.0,13.4,13.6,2045.6,1020.2,1025.5,2084.9,1039.8,1045.1
St Agnes,26,14,141.2,232.9,1997.3,2001.6,2006.1,2006.7,397.8,596.6,450.4,489.7,39.0,78.4,278.2,297.5,81.0,163.1,53.4,51.4,27.5,13.7,13.8,2080.8,1046.8,1034.0,2120.8,1066.9,1053.8
Sleat,26,14,15.7,5.2,1988.2,1989.6,1989.7,1987.2,315.6,469.8,919.8,497.4,34.0,44.7,157.1,104.2,11.5,22.5,43.1,32.8,17.2,14.8,2.4,1288.5,1109.0,179.4,1313.2,1130.3,182.9
Balintore,26,19,39.4,32.6,2007.3,2006.5,2010.5,2010.1,248.5,718.6,425.1,361.6,28.5,66.7,259.2,195.1,38.0,220.4,1006.1,651.0,25.4,10.6,14.8,1894.4,783.4,1111.0,1930.8,798.5,1132.3
Cromarty,26,22,32.8,22.2,2006.0,2005.3,2009.9,2010.2,239.3,350.3,321.4,315.5,24.0,40.7,45.6,46.2,65.0,250.2,134.0,131.6,20.4,9.9,10.5,1532.4,740.8,791.6,1561.8,755.0,806.8
Kilkeel,25,11,39.8,25.0,2004.8,2000.8,2008.3,2004.3,210.5,372.6,393.4,247.3,31.0,58.6,48.6,49.9,23.0,26.0,11.5,15.0,13.7,8.9,4.8,1045.8,684.2,361.6,1065.9,697.4,368.5
Houton,25,19,278.0,484.0,2002.0,2002.3,2003.8,2004.0,351.3,1519.9,534.7,535.8,47.0,237.3,164.5,146.4,29.0,34.4,38.0,38.2,116.4,100.5,15.9,8769.2,7554.9,1214.4,8937.6,7699.9,1237.7
Ravenglass,25,14,17.2,8.9,2012.1,2009.3,2007.8,2009.1,151.2,277.4,141.5,126.7,36.0,53.3,63.6,74.2,36.0,40.8,41.5,44.1,11.4,6.8,4.6,859.3,514.5,344.9,875.8,524.3,351.5
Portknockie,25,22,16.8,17.0,1998.9,2000.3,2006.3,2005.8,258.7,301.4,272.7,297.2,22.0,35.6,29.0,29.6,16.0,54.5,78.0,81.8,10.1,4.9,5.2,758.4,370.1,388.3,772.9,377.2,395.7
"Clachan, Raasay",25,19,23.8,10.6,1994.9,1996.8,2007.2,2007.6,288.8,1224.7,1235.4,850.7,40.0,198.1,2337.4,2107.6,17.0,40.3,223.7,202.2,60.5,54.2,6.3,4541.7,4071.4,470.3,4628.9,4149.6,479.3
Scarborough,25,14,35.6,13.1,1994.5,1994.3,2004.8,2002.4,279.1,483.3,599.0,526.7,27.0,52.3,334.6,340.1,22.0,87.3,452.5,423.8,23.2,11.2,12.0,1740.9,838.7,902.2,1774.3,854.8,919.5
Conwy (Conway),25,24,26.2,26.2,2000.0,2000.3,2008.4,2006.2,46.3,63.6,45.7,48.4,8.0,11.6,8.8,9.4,27.0,36.0,31.4,31.2,11.5,3.4,8.2,880.3,256.4,624.0,897.2,261.3,636.0
Aberdaron,25,19,58.3,84.3,2005.3,2005.9,2004.5,2003.0,204.5,282.8,203.3,233.8,17.0,25.9,18.9,18.1,10.0,88.9,126.9,138.0,22.4,7.7,14.7,1709.5,587.6,1121.9,1742.3,598.9,1143.4
Loch Torridon,25,17,14.9,10.0,1996.4,1997.9,1993.0,1998.2,285.8,339.5,345.3,335.2,27.0,32.6,40.2,38.9,24.0,45.4,38.4,58.2,10.9,7.1,3.8,818.6,533.7,284.9,834.4,543.9,290.4
Collieston,24,18,19.5,16.3,2008.9,2008.1,2008.8,2008.9,177.3,317.8,291.1,304.7,71.5,117.3,152.1,131.7,26.0,112.1,114.1,119.5,16.5,11.8,4.8,1241.4,883.3,358.1,1265.3,900.3,365.0
Cullen,24,22,314.3,475.1,2004.5,2004.4,2005.8,2005.3,511.0,1055.6,582.6,576.0,63.0,118.4,98.0,79.0,31.5,149.7,110.2,64.3,66.1,34.0,32.1,5004.4,2552.7,2451.8,5100.5,2601.7,2498.9
North Queensferry,24,22,50.8,38.6,2001.6,2001.9,2010.2,2006.0,279.7,254.6,390.2,352.6,31.0,63.7,39.0,36.3,14.0,27.4,35.9,19.0,16.3,11.0,5.3,1227.1,824.5,402.6,1250.7,840.3,410.4
Glenelg,24,10,4.7,5.9,1990.2,1992.5,1997.9,1994.5,191.6,180.8,192.2,209.4,23.5,27.5,44.4,47.9,23.0,29.2,28.8,34.9,7.0,4.6,2.4,527.8,345.4,182.4,537.9,352.0,185.9
"Ceann A Gharaidh, Eriskay",24,19,26.7,11.4,1995.5,1996.8,1991.4,1999.0,310.2,437.3,319.2,245.2,28.5,45.1,36.9,39.0,19.0,53.9,33.9,33.7,14.7,8.3,6.4,1108.9,625.1,483.8,1130.2,637.1,493.1
Kyleakin,24,15,11.0,10.9,1998.9,2001.7,2002.7,2003.7,239.1,339.6,386.6,386.4,29.5,116.9,323.8,395.6,21.0,32.2,44.5,45.4,13.9,10.3,3.5,1042.9,776.3,266.5,1062.9,791.2,271.6
Portincaple,24,10,18.7,24.9,1998.5,2000.8,2006.4,2006.7,113.0,152.6,148.4,148.0,18.0,33.6,22.4,20.5,38.0,105.9,27.3,23.5,14.8,5.5,9.3,1119.0,422.0,697.0,1140.5,430.1,710.4
Dysart,24,18,20.2,22.3,1992.2,1994.9,2002.3,1999.5,245.2,273.9,314.7,274.9,17.0,26.4,22.6,25.0,22.5,34.1,47.6,42.0,8.7,3.9,4.8,654.1,296.2,357.9,666.6,301.8,364.8
Talmine,24,16,12.9,13.3,2004.3,2004.6,2007.3,2006.2,203.7,293.0,255.0,322.3,25.0,40.5,66.2,91.3,22.0,32.4,25.0,26.4,10.0,7.4,2.5,748.2,557.1,191.1,762.5,567.8,194.8
Scarinish,23,16,85.1,17.2,1989.6,1988.3,1989.8,1989.9,457.8,759.5,896.7,609.7,21.0,47.4,150.1,114.4,17.0,31.4,87.1,58.1,43.1,25.9,17.2,3243.2,1948.6,1294.7,3305.5,1986.0,1319.5
Combe Martin,23,19,68.1,55.7,2003.1,2005.1,2006.8,2006.5,67.1,96.8,78.7,85.5,12.0,14.8,22.0,30.0,16.0,34.3,23.2,26.8,12.0,5.4,6.6,924.5,414.4,510.1,942.2,422.4,519.9
Shieldaig,22,13,2.8,3.2,2002.0,2000.0,2004.2,2004.1,69.5,163.6,112.0,109.8,11.5,43.9,63.4,62.1,12.0,36.2,51.0,50.7,3.2,2.1,1.1,237.4,154.5,82.8,241.9,157.5,84.4
Bangor,22,16,18.0,15.7,1999.7,1997.7,2003.0,2002.2,190.5,676.4,320.6,360.4,28.5,33.2,32.7,39.4,13.5,70.4,27.3,28.6,7.9,4.5,3.4,597.8,345.6,252.1,609.2,352.3,257.0
Prenton/Birkenhead,22,12,6.1,8.5,2003.9,2002.6,2002.5,2002.7,101.0,206.9,175.7,181.4,36.0,38.8,50.0,50.5,22.5,28.5,81.7,75.9,6.6,2.3,4.2,495.2,176.5,318.7,504.7,179.9,324.8
"Craighouse, Isle Of Jura",22,15,11.9,7.5,1972.9,1975.7,1986.0,1989.9,262.0,314.5,348.2,302.4,26.5,27.6,26.6,24.4,14.5,33.7,31.0,37.1,9.1,4.6,4.5,683.7,342.2,341.5,696.8,348.7,348.1
"Oddsta, Fetlar",22,17,48.2,53.2,1989.1,1993.6,2008.1,2008.8,532.2,982.1,1298.1,1338.2,58.5,115.1,201.9,202.6,22.5,151.9,362.4,358.6,34.9,17.8,17.1,2620.4,1333.9,1286.6,2670.7,1359.5,1311.3
Hugh Town,22,1,19.0,3.7,1977.0,1977.0,1977.0,1977.0,433.1,433.1,643.0,643.0,101.0,101.0,357.7,357.7,11.5,11.5,53.1,53.1,14.5,12.5,2.0,1086.7,936.9,149.8,1107.6,954.9,152.7
Chillington,22,20,27.5,22.8,1997.4,1996.6,2004.1,2001.7,77.0,206.4,100.9,124.8,14.0,30.0,28.2,37.6,16.5,24.2,26.2,35.8,7.4,4.7,2.7,562.2,354.4,207.7,573.0,361.2,211.7
East Wittering,22,8,21.6,35.0,1996.8,1996.9,1998.4,1997.9,193.7,189.2,220.7,221.6,22.0,24.3,25.8,25.9,4.0,15.2,20.5,21.1,8.6,6.9,1.7,642.9,517.5,125.4,655.2,527.4,127.8
Ardveenish,22,10,8.2,3.3,2010.9,2006.8,2000.4,2008.7,108.6,248.5,299.0,147.1,31.0,34.2,36.0,37.2,18.5,48.2,34.6,53.7,6.7,4.1,2.6,506.0,310.0,196.0,515.8,316.0,199.8
Vidlin,21,11,6.5,7.9,1998.5,1999.1,1999.7,1999.1,380.8,415.5,488.0,524.5,53.0,54.0,98.2,90.9,18.0,80.2,83.0,84.5,8.5,5.0,3.5,640.3,378.5,261.8,652.6,385.8,266.8
Tynemouth,21,16,38.8,32.4,2000.8,2001.4,2005.2,2005.9,262.2,397.2,212.6,202.3,68.0,97.3,85.1,83.8,24.0,49.3,182.0,158.7,18.9,9.7,9.1,1416.2,730.9,685.3,1443.4,744.9,698.5
Salen,21,11,8.3,4.5,1998.6,1996.6,1993.6,1999.2,205.5,257.3,299.5,204.0,24.0,32.9,25.6,34.9,18.0,20.2,23.4,27.0,5.7,3.3,2.4,430.2,247.5,182.7,438.5,252.3,186.2
"Ardminish, Gigha Island",21,13,10.4,4.0,2002.0,1996.3,1992.4,2000.8,93.7,272.1,250.6,156.4,11.0,20.5,37.2,26.0,10.0,21.7,16.9,22.3,6.0,4.1,1.9,452.1,308.9,143.2,460.8,314.8,145.9
Furnace,21,6,2.8,2.6,1986.0,1995.7,1990.3,1990.9,71.1,225.0,92.3,94.9,24.0,30.5,31.1,33.5,25.0,29.0,31.5,31.8,2.4,1.6,0.8,182.6,120.6,62.0,186.1,122.9,63.2
"Saint Margaret'S Hope, South Ronaldsay",21,20,125.7,208.5,2004.4,2004.2,2004.3,2004.4,245.0,398.6,372.1,372.8,34.0,41.8,57.3,53.1,9.0,52.3,33.2,26.1,25.7,15.3,10.4,1936.3,1155.1,781.1,1973.4,1177.3,796.1
Port Erroll,21,17,32.1,28.4,2008.3,2008.1,2007.1,2007.1,211.5,486.0,743.3,773.2,30.0,56.4,107.1,76.2,35.0,91.1,499.6,403.4,24.0,7.3,16.8,1782.2,544.4,1237.7,1816.4,554.9,1261.5
Southend,21,19,51.1,81.6,1995.4,1995.5,2006.0,2007.3,309.4,377.7,511.3,549.3,26.0,37.9,48.7,48.3,15.0,45.0,27.7,25.9,10.3,6.0,4.2,778.6,457.2,321.5,793.6,465.9,327.6
Papa Westray,21,16,29.9,21.5,1990.3,1993.9,2004.3,2003.7,313.0,562.4,606.0,608.9,31.0,71.8,252.9,219.1,13.0,44.9,86.1,85.2,15.1,9.9,5.1,1130.6,744.3,386.3,1152.3,758.6,393.7
Housa Voe,21,19,27.6,24.5,1998.3,1997.6,2005.3,2005.5,480.6,513.1,512.7,552.4,37.0,189.2,320.5,319.3,10.0,33.2,35.3,39.6,20.4,17.9,2.5,1529.5,1341.1,188.4,1558.9,1366.9,192.0
Glasson Dock,21,16,14.4,20.1,1998.2,2001.0,2001.1,2001.2,324.2,314.9,342.0,336.2,42.0,34.9,43.6,43.2,23.0,26.2,31.7,31.7,4.7,3.7,1.0,355.5,278.8,76.7,362.4,284.2,78.2
Littlehampton,21,18,34.9,24.4,1998.8,2000.3,2008.1,2005.8,72.4,118.9,60.0,59.9,16.0,22.8,14.3,16.3,17.0,19.2,20.2,20.7,6.4,3.5,2.9,486.8,260.1,226.7,496.2,265.1,231.1
Ardnamurchan,20,12,17.3,3.8,2000.4,1996.4,1990.1,1996.6,165.0,400.0,646.3,197.8,16.5,33.6,94.2,69.1,21.5,27.1,48.1,43.8,14.5,8.9,5.6,1086.4,668.9,417.4,1107.2,681.8,425.5
Graemsay,20,6,4.4,4.4,2000.5,1995.5,2001.4,2000.1,261.4,475.0,281.2,285.0,31.0,42.1,33.9,36.2,7.0,54.3,47.5,40.1,6.4,4.3,2.1,483.0,325.8,157.2,492.2,332.1,160.2
Whitehall,20,8,56.4,14.7,2002.2,2003.1,2002.9,2005.1,200.7,446.9,379.9,382.7,22.5,57.1,35.9,57.2,10.0,37.5,77.4,58.9,21.0,12.2,8.8,1579.6,916.5,663.0,1609.9,934.1,675.8
Portsoy,20,19,23.8,30.9,1996.1,1995.2,2004.3,2004.5,199.1,297.8,141.9,118.5,29.5,37.3,63.1,52.0,16.0,47.3,138.3,131.9,13.3,6.1,7.3,1001.7,456.6,545.0,1020.9,465.4,555.5
Balvicar,20,11,1.4,1.4,1978.0,1991.9,1989.9,1985.2,241.9,240.9,229.1,252.0,40.5,42.2,38.1,40.2,24.0,39.0,39.9,37.0,8.8,4.8,4.0,660.1,360.6,299.6,672.8,367.5,305.3
Eshaness,20,16,10.7,7.1,2002.1,2002.1,2005.0,2005.2,333.6,314.5,358.0,340.8,45.5,66.4,86.5,85.7,6.5,10.9,10.8,8.5,7.4,6.3,1.1,558.6,472.5,86.1,569.4,481.6,87.8
London,20,10,126.8,13.1,2003.0,2000.5,2014.6,2013.9,296.1,283.5,322.8,323.5,33.5,74.1,34.3,41.1,9.0,19.5,9.3,10.4,28.0,23.8,4.2,2107.3,1792.6,314.8,2147.8,1827.0,320.8
Toft,20,7,31.1,7.7,2009.8,2007.3,2004.1,2004.5,73.4,1313.3,1282.2,309.8,23.5,145.1,773.3,571.3,19.5,52.7,321.4,232.4,28.3,24.2,4.2,2126.0,1814.1,312.0,2166.9,1848.9,318.0
Applecross,19,12,5.6,4.8,1996.6,1995.8,1991.7,1992.0,235.9,437.4,375.6,443.7,25.0,39.2,57.3,64.7,14.0,61.0,61.9,59.8,5.9,3.7,2.2,443.1,278.8,164.3,451.6,284.2,167.4
Portree Harbor,19,16,73.8,13.4,1993.4,1992.9,1990.9,1989.8,205.8,230.8,211.7,209.7,18.0,26.0,17.9,20.6,10.0,35.6,10.0,14.3,24.7,18.6,6.1,1901.0,1432.5,468.5,1937.5,1460.0,477.5
Birsay,19,12,9.4,7.2,1993.6,1996.6,2006.8,2006.2,243.0,279.4,250.6,265.1,58.0,45.5,64.5,60.5,18.0,28.2,43.2,43.2,5.9,3.8,2.1,445.7,286.6,159.1,454.2,292.1,162.1
"Ulsta, Yell",19,7,3.8,2.4,2009.6,2001.6,2005.8,2008.4,71.4,431.6,159.3,83.1,28.0,46.0,41.0,58.7,16.0,37.4,63.0,36.6,4.9,2.8,2.2,371.5,210.0,161.5,378.6,214.0,164.6
Port Glasgow,19,12,13.2,12.7,1991.7,1991.5,1999.9,2005.9,198.1,393.5,231.7,209.2,39.0,69.3,55.8,37.3,13.0,167.4,83.8,88.6,13.4,8.1,5.3,1015.8,616.3,399.5,1035.3,628.1,407.2
Bridgwater,19,3,4.6,6.3,1991.3,1998.0,1993.7,1994.2,103.6,67.2,96.5,91.5,35.0,20.0,44.5,42.7,3.0,30.0,6.9,6.5,4.3,3.7,0.6,322.2,278.4,43.8,328.3,283.7,44.6
Goxhill,19,13,28.6,31.5,1993.8,1996.2,2004.2,2003.9,287.3,438.1,524.1,502.2,52.0,116.0,370.5,355.8,11.0,30.3,95.6,90.3,17.4,14.7,2.7,1270.3,1073.3,196.9,1294.6,1093.9,200.7
Solva (Solfach),19,17,25.7,35.9,2004.1,2003.6,2006.8,2006.8,115.0,177.6,126.1,124.7,25.0,36.7,44.7,44.8,34.0,28.7,38.5,38.9,15.4,6.0,9.4,1173.3,458.4,714.9,1195.8,467.2,728.6
Saint Martins,18,13,52.5,40.1,1990.6,1990.1,1996.7,2005.9,176.3,256.3,255.2,334.5,16.5,22.7,50.6,60.9,10.0,18.4,25.5,41.6,19.6,15.3,4.3,1489.6,1165.5,324.1,1518.2,1187.9,330.3
Inverie,18,12,13.5,2.8,1994.8,1992.8,2001.8,2004.8,179.8,626.7,233.6,314.0,15.0,20.1,18.1,15.6,25.0,133.8,262.8,509.0,14.7,2.8,11.9,1107.1,213.7,893.5,1128.4,217.8,910.6
Burravoe,18,13,44.2,20.3,1997.8,1998.8,2007.0,2005.8,356.9,632.1,1539.1,846.9,34.5,103.0,526.2,456.3,30.0,81.2,59.3,57.6,14.4,10.1,4.3,1078.2,756.5,321.7,1098.9,771.0,327.9
Creeksea,18,15,16.1,23.4,2000.0,2001.9,1997.2,1997.9,233.3,326.9,362.5,353.4,30.0,42.1,128.4,118.2,43.0,55.2,51.7,52.4,4.8,3.9,0.9,362.3,295.3,66.9,369.2,301.0,68.2
Southend-On-Sea,18,16,19.7,26.2,1996.7,1997.7,2000.0,2001.7,188.7,226.7,226.5,215.1,19.0,22.2,18.8,18.6,11.0,25.1,15.8,16.5,6.9,4.7,2.2,516.2,351.9,164.3,526.1,358.6,167.5
Cemaes Bay,18,12,26.4,35.4,2000.1,2001.5,2009.3,2009.8,106.9,244.0,107.0,123.4,16.0,31.1,28.9,30.7,34.0,53.6,67.2,73.4,10.8,3.4,7.4,826.6,258.2,568.4,842.5,263.2,579.3
Pierowall,18,13,25.9,34.3,1997.4,1997.9,2001.9,2002.1,430.2,418.2,286.1,271.8,52.5,80.8,202.8,231.7,16.0,65.1,88.3,96.4,29.0,20.1,8.9,2181.1,1512.4,668.8,2223.0,1541.4,681.6
Methil,18,14,17.1,30.3,2004.5,2004.6,2004.2,2004.6,143.5,159.0,89.2,86.0,29.5,61.3,39.6,35.4,44.0,98.4,82.2,80.2,16.2,4.7,11.5,1217.3,351.6,865.7,1240.7,358.4,882.3
Whitby,18,11,19.9,23.6,1991.0,1985.6,2005.6,2005.0,758.9,575.7,346.5,277.3,90.0,152.0,81.8,56.3,36.5,112.0,50.1,43.5,14.3,8.6,5.7,1070.4,642.2,428.3,1091.0,654.5,436.5
West Wemyss,18,16,38.6,46.8,2008.6,2008.2,2008.2,2008.0,165.6,305.3,211.9,213.0,25.0,41.4,34.4,32.3,32.0,46.8,37.0,36.1,16.8,8.5,8.3,1261.5,639.5,622.0,1285.7,651.8,634.0
West Burrafirth,18,16,30.2,25.4,2002.6,2002.2,2004.7,2003.3,373.9,615.9,681.5,708.9,66.0,81.5,76.5,60.7,34.0,110.8,204.2,229.9,15.3,6.9,8.4,1146.1,513.7,632.4,1168.2,523.6,644.6
Deerness,17,12,23.6,16.4,1996.0,1995.5,2002.8,2003.7,232.4,301.0,254.8,363.4,26.0,55.2,86.3,100.6,23.0,39.1,70.1,90.7,12.7,8.4,4.2,951.6,633.2,318.4,969.9,645.3,324.6
Whitehaven,17,15,21.6,20.5,1997.7,1999.0,2005.4,2005.6,307.3,352.1,418.2,442.8,35.0,30.1,44.0,41.3,24.0,146.2,122.6,141.0,8.4,4.1,4.3,641.3,314.3,327.1,653.6,320.3,333.3
Saint Mawes,17,17,132.9,228.7,2006.9,2006.9,2011.5,2012.7,311.7,364.0,366.0,380.6,36.0,53.0,61.6,64.0,19.0,37.5,69.1,72.9,29.3,14.2,15.1,2238.6,1076.8,1161.8,2281.6,1097.5,1184.1
Carradale,17,7,2.2,1.5,1987.5,1997.0,1988.3,1985.4,250.7,348.1,238.1,219.2,27.0,59.1,38.6,32.6,11.0,37.5,28.2,21.4,3.9,2.1,1.8,292.8,156.0,136.8,298.4,159.0,139.4
Dunbar,17,15,203.2,382.5,2005.6,2005.8,2008.2,2008.3,164.8,215.5,266.6,273.1,29.0,68.0,123.5,125.0,25.0,32.5,20.9,20.5,53.2,22.5,30.7,3999.4,1695.2,2304.1,4076.1,1727.8,2348.4
Portnahaven,16,12,75.1,131.4,1996.1,1993.9,2004.2,2004.4,213.3,310.6,505.2,556.9,29.5,44.9,102.4,105.8,13.5,26.6,21.7,17.2,9.6,6.7,2.9,729.2,511.0,218.2,743.2,520.8,222.4
Weymouth,16,7,4.2,2.4,1994.7,1980.1,2000.0,2000.8,105.9,306.8,410.1,519.5,11.5,47.5,164.3,170.7,81.5,80.5,76.7,79.3,7.3,3.2,4.1,549.3,241.7,307.6,559.8,246.3,313.5
South Ronaldsay,16,15,130.0,201.5,2002.1,2002.6,2004.1,2003.4,481.7,956.7,720.9,696.1,36.0,54.7,59.1,48.3,16.0,115.7,93.1,57.1,21.2,10.3,10.9,1595.9,776.5,819.4,1626.6,791.4,835.1
Armadale,16,9,13.5,4.3,1990.2,1993.3,1989.0,1986.6,251.8,609.8,1144.4,506.3,26.0,38.8,149.8,158.6,69.5,144.6,98.3,119.2,17.0,8.6,8.4,1273.9,644.8,629.1,1298.4,657.2,641.2
Port Seton,16,16,32.7,49.8,1999.8,1999.8,2008.8,2009.2,136.8,244.8,155.4,134.3,18.5,40.3,74.4,73.8,41.0,71.6,31.1,24.3,10.6,6.2,4.4,798.1,469.7,328.5,813.4,478.7,334.8
Whitehills,16,12,69.3,87.3,1995.0,1997.2,2002.0,2001.3,381.2,673.5,632.8,567.5,55.5,60.8,88.1,95.7,42.0,97.6,153.0,123.6,27.5,13.6,14.0,2065.7,1018.2,1047.5,2105.4,1037.8,1067.6
Findhorn,16,14,52.1,43.3,2008.0,2007.5,2008.3,2008.3,378.3,599.1,711.9,739.8,51.0,75.6,160.8,144.8,32.5,64.4,47.6,55.8,19.5,13.9,5.6,1458.6,1038.7,419.9,1486.6,1058.7,427.9
Fishguard,16,11,16.0,5.9,1995.5,1995.8,1987.9,1991.8,190.0,609.0,198.6,209.2,19.5,63.5,41.2,60.0,16.5,28.0,25.3,29.8,9.4,5.7,3.7,706.3,428.7,277.6,719.9,436.9,283.0
Swanage,16,13,37.1,21.4,2000.5,1999.5,2006.9,2007.6,281.2,306.6,270.7,318.0,47.5,48.5,67.1,78.8,23.5,28.8,26.5,33.1,10.1,7.3,2.8,763.2,552.4,210.7,777.8,563.0,214.8
Upton,16,16,162.2,270.9,2005.0,2005.0,2009.5,2010.2,403.7,600.4,513.1,504.5,27.5,49.0,99.7,105.8,47.0,114.4,94.4,76.8,31.9,18.8,13.1,2402.1,1414.1,987.9,2448.2,1441.3,1006.9
Newhaven,16,7,4.3,4.2,1992.7,2001.4,1993.4,1987.1,130.7,175.4,127.0,113.7,31.5,70.4,68.2,63.0,7.5,19.4,18.5,12.0,4.4,3.7,0.7,328.3,278.9,49.4,334.6,284.2,50.3
Sheringham,16,10,11.4,14.3,1988.9,1990.6,1987.8,1989.9,380.0,1024.1,680.8,669.0,61.5,119.4,199.9,170.4,21.5,115.2,185.3,152.8,12.3,6.8,5.5,920.7,508.0,412.7,938.4,517.7,420.7
Eishken,16,14,16.4,10.2,1997.2,1998.1,1997.3,1996.9,348.4,457.2,477.2,588.0,22.0,49.7,88.0,99.2,31.5,172.0,194.9,178.4,10.0,3.6,6.4,753.0,272.7,480.3,767.5,278.0,489.5
Silloth,15,14,4.9,7.2,1998.6,1998.9,2001.5,2001.0,117.6,157.6,149.5,152.9,17.0,28.3,34.5,36.7,23.0,29.1,27.9,29.6,2.1,1.6,0.5,159.3,123.4,36.0,162.4,125.7,36.7
Northmavine,15,11,148.6,264.4,1989.7,1994.7,2005.4,2005.6,519.6,645.7,994.6,997.8,89.0,124.8,158.5,156.9,13.0,27.1,10.5,9.9,15.7,14.0,1.7,1191.2,1059.6,131.6,1214.0,1079.9,134.1
Camber,15,11,6.2,7.9,1997.2,1998.5,1996.6,1995.2,206.0,191.5,220.9,228.7,23.0,22.7,27.2,29.1,19.0,39.9,31.0,33.4,3.0,2.1,0.9,222.8,157.5,65.3,227.1,160.5,66.6
Bruichladdich,15,7,7.0,6.1,1990.5,1991.9,1988.5,1993.8,201.1,204.6,216.3,218.1,24.0,21.3,31.9,27.3,12.0,13.4,11.5,17.2,4.6,3.1,1.4,346.1,240.3,105.8,352.8,244.9,107.8
Orkney,15,5,17.9,13.3,2003.5,2003.4,2007.6,2006.8,564.1,761.4,839.2,685.5,56.0,58.7,60.8,64.3,9.0,94.6,326.4,265.5,9.1,6.2,3.0,686.4,464.1,222.3,699.5,473.0,226.6
Rhu Coigach - Badluachrach,15,5,99.4,17.2,2012.1,2008.4,2013.9,2013.6,783.6,415.5,1005.1,904.5,25.0,24.2,27.2,27.1,32.0,96.6,65.0,66.9,35.2,16.0,19.2,2705.7,1230.3,1475.4,2757.6,1253.9,1503.7
Aird Ma Ruibhe,15,5,17.0,3.3,1999.2,1991.6,2002.5,1999.7,1096.6,387.4,1294.2,925.5,108.0,42.8,283.2,262.3,54.0,39.0,129.9,121.6,37.5,23.9,13.6,2812.7,1791.1,1021.6,2866.7,1825.5,1041.2
Barrow Haven,15,13,14.0,21.0,1997.9,1996.7,1998.5,1998.2,489.8,492.1,486.9,484.7,47.0,48.1,54.5,54.0,21.0,27.1,26.1,25.4,5.1,4.0,1.1,380.9,301.8,79.1,388.2,307.6,80.6
Great Oakley,15,14,16.2,20.3,1999.8,1998.9,2003.0,2001.9,474.5,632.4,575.1,515.9,52.0,62.1,100.9,89.6,35.0,58.0,127.3,95.4,9.9,9.2,0.7,745.9,690.1,55.8,760.3,703.3,56.9
Port William,15,9,8.3,10.2,1987.5,1992.1,1995.3,1995.1,241.7,398.3,403.4,382.9,32.0,48.4,104.9,103.8,17.0,23.5,29.8,29.6,3.7,3.2,0.5,280.2,239.9,40.3,285.5,244.5,41.1
Brightlingsea,15,3,2.7,4.0,1985.3,1994.3,1986.1,1985.7,116.8,308.1,238.3,236.0,15.0,56.7,116.4,116.5,7.0,8.7,31.2,31.7,2.5,1.8,0.7,185.4,132.2,53.3,189.0,134.7,54.3
Loch Long,15,12,162.4,290.3,2003.4,2004.2,2009.3,2009.4,156.8,336.4,455.2,453.6,23.0,50.0,79.3,79.1,31.0,41.2,25.0,23.4,24.4,13.2,11.2,1875.6,1017.5,858.0,1911.6,1037.1,874.5
Kilchoan,14,9,37.1,5.7,2003.0,2002.6,1994.7,1995.1,157.2,285.2,996.0,599.2,14.5,19.4,50.2,48.1,14.5,36.7,59.9,56.2,14.5,8.1,6.4,1092.2,609.4,482.8,1113.2,621.1,492.1
"Baile Mor, Iona",14,12,10.4,3.9,1986.5,1986.8,1995.4,1993.0,263.8,283.0,219.9,270.7,26.0,33.2,27.4,43.0,13.0,25.6,17.3,26.2,6.4,4.2,2.2,485.8,319.0,166.8,495.1,325.1,170.0
Blakeney,14,13,9.1,8.6,2002.8,2001.6,2001.4,1999.3,190.0,325.8,232.0,259.6,52.5,81.1,123.6,111.2,19.5,30.0,27.5,26.3,6.7,5.6,1.1,505.2,419.8,85.4,514.9,427.9,87.0
Broadford Bay,14,10,3.3,3.0,1990.1,1996.4,1997.0,1995.2,143.5,240.3,209.7,197.7,18.0,36.9,41.8,40.1,15.5,28.6,37.4,16.4,3.3,2.3,1.0,249.7,173.5,76.2,254.5,176.8,77.7
Fair Isle,14,9,16.9,4.7,2004.6,2001.4,2001.1,2002.2,114.8,164.0,155.4,178.6,11.5,20.6,25.3,37.7,9.0,12.3,12.5,10.3,8.3,5.1,3.2,621.0,383.9,237.1,633.0,391.3,241.7
Portnaguran And Ness,14,12,57.7,93.3,2002.9,2002.4,2008.9,2008.9,316.6,641.0,273.9,275.8,49.5,93.3,168.4,195.9,36.5,107.8,163.6,185.1,14.7,8.8,5.9,1120.3,673.1,447.2,1141.8,686.0,455.8
Holywood,14,10,50.2,27.6,2004.9,2003.8,2005.9,2005.6,167.7,349.5,246.0,282.0,18.0,22.0,25.1,29.5,8.5,25.7,34.2,43.0,13.7,9.0,4.8,1058.4,691.4,367.0,1078.7,704.6,374.0
Torquay Harbour,14,10,13.5,4.1,1998.3,1997.9,1993.1,1994.3,126.5,170.8,178.9,182.3,14.5,21.0,19.4,26.7,13.0,27.4,17.3,38.3,5.6,4.1,1.5,418.9,308.3,110.7,427.0,314.2,112.8
Coll,14,7,44.6,7.6,1997.2,1999.4,1993.3,1996.0,275.9,382.4,635.5,361.8,17.5,23.0,91.0,75.9,46.5,56.1,73.5,67.7,27.0,13.1,13.9,2026.3,984.7,1041.6,2065.2,1003.6,1061.6
Jura,14,11,7.6,3.2,1991.3,1991.2,1987.9,1990.9,180.1,308.4,426.1,281.1,19.0,29.8,64.8,45.1,14.5,26.5,35.3,30.3,4.1,2.6,1.5,307.9,196.4,111.6,313.8,200.1,113.7
Dunoon,14,7,9.7,4.9,2001.9,2002.9,2003.7,2007.3,411.3,570.0,595.2,324.4,56.0,86.1,634.3,229.3,14.5,45.6,46.4,35.5,15.4,13.1,2.3,1156.3,980.4,175.9,1178.5,999.2,179.3
Patricroft,14,10,7.9,12.8,2002.2,2004.0,2005.8,2006.1,133.4,238.3,199.5,204.4,33.5,39.0,35.7,36.0,3.0,14.9,23.0,23.4,2.5,2.0,0.5,193.1,154.2,38.9,196.8,157.2,39.6
Crombie,13,12,59.0,54.5,2004.6,2004.6,2007.3,2007.0,369.5,767.6,698.0,537.4,26.0,62.2,213.6,173.8,23.0,33.0,52.2,47.4,21.0,13.7,7.3,1591.5,1044.3,547.2,1622.0,1064.3,557.7
Peacehaven,13,12,7.1,8.7,1991.9,1992.8,1996.4,1998.3,151.2,213.0,110.5,106.3,31.0,52.6,43.3,44.0,5.0,13.7,7.9,7.3,2.6,2.3,0.3,199.0,175.5,23.5,202.8,178.8,23.9
Cadgwith,13,12,70.3,116.1,2002.0,2001.2,2008.1,2008.6,196.2,200.1,203.3,202.8,69.0,64.7,87.0,90.5,11.0,16.8,27.6,28.7,28.1,23.0,5.1,2153.4,1761.4,392.0,2194.7,1795.2,399.5
Sullom Voe,13,12,242.2,411.9,1997.2,1997.1,2002.7,2002.9,738.1,1426.3,771.7,755.8,66.0,444.1,176.4,124.4,40.0,149.5,83.8,84.8,39.1,24.9,14.3,2939.4,1866.9,1072.4,2995.8,1902.8,1093.0
Scourie,13,9,3.4,4.7,1994.6,1992.9,2000.1,2000.9,270.3,315.9,360.3,382.7,31.0,43.1,49.9,50.5,37.0,47.2,70.1,71.9,4.6,2.9,1.7,345.9,216.8,129.1,352.5,220.9,131.6
Berwick-Upon-Tweed,13,11,6.3,6.2,1994.4,1997.4,1996.9,1994.1,217.4,296.5,306.5,245.9,23.0,28.7,41.0,37.8,19.0,31.6,24.4,24.3,2.9,1.9,1.0,216.9,144.5,72.4,221.0,147.3,73.8
Belmont,13,6,2.6,2.7,1992.3,1992.3,1995.8,1996.8,489.2,677.1,494.5,477.5,58.0,172.3,215.1,199.2,36.0,118.4,74.3,73.2,6.4,4.5,1.9,480.4,336.8,143.6,489.6,343.3,146.3
Rosneath,13,8,3.4,1.6,2002.5,1998.0,2002.0,2006.7,151.9,436.7,468.9,448.1,49.0,131.3,142.6,122.7,42.0,40.2,42.8,46.1,16.1,13.3,2.8,1206.6,999.0,207.6,1229.8,1018.2,211.6
Tenby (Dinbych-Y-Pysgod),13,6,5.4,5.4,1987.1,1996.3,1990.9,1992.6,135.4,246.5,161.8,150.2,7.0,38.3,59.8,41.9,26.0,91.5,75.6,62.4,6.6,2.1,4.4,492.4,160.4,332.0,501.8,163.5,338.4
Findochty,13,11,8.8,7.3,1999.5,2000.9,2006.8,2007.2,218.4,332.7,324.0,356.5,39.0,49.6,47.8,47.8,14.0,20.4,15.4,14.8,6.0,3.9,2.1,447.9,290.2,157.7,456.5,295.7,160.7
Ventnor,13,11,98.4,143.8,2005.0,2004.3,2011.0,2010.3,65.3,162.7,123.7,156.9,18.0,27.8,44.9,51.7,30.0,29.1,35.0,37.5,12.3,6.7,5.7,935.1,501.2,433.9,953.0,510.8,442.2
Lymington,13,4,33.4,4.6,2006.8,2007.2,2007.9,2008.0,647.7,1268.4,1502.4,1530.0,121.0,133.4,720.1,718.3,71.0,104.5,433.9,436.0,34.0,19.1,15.0,2556.4,1432.2,1124.3,2605.5,1459.7,1145.8
Renfrew,12,9,5.7,5.3,2004.9,2007.3,2009.7,2010.4,393.9,377.3,290.1,215.7,78.5,85.9,85.2,68.5,6.0,43.5,21.7,26.8,6.0,5.6,0.4,447.1,420.2,26.9,455.7,428.3,27.4
Annalong,12,8,18.8,8.1,2000.0,2000.0,2008.3,2004.8,149.1,227.1,313.9,193.2,26.5,28.9,22.6,26.9,23.0,35.0,19.5,17.0,5.2,2.7,2.6,400.9,205.1,195.9,408.6,209.0,199.6
Kettletoft,12,10,16.4,14.3,2006.8,2006.4,2005.5,2005.5,275.7,368.2,331.4,317.2,36.0,54.4,106.5,100.5,19.5,37.6,39.8,45.3,8.2,5.9,2.3,617.2,441.9,175.2,629.0,450.4,178.6
"Backaland, Eday",12,4,2.6,2.8,1996.8,1991.2,1998.6,2000.6,199.4,177.3,397.3,415.1,30.0,32.9,92.4,107.2,13.0,27.9,30.6,27.7,4.4,3.1,1.3,328.8,229.9,98.9,335.1,234.3,100.8
Lochranza,12,7,6.8,2.1,2004.2,2002.4,2007.6,2006.3,308.4,806.6,422.2,374.5,28.0,202.7,294.2,197.0,25.0,77.7,112.1,82.5,10.1,6.5,3.6,759.4,488.6,270.8,773.9,497.9,276.0
Saint Catherine'S Point,12,12,40.2,58.1,1997.4,1997.4,2007.3,2007.1,117.7,174.6,92.5,97.2,31.5,32.0,30.3,32.1,27.0,113.8,366.2,436.1,53.4,6.1,47.2,4017.8,459.8,3558.1,4095.0,468.6,3626.4
Lamlash Harbor,12,11,4.8,6.7,1995.3,1995.2,2000.8,2000.7,135.9,131.3,69.2,62.4,19.5,21.2,15.9,12.8,13.0,49.2,125.0,161.0,5.4,2.0,3.5,411.2,147.9,263.3,419.1,150.7,268.4
Johnshaven,12,10,21.6,16.2,2007.0,2006.6,2010.7,2009.4,268.7,290.7,342.4,343.8,60.0,52.4,93.0,90.4,23.5,42.6,69.8,59.9,9.6,8.4,1.3,723.1,627.7,95.4,737.0,639.7,97.2
Ferrybridge,12,8,1.1,1.1,1995.3,1994.1,1989.5,1990.0,127.7,271.8,145.7,175.6,23.5,38.6,63.5,77.4,4.0,17.4,27.0,32.7,1.5,1.2,0.3,111.3,88.5,22.8,113.4,90.2,23.2
Kinghorn,11,10,13.0,12.8,2009.2,2008.8,2010.6,2010.1,115.2,198.8,163.8,165.5,27.0,51.3,43.5,43.1,21.0,23.4,16.6,13.8,9.5,7.4,2.1,712.0,557.4,154.6,725.6,568.1,157.6
Wisbech,11,5,2.8,4.1,1989.1,1987.6,1988.8,1988.7,166.2,185.6,162.2,162.5,23.0,32.8,28.9,28.9,23.0,34.9,34.5,34.5,1.3,1.0,0.2,97.0,78.3,18.7,98.9,79.8,19.1
Arinagour,11,5,49.2,6.9,1995.0,1995.0,1995.0,1995.0,846.2,488.6,973.0,899.4,26.0,26.2,28.7,30.1,73.0,72.2,102.2,101.5,20.6,8.2,12.4,1548.7,618.2,930.5,1578.4,630.1,948.3
"Point, Island Of Lismore",11,5,2.7,1.1,1999.4,1995.6,1994.7,2001.2,174.1,229.7,240.6,185.4,21.0,29.8,31.0,28.3,11.0,41.0,33.1,36.8,2.9,1.8,1.1,219.4,138.6,80.8,223.6,141.2,82.3
St.Ives,11,6,12.7,9.5,1993.9,1995.5,2000.8,2005.2,263.4,445.0,315.3,412.1,35.0,71.9,105.5,118.2,17.0,38.3,79.5,72.0,5.8,4.0,1.8,438.5,300.6,137.9,447.0,306.4,140.6
Holm,11,3,3.7,4.2,2002.3,2002.7,2003.5,2003.3,373.2,461.0,524.5,501.1,52.0,44.3,61.7,61.8,7.0,21.0,35.4,31.7,4.2,3.5,0.7,318.3,266.3,52.0,324.4,271.4,53.0
Tayvallich,11,5,16.5,3.8,1984.8,1988.8,1985.7,1987.3,276.6,307.0,463.5,331.0,14.0,45.8,30.0,30.4,17.0,20.7,62.4,59.2,9.5,4.0,5.5,716.0,303.3,412.7,729.7,309.1,420.7
Back,11,6,8.6,8.6,2004.1,2002.5,2006.8,2006.7,559.7,442.5,625.8,606.0,73.0,109.8,83.5,84.1,33.0,115.1,52.9,52.7,7.0,4.6,2.4,524.8,342.6,182.1,534.8,349.2,185.6
River Dart,11,8,4.7,2.6,1987.5,1986.9,1996.4,2000.2,116.8,122.6,159.6,119.6,22.0,20.7,38.3,25.8,10.0,22.6,11.7,22.0,2.8,1.7,1.1,211.2,130.9,80.2,215.2,133.4,81.8
Largs,10,8,23.2,5.1,1984.8,1992.1,2007.0,2007.6,439.2,3955.2,2618.8,2808.2,35.5,560.4,2192.3,2365.3,23.0,775.6,2212.6,1927.6,48.9,23.6,25.3,3675.2,1773.8,1901.4,3745.7,1807.8,1937.9
Howdendyke,10,7,2.9,4.2,2000.0,2002.6,2004.3,2004.2,146.3,186.7,172.8,167.8,18.0,22.6,26.5,26.0,33.0,46.6,47.7,47.3,1.1,0.8,0.4,83.4,57.1,26.3,85.0,58.1,26.9
Porthleven,10,10,34.6,50.1,2001.3,2001.3,2004.3,2003.5,203.1,319.4,213.8,202.6,65.0,100.7,145.3,146.5,26.5,35.4,31.0,31.8,20.0,16.3,3.7,1537.2,1250.1,287.1,1566.7,1274.1,292.6
Sumburgh,10,10,27.6,45.8,1997.7,1997.7,2001.6,2001.6,385.5,398.2,364.9,411.8,49.5,116.0,47.2,45.1,9.5,35.1,19.8,19.0,5.8,4.6,1.2,435.4,348.5,86.9,443.8,355.2,88.6
Rudh Re - Red Point,10,7,2.0,2.4,1993.9,1995.9,1997.7,1996.2,191.6,209.2,209.2,212.4,26.5,33.0,29.8,28.4,25.0,60.6,143.3,150.6,2.8,1.6,1.2,209.4,122.9,86.5,213.4,125.3,88.1
Loch Ryan Pt,10,6,4856.7,955.8,2002.8,2004.0,2001.0,2001.0,3409.1,9450.4,25348.0,23374.5,350.5,976.8,5184.9,5168.3,12.5,33.8,1.8,1.9,1087.0,1084.6,2.4,83508.9,83327.6,181.3,85112.2,84927.5,184.8
Sandness,10,10,10.2,7.5,2006.5,2006.5,2008.7,2009.1,374.2,483.6,404.9,368.2,43.5,123.4,222.6,185.7,25.5,34.3,37.2,30.8,7.7,6.8,0.8,574.6,512.5,62.1,585.7,522.4,63.3
Groomsport,10,8,9.1,12.2,2002.1,2001.4,2004.0,2004.1,312.1,323.0,258.4,253.2,21.0,24.4,31.9,32.7,70.5,54.4,59.5,57.2,5.6,2.8,2.8,420.3,211.3,209.0,428.4,215.4,213.0
Rostrevor,10,7,18.0,14.6,2005.5,2005.7,2008.8,2006.0,589.4,559.6,509.7,491.5,52.5,56.1,97.3,127.7,45.5,44.8,74.3,77.3,7.4,4.9,2.5,557.4,367.8,189.7,568.1,374.8,193.3
Mostyn,10,10,8.0,8.8,2002.6,2002.6,2000.5,1997.7,143.6,269.6,155.7,197.3,51.0,68.5,96.1,117.9,26.0,41.6,28.5,26.9,4.8,3.8,1.0,357.7,284.8,72.9,364.5,290.3,74.3
Hougharry And Loch Eport,10,6,4.5,2.0,1976.8,1980.0,1989.7,1987.2,297.9,994.2,392.6,368.9,41.0,244.3,179.3,219.5,19.0,37.0,61.2,56.4,8.7,6.1,2.7,654.2,454.6,199.5,666.7,463.3,203.4
Portmahomack Harbor,10,9,25.4,14.4,1987.2,1989.0,2006.0,2005.9,343.1,631.1,931.2,682.1,27.0,75.1,302.6,279.7,20.0,90.5,48.9,61.2,12.3,8.8,3.5,924.1,659.4,264.7,941.8,672.0,269.8
Laxo,10,6,10.0,9.8,1999.8,2002.0,2010.4,2009.6,365.0,1249.1,1377.9,1340.6,40.0,187.8,702.9,666.8,20.5,90.8,32.4,34.9,6.9,5.7,1.3,520.7,424.9,95.8,530.7,433.1,97.6
Neath,10,4,1.9,2.8,1988.0,1991.0,1991.8,1991.7,111.4,164.1,150.4,149.6,61.0,36.8,47.2,47.6,34.0,17.0,26.8,27.1,2.5,1.8,0.7,186.7,136.5,50.1,190.2,139.2,51.1
Pembrey,10,7,19.9,17.5,1994.0,2000.9,2001.1,1997.9,88.7,142.9,119.1,183.6,22.5,20.9,44.2,64.1,18.0,36.7,36.0,43.5,5.8,3.9,1.8,437.2,297.7,139.5,445.6,303.5,142.1
Hamars Ness,9,4,11.1,7.4,1995.3,1995.5,1994.7,1998.1,696.9,3460.2,1331.4,896.0,69.0,533.9,1228.3,867.6,18.0,71.6,22.7,19.8,17.5,16.6,0.9,1313.9,1247.8,66.1,1339.1,1271.8,67.3
"Rhubodach, Isle Of Bute",9,3,1.6,0.7,2000.3,1999.0,2001.5,1999.7,201.7,328.3,274.4,203.3,19.0,71.3,48.3,44.4,16.0,26.0,43.6,48.6,2.4,1.6,0.8,179.9,116.4,63.5,183.3,118.6,64.7
"Easdale, Seil",9,9,1.0,0.8,1981.1,1981.1,1984.6,1987.6,260.5,254.8,169.3,165.6,40.0,61.9,55.2,58.2,10.0,17.4,12.9,12.9,2.4,1.9,0.5,178.7,141.5,37.2,182.1,144.2,37.9
Hopeman,9,9,5.0,5.2,2001.7,2001.7,2002.4,2003.3,136.2,193.6,144.0,169.5,18.0,29.2,45.1,46.5,22.0,77.9,101.2,87.4,3.2,2.0,1.2,238.8,147.4,91.4,243.4,150.2,93.2
Portpatrick,9,6,5.1,5.3,1987.8,1990.2,1989.6,1991.1,456.4,365.9,321.7,282.3,18.0,44.5,17.8,16.5,21.0,30.8,110.5,101.7,2.7,1.1,1.6,205.3,84.6,120.7,209.3,86.3,123.0
Great Wakering,9,6,8.1,13.2,2003.9,2004.5,2004.5,2004.4,231.9,166.0,208.1,224.7,23.0,21.9,23.5,23.6,2.0,39.9,3.0,1.1,3.3,2.7,0.6,251.3,202.5,48.8,256.1,206.4,49.7
Sandown,9,6,32.4,43.8,1990.9,1995.3,2011.3,2012.9,96.4,315.6,208.0,247.8,33.0,451.6,1601.5,1771.5,16.0,185.3,477.4,526.2,20.4,13.5,6.9,1538.9,1016.8,522.1,1568.4,1036.3,532.1
Eisken,9,7,17.7,15.5,1991.4,1989.6,1998.4,2002.7,1284.3,2139.6,618.6,447.6,195.0,303.9,208.2,132.1,7.0,103.9,126.3,194.9,11.4,9.8,1.7,860.3,734.8,125.5,876.8,748.9,127.9
Granton,9,1,24.5,18.5,2014.0,2014.0,2014.0,2014.0,203.6,203.6,443.0,443.0,139.0,139.0,580.4,580.4,8.0,8.0,102.5,102.5,7.9,6.5,1.3,590.1,491.0,99.2,601.4,500.4,101.1
Yapton,9,8,36.1,22.8,2010.1,2009.5,2012.0,2013.1,50.0,51.3,52.2,51.7,10.0,10.5,12.1,13.1,17.0,22.8,23.0,26.5,4.1,2.0,2.1,313.7,153.7,160.0,319.7,156.7,163.0
Portskerra,9,5,13.5,15.5,2008.4,2006.0,2013.1,2012.7,174.3,372.2,154.8,120.5,14.0,62.6,95.0,78.7,11.0,104.4,149.2,138.0,5.3,3.4,1.9,397.0,252.4,144.6,404.6,257.2,147.4
Bryher,9,4,2.3,1.0,1988.0,1995.5,1994.0,1986.0,819.0,614.6,385.2,544.6,37.0,47.0,78.3,84.9,360.0,204.4,333.1,557.4,11.1,1.8,9.3,833.0,135.1,698.0,849.0,137.7,711.4
Eyemouth,9,9,6.0,9.4,1985.4,1985.4,2006.9,2006.5,114.1,125.3,69.3,65.7,20.0,24.2,24.5,21.7,48.0,125.1,32.4,28.6,5.0,1.0,3.9,373.7,78.3,295.5,380.9,79.8,301.1
Aith,9,9,1.8,1.2,2001.8,2001.8,2010.6,2008.6,173.7,382.5,425.2,335.7,26.0,78.7,349.7,272.5,15.0,66.7,22.2,23.5,3.1,2.1,1.0,230.6,154.1,76.5,235.1,157.1,78.0
Crosskirk,9,6,5.0,2.7,2001.2,1996.8,2000.3,1993.8,249.4,813.5,267.3,276.3,37.0,146.5,134.4,223.9,36.0,117.5,119.8,188.5,5.4,3.0,2.4,408.8,226.8,182.0,416.7,231.2,185.5
Sandwich,9,7,7.4,9.3,1999.1,2001.7,2004.1,2004.5,71.7,184.5,187.6,183.1,10.0,16.4,31.7,30.8,15.0,20.7,23.1,20.2,3.0,2.4,0.6,222.9,178.2,44.7,227.2,181.6,45.5
Hythe,9,8,8.7,12.9,2001.3,2003.8,2007.4,2007.4,189.2,288.4,275.4,309.5,28.0,37.8,57.0,57.0,10.0,14.7,10.8,10.4,2.8,2.5,0.3,209.7,184.9,24.9,213.8,188.4,25.3
"Elgol, Isle Of Skye",9,3,1.4,1.2,1969.4,1976.3,1967.9,1966.7,187.6,185.5,198.2,193.5,14.0,13.7,15.4,18.5,9.0,11.3,10.3,10.5,0.9,0.6,0.3,66.3,44.2,22.1,67.6,45.0,22.5
Burray,9,9,13.9,15.0,2000.3,2000.3,2008.5,2010.3,313.5,507.4,525.8,621.4,48.0,62.4,52.6,51.4,102.0,206.8,717.7,769.7,9.3,2.9,6.4,699.0,217.9,481.0,712.4,222.1,490.3
Stonehaven,9,8,8.9,4.8,2003.1,2003.5,2008.3,2008.5,159.2,286.9,221.9,188.3,22.0,57.4,48.5,48.1,56.0,94.2,68.4,73.1,5.8,4.2,1.5,432.8,317.5,115.3,441.1,323.6,117.5
Barra,8,6,7.6,2.5,2001.0,2002.3,1993.1,1999.8,117.5,190.2,1016.5,516.0,40.0,50.5,3230.0,2931.4,10.0,10.5,11.0,13.8,20.9,20.4,0.4,1568.5,1535.2,33.2,1598.6,1564.7,33.9
Beer,8,8,27.0,17.0,1996.1,1996.1,2001.9,2001.5,322.9,478.1,351.9,367.3,69.5,88.2,41.5,57.6,71.5,127.0,136.8,164.0,5.6,3.2,2.4,417.6,237.7,179.9,425.6,242.3,183.3
Eigg,8,3,3.8,0.7,1995.1,1987.0,2001.6,2003.2,399.8,397.2,466.3,491.0,44.5,56.2,72.0,81.8,11.0,13.3,16.7,18.8,3.8,3.4,0.4,281.6,255.1,26.5,287.1,260.0,27.1
Whinnyfold,8,5,3.5,4.3,2007.4,2002.8,2000.1,1998.4,90.4,668.7,210.2,338.9,33.0,52.1,64.8,69.9,9.5,32.4,25.8,23.7,3.6,2.1,1.6,273.5,154.5,119.0,278.8,157.5,121.3
Largo,8,7,4.2,3.5,2003.5,2002.9,1998.8,1994.2,130.7,264.9,190.1,202.6,69.5,75.4,112.5,116.5,48.5,90.6,64.1,53.6,3.8,2.2,1.6,283.4,164.9,118.4,288.8,168.1,120.7
Scarfskerry,8,6,11.7,6.9,1996.8,1994.7,1995.8,2003.1,442.9,459.8,438.3,442.4,42.5,74.0,106.1,127.9,10.0,9.7,10.2,11.5,5.9,4.9,1.0,441.3,364.9,76.4,449.8,371.9,77.9
Aldersgate,8,6,9.6,2.6,1978.2,1984.7,1987.5,1978.7,185.5,368.9,316.8,470.1,28.0,67.6,73.0,263.4,30.5,55.9,18.1,41.2,5.3,4.2,1.1,397.4,318.0,79.4,405.0,324.1,81.0
Collafirth,8,7,113.7,200.9,2004.8,2004.9,2009.3,2009.4,547.0,543.2,574.4,579.9,39.5,50.1,73.3,74.1,32.5,77.7,32.2,31.2,16.5,8.5,8.0,1252.0,648.5,603.5,1276.1,661.0,615.1
Keiss,8,6,18.2,13.4,1997.0,2000.5,2006.4,2006.2,340.8,430.7,572.0,651.5,80.0,84.1,102.6,101.0,53.5,97.6,222.8,237.4,9.4,4.9,4.5,706.2,370.1,336.1,719.8,377.2,342.5
Worthing,8,8,16.7,7.6,1998.4,1998.4,2003.7,2000.5,70.8,199.8,63.3,63.9,18.0,23.8,16.8,21.2,16.0,29.6,16.1,19.1,2.5,1.4,1.1,188.2,102.9,85.4,191.9,104.8,87.0
Moaness,8,4,4.8,1.9,1999.8,1998.0,1999.4,1999.6,442.9,841.8,374.4,345.3,95.0,108.5,222.4,205.2,8.5,43.5,169.8,154.5,6.7,5.1,1.6,502.6,384.7,117.9,512.3,392.1,120.2
Gairloch,8,4,1.6,0.8,1992.0,1987.0,1973.7,1987.9,177.4,266.4,317.6,207.8,25.0,23.1,29.3,26.4,18.0,17.2,18.7,19.3,1.5,1.1,0.4,112.2,80.9,31.2,114.3,82.5,31.8
Rhos-On-Sea,8,8,4.7,4.3,1996.6,1996.6,1996.7,1999.8,236.7,369.5,282.7,263.6,23.5,39.5,70.8,76.8,40.5,42.8,54.9,70.2,3.0,1.8,1.2,226.7,138.7,88.0,231.1,141.4,89.7
Dunure,8,8,103.1,195.3,2002.6,2002.6,2006.4,2006.4,224.8,357.1,404.4,413.4,23.0,36.0,55.1,55.3,26.0,42.8,108.4,109.4,13.4,4.1,9.3,1017.7,316.5,701.2,1037.2,322.6,714.6
Gorran Haven,8,6,11.8,15.4,1990.8,1994.7,1999.1,2001.1,991.8,888.8,484.7,446.3,67.0,141.8,210.2,230.8,45.0,89.5,74.0,41.1,7.3,3.7,3.6,548.9,280.6,268.3,559.5,286.0,273.5
"Fionnphort, Isle Of Mull",8,7,2.5,0.9,1967.8,1968.3,1978.6,1984.9,203.3,207.8,184.8,225.1,16.5,21.0,22.2,25.9,20.5,31.8,31.4,30.7,3.1,1.3,1.8,235.7,100.0,135.7,240.2,101.9,138.3
Grovehurst Jetty/Sittingbourne,8,7,4.5,5.7,2007.8,2007.9,2008.2,2008.1,202.5,275.4,231.3,207.2,22.0,27.2,34.3,30.1,43.5,40.6,31.8,35.9,3.1,2.8,0.4,235.7,208.2,27.4,240.2,212.2,28.0
Achnacroish,8,3,1.2,0.9,2001.4,2002.0,2002.0,2001.3,180.8,305.7,273.4,199.5,39.0,49.0,89.2,85.7,6.5,11.3,15.1,10.4,1.8,1.5,0.3,134.5,115.5,19.0,137.1,117.7,19.4
Trearddur,8,7,8.0,7.8,1995.0,1996.9,1996.5,1999.8,289.2,337.6,322.4,317.9,23.5,31.3,43.8,31.5,20.5,38.4,38.3,47.8,3.4,2.7,0.7,253.0,202.2,50.8,257.9,206.1,51.8
Kimmeridge,8,8,7.2,7.4,2003.5,2003.5,2008.5,2008.9,188.8,204.7,258.7,292.2,26.5,30.4,51.1,60.9,10.0,73.5,75.9,79.8,3.9,2.2,1.7,294.2,166.0,128.2,299.8,169.2,130.6
Hope Cove,8,8,8.1,9.0,2000.1,2000.1,2006.8,2007.1,363.4,554.8,434.5,385.6,66.5,63.1,65.0,63.1,23.5,58.5,35.7,30.3,4.8,3.1,1.7,361.6,235.3,126.3,368.5,239.8,128.7
Saint Abbs,7,6,12.6,21.9,2005.3,2006.5,2008.6,2008.9,72.2,130.2,161.5,173.4,22.0,29.6,75.4,77.6,16.0,28.7,42.3,42.6,4.5,1.5,3.0,337.7,110.4,227.3,344.2,112.5,231.7
Shetland,7,7,2.3,1.4,1996.6,1996.6,2004.9,2004.0,187.3,302.9,137.8,173.6,54.0,61.0,37.6,51.3,5.0,11.3,11.1,8.7,1.8,1.6,0.2,133.4,121.3,12.0,135.9,123.7,12.2
Maidens,7,7,24.3,44.7,1998.3,1998.3,2010.0,2010.7,148.5,234.2,250.8,251.6,14.0,29.6,38.2,36.9,29.0,142.3,177.8,158.7,17.5,2.7,14.8,1347.1,204.5,1142.6,1373.0,208.4,1164.6
North Roe To Hillswick,7,7,143.1,258.8,2007.3,2007.3,2008.8,2009.0,315.0,419.9,430.2,429.2,37.0,42.4,54.4,54.0,87.0,96.7,167.4,168.9,59.4,9.5,49.9,4485.2,719.7,3765.5,4571.3,733.5,3837.8
Avoch,7,4,7.1,11.2,2000.1,2002.5,2000.3,1999.9,400.1,352.2,394.9,408.0,42.0,38.6,43.5,43.9,23.0,25.6,24.1,24.1,3.1,2.2,0.9,234.8,168.6,66.2,239.3,171.8,67.5
Anstruther,7,7,3.5,2.0,2007.1,2007.1,2009.9,2013.1,72.8,180.5,88.6,58.4,34.0,41.0,34.8,29.0,28.0,56.9,44.0,33.6,2.2,1.0,1.2,163.4,74.3,89.1,166.6,75.8,90.8
Achiltibuie,7,3,2.1,1.9,2005.7,2006.0,2008.7,2008.5,145.8,182.2,178.1,204.2,23.0,48.0,93.0,95.0,6.0,10.7,15.4,14.5,1.2,1.0,0.1,87.6,77.9,9.8,89.3,79.4,10.0
Hemsby,7,6,5.2,6.4,2002.1,2000.5,2004.3,2006.3,103.8,315.9,188.1,195.0,13.0,48.9,127.2,132.4,14.0,35.6,13.6,10.8,3.3,2.9,0.4,246.7,214.6,32.1,251.4,218.7,32.7
Dalgety Bay,7,5,18.2,24.0,2009.9,2008.6,2007.6,2007.3,207.5,368.4,446.6,487.1,12.0,38.0,96.1,101.7,5.0,4.8,2.3,1.9,5.3,4.5,0.8,397.8,339.7,58.1,405.5,346.2,59.2
Ardrishaig,7,2,1.0,1.0,1983.4,1994.5,1980.7,1981.9,73.2,215.2,94.7,97.6,27.0,26.5,31.0,31.1,25.0,22.2,29.0,28.4,0.8,0.5,0.3,56.7,35.9,20.8,57.8,36.5,21.2
Polruan,7,4,6.8,1.6,2001.3,1998.5,2002.6,2001.6,289.7,458.3,508.1,509.8,49.0,73.9,116.3,119.0,10.0,23.8,5.8,7.3,3.5,3.3,0.2,262.5,249.1,13.4,267.5,253.9,13.6
Chideock,7,6,25.7,12.9,1994.4,1996.5,2001.9,2004.7,280.7,431.5,430.6,534.5,46.0,63.2,76.4,90.0,40.0,481.6,740.7,1038.6,5.7,3.3,2.5,430.2,245.9,184.2,438.4,250.6,187.8
Glenuig,7,5,0.9,0.3,1980.6,1973.4,1973.2,1957.2,217.6,290.2,184.7,192.7,21.0,26.5,22.8,36.6,25.0,42.3,33.8,47.4,3.0,0.9,2.1,225.2,65.0,160.2,229.5,66.3,163.3
Cawsand,7,7,1.5,1.5,1990.0,1990.0,1992.7,1991.8,141.6,164.5,77.9,73.3,19.0,29.0,20.6,19.6,24.0,64.9,24.9,23.1,1.7,0.7,1.0,125.2,50.2,75.1,127.6,51.1,76.5
"Sconser, Isle Of Skye",7,5,8.0,1.7,1982.3,1983.0,1988.5,1985.5,198.7,567.6,991.3,413.4,24.0,34.1,54.6,45.0,9.0,22.9,70.4,49.3,5.7,2.7,3.0,429.3,201.1,228.2,437.6,205.0,232.6
Culkein/Drumbeg,7,5,2.5,2.3,2001.7,1998.4,2005.6,2003.9,286.4,288.6,282.5,282.9,50.0,61.0,48.1,46.5,13.0,43.4,41.7,38.9,2.2,1.7,0.5,164.3,126.1,38.2,167.5,128.6,38.9
Burry Port,7,2,5.3,7.6,1982.0,1992.0,1982.3,1983.3,489.8,257.3,103.2,88.0,96.0,77.8,138.3,133.3,8.0,7.0,9.7,9.4,4.2,4.0,0.3,316.6,297.1,19.5,322.7,302.8,19.9
Loch Buie (Mull),7,6,0.7,0.5,1995.3,1991.7,1984.8,1981.5,156.4,171.7,130.6,181.3,24.0,28.4,27.8,34.0,12.0,18.2,28.4,33.0,0.7,0.6,0.1,53.4,42.2,11.2,54.4,43.0,11.4
Portavogie,7,7,4.1,4.1,1996.7,1996.7,2001.2,2003.9,166.1,442.0,143.2,127.7,26.0,116.9,128.2,64.5,19.0,78.3,247.9,258.9,4.1,2.8,1.3,305.5,209.7,95.9,311.4,213.7,97.7
Sandhaven And Pitullie,6,5,8.1,8.9,2009.8,2009.2,2008.1,2007.5,253.6,430.5,338.7,393.0,20.0,27.7,30.7,29.7,48.5,65.6,87.5,94.6,3.4,1.9,1.6,258.1,139.2,119.0,263.1,141.8,121.3
Carbost,6,6,4.1,1.9,1990.0,1990.0,1988.7,1989.9,640.2,672.3,750.0,639.4,43.0,52.5,47.9,51.1,22.5,40.3,25.3,58.7,4.4,2.8,1.6,333.5,211.2,122.3,339.9,215.3,124.6
Morston,6,6,1.9,2.4,2010.0,2010.0,2012.4,2012.8,111.0,164.0,145.0,160.0,33.0,27.7,32.1,31.5,20.0,19.5,19.4,20.7,1.0,0.8,0.2,73.1,61.0,12.1,74.5,62.2,12.3
Dartmouth,6,5,6.2,1.2,1982.8,1986.6,1980.9,1981.2,145.0,867.7,229.1,282.1,18.5,143.7,98.8,205.2,10.5,21.9,10.0,17.3,4.8,4.1,0.8,362.5,305.9,56.5,369.5,311.8,57.6
Cape Cornwall,6,6,14.3,15.5,2003.2,2003.2,2006.9,2006.7,488.7,528.0,558.1,541.1,52.5,50.3,57.4,56.1,12.5,14.0,14.9,15.3,5.2,4.5,0.6,391.8,345.2,46.6,399.3,351.8,47.4
Aber Soch (Abersoch),6,6,4.4,4.6,2000.5,2000.5,1998.1,2002.7,184.3,228.9,173.6,149.0,19.0,19.3,21.8,16.9,16.5,22.8,29.1,26.2,2.0,1.3,0.7,149.3,96.2,53.1,152.1,98.0,54.1
"Rapness, Westray",6,6,12.7,8.3,1997.7,1997.7,2009.3,2008.5,230.7,309.2,516.5,483.2,44.5,94.8,149.5,162.4,36.0,139.0,398.9,376.6,7.4,5.2,2.3,556.5,386.8,169.8,567.2,394.2,173.1
Arisaig,6,5,0.8,1.2,1970.8,1964.8,1992.9,1994.7,302.3,385.7,405.0,499.2,28.0,39.6,74.5,78.4,8.0,9.3,9.7,9.6,1.9,1.5,0.3,139.2,114.9,24.3,141.9,117.1,24.7
Ness,6,3,5.5,4.2,2003.2,2000.3,1998.8,2002.1,414.7,387.2,394.3,437.3,36.5,36.2,51.6,51.8,37.0,30.3,42.2,53.8,2.8,1.8,1.0,210.3,137.8,72.5,214.4,140.5,73.9
Denton,6,5,1.8,2.8,1994.0,1994.6,1995.9,1995.8,168.6,187.8,185.6,187.4,27.5,32.8,37.2,37.8,26.5,30.9,31.8,30.9,0.7,0.5,0.1,49.1,39.8,9.3,50.0,40.6,9.4
Boulmer,6,6,12.9,13.9,2001.7,2001.7,2004.0,2003.0,612.9,815.8,802.7,776.0,25.0,47.0,76.2,60.8,40.0,177.8,186.1,243.2,6.4,2.8,3.5,477.1,210.6,266.5,486.3,214.6,271.6
Falmouth,6,2,0.2,0.1,1966.5,1971.5,1970.8,1969.6,192.9,270.4,231.7,221.1,45.0,102.0,118.4,110.1,24.0,48.5,136.9,145.3,2.0,0.9,1.0,148.8,70.5,78.3,151.7,71.9,79.8
"Cuan Ferry, Seil",6,5,1.6,0.8,1975.5,1970.0,1977.3,1987.8,376.8,354.0,321.9,279.4,47.5,48.2,41.6,44.3,15.0,16.2,14.5,21.1,2.3,1.5,0.8,175.6,112.8,62.8,178.9,115.0,64.0
Levenwick,6,6,2.5,2.7,2002.5,2002.5,2003.5,2003.2,300.9,388.9,318.3,360.7,41.0,36.3,31.5,31.3,31.0,41.2,53.4,60.3,2.0,1.1,0.8,148.4,86.2,62.2,151.3,87.9,63.4
Newbiggin By The Sea,6,3,3.3,1.8,1994.3,2001.7,2008.9,2010.1,318.6,293.0,247.4,240.4,203.5,202.8,341.3,342.8,55.0,151.7,357.6,357.1,5.6,2.9,2.7,422.1,216.7,205.4,430.2,220.8,209.4
Fraserburgh Harbor,6,6,7.9,6.9,2010.7,2010.7,2010.3,2009.1,394.7,363.9,382.1,399.7,38.5,75.3,86.0,77.3,38.0,68.8,112.7,95.5,2.8,1.7,1.1,207.5,126.0,81.4,211.5,128.4,83.0
Elie,6,6,1.8,1.2,1997.5,1997.5,1992.7,1991.3,58.8,112.4,110.5,108.3,22.0,43.8,64.2,64.3,10.5,15.8,19.5,21.7,1.4,1.2,0.2,103.1,89.3,13.8,105.1,91.0,14.1
Charlestown,6,6,15.8,20.5,2003.3,2003.3,2004.0,2004.2,426.1,418.5,419.2,409.5,31.0,30.5,32.5,32.7,14.0,36.8,48.3,46.3,5.6,4.2,1.4,417.5,314.7,102.8,425.5,320.7,104.8
Coleraine,6,6,2.1,2.8,1989.3,1989.3,1990.3,1991.2,196.9,250.5,253.6,236.5,23.5,30.2,42.9,39.7,23.5,22.2,24.2,24.6,0.8,0.6,0.1,56.8,45.7,11.1,57.9,46.6,11.3
St Margaret'S Hope,6,4,14.8,2.5,2005.7,2003.8,2007.7,2005.6,225.4,887.7,2479.7,1229.8,52.0,163.6,871.8,786.7,84.0,93.4,77.6,82.2,13.8,11.6,2.2,1039.1,874.2,164.9,1059.1,891.0,168.0
Feolin Ferry,6,3,9.5,3.0,1979.3,1979.3,1984.7,1984.1,503.9,638.9,1015.8,717.0,29.5,35.8,53.7,56.1,38.0,38.8,64.6,53.0,4.7,2.2,2.5,354.2,166.5,187.8,361.0,169.7,191.4
Egilsay,6,4,32.2,19.2,2000.8,1998.5,2010.4,2010.0,330.2,523.4,1120.7,1000.8,29.0,29.1,24.4,24.8,82.5,255.5,206.1,216.9,11.6,2.1,9.5,871.4,158.5,712.9,888.1,161.5,726.6
Latheronwheel,6,6,4.8,5.4,2006.8,2006.8,2007.1,2007.0,172.3,282.9,288.6,313.4,57.5,55.3,72.1,72.0,11.5,31.8,27.4,21.5,2.1,1.5,0.5,155.9,115.4,40.5,158.9,117.6,41.2
Auckengill,6,5,6.6,3.8,2003.5,2005.6,2002.6,2005.1,935.1,1148.3,487.8,359.8,167.5,203.0,391.5,359.9,29.5,150.3,272.8,325.0,9.3,6.8,2.5,701.7,513.8,188.0,715.2,523.6,191.6
Donaghadee,6,6,55.3,31.2,1987.7,1987.7,2016.3,2016.0,372.9,465.3,529.4,538.5,16.0,29.0,19.9,20.9,15.5,58.0,14.3,17.1,5.7,3.4,2.3,436.0,258.2,177.8,444.4,263.2,181.2
Appin,6,2,1.4,0.7,1998.8,1990.5,1998.2,1989.1,262.7,299.1,316.2,352.8,30.0,35.5,62.4,55.9,15.5,14.0,26.3,19.9,1.0,0.7,0.3,72.9,50.7,22.2,74.3,51.7,22.7
Mevagissey,6,6,3.2,1.9,2001.7,2001.7,2003.5,2003.7,111.3,196.7,222.7,145.6,31.5,53.8,83.6,53.4,10.5,24.2,10.4,20.4,1.7,1.4,0.3,126.3,105.9,20.4,128.7,107.9,20.8
Old Kilpatrick,6,6,3.3,3.5,1993.2,1993.2,1993.8,1997.3,227.6,285.9,497.1,575.9,57.5,114.0,104.4,116.5,40.0,60.5,31.9,28.2,2.5,1.8,0.7,185.3,132.6,52.7,188.9,135.2,53.7
Islandmagee,6,4,3.9,5.1,2006.2,2003.2,2008.6,2010.2,246.6,155.4,98.1,83.5,29.0,28.0,28.4,24.4,174.0,143.0,87.5,82.9,2.8,0.9,1.9,209.0,68.4,140.6,213.0,69.7,143.3
Skerray,6,6,16.9,7.1,1996.7,1996.7,2003.3,1993.4,365.4,355.2,360.1,416.7,35.5,45.3,46.4,62.0,8.5,21.3,15.4,31.4,3.9,3.4,0.5,292.8,258.3,34.5,298.4,263.3,35.1
John O'Groats,6,5,6.4,6.5,2000.0,2001.4,2001.3,2003.1,1256.7,1548.3,1025.0,974.8,118.0,134.8,124.2,98.5,27.0,25.4,20.4,17.8,7.5,6.6,0.8,560.2,498.9,61.3,570.9,508.5,62.4
Kirtomy,5,4,3.4,4.0,2004.4,2003.0,2001.7,1999.1,332.1,290.0,356.8,350.3,35.0,43.1,52.1,47.7,20.0,17.6,28.1,27.0,2.2,1.7,0.5,164.7,127.1,37.6,167.8,129.5,38.3
Hunterston,5,5,1.8,1.7,1995.2,1995.2,1990.2,1992.7,94.3,188.6,103.8,108.7,83.0,110.8,75.4,62.6,35.0,37.8,52.6,60.0,2.1,1.8,0.4,160.6,131.8,28.8,163.7,134.3,29.4
Newton Ferrers,5,4,2.5,1.6,1983.8,1984.5,1997.3,1996.6,871.2,632.7,687.5,521.1,48.0,58.5,77.8,72.3,77.0,175.2,163.9,145.2,4.1,1.6,2.5,308.4,120.2,188.2,314.3,122.5,191.8
Bridlington,5,5,0.8,0.6,2006.8,2006.8,2013.5,2016.3,229.5,233.3,226.5,230.8,50.0,49.2,78.3,86.6,40.0,84.0,53.8,42.7,1.5,0.7,0.8,110.8,50.4,60.4,113.0,51.4,61.5
Shanklin,5,4,11.1,13.3,2004.8,2003.8,2010.7,2008.6,83.0,72.9,47.5,46.5,18.0,30.1,15.3,16.0,45.0,53.8,41.4,43.2,11.6,2.5,9.1,886.8,185.9,700.9,903.8,189.5,714.4
Gills,5,4,13.9,8.6,2008.8,2007.5,2014.0,2014.6,285.4,363.9,345.6,350.1,22.0,18.8,14.0,12.7,26.0,299.8,762.8,835.1,7.1,1.6,5.5,533.5,118.9,414.6,543.7,121.2,422.6
Ardmaleish,5,5,2.7,2.4,1993.8,1993.8,1985.4,1984.9,472.0,1182.1,952.8,987.3,127.0,135.6,246.7,251.4,80.0,124.4,157.0,158.8,3.2,2.0,1.2,241.5,150.4,91.1,246.1,153.3,92.8
Burwick,5,5,3.1,2.4,2007.6,2007.6,2011.6,2011.4,129.8,197.0,273.3,263.8,22.0,25.8,26.3,23.2,19.0,37.0,73.3,76.9,2.5,1.0,1.5,191.3,75.2,116.1,195.0,76.7,118.3
Salthouse,5,5,1.0,1.0,1996.0,1996.0,1987.9,1986.0,105.8,155.9,78.5,82.4,17.0,25.4,37.1,33.3,19.0,28.2,22.7,24.0,0.9,0.7,0.2,69.7,54.9,14.8,71.0,56.0,15.1
Bunessan,5,5,1.3,1.7,1977.8,1977.8,1990.6,1992.1,175.6,233.3,301.1,322.3,17.0,24.2,41.4,42.2,20.0,23.4,25.1,24.6,0.8,0.6,0.2,58.0,44.9,13.1,59.1,45.8,13.3
Manchester Canal,5,4,3.0,4.3,1992.6,1996.2,1988.5,1990.0,266.0,244.0,264.3,252.4,31.0,91.5,279.5,258.0,3.0,7.8,10.4,11.2,2.0,2.0,0.0,151.7,148.1,3.6,154.6,150.9,3.7
Loch Scridain (Isle Mull),5,5,2.6,3.5,1967.2,1967.2,1992.9,1992.9,200.2,299.6,463.5,485.9,38.0,40.8,54.1,55.9,8.0,114.2,21.2,10.9,3.5,1.1,2.5,266.5,80.1,186.4,271.6,81.6,190.0
Shapinsay,5,4,5.0,1.0,1992.4,1987.8,1985.0,1990.4,188.8,308.7,140.2,68.0,12.0,21.2,22.0,20.4,18.0,14.8,6.2,10.1,2.3,1.9,0.4,172.2,139.1,33.1,175.5,141.7,33.7
Bowling,5,5,4.6,6.6,2002.8,2002.8,2006.2,2006.5,227.6,287.7,286.0,297.3,30.0,46.4,37.5,38.1,35.0,47.0,37.3,36.2,2.7,1.5,1.2,206.2,117.6,88.6,210.1,119.9,90.3
Hoswick,5,5,5.9,5.2,1999.8,1999.8,2008.2,2009.6,227.8,736.0,879.3,867.8,31.0,134.8,105.5,87.8,18.0,58.8,200.5,210.7,3.4,1.8,1.6,251.8,133.2,118.7,256.6,135.7,120.9
Seahouses,5,5,3.2,3.2,1999.4,1999.4,2004.6,2003.9,79.4,188.3,128.7,164.2,20.0,33.4,53.2,54.2,16.0,14.2,18.4,17.7,1.7,1.4,0.3,128.6,108.3,20.4,131.1,110.3,20.8
Ruan Minor,5,3,39.4,66.0,2014.4,2012.7,2016.2,2016.3,142.5,104.2,138.0,144.2,37.0,40.3,70.2,70.9,16.0,22.3,15.1,15.1,4.1,3.1,1.0,317.6,240.7,76.9,323.7,245.3,78.4
Cove (Leith),5,5,47.2,84.4,2008.6,2008.6,2008.6,2008.6,265.8,465.5,223.3,215.7,44.0,155.2,98.1,92.2,45.0,145.6,74.9,71.4,22.5,6.2,16.2,1688.2,469.0,1219.2,1720.6,478.0,1242.6
Wemyss Bay,5,4,104.8,22.0,2005.6,2005.2,2005.2,2005.3,1641.5,9425.4,4891.7,1194.3,373.0,2051.4,6228.6,5768.4,28.0,76.1,41.0,39.5,75.8,74.0,1.8,5691.1,5558.4,132.7,5800.4,5665.1,135.3
Ardentinny,5,5,50.4,86.5,2005.6,2005.6,2005.9,2006.0,205.8,738.5,644.7,656.4,105.0,147.8,73.4,71.8,101.0,92.8,29.8,26.0,9.3,5.8,3.5,703.2,443.3,259.8,716.7,451.8,264.8
Wyke Regis,5,4,10.5,4.7,2006.8,2007.8,2006.3,2005.7,143.3,524.5,174.6,208.1,18.0,42.0,45.4,55.0,64.0,73.9,41.7,46.4,2.6,1.3,1.4,199.2,97.0,102.1,203.0,98.9,104.1
Saint Peter Port,5,3,6.9,1.6,1998.2,1996.0,2002.6,2002.0,622.3,620.4,1037.0,898.6,143.0,125.3,99.9,107.5,54.0,69.5,138.9,129.8,3.0,2.3,0.7,226.1,171.9,54.2,230.5,175.2,55.3
Beadnell,5,4,6.5,4.4,2009.6,2008.8,2007.5,2008.8,104.7,468.0,350.6,215.3,28.0,46.4,63.9,51.4,88.0,114.1,153.5,112.3,4.9,2.2,2.7,366.8,163.5,203.4,373.9,166.6,207.3
Burton Bradstock,5,3,4.3,2.4,2005.0,2006.3,2011.8,2006.7,335.6,177.6,54.8,72.0,32.0,27.3,17.5,27.1,182.0,66.7,13.1,9.4,1.3,0.4,1.0,100.5,27.1,73.4,102.4,27.6,74.8
Nethy Bridge,5,4,2.4,0.7,1987.2,1982.0,2006.0,2001.4,367.5,392.2,359.5,325.5,40.0,39.8,39.7,40.0,13.0,23.2,16.2,18.6,2.3,1.7,0.6,173.9,126.5,47.3,177.2,128.9,48.2
Fortrose,5,2,3.4,5.2,1997.8,1999.0,1998.5,1998.2,104.8,305.4,250.1,234.8,8.0,35.0,65.4,65.9,6.0,27.5,34.2,32.2,1.9,1.4,0.5,139.8,102.1,37.7,142.5,104.0,38.5
Plockton,5,3,1.3,0.3,1973.0,1979.0,1966.2,1973.0,180.6,229.2,181.2,209.9,17.0,30.0,27.1,40.7,18.0,15.3,13.5,11.6,2.0,1.1,0.9,151.7,86.1,65.6,154.6,87.8,66.8
"Church Bay, Rathlin Island",5,4,10.2,2.1,1992.0,1993.0,1999.2,1999.8,173.0,719.6,490.9,571.4,32.0,118.2,286.8,306.0,6.0,8.8,17.0,17.8,3.8,3.6,0.3,286.0,266.9,19.1,291.5,272.0,19.5
Cumbraes,5,5,17.0,25.8,1991.6,1991.6,2004.5,2005.0,458.4,524.0,676.0,701.5,53.0,73.4,44.4,42.3,9.0,14.8,51.7,53.8,5.3,3.0,2.3,409.1,229.0,180.2,417.0,233.4,183.6
Porthgwarra,5,5,17.9,29.3,2006.8,2006.8,2014.5,2014.8,204.1,237.0,220.0,222.7,70.0,63.2,67.0,67.3,74.0,72.0,66.9,67.8,4.4,2.5,1.9,331.9,190.9,141.0,338.3,194.5,143.7
Freshwater East,5,5,4.4,4.7,2000.0,2000.0,1997.9,2002.6,147.7,189.1,134.9,111.3,63.0,55.4,57.5,56.9,19.0,19.8,18.7,19.4,4.0,2.8,1.2,300.9,207.5,93.5,306.7,211.4,95.3
Strathaird,5,3,1.0,1.4,1968.6,1970.3,1966.7,1966.5,233.3,288.1,408.7,449.0,20.0,22.0,34.3,35.2,9.0,12.7,51.1,53.0,0.8,0.4,0.4,62.1,29.6,32.5,63.3,30.2,33.1
"Kallin (Ceallan), Isle Of Grimsay",5,4,0.2,0.2,2004.8,2002.2,1997.1,1990.4,148.9,263.0,197.6,186.0,12.0,45.8,34.0,34.7,6.0,52.1,59.2,34.5,1.3,0.8,0.6,101.0,56.5,44.5,103.0,57.6,45.4
Cockwood,5,5,19.6,9.3,1998.8,1998.8,1994.2,1997.2,250.3,254.1,300.8,300.2,44.0,66.2,97.6,95.1,29.0,35.8,3.9,11.8,1.9,1.7,0.2,140.3,126.1,14.2,143.0,128.6,14.5
Tyddewi (St David'S),5,4,19.8,32.5,2002.8,2002.0,2008.5,2008.7,116.9,218.5,256.9,270.8,53.0,54.5,82.5,84.1,44.0,73.2,97.5,97.3,12.1,3.0,9.0,932.7,234.1,698.6,950.6,238.5,712.0
Holy Island,5,5,38.8,57.8,2004.4,2004.4,2008.0,2010.3,121.6,592.1,201.1,162.5,20.0,78.2,144.4,124.0,165.0,214.2,286.7,234.0,10.8,2.9,7.8,808.5,220.7,587.8,824.1,224.9,599.1
South Strome,4,3,1.9,1.2,2013.5,2012.7,2010.8,2014.4,130.9,233.3,195.1,136.1,24.5,32.8,42.1,28.4,38.0,39.0,45.1,50.2,0.8,0.4,0.4,60.0,33.4,26.6,61.1,34.0,27.1
Rosemarkie,4,4,6.0,9.3,2005.0,2005.0,2004.0,2003.6,613.6,476.6,506.2,520.3,48.5,45.2,59.9,58.7,36.0,35.5,28.6,29.8,2.2,1.7,0.5,164.9,130.8,34.1,168.1,133.3,34.8
Ceinewydd (New Quay),4,4,1.2,1.2,2004.5,2004.5,2006.0,2007.2,144.3,243.4,121.4,110.4,13.0,30.2,24.8,17.0,7.5,57.5,12.7,12.0,1.3,0.7,0.6,99.2,52.2,47.0,101.1,53.2,47.9
Red Bay,4,4,1.9,2.6,1986.2,1986.2,1995.5,1998.0,495.2,435.6,451.5,585.0,85.5,76.8,85.0,88.3,23.5,24.0,7.7,2.6,1.7,1.6,0.2,129.1,117.2,11.9,131.6,119.5,12.1
Ballantrae,4,4,1.3,1.2,1997.2,1997.2,1985.3,1984.7,56.4,559.9,120.9,110.7,7.5,37.5,76.9,78.0,9.5,41.2,84.1,84.8,0.9,0.5,0.3,66.5,40.3,26.3,67.8,41.0,26.8
Longhope,4,4,6.6,2.8,1997.2,1997.2,1998.1,1999.7,2381.2,2832.5,686.5,537.6,324.5,616.8,916.2,829.9,151.5,173.8,219.6,197.7,16.2,12.7,3.5,1216.5,951.3,265.2,1239.9,969.5,270.3
Ardfern,4,4,0.6,0.6,2011.5,2011.5,2015.2,2015.5,152.3,176.5,176.9,156.3,13.5,18.2,34.6,34.9,81.0,139.5,142.8,133.5,1.6,0.6,1.0,117.9,42.0,75.9,120.1,42.8,77.3
Thundersley,4,4,45.4,46.6,2010.5,2010.5,2009.8,2009.9,473.9,2832.8,614.5,555.6,93.0,283.2,381.7,319.3,30.5,34.8,27.1,29.6,26.1,24.0,2.2,1962.6,1799.8,162.8,2000.3,1834.3,166.0
Uyeasound,4,2,1.8,1.0,2002.0,2004.0,2006.3,2003.9,329.8,381.4,488.7,361.9,39.5,75.0,111.9,86.9,17.0,29.5,37.7,28.6,1.2,1.0,0.2,86.9,73.2,13.6,88.5,74.6,13.9
Ardglass,4,3,0.5,0.1,1988.2,1988.3,1989.4,1989.3,66.9,85.1,93.9,72.8,21.0,25.3,41.8,37.4,11.5,50.5,173.3,137.2,0.9,0.5,0.5,69.6,33.9,35.7,71.0,34.6,36.4
Cellardyke,4,3,7.4,1.6,2008.0,2008.7,2006.3,2006.8,174.7,607.8,774.2,549.1,49.0,66.8,151.2,139.3,36.5,40.7,39.0,40.2,4.3,3.5,0.8,322.3,260.9,61.4,328.5,265.9,62.6
Millport,4,4,14.1,19.5,2003.0,2003.0,2005.9,2005.9,478.8,440.0,391.2,389.0,31.5,38.2,29.9,29.7,7.5,6.5,8.4,8.4,3.3,2.5,0.8,252.5,190.9,61.6,257.3,194.5,62.8
Tingwall,4,1,0.7,0.9,2002.0,2002.0,2002.0,2002.0,333.3,333.3,358.3,358.3,38.0,38.0,37.7,37.7,7.0,7.0,9.4,9.4,1.1,0.9,0.2,85.5,68.3,17.2,87.1,69.6,17.5
Thurso,4,2,4.4,5.0,2003.8,2004.5,2005.0,2004.7,471.0,471.0,475.5,462.6,60.0,60.0,65.8,65.5,27.5,48.5,59.2,54.3,2.9,1.4,1.5,216.2,106.9,109.3,220.4,108.9,111.4
Christchurch,4,3,2.7,3.5,2002.2,2003.7,1999.8,2000.0,122.0,177.2,219.1,212.9,19.5,27.5,66.7,64.8,19.5,88.5,348.5,336.2,2.4,1.2,1.2,181.6,92.2,89.5,185.1,93.9,91.2
Portloe,4,4,11.3,8.1,2004.0,2004.0,2004.0,2005.3,270.5,265.7,371.7,331.7,29.0,30.0,30.4,30.9,37.5,43.2,32.9,39.8,3.3,2.6,0.7,254.0,197.1,56.9,258.9,200.9,58.0
Tyne,4,3,1.1,0.6,2005.0,2004.0,1999.9,2003.2,185.7,910.7,549.7,401.3,79.0,124.0,173.6,131.8,38.5,214.5,368.4,262.1,2.4,0.7,1.7,179.2,52.3,127.0,182.7,53.3,129.4
Mousehole,4,4,11.1,18.6,2008.2,2008.2,2010.5,2010.6,96.4,143.2,89.2,88.9,69.0,69.2,66.0,65.9,10.0,19.5,8.0,7.5,4.8,4.2,0.5,366.7,326.7,40.0,373.7,332.9,40.8
Bradwell Waterside,4,1,0.2,0.1,1995.0,1995.0,1995.0,1995.0,281.3,281.3,412.4,412.4,283.0,283.0,834.7,834.7,217.5,217.5,436.5,436.5,3.6,2.1,1.5,269.8,155.2,114.6,275.0,158.2,116.9
Burstwick,4,4,2.0,2.7,1996.8,1996.8,1992.9,1994.3,266.6,262.5,246.4,293.7,31.5,74.2,79.3,66.2,12.5,15.2,15.1,15.0,1.9,1.3,0.7,145.6,95.9,49.8,148.4,97.7,50.7
Penberth,4,4,20.8,36.2,2009.2,2009.2,2010.1,2010.0,88.1,127.4,99.4,96.2,51.0,60.5,67.8,66.6,14.5,22.2,26.2,25.3,5.4,3.7,1.7,414.6,283.8,130.8,422.5,289.2,133.3
Bexhill,4,4,17.4,30.4,2002.8,2002.8,2010.6,2010.8,330.0,402.3,315.1,309.6,61.5,54.2,64.5,65.1,9.0,7.8,12.4,12.7,3.2,2.9,0.3,242.6,217.0,25.7,247.3,221.1,26.2
Appledore,4,2,0.9,1.1,1981.2,1984.5,1980.1,1979.8,121.3,104.9,116.8,120.8,23.5,20.5,27.4,27.9,5.5,41.5,17.7,15.8,0.8,0.7,0.1,56.4,50.2,6.2,57.5,51.2,6.3
Strete,4,3,10.3,9.0,1992.5,1996.0,1989.6,1994.9,423.3,571.9,606.5,550.5,81.0,72.7,109.7,117.5,19.0,33.8,72.1,42.4,4.3,3.0,1.3,323.2,227.7,95.5,329.4,232.1,97.3
Polperro,4,3,2.9,3.3,1988.2,1990.3,1996.4,2003.0,904.7,1054.9,589.1,455.1,65.0,118.0,102.4,93.4,167.5,262.5,421.2,225.2,4.1,1.3,2.8,307.6,100.7,206.9,313.5,102.6,210.8
Portscatho,4,4,1.9,3.1,1994.5,1994.5,1999.8,2000.4,54.8,75.8,20.0,18.0,14.0,24.0,22.0,18.2,6.5,5.5,7.2,7.2,1.5,0.5,0.9,109.5,38.2,71.3,111.6,39.0,72.6
"North Haven, Fair Isle",4,3,8.4,2.6,1997.5,1996.0,2000.1,1998.2,414.9,726.8,326.8,574.7,45.0,92.2,72.5,136.4,64.0,83.7,47.5,87.6,4.1,3.4,0.7,309.9,255.1,54.8,315.8,260.0,55.8
Stroma,4,4,1.2,1.3,1994.0,1994.0,2002.7,2006.9,312.4,389.1,327.3,308.9,26.0,35.0,33.6,28.5,20.0,24.5,21.4,21.8,1.2,0.9,0.3,89.7,66.1,23.6,91.4,67.4,24.0
Bunnahabhain,4,3,1.4,1.2,1998.5,1992.7,2006.1,2013.4,155.1,151.6,174.8,224.8,20.5,19.5,23.2,26.4,27.0,21.0,20.4,27.3,0.9,0.5,0.4,71.2,40.1,31.1,72.6,40.8,31.7
Yell And Fetlar,4,4,3.1,2.3,1993.2,1993.2,2001.9,2002.7,148.3,202.0,264.0,241.6,28.0,91.2,263.8,251.8,12.5,20.8,24.8,26.7,2.2,2.0,0.2,165.1,149.5,15.6,168.3,152.3,15.9
Cushendun,4,4,0.7,0.7,1989.0,1989.0,1992.9,1992.3,114.5,145.2,110.3,118.0,14.5,18.5,14.6,12.6,8.5,8.2,9.5,7.9,0.3,0.2,0.1,21.7,16.2,5.5,22.1,16.5,5.6
Keyhaven,4,3,1.5,1.4,1994.0,1995.3,1998.1,1995.1,70.6,170.6,131.9,92.0,10.5,14.2,18.9,15.8,22.5,26.8,17.9,17.8,0.7,0.4,0.3,52.7,33.4,19.3,53.7,34.0,19.7
Padstow,4,4,14.0,4.6,2002.5,2002.5,2010.7,2010.0,116.1,148.8,115.9,114.9,14.5,25.8,12.7,13.0,21.5,27.8,16.3,19.0,1.3,0.8,0.4,96.5,64.5,32.0,98.3,65.7,32.6
Milford-On-Sea,4,4,2.1,2.0,1996.8,1996.8,1998.8,1992.6,157.1,171.6,225.2,197.1,26.5,23.5,27.8,26.2,44.5,53.0,34.0,17.3,1.7,1.4,0.3,128.9,102.7,26.2,131.4,104.7,26.7
Ryde,4,4,4.2,4.2,1986.2,1986.2,2011.1,2010.9,331.2,337.1,516.4,492.9,17.5,20.2,30.8,30.7,15.5,16.5,21.3,21.2,2.2,1.2,1.0,161.7,88.6,73.1,164.8,90.3,74.5
West Mainland,3,3,17.1,8.8,2003.7,2003.7,2008.7,2008.6,1332.8,1011.3,1294.5,1236.2,120.0,107.3,120.9,120.3,8.0,244.0,699.7,688.1,6.9,2.0,4.9,516.9,148.6,368.3,526.8,151.4,375.4
Barcaldine,3,3,1.5,0.8,1995.3,1995.3,1996.8,1991.6,396.0,594.3,621.3,402.4,33.0,44.3,65.5,47.9,15.0,35.0,55.5,34.0,1.1,0.6,0.5,83.2,48.4,34.9,84.8,49.3,35.5
Helmsdale Harbor,3,3,29.3,12.2,2008.7,2008.7,2008.1,2008.6,1652.1,1993.9,1994.2,1758.9,38.0,82.7,137.0,159.0,208.0,320.3,337.5,268.9,11.1,2.3,8.8,832.3,171.2,661.1,848.2,174.4,673.8
Aberffraw,3,3,17.7,32.3,2006.3,2006.3,2015.1,2015.2,225.2,240.0,348.9,353.2,24.0,82.0,197.2,199.2,92.0,100.0,178.3,179.6,3.8,2.2,1.5,289.7,171.1,118.6,295.2,174.3,120.9
Ballyhalbert,3,3,1.4,1.5,1995.7,1995.7,1992.7,1994.1,396.7,745.1,540.0,568.4,44.0,65.0,68.4,73.1,18.0,20.7,20.9,21.8,1.5,1.2,0.3,109.6,86.7,23.0,111.7,88.3,23.4
Sizewell Beach,3,3,5.4,3.3,2009.7,2009.7,2008.5,2009.0,335.1,256.2,260.1,285.2,72.0,155.3,259.4,302.3,9.0,25.3,17.2,10.1,1.8,1.7,0.1,135.8,125.7,10.1,138.4,128.1,10.3
Aberystwyth,3,1,1.8,0.7,1982.0,1982.0,1982.0,1982.0,150.3,150.3,225.1,225.1,27.0,27.0,25.8,25.8,9.0,9.0,15.0,15.0,0.9,0.6,0.2,66.7,48.7,18.0,68.0,49.6,18.4
Glen Mallan,3,3,14.3,8.9,2006.7,2006.7,2003.3,2003.6,386.5,362.2,546.9,528.0,45.0,44.3,45.0,45.0,210.0,159.7,59.7,72.9,3.7,2.6,1.0,279.9,202.2,77.7,285.3,206.1,79.2
Sennen Cove,3,3,4.6,3.5,1987.3,1987.3,1997.7,1995.4,1645.1,1755.2,1082.2,760.1,78.0,255.0,132.0,131.6,330.0,246.0,292.3,243.4,4.6,2.4,2.3,348.8,179.7,169.2,355.5,183.1,172.4
Kippford,3,3,0.7,0.8,1992.3,1992.3,1984.9,1987.2,151.5,230.6,130.5,124.6,68.0,104.7,145.4,132.0,21.0,31.7,33.7,36.6,1.0,0.9,0.1,77.4,68.9,8.5,78.8,70.2,8.7
Inchture,3,3,0.8,1.1,1990.0,1990.0,1987.1,1986.6,335.1,444.1,352.7,346.1,46.0,60.3,50.4,48.6,49.0,431.3,201.8,164.6,2.7,0.6,2.0,199.3,46.5,152.8,203.2,47.4,155.8
Caernarvon,3,3,2.1,3.4,1991.7,1991.7,1994.8,1994.4,394.4,396.7,374.2,397.8,65.0,177.0,59.8,57.1,27.0,283.3,37.7,28.1,1.7,1.0,0.7,130.5,75.6,54.9,133.0,77.1,56.0
Salcombe,3,3,5.1,5.1,2009.3,2009.3,2007.1,2007.0,74.7,127.8,73.5,72.2,17.0,15.7,19.9,19.8,86.0,92.3,85.8,84.8,2.8,0.6,2.2,208.5,43.9,164.6,212.5,44.7,167.8
Tayinloan,3,3,2.1,0.4,2002.0,2002.0,2002.5,2002.5,371.9,524.9,590.4,533.6,14.0,25.7,42.2,38.1,26.0,71.7,125.5,111.8,2.1,0.6,1.5,155.9,46.6,109.3,158.9,47.5,111.4
Talbot Green,3,3,7.1,10.3,2002.0,2002.0,2005.4,2005.4,474.8,478.0,475.0,474.6,46.0,57.3,34.1,33.9,9.0,16.0,24.3,24.3,1.9,1.0,0.9,148.5,76.7,71.7,151.3,78.2,73.1
Folkestone,3,3,0.7,0.5,2003.7,2003.7,2007.2,2005.3,201.4,523.6,213.1,146.5,23.0,23.0,21.8,19.2,50.0,52.3,49.7,41.9,1.3,0.5,0.8,95.6,34.0,61.6,97.4,34.7,62.8
Hayling Island,3,3,1.5,1.2,1996.0,1996.0,2001.2,1999.6,120.4,245.8,262.1,179.1,14.0,17.7,22.6,20.6,77.0,82.0,43.3,55.5,1.1,0.4,0.7,82.0,27.6,54.4,83.6,28.1,55.5
Port Askaig,3,3,3.8,0.8,2007.7,2007.7,2010.3,2006.1,401.0,430.0,599.5,496.6,43.0,46.7,43.9,49.5,127.0,101.3,13.3,56.1,2.9,2.3,0.5,219.6,178.4,41.2,223.8,181.8,42.0
Blackness,3,3,3.6,5.2,1999.3,1999.3,2003.0,2003.0,207.0,252.1,209.5,208.6,12.0,14.3,11.7,12.1,12.0,14.3,12.6,12.6,1.1,0.5,0.6,82.3,39.9,42.4,83.9,40.7,43.2
Voe,3,2,0.5,0.7,2007.7,2005.0,2000.2,2000.0,549.9,634.4,698.0,704.4,70.0,71.5,72.2,72.0,29.0,37.2,26.6,26.0,1.0,0.6,0.4,71.4,44.0,27.3,72.7,44.9,27.8
Fairlie,3,3,1.5,1.8,2009.7,2009.7,2002.3,2001.2,325.0,354.5,244.2,263.0,51.0,43.0,47.8,49.2,14.0,14.7,16.3,16.5,1.2,1.1,0.1,88.6,81.0,7.6,90.3,82.6,7.8
Ballymartin,3,3,11.4,17.3,2009.3,2009.3,2009.9,2009.8,558.8,517.7,378.4,377.1,52.0,44.7,37.7,37.6,10.0,12.3,13.6,13.2,2.0,1.6,0.4,154.8,122.1,32.8,157.8,124.4,33.4
Shinness,3,3,1.5,0.3,1999.3,1999.3,2008.1,2006.1,340.3,372.0,360.9,371.3,40.0,43.3,47.7,47.3,7.0,7.3,9.2,9.0,0.7,0.5,0.2,51.3,34.3,17.1,52.3,34.9,17.4
Killough,3,3,0.7,0.8,1995.3,1995.3,1997.2,1999.0,111.0,118.4,121.9,126.8,19.0,28.0,32.7,35.8,18.0,42.0,42.4,49.6,0.4,0.3,0.1,27.2,19.5,7.6,27.7,19.9,7.8
Snizort,3,3,8.1,1.5,1987.3,1987.3,1988.3,1982.6,525.3,993.8,1922.6,1111.9,75.0,87.0,137.3,113.0,16.0,14.7,8.3,10.4,5.6,5.2,0.4,419.7,392.9,26.8,427.8,400.4,27.3
Portnalong,3,2,0.5,0.9,1995.7,1996.0,1995.8,1995.6,466.9,428.5,433.8,441.9,18.0,28.2,25.9,24.2,29.0,36.2,34.6,33.3,1.0,0.4,0.6,73.7,29.0,44.8,75.1,29.5,45.6
Rhosneigr,3,3,6.3,10.1,2007.0,2007.0,2006.7,2006.7,215.1,465.7,308.6,318.4,21.0,42.3,56.1,58.0,60.0,50.0,55.6,55.9,2.4,1.4,1.0,181.9,108.0,73.9,185.4,110.0,75.4
Newtown,3,3,0.5,0.8,1994.7,1994.7,1996.8,1996.9,55.4,54.0,51.3,50.5,18.0,16.7,18.9,18.9,10.0,12.0,16.1,16.0,0.5,0.3,0.3,40.4,19.9,20.4,41.1,20.3,20.8
Fisherrow/Musselburgh,3,3,1.7,2.4,2002.7,2002.7,2008.2,2008.6,56.8,76.7,109.5,111.8,17.0,26.7,11.5,10.7,22.0,70.3,6.8,5.7,0.7,0.4,0.3,53.8,30.0,23.8,54.8,30.5,24.3
Robin Hoods Bay,3,3,2.2,3.5,1990.0,1990.0,2000.2,2000.5,384.7,339.9,273.9,277.9,39.0,35.3,31.7,32.0,8.0,5.7,4.6,4.7,1.1,1.0,0.1,84.3,74.0,10.3,86.0,75.5,10.5
Craster,3,3,1.7,2.5,1992.7,1992.7,1997.3,1998.4,108.2,212.2,235.4,399.6,21.0,26.7,43.5,47.6,19.0,19.3,30.4,33.2,0.6,0.3,0.3,44.1,19.3,24.8,45.0,19.7,25.3
Mid Yell,3,3,0.5,0.4,1997.3,1997.3,1995.9,1997.2,384.7,525.6,430.8,318.9,35.0,53.0,69.7,55.6,20.0,19.7,24.8,20.8,0.6,0.4,0.2,48.0,32.2,15.8,48.9,32.9,16.1
Instow,3,1,0.7,0.8,1978.0,1978.0,1978.0,1978.0,153.2,153.2,134.1,134.1,30.0,30.0,27.2,27.2,0.0,0.0,0.0,0.0,0.6,0.6,0.0,41.9,41.9,0.0,42.7,42.7,0.0
Saint Marys Bay,3,3,1.2,1.3,1995.3,1995.3,2010.6,2011.3,211.6,211.9,265.0,248.6,23.0,28.7,31.5,34.1,11.0,13.7,9.6,9.2,0.9,0.6,0.2,63.8,45.4,18.4,65.0,46.3,18.8
"Gutcher, Yell",3,3,2.6,2.1,1993.7,1993.7,2005.2,2005.5,313.9,345.8,444.8,449.3,159.0,123.0,178.9,181.1,17.0,15.0,27.2,27.5,1.6,1.4,0.1,118.8,108.0,10.8,121.1,110.1,11.0
London Thamesport,3,2,2.5,2.9,1977.3,1979.5,1976.4,1977.5,432.5,1705.7,616.8,494.6,65.0,200.0,488.1,436.7,5.0,4.5,4.7,4.7,4.0,3.9,0.2,300.8,289.2,11.6,306.6,294.8,11.8
Kirkcudbright,3,3,2.0,2.5,1998.0,1998.0,2003.0,2004.6,300.1,283.1,278.0,396.8,24.0,23.7,29.0,31.4,16.0,18.0,15.6,14.5,0.6,0.4,0.2,43.0,29.7,13.4,43.9,30.2,13.6
Dunbeath,3,3,1.9,2.7,1995.0,1995.0,2004.8,2005.0,465.5,451.1,627.7,670.1,66.0,123.0,72.4,71.9,35.0,65.3,38.4,38.2,1.7,1.3,0.4,127.7,99.1,28.6,130.2,101.0,29.2
Ballylumford,2,1,0.4,0.3,2001.0,2001.0,2001.0,2001.0,37.7,37.7,37.7,37.7,23.0,23.0,24.3,24.3,2.0,2.0,1.7,1.7,0.2,0.2,0.0,13.1,12.4,0.8,13.4,12.6,0.8
Saint Helier,2,2,0.7,0.8,1993.5,1993.5,1994.3,1994.0,165.5,165.5,178.8,165.1,32.0,32.0,41.1,37.6,26.5,26.5,13.4,18.4,0.6,0.6,0.1,48.7,43.5,5.1,49.6,44.4,5.2
Helensburgh,2,1,0.2,0.1,2015.0,2015.0,2015.0,2015.0,425.2,425.2,425.2,425.2,82.0,82.0,77.1,77.1,71.5,71.5,52.4,52.4,1.3,0.7,0.6,97.2,50.8,46.4,99.1,51.8,47.3
Pittenweem,2,2,3.5,4.4,2005.0,2005.0,2002.8,2002.2,239.8,239.8,248.6,251.5,51.5,51.5,49.7,49.2,50.5,50.5,27.9,21.4,1.5,0.9,0.5,109.8,69.7,40.1,111.9,71.1,40.8
Abercastle,2,2,1.7,1.9,1983.0,1983.0,1992.5,2001.0,318.6,318.6,338.6,418.1,28.0,28.0,31.5,34.6,7.5,7.5,7.7,8.0,0.8,0.6,0.2,60.2,43.6,16.6,61.4,44.5,16.9
Wyre,2,2,7.0,6.8,2004.0,2004.0,2005.9,2005.9,757.4,757.4,1169.6,1144.5,17.5,17.5,8.4,8.5,254.0,254.0,491.7,488.6,3.3,0.3,3.0,246.6,21.7,224.9,251.4,22.1,229.2
Tighnabruaich,2,2,0.2,0.2,1991.0,1991.0,1988.8,1983.0,98.5,98.5,91.0,83.1,32.5,32.5,35.3,42.9,46.5,46.5,41.8,29.4,0.3,0.1,0.1,20.4,10.6,9.8,20.8,10.8,10.0
Limekilns,2,2,0.9,0.7,2004.0,2004.0,2007.7,2007.9,198.4,198.4,254.6,330.1,20.0,20.0,17.2,17.1,111.0,111.0,38.1,34.4,1.0,0.3,0.7,75.6,20.0,55.6,77.0,20.4,56.6
Porthmadog,2,2,1.6,1.9,1992.0,1992.0,2007.3,2007.5,190.5,190.5,179.3,179.2,18.0,18.0,13.2,13.1,150.0,150.0,31.1,29.6,0.9,0.5,0.4,67.4,35.8,31.7,68.7,36.4,32.3
Brynsiencyn,2,2,0.4,0.5,2003.5,2003.5,2003.8,2003.9,144.3,144.3,75.8,70.4,71.5,71.5,95.9,103.1,26.0,26.0,18.4,16.1,1.6,1.4,0.2,120.2,103.3,16.9,122.5,105.3,17.2
Evanton,2,2,2.4,3.1,2006.5,2006.5,2005.6,2005.2,442.7,442.7,475.4,608.0,50.5,50.5,73.9,84.2,20.0,20.0,24.4,26.3,1.0,0.6,0.3,72.7,46.5,26.2,74.1,47.4,26.7
Burnham On Crouch,2,2,16.8,14.3,2001.5,2001.5,2008.5,2008.1,4942.0,4942.0,3673.8,2373.3,377.0,377.0,709.2,688.2,37.5,37.5,30.5,30.9,23.8,22.9,0.9,1789.1,1717.9,71.2,1823.5,1750.9,72.6
"Brodick, Isle Of Arran",2,1,0.1,0.1,1980.0,1980.0,1980.0,1980.0,239.3,239.3,239.3,239.3,32.0,32.0,32.0,32.0,41.0,41.0,41.0,41.0,1.2,0.1,1.1,88.7,7.0,81.7,90.4,7.2,83.3
Dingwall,2,2,1.1,0.2,1993.0,1993.0,1984.7,1989.5,214.3,214.3,80.3,99.5,19.5,19.5,9.3,15.2,6.0,6.0,5.2,5.7,0.6,0.4,0.2,48.7,30.9,17.8,49.7,31.5,18.2
West Bay,2,2,1.3,2.2,2003.0,2003.0,2003.0,2003.0,48.3,48.3,56.1,58.3,20.5,20.5,32.5,34.7,2.5,2.5,4.6,4.9,0.2,0.2,0.0,15.8,14.3,1.5,16.1,14.6,1.5
"Magilligan Point Ferry Terminal, Lough Foyle",2,2,0.3,0.1,1994.0,1994.0,1996.2,1997.7,83.8,83.8,84.7,85.4,10.5,10.5,9.9,9.6,95.0,95.0,63.4,42.4,0.5,0.2,0.3,39.4,16.1,23.3,40.2,16.5,23.7
Portballintrae,2,1,0.3,0.1,1988.0,1988.0,1988.0,1988.0,105.5,105.5,105.5,105.5,19.5,19.5,20.2,20.2,1.5,1.5,1.1,1.1,0.2,0.2,0.0,15.2,14.9,0.4,15.5,15.1,0.4
Killroot Power Station Jetty,2,2,0.3,0.1,1953.0,1953.0,1963.7,1958.0,266.0,266.0,172.5,185.6,42.0,42.0,35.3,38.9,126.0,126.0,161.4,142.6,0.6,0.2,0.4,47.6,16.8,30.8,48.5,17.1,31.4
Porthgain,2,2,1.0,1.3,1996.0,1996.0,1999.8,2001.5,274.1,274.1,273.5,273.2,33.0,33.0,30.2,29.0,81.0,81.0,57.5,47.2,0.6,0.3,0.3,44.7,22.1,22.5,45.5,22.5,23.0
Cumbrae Slip,2,2,0.4,0.6,1999.5,1999.5,1997.7,1997.9,126.3,126.3,131.1,126.7,17.0,17.0,21.1,20.6,16.5,16.5,16.8,16.7,0.5,0.2,0.3,38.4,16.5,21.9,39.2,16.9,22.3
Newquay,2,1,1.1,0.2,2003.0,2003.0,2003.0,2003.0,180.5,180.5,180.5,180.5,22.5,22.5,22.3,22.3,5.5,5.5,5.6,5.6,0.4,0.3,0.1,29.2,24.9,4.3,29.8,25.4,4.4
Bray,2,2,1.1,1.4,1975.5,1975.5,1986.9,1986.9,261.2,261.2,399.5,402.6,44.0,44.0,32.1,32.1,7.0,7.0,10.0,10.0,0.6,0.5,0.1,44.8,35.6,9.2,45.7,36.3,9.4
Portreath,2,2,5.9,1.4,2005.5,2005.5,2003.2,2003.6,1031.0,1031.0,1335.7,767.0,84.0,84.0,154.7,141.6,79.0,79.0,66.0,68.4,2.7,1.9,0.8,200.1,140.3,59.9,204.0,143.0,61.0
Saint-Anne'S-On-Sea,2,2,1.0,1.5,1996.0,1996.0,1999.2,1998.6,335.8,335.8,331.5,332.3,29.0,29.0,25.3,26.1,51.5,51.5,66.8,63.8,0.6,0.3,0.3,47.5,24.0,23.5,48.4,24.5,24.0
Branscombe,2,2,11.6,5.1,1995.0,1995.0,1997.5,1996.9,327.1,327.1,295.0,301.8,35.5,35.5,30.9,32.1,28.0,28.0,8.6,13.6,1.1,1.0,0.1,79.9,72.6,7.3,81.5,74.0,7.4
Par,2,2,1.7,1.1,2012.0,2012.0,2012.9,2011.1,341.5,341.5,317.5,247.0,24.0,24.0,24.0,24.0,22.5,22.5,28.4,16.6,0.9,0.7,0.2,65.4,49.5,15.9,66.7,50.5,16.3
Aberdour,2,2,6.1,7.6,2006.5,2006.5,2006.5,2006.4,330.5,330.5,314.2,305.7,20.0,20.0,20.0,19.3,5.5,5.5,5.5,5.4,2.0,1.6,0.4,149.7,117.0,32.7,152.6,119.3,33.3
Perth,2,2,0.2,0.3,1995.5,1995.5,1995.0,1995.0,59.6,59.6,60.4,61.0,15.0,15.0,17.7,18.1,17.0,17.0,15.8,15.6,0.1,0.1,0.0,7.6,6.3,1.4,7.8,6.4,1.4
Charmouth,2,2,5.8,1.9,1999.5,1999.5,2003.5,2003.5,102.7,102.7,90.2,90.2,21.5,21.5,22.8,22.8,2.5,2.5,2.1,2.1,0.4,0.3,0.0,27.3,25.6,1.7,27.9,26.1,1.7
Holland On Sea,2,2,0.2,0.1,2001.0,2001.0,2003.9,2004.3,211.0,211.0,47.9,46.2,46.0,46.0,47.5,47.7,357.5,357.5,240.9,226.4,1.0,0.3,0.7,76.2,21.6,54.7,77.7,22.0,55.7
Dunchurch,2,2,0.8,0.9,2006.0,2006.0,2006.6,2007.7,169.6,169.6,171.2,179.5,19.5,19.5,20.0,20.9,52.0,52.0,61.3,79.2,0.3,0.2,0.1,21.2,15.5,5.7,21.6,15.8,5.8
Abergele,2,2,2.5,1.9,2009.5,2009.5,2011.4,2012.3,607.1,607.1,603.5,635.3,98.5,98.5,118.6,128.9,33.5,33.5,40.3,43.8,2.2,1.9,0.2,162.2,143.9,18.4,165.3,146.6,18.7
Lyme Regis,2,2,1.3,1.9,1992.5,1992.5,1997.9,2001.7,84.3,84.3,56.1,49.8,16.0,16.0,17.5,18.6,13.0,13.0,14.5,15.6,0.3,0.2,0.1,23.5,17.2,6.2,23.9,17.6,6.3
West Grinstead,2,1,1.5,1.3,2009.0,2009.0,2009.0,2009.0,459.3,459.3,459.3,459.3,28.0,28.0,28.3,28.3,6.5,6.5,6.4,6.4,2.1,1.7,0.4,160.7,130.4,30.3,163.8,132.9,30.9
Isle Of Sheppey,2,2,0.7,0.3,1993.0,1993.0,1984.3,1983.0,1276.9,1276.9,177.9,232.0,510.0,510.0,823.0,870.9,510.0,510.0,812.4,858.8,2.5,1.0,1.5,186.4,75.4,111.0,189.9,76.9,113.1
Bosham,2,2,0.9,0.7,2006.0,2006.0,2006.3,2006.8,251.9,251.9,245.6,254.2,17.5,17.5,17.9,18.4,93.0,93.0,83.7,70.9,1.0,0.5,0.5,71.5,35.6,35.9,72.9,36.3,36.6
West Loch Tarbert,2,2,0.4,0.4,1991.5,1991.5,1989.1,1987.8,219.5,219.5,222.7,224.9,17.0,17.0,14.4,13.1,14.0,14.0,15.1,15.7,0.3,0.2,0.1,20.5,12.7,7.8,20.9,12.9,8.0
Poolewe,2,2,6.3,0.7,1997.0,1997.0,2000.5,1999.8,175.8,175.8,133.0,137.6,19.0,19.0,16.9,17.3,18.0,18.0,7.5,9.6,1.8,1.0,0.7,133.4,77.2,56.2,135.9,78.7,57.2
Pwllheli,2,2,1.5,2.3,1996.5,1996.5,1992.7,1991.1,749.6,749.6,562.3,527.5,85.0,85.0,69.2,62.7,30.0,30.0,17.7,12.7,0.7,0.6,0.1,55.7,45.5,10.2,56.7,46.4,10.4
Whitehead,2,2,1.7,1.8,1994.0,1994.0,1989.7,1989.7,231.9,231.9,288.5,288.6,22.5,22.5,28.1,28.1,31.0,31.0,25.0,24.9,0.6,0.5,0.1,46.9,36.1,10.8,47.8,36.8,11.1
Saint Monance (Saint Monans),2,2,9.5,8.2,2006.5,2006.5,1999.8,1999.1,819.2,819.2,840.6,842.9,313.0,313.0,207.9,197.3,90.5,90.5,89.4,89.3,2.7,2.3,0.4,202.2,172.2,30.0,206.1,175.5,30.6
Saint Michael'S Mount,2,2,1.2,1.7,2013.0,2013.0,2016.3,2016.7,320.2,320.2,308.7,307.4,49.5,49.5,36.7,35.1,26.5,26.5,48.4,51.1,0.5,0.4,0.1,40.9,33.6,7.3,41.6,34.2,7.4
Bognor Regis,2,2,1.4,1.1,1984.5,1984.5,1992.5,1992.4,629.6,629.6,576.3,567.4,85.5,85.5,116.2,115.9,6.0,6.0,1.5,1.5,1.4,1.4,0.0,108.1,105.5,2.6,110.2,107.5,2.6
Porth,2,2,1.7,1.8,2006.0,2006.0,2008.1,2008.5,288.4,288.4,321.0,367.2,20.0,20.0,29.7,31.6,12.0,12.0,17.6,18.6,1.1,0.9,0.2,82.7,64.6,18.1,84.2,65.8,18.5
Warkworth Harbour,1,1,1.8,0.4,2006.0,2006.0,2006.0,2006.0,820.8,820.8,820.8,820.8,50.0,50.0,50.0,50.0,22.0,22.0,22.0,22.0,0.9,0.6,0.3,66.1,45.9,20.2,67.4,46.8,20.6
Covent Garden,1,1,0.1,0.0,2003.0,2003.0,2003.0,2003.0,507.7,507.7,507.7,507.7,108.0,108.0,108.0,108.0,12.0,12.0,12.0,12.0,0.3,0.3,0.0,20.5,19.1,1.4,20.9,19.5,1.5
Penkridge,1,1,0.3,0.4,2009.0,2009.0,2009.0,2009.0,121.0,121.0,121.0,121.0,9.0,9.0,9.0,9.0,5.0,5.0,5.0,5.0,0.1,0.1,0.0,6.5,4.2,2.3,6.6,4.2,2.4
Thurnscoe,1,1,0.2,0.1,2017.0,2017.0,2017.0,2017.0,405.9,405.9,405.9,405.9,37.0,37.0,37.0,37.0,4.0,4.0,4.0,4.0,0.1,0.1,0.0,4.9,4.4,0.5,5.0,4.5,0.5
Meppershall,1,1,2.3,3.4,2009.0,2009.0,2009.0,2009.0,941.6,941.6,941.6,941.6,90.0,90.0,90.0,90.0,17.0,17.0,17.0,17.0,0.5,0.5,0.1,40.7,34.1,6.6,41.4,34.7,6.7
Johnstonebridge,1,1,0.9,0.8,2019.0,2019.0,2019.0,2019.0,367.2,367.2,367.2,367.2,157.0,157.0,157.0,157.0,59.0,59.0,59.0,59.0,0.4,0.3,0.1,29.6,21.5,8.1,30.1,21.9,8.2
Bournemouth,1,1,0.7,0.9,2005.0,2005.0,2005.0,2005.0,335.0,335.0,335.0,335.0,62.0,62.0,62.0,62.0,73.0,73.0,73.0,73.0,0.3,0.2,0.1,19.7,15.9,3.9,20.1,16.2,3.9
Port Isaac,1,1,4.0,1.2,2006.0,2006.0,2006.0,2006.0,97.7,97.7,97.7,97.7,10.0,10.0,10.0,10.0,24.0,24.0,24.0,24.0,0.5,0.3,0.3,40.7,20.4,20.3,41.5,20.8,20.7
Rousay,1,1,0.2,0.3,2010.0,2010.0,2010.0,2010.0,54.1,54.1,54.1,54.1,7.0,7.0,7.0,7.0,8.0,8.0,8.0,8.0,0.1,0.1,0.0,7.5,5.8,1.6,7.6,5.9,1.7
West Auckland,1,1,1.3,1.1,2019.0,2019.0,2019.0,2019.0,511.7,511.7,511.7,511.7,243.0,243.0,243.0,243.0,58.0,58.0,58.0,58.0,0.5,0.4,0.1,41.2,33.3,7.9,42.0,33.9,8.1
Cardington,1,1,0.4,0.5,2009.0,2009.0,2009.0,2009.0,143.0,143.0,143.0,143.0,17.0,17.0,17.0,17.0,7.0,7.0,7.0,7.0,0.3,0.3,0.0,22.7,21.3,1.3,23.1,21.7,1.4
Reay,1,1,0.7,0.3,2010.0,2010.0,2010.0,2010.0,184.4,184.4,184.4,184.4,45.0,45.0,45.0,45.0,53.0,53.0,53.0,53.0,0.4,0.1,0.3,31.5,11.2,20.3,32.1,11.4,20.7
Nefyn,1,1,0.3,0.5,2012.0,2012.0,2012.0,2012.0,125.7,125.7,125.7,125.7,18.0,18.0,18.0,18.0,37.0,37.0,37.0,37.0,0.1,0.1,0.0,6.8,4.8,2.0,6.9,4.9,2.0
Wickham,1,1,3.3,2.7,2009.0,2009.0,2009.0,2009.0,1981.2,1981.2,1981.2,1981.2,138.0,138.0,138.0,138.0,18.0,18.0,18.0,18.0,4.8,4.3,0.6,363.2,321.3,41.9,370.2,327.5,42.7
Dartford,1,1,0.4,0.3,2009.0,2009.0,2009.0,2009.0,241.3,241.3,241.3,241.3,13.0,13.0,13.0,13.0,6.0,6.0,6.0,6.0,0.6,0.4,0.2,44.6,30.3,14.4,45.5,30.8,14.6
Brighstone,1,1,0.7,0.5,2009.0,2009.0,2009.0,2009.0,392.0,392.0,392.0,392.0,36.0,36.0,36.0,36.0,4.0,4.0,4.0,4.0,0.7,0.6,0.1,50.8,45.7,5.0,51.7,46.6,5.1
Saint Ouen,1,1,0.6,0.8,2008.0,2008.0,2008.0,2008.0,420.2,420.2,420.2,420.2,61.0,61.0,61.0,61.0,22.0,22.0,22.0,22.0,0.4,0.3,0.2,31.8,20.5,11.3,32.4,20.9,11.5
Exmouth,1,1,0.1,0.0,2009.0,2009.0,2009.0,2009.0,49.2,49.2,49.2,49.2,26.0,26.0,26.0,26.0,5.0,5.0,5.0,5.0,0.1,0.0,0.0,4.2,3.6,0.6,4.3,3.7,0.6
Westonzoyland,1,1,0.2,0.2,2009.0,2009.0,2009.0,2009.0,54.3,54.3,54.3,54.3,6.0,6.0,6.0,6.0,5.0,5.0,5.0,5.0,0.1,0.1,0.0,8.6,7.3,1.3,8.7,7.5,1.3
Taddiport,1,1,2.4,2.7,2009.0,2009.0,2009.0,2009.0,770.3,770.3,770.3,770.3,52.0,52.0,52.0,52.0,18.0,18.0,18.0,18.0,2.0,1.7,0.3,146.5,126.5,19.9,149.3,128.9,20.3
Littlebourne,1,1,3.4,2.8,2009.0,2009.0,2009.0,2009.0,2033.3,2033.3,2033.3,2033.3,194.0,194.0,194.0,194.0,4.0,4.0,4.0,4.0,3.8,3.7,0.1,284.8,278.7,6.1,290.3,284.0,6.2
Golspie,1,1,1.0,0.3,2008.0,2008.0,2008.0,2008.0,467.6,467.6,467.6,467.6,109.0,109.0,109.0,109.0,22.0,22.0,22.0,22.0,0.4,0.4,0.0,31.4,28.8,2.6,32.0,29.3,2.7
Kircubbin,1,1,0.3,0.4,2005.0,2005.0,2005.0,2005.0,361.5,361.5,361.5,361.5,36.0,36.0,36.0,36.0,12.0,12.0,12.0,12.0,0.4,0.4,0.0,28.6,27.2,1.4,29.1,27.7,1.5
Erribol,1,1,0.7,0.2,2008.0,2008.0,2008.0,2008.0,305.9,305.9,305.9,305.9,53.0,53.0,53.0,53.0,4.0,4.0,4.0,4.0,0.2,0.2,0.0,13.3,12.4,0.9,13.6,12.6,1.0
Carsethorn,1,1,25.3,18.4,2008.0,2008.0,2008.0,2008.0,3738.7,3738.7,3738.7,3738.7,273.0,273.0,273.0,273.0,70.0,70.0,70.0,70.0,6.1,4.9,1.3,471.7,374.7,97.0,480.8,381.9,98.9
Heaton,1,1,6.3,2.2,2009.0,2009.0,2009.0,2009.0,430.0,430.0,430.0,430.0,11.0,11.0,11.0,11.0,27.0,27.0,27.0,27.0,1.4,0.4,1.0,109.3,30.2,79.1,111.4,30.8,80.7
Pettycur,1,1,2.0,2.8,2006.0,2006.0,2006.0,2006.0,167.7,167.7,167.7,167.7,8.0,8.0,8.0,8.0,5.0,5.0,5.0,5.0,0.5,0.3,0.2,39.4,24.2,15.2,40.1,24.7,15.5
Beaulieu,1,1,2.2,1.8,2009.0,2009.0,2009.0,2009.0,1302.4,1302.4,1302.4,1302.4,84.0,84.0,84.0,84.0,4.0,4.0,4.0,4.0,2.7,2.6,0.1,205.4,195.8,9.5,209.3,199.6,9.7
West Mersea,1,1,0.3,0.3,2009.0,2009.0,2009.0,2009.0,192.4,192.4,192.4,192.4,9.0,9.0,9.0,9.0,4.0,4.0,4.0,4.0,0.4,0.3,0.1,30.3,21.0,9.4,30.9,21.4,9.6
Reedham,1,1,6.3,10.2,2010.0,2010.0,2010.0,2010.0,335.3,335.3,335.3,335.3,40.0,40.0,40.0,40.0,124.0,124.0,124.0,124.0,0.9,0.7,0.2,71.2,54.2,17.0,72.6,55.2,17.4
Broughton In Furness,1,1,5.8,4.9,2019.0,2019.0,2019.0,2019.0,2374.5,2374.5,2374.5,2374.5,283.0,283.0,283.0,283.0,102.0,102.0,102.0,102.0,3.3,3.1,0.2,246.1,232.8,13.3,250.8,237.2,13.6
Cropton,1,1,0.4,0.4,2019.0,2019.0,2019.0,2019.0,176.8,176.8,176.8,176.8,67.0,67.0,67.0,67.0,37.0,37.0,37.0,37.0,0.2,0.1,0.1,14.2,9.2,5.1,14.5,9.3,5.2
Stockton-On-Tees,1,1,0.4,0.4,2019.0,2019.0,2019.0,2019.0,168.3,168.3,168.3,168.3,31.0,31.0,31.0,31.0,68.0,68.0,68.0,68.0,0.2,0.1,0.1,13.6,4.2,9.3,13.8,4.3,9.5
Sway,1,1,1.1,0.9,2009.0,2009.0,2009.0,2009.0,651.2,651.2,651.2,651.2,44.0,44.0,44.0,44.0,103.0,103.0,103.0,103.0,1.4,1.4,0.1,108.4,103.4,5.0,110.5,105.4,5.1
Bristol,1,1,0.0,0.0,1916.0,1916.0,1916.0,1916.0,167.1,167.1,167.1,167.1,30.0,30.0,30.0,30.0,0.0,0.0,0.0,0.0,0.1,0.1,0.0,3.8,3.8,0.0,3.9,3.9,0.0
Killyleagh,1,1,0.2,0.3,2003.0,2003.0,2003.0,2003.0,487.9,487.9,487.9,487.9,33.0,33.0,33.0,33.0,19.0,19.0,19.0,19.0,0.4,0.3,0.1,30.1,19.5,10.6,30.7,19.9,10.8
Gillingham,1,1,0.1,0.1,1973.0,1973.0,1973.0,1973.0,257.8,257.8,257.8,257.8,11.0,11.0,11.0,11.0,26.0,26.0,26.0,26.0,0.3,0.1,0.1,20.3,9.3,11.0,20.7,9.4,11.2
Central Mainland (Shetland),1,1,0.2,0.1,1992.0,1992.0,1992.0,1992.0,792.2,792.2,792.2,792.2,91.0,91.0,91.0,91.0,261.0,261.0,261.0,261.0,0.6,0.1,0.4,42.9,11.1,31.8,43.7,11.3,32.4
Althorpe,1,1,0.1,0.2,1992.0,1992.0,1992.0,1992.0,68.4,68.4,68.4,68.4,7.0,7.0,7.0,7.0,23.0,23.0,23.0,23.0,0.1,0.0,0.0,4.1,3.4,0.7,4.1,3.4,0.7
Great Massingham,1,1,0.0,0.0,1968.0,1968.0,1968.0,1968.0,293.0,293.0,293.0,293.0,31.0,31.0,31.0,31.0,23.0,23.0,23.0,23.0,0.2,0.1,0.1,12.3,7.1,5.3,12.6,7.2,5.4
Wetheringsett,1,1,0.0,0.0,1968.0,1968.0,1968.0,1968.0,206.2,206.2,206.2,206.2,9.0,9.0,9.0,9.0,29.0,29.0,29.0,29.0,0.1,0.0,0.1,8.7,2.1,6.6,8.9,2.1,6.8
Meikle Ferry,1,1,2.5,0.3,1982.0,1982.0,1982.0,1982.0,191.4,191.4,191.4,191.4,25.0,25.0,25.0,25.0,4.0,4.0,4.0,4.0,1.1,1.0,0.2,85.5,73.7,11.7,87.1,75.1,12.0
Gretton,1,1,0.0,0.0,1997.0,1997.0,1997.0,1997.0,273.8,273.8,273.8,273.8,27.0,27.0,27.0,27.0,4.0,4.0,4.0,4.0,0.4,0.3,0.0,28.1,24.5,3.6,28.7,25.0,3.7
Tenbury,1,1,0.0,0.0,1997.0,1997.0,1997.0,1997.0,238.5,238.5,238.5,238.5,22.0,22.0,22.0,22.0,5.0,5.0,5.0,5.0,0.3,0.3,0.1,24.4,19.9,4.5,24.9,20.3,4.6
Aird Mhor (Ardmhor),1,1,1.5,0.1,1992.0,1992.0,1992.0,1992.0,708.6,708.6,708.6,708.6,112.0,112.0,112.0,112.0,9.0,9.0,9.0,9.0,0.8,0.8,0.0,61.9,59.0,2.9,63.1,60.2,2.9
Crinan (Canal),1,1,0.0,0.0,1970.0,1970.0,1970.0,1970.0,66.2,66.2,66.2,66.2,43.0,43.0,43.0,43.0,49.0,49.0,49.0,49.0,0.4,0.2,0.2,29.7,13.2,16.5,30.3,13.5,16.9
Bude,1,1,2.0,2.6,1987.0,1987.0,1987.0,1987.0,743.1,743.1,743.1,743.1,70.0,70.0,70.0,70.0,7.0,7.0,7.0,7.0,0.9,0.8,0.1,66.6,60.5,6.1,67.9,61.7,6.2
Kingswear,1,1,0.3,0.1,1982.0,1982.0,1982.0,1982.0,97.2,97.2,97.2,97.2,28.0,28.0,28.0,28.0,14.0,14.0,14.0,14.0,0.2,0.1,0.0,11.7,9.7,2.1,12.0,9.8,2.1
Halkirk,1,1,4.5,2.4,1987.0,1987.0,1987.0,1987.0,20114.6,20114.6,20114.6,20114.6,1944.0,1944.0,1944.0,1944.0,2707.0,2707.0,2707.0,2707.0,20.2,15.7,4.6,1518.9,1175.6,343.3,1548.0,1198.1,349.9
Med,1,1,0.3,0.1,1982.0,1982.0,1982.0,1982.0,113.5,113.5,113.5,113.5,50.0,50.0,50.0,50.0,21.0,21.0,21.0,21.0,0.2,0.2,0.0,17.2,14.0,3.1,17.5,14.3,3.2
Butterwick,1,1,0.1,0.1,1986.0,1986.0,1986.0,1986.0,220.0,220.0,220.0,220.0,28.0,28.0,28.0,28.0,91.0,91.0,91.0,91.0,0.3,0.2,0.2,25.3,13.1,12.2,25.8,13.4,12.4
Newcastle,1,1,0.1,0.0,1981.0,1981.0,1981.0,1981.0,395.6,395.6,395.6,395.6,136.0,136.0,136.0,136.0,36.0,36.0,36.0,36.0,0.2,0.1,0.0,11.6,9.2,2.4,11.8,9.3,2.5
Portaferry,1,1,0.0,0.0,1981.0,1981.0,1981.0,1981.0,220.8,220.8,220.8,220.8,45.0,45.0,45.0,45.0,51.0,51.0,51.0,51.0,0.1,0.0,0.0,6.5,3.0,3.4,6.6,3.1,3.5
Porth Colmon,1,1,0.1,0.0,1986.0,1986.0,1986.0,1986.0,667.5,667.5,667.5,667.5,18.0,18.0,18.0,18.0,57.0,57.0,57.0,57.0,0.5,0.1,0.3,34.4,8.3,26.2,35.1,8.4,26.7
Waterfoot,1,1,0.0,0.0,1980.0,1980.0,1980.0,1980.0,98.8,98.8,98.8,98.8,15.0,15.0,15.0,15.0,40.0,40.0,40.0,40.0,0.6,0.0,0.6,46.5,0.9,45.5,47.4,1.0,46.4
Axmouth,1,1,0.0,0.0,1982.0,1982.0,1982.0,1982.0,158.0,158.0,158.0,158.0,28.0,28.0,28.0,28.0,3.0,3.0,3.0,3.0,0.1,0.1,0.0,9.2,8.8,0.4,9.4,8.9,0.4
Muasdale,1,1,0.1,0.0,1988.0,1988.0,1988.0,1988.0,41.2,41.2,41.2,41.2,13.0,13.0,13.0,13.0,0.0,0.0,0.0,0.0,0.0,0.0,0.0,2.3,2.3,0.0,2.4,2.4,0.0
Ballywalter,1,1,0.2,0.0,1988.0,1988.0,1988.0,1988.0,140.0,140.0,140.0,140.0,19.0,19.0,19.0,19.0,0.0,0.0,0.0,0.0,0.2,0.2,0.0,12.0,12.0,0.0,12.2,12.2,0.0
Glenluce,1,1,0.7,0.7,1983.0,1983.0,1983.0,1983.0,654.5,654.5,654.5,654.5,23.0,23.0,23.0,23.0,64.0,64.0,64.0,64.0,0.3,0.1,0.2,20.4,6.1,14.3,20.8,6.2,14.6
Boscastle,1,1,0.1,0.1,1988.0,1988.0,1988.0,1988.0,507.4,507.4,507.4,507.4,54.0,54.0,54.0,54.0,5.0,5.0,5.0,5.0,0.4,0.4,0.0,30.4,27.7,2.7,31.0,28.3,2.8
"Longhope, Hoy",1,1,0.3,0.1,1993.0,1993.0,1993.0,1993.0,893.8,893.8,893.8,893.8,35.0,35.0,35.0,35.0,74.0,74.0,74.0,74.0,0.5,0.2,0.3,37.8,12.2,25.7,38.6,12.4,26.2
Stranraer,1,1,0.8,1.2,1994.0,1994.0,1994.0,1994.0,290.8,290.8,290.8,290.8,20.0,20.0,20.0,20.0,11.0,11.0,11.0,11.0,0.2,0.1,0.1,17.8,11.5,6.3,18.1,11.7,6.4
Frinton-On-Sea,1,1,0.5,0.4,2008.0,2008.0,2008.0,2008.0,351.4,351.4,351.4,351.4,47.0,47.0,47.0,47.0,174.0,174.0,174.0,174.0,0.8,0.7,0.1,59.6,49.2,10.3,60.7,50.2,10.5
Saint Brelade,1,1,1.5,0.7,1996.0,1996.0,1996.0,1996.0,133.5,133.5,133.5,133.5,11.0,11.0,11.0,11.0,2.0,2.0,2.0,2.0,0.5,0.4,0.0,34.7,32.7,2.0,35.3,33.3,2.1
Inverkip,1,1,0.1,0.0,2003.0,2003.0,2003.0,2003.0,121.4,121.4,121.4,121.4,7.0,7.0,7.0,7.0,31.0,31.0,31.0,31.0,0.1,0.0,0.1,8.4,2.8,5.6,8.5,2.8,5.7
Topsham,1,1,1.4,0.9,2003.0,2003.0,2003.0,2003.0,686.6,686.6,686.6,686.6,62.0,62.0,62.0,62.0,9.0,9.0,9.0,9.0,0.6,0.6,0.1,48.3,42.4,5.9,49.2,43.2,6.0
Fishbourne,1,1,0.0,0.0,2003.0,2003.0,2003.0,2003.0,18.8,18.8,18.8,18.8,20.0,20.0,20.0,20.0,13.0,13.0,13.0,13.0,0.1,0.0,0.0,4.3,2.6,1.7,4.4,2.7,1.7
Middleham,1,1,4.3,2.6,2003.0,2003.0,2003.0,2003.0,2029.7,2029.7,2029.7,2029.7,102.0,102.0,102.0,102.0,139.0,139.0,139.0,139.0,1.5,0.6,0.9,109.3,42.7,66.6,111.4,43.5,67.9
Loxley,1,1,0.4,0.3,2003.0,2003.0,2003.0,2003.0,198.8,198.8,198.8,198.8,15.0,15.0,15.0,15.0,13.0,13.0,13.0,13.0,0.1,0.1,0.1,8.9,4.8,4.1,9.1,4.9,4.2
Denby,1,1,0.2,0.1,2003.0,2003.0,2003.0,2003.0,92.3,92.3,92.3,92.3,7.0,7.0,7.0,7.0,6.0,6.0,6.0,6.0,0.1,0.0,0.0,4.1,2.2,1.9,4.2,2.3,1.9
Whitney,1,1,0.6,0.4,2003.0,2003.0,2003.0,2003.0,280.8,280.8,280.8,280.8,19.0,19.0,19.0,19.0,7.0,7.0,7.0,7.0,0.3,0.2,0.1,19.6,14.3,5.3,20.0,14.6,5.4
St. Mary'S (Scilly Isl.),1,1,1.4,0.9,2003.0,2003.0,2003.0,2003.0,684.7,684.7,684.7,684.7,64.0,64.0,64.0,64.0,95.0,95.0,95.0,95.0,0.7,0.5,0.2,52.8,40.4,12.4,53.9,41.2,12.7
Abbotsbury,1,1,6.4,5.5,2003.0,2003.0,2003.0,2003.0,114.0,114.0,114.0,114.0,18.0,18.0,18.0,18.0,12.0,12.0,12.0,12.0,0.7,0.5,0.2,53.0,37.1,15.9,54.0,37.8,16.2
Chickerell,1,1,5.1,1.1,2003.0,2003.0,2003.0,2003.0,1707.0,1707.0,1707.0,1707.0,207.0,207.0,207.0,207.0,60.0,60.0,60.0,60.0,2.0,1.9,0.1,150.7,143.6,7.1,153.6,146.4,7.3
Strangford,1,1,0.4,0.0,1964.0,1964.0,1964.0,1964.0,206.1,206.1,206.1,206.1,28.0,28.0,28.0,28.0,17.0,17.0,17.0,17.0,0.6,0.4,0.2,47.7,31.5,16.2,48.6,32.1,16.5
Islay,1,1,0.4,0.0,1964.0,1964.0,1964.0,1964.0,204.7,204.7,204.7,204.7,13.0,13.0,13.0,13.0,7.0,7.0,7.0,7.0,0.2,0.1,0.1,17.1,8.0,9.2,17.5,8.1,9.4
Cramond,1,1,0.0,0.0,2000.0,2000.0,2000.0,2000.0,255.2,255.2,255.2,255.2,25.0,25.0,25.0,25.0,19.0,19.0,19.0,19.0,0.1,0.1,0.1,9.6,5.5,4.2,9.8,5.6,4.2
Greatham,1,1,0.3,0.5,2000.0,2000.0,2000.0,2000.0,168.9,168.9,168.9,168.9,20.0,20.0,20.0,20.0,49.0,49.0,49.0,49.0,0.2,0.1,0.0,11.4,8.7,2.7,11.6,8.9,2.7
Llansteffan,1,1,0.2,0.3,2001.0,2001.0,2001.0,2001.0,80.1,80.1,80.1,80.1,10.0,10.0,10.0,10.0,22.0,22.0,22.0,22.0,0.1,0.0,0.0,4.3,3.2,1.2,4.4,3.2,1.2
Perranporth,1,1,0.7,1.2,2000.0,2000.0,2000.0,2000.0,292.8,292.8,292.8,292.8,45.0,45.0,45.0,45.0,60.0,60.0,60.0,60.0,0.2,0.2,0.0,15.9,14.1,1.8,16.3,14.4,1.9
Kylesku,1,1,0.0,0.0,1997.0,1997.0,1997.0,1997.0,93.2,93.2,93.2,93.2,13.0,13.0,13.0,13.0,7.0,7.0,7.0,7.0,0.1,0.1,0.0,5.3,4.5,0.9,5.4,4.6,0.9
Kyles Of Bute,1,1,0.1,0.0,1998.0,1998.0,1998.0,1998.0,29.7,29.7,29.7,29.7,5.0,5.0,5.0,5.0,3.0,3.0,3.0,3.0,0.1,0.1,0.0,4.8,4.5,0.4,4.9,4.5,0.4
Ballintoy,1,1,0.5,0.2,1998.0,1998.0,1998.0,1998.0,179.1,179.1,179.1,179.1,26.0,26.0,26.0,26.0,48.0,48.0,48.0,48.0,0.4,0.3,0.1,30.3,24.5,5.8,30.9,24.9,6.0
Port Gaverne,1,1,2.0,3.0,1997.0,1997.0,1997.0,1997.0,710.3,710.3,710.3,710.3,58.0,58.0,58.0,58.0,28.0,28.0,28.0,28.0,0.5,0.3,0.2,34.5,23.0,11.6,35.2,23.4,11.8
Tendring,1,1,1.5,1.6,1998.0,1998.0,1998.0,1998.0,386.8,386.8,386.8,386.8,30.0,30.0,30.0,30.0,5.0,5.0,5.0,5.0,1.4,1.2,0.2,104.5,89.6,14.9,106.5,91.3,15.2
Bassingham,1,1,1.5,1.6,1998.0,1998.0,1998.0,1998.0,375.7,375.7,375.7,375.7,24.0,24.0,24.0,24.0,10.0,10.0,10.0,10.0,1.4,1.0,0.4,101.5,71.7,29.9,103.5,73.0,30.4
Hedon,1,1,1.1,0.4,1986.0,1986.0,1986.0,1986.0,579.4,579.4,579.4,579.4,131.0,131.0,131.0,131.0,60.0,60.0,60.0,60.0,0.6,0.5,0.1,43.9,35.8,8.0,44.7,36.5,8.2
Connahs Quay,1,1,0.1,0.0,2017.0,2017.0,2017.0,2017.0,217.8,217.8,217.8,217.8,17.0,17.0,17.0,17.0,5.0,5.0,5.0,5.0,0.0,0.0,0.0,2.6,2.0,0.6,2.7,2.1,0.6
