Domestic by Arr. Port,n_vys,n_imo,tps_mn_gtnm,tps_mn_dwtnm,aby_vys,aby_flt,aby_gtnm,aby_dwtnm,avd_vys,avd_flt,avd_gtnm,avd_dwtnm,avt_vys,avt_flt,avt_gtnm,avt_dwtnm,apt_vys,apt_flt,apt_gtnm,apt_dwtnm,ene_tj,ene_tj_voy,ene_tj_stop,co2_t,co2_t_voy,co2_t_stop,co2e_t,co2e_t_voy,co2e_t_stop
Aberdeen,2058,386,4779.6,3886.6,2005.4,2006.3,2006.3,2007.4,264.4,635.4,449.4,465.3,25.0,173.9,303.2,346.6,30.0,118.7,178.5,190.6,2764.7,1627.2,1137.4,207310.9,122074.8,85236.1,211291.2,124418.6,86872.6
Belfast,1988,421,11054.1,3776.7,2003.1,2002.3,2003.1,2003.6,145.3,398.7,344.3,288.5,11.0,49.2,2294.8,1335.2,8.0,35.2,10.8,20.2,2864.3,2405.4,458.9,219980.1,184870.6,35109.5,224203.7,188420.1,35783.6
Liverpool,1427,276,4147.6,2321.5,2003.4,2003.8,2004.8,2005.0,144.1,474.0,178.1,199.2,11.0,82.3,37.5,49.6,11.0,69.4,25.4,51.2,1273.8,957.6,316.2,97351.3,73352.7,23998.6,99220.4,74761.1,24459.4
Immingham,980,369,3334.4,4863.3,2003.9,2004.9,2007.1,2007.0,335.3,396.8,421.9,432.2,45.0,92.6,133.1,143.7,22.0,56.8,52.7,53.7,1146.8,768.0,378.8,86140.5,57699.8,28440.7,87794.4,58807.6,28986.8
Tilbury,707,379,915.8,1217.9,2002.3,2003.2,2004.2,2004.7,76.6,190.0,139.2,147.1,15.0,28.2,35.6,33.8,19.0,39.9,43.9,48.7,339.0,195.1,143.9,25560.6,14663.2,10897.4,26051.4,14944.8,11106.6
Peterhead,666,218,1389.6,1346.6,2005.1,2004.4,2007.9,2007.5,308.0,649.3,519.7,475.1,40.0,168.6,301.3,270.9,35.0,98.6,178.5,165.9,864.9,536.6,328.4,64941.4,40285.7,24655.8,66188.3,41059.2,25129.2
Purfleet,588,225,555.0,813.2,2002.5,2005.5,2005.2,2005.2,70.8,130.7,114.0,112.4,9.0,23.9,40.5,32.3,25.0,34.1,35.4,37.2,387.8,146.1,241.6,29433.5,10969.9,18463.6,29998.6,11180.6,18818.1
Thames,573,284,1682.0,2013.8,2008.2,2007.8,2009.7,2009.9,66.0,116.4,77.6,79.9,10.0,25.2,16.4,15.8,18.0,22.8,24.2,25.3,412.4,209.2,203.2,30979.6,15711.3,15268.3,31574.4,16012.9,15561.5
Heysham,530,22,2471.3,923.1,2004.3,2000.9,2004.8,2003.8,143.8,472.7,369.1,362.3,11.0,74.2,87.1,80.5,7.5,60.9,45.6,46.4,683.0,417.0,266.0,52620.0,32090.9,20529.1,53630.3,32707.1,20923.3
Dagenham,523,151,343.8,525.3,1995.3,2003.5,2001.3,2001.3,120.5,183.7,158.4,159.7,15.0,37.3,37.6,35.2,12.0,22.9,22.8,22.9,163.5,103.3,60.2,12309.6,7761.9,4547.8,12546.0,7910.9,4635.1
Teesport,507,282,2042.4,2807.1,2003.6,2004.0,2006.9,2006.5,393.6,574.9,530.1,492.8,31.0,76.2,131.1,127.7,22.0,52.7,114.9,70.5,623.1,371.9,251.2,46763.4,27924.8,18838.6,47661.2,28461.0,19200.3
Broadstairs,496,304,736.5,1076.9,2001.8,2002.8,2006.3,2006.3,84.7,200.0,131.7,140.9,11.0,23.5,37.4,39.8,14.0,40.3,30.6,31.9,282.3,145.8,136.5,21218.9,10972.6,10246.3,21626.3,11183.2,10443.1
Lerwick,469,143,880.8,519.3,1999.2,1999.8,2002.9,2003.5,264.1,758.0,354.3,384.7,31.0,214.9,275.6,340.4,16.0,78.4,71.9,71.4,516.0,401.5,114.4,38743.7,30153.6,8590.1,39487.6,30732.6,8755.0
Avonmouth,461,113,442.0,608.8,2002.6,2004.8,2006.2,2006.8,200.8,287.7,229.5,233.0,24.0,77.0,61.7,53.4,26.0,52.8,45.6,47.1,245.9,155.1,90.7,18628.8,11806.6,6822.3,18986.5,12033.2,6953.2
Grangemouth,439,138,969.3,1267.1,2005.8,2005.1,2006.6,2006.6,249.1,371.1,305.1,312.0,26.0,65.5,62.0,64.5,32.0,37.6,41.7,42.0,497.2,322.4,174.7,37326.8,24206.6,13120.3,38043.5,24671.3,13372.2
Steynton,408,121,1121.3,1603.2,2006.3,2006.2,2007.5,2007.7,198.0,267.0,197.8,191.2,35.0,101.1,71.7,76.7,25.0,56.1,39.8,42.1,586.2,293.1,293.1,44706.2,22324.2,22382.0,45564.6,22752.8,22811.7
Hatston,398,61,1828.7,363.3,1999.6,1998.1,2002.4,2000.1,132.8,262.3,303.4,227.5,11.0,46.3,41.4,44.5,4.0,16.4,22.5,36.0,563.5,437.4,126.1,42500.6,33031.0,9469.6,43316.6,33665.2,9651.4
Tranmere,396,89,1742.1,1502.3,2004.8,2004.3,2005.5,2006.6,139.7,300.3,177.6,182.7,10.0,101.0,74.9,106.3,3.0,63.3,58.1,80.5,583.2,356.0,227.2,44741.2,27271.9,17469.3,45600.2,27795.5,17804.7
Southampton,396,125,1832.6,759.2,2002.9,2003.5,2004.6,2006.4,136.6,372.6,381.6,273.0,33.0,58.1,141.6,94.1,16.0,51.3,21.5,40.7,484.4,403.2,81.2,36613.7,30410.1,6203.6,37316.7,30994.0,6322.7
Mallaig,383,29,109.6,68.4,2006.8,2001.7,1998.5,2003.6,94.1,275.8,232.8,132.3,12.0,34.7,136.8,55.1,12.0,25.5,44.9,36.1,107.0,73.5,33.5,8031.4,5514.8,2516.6,8185.6,5620.7,2564.9
Great Yarmouth,382,153,749.8,755.4,2000.7,2002.7,2004.6,2003.2,353.9,741.8,666.3,654.0,93.0,203.9,381.4,359.8,23.0,138.1,319.3,296.7,548.4,333.1,215.4,41122.1,24960.7,16161.4,41911.7,25439.9,16471.7
Fawley,378,164,2173.6,3344.9,2004.3,2006.1,2005.3,2005.7,190.7,463.6,540.5,528.7,59.5,135.9,247.8,210.6,26.0,49.5,52.5,53.9,875.6,560.6,315.0,66238.7,42164.7,24074.0,67510.5,42974.3,24536.2
Erith,363,182,272.3,387.1,1998.1,2001.0,2001.2,2001.4,134.0,298.6,294.2,297.8,24.0,45.3,62.2,64.5,20.0,23.9,28.1,29.6,103.8,78.6,25.3,7827.8,5917.4,1910.4,7978.1,6031.0,1947.1
Greenock,357,78,1241.0,530.9,1999.6,1999.2,2002.3,2000.3,193.1,307.2,254.4,204.2,19.0,77.0,36.4,29.5,15.0,56.0,17.6,27.6,369.0,283.5,85.5,28171.0,21676.3,6494.7,28711.9,22092.5,6619.4
Oban,344,68,551.5,104.2,1991.5,1993.9,1993.1,1994.4,239.7,349.8,665.9,444.3,24.5,64.8,118.4,142.0,21.0,27.4,82.7,65.4,351.3,196.3,155.0,26397.4,14754.6,11642.8,26904.2,15037.9,11866.3
Shoreham,339,92,117.4,163.9,1994.0,1997.4,1995.1,1994.9,98.4,302.2,140.3,136.4,16.0,50.9,38.6,34.8,20.0,54.0,52.2,47.0,84.3,54.6,29.7,6331.7,4100.7,2231.1,6453.3,4179.4,2273.9
Withernsea,338,158,1385.1,1917.8,1996.7,2002.4,2005.2,2005.5,234.7,546.7,372.2,321.3,31.5,148.3,379.2,244.1,19.0,53.0,105.8,103.6,790.3,373.9,416.4,59254.3,27991.2,31263.1,60392.0,28528.7,31863.3
Hull,331,155,355.8,403.3,2001.8,2001.9,2000.5,2002.1,254.7,478.9,339.6,346.5,33.0,207.7,216.9,153.0,24.0,80.4,74.4,76.5,268.3,198.3,70.0,20157.5,14901.3,5256.2,20544.5,15187.5,5357.1
Silvertown,320,50,190.0,288.5,1992.3,1997.9,1995.6,1995.2,123.5,249.0,163.7,161.9,19.0,88.2,37.7,32.4,6.0,58.1,31.4,30.4,92.6,68.1,24.6,6971.8,5122.4,1849.3,7105.6,5220.8,1884.8
Itchen,319,97,368.3,213.7,1997.3,2002.9,2004.4,2000.1,104.1,236.8,138.6,133.3,18.0,51.2,36.7,38.4,14.0,45.2,24.0,28.4,131.9,92.4,39.5,9952.2,6967.0,2985.1,10143.3,7100.8,3042.5
Tees,300,178,1350.1,2182.1,2004.1,2005.4,2008.6,2008.9,235.6,446.8,343.2,338.9,39.0,90.9,157.8,150.1,26.0,97.8,66.8,58.1,477.3,304.2,173.1,35889.5,22882.1,13007.3,36578.5,23321.5,13257.1
Gravesend,297,64,196.5,236.1,2002.3,1999.0,1998.4,2001.8,109.5,258.0,253.3,240.9,29.0,112.6,64.8,50.9,18.0,34.9,21.2,22.4,116.0,87.7,28.3,8711.8,6583.9,2127.9,8879.1,6710.4,2168.7
Buchan,293,102,798.8,849.3,2007.8,2007.8,2009.3,2009.3,239.8,738.7,543.8,515.8,49.0,269.1,717.6,741.4,21.0,31.9,35.0,32.8,428.5,387.3,41.1,32035.0,28956.3,3078.7,32650.0,29512.3,3137.8
Warrenpoint,285,58,902.0,412.6,2006.9,2004.9,2009.8,2007.9,167.9,308.8,296.1,311.1,12.0,43.0,40.4,49.7,13.0,41.1,26.5,34.1,230.8,149.2,81.7,17797.5,11505.6,6291.9,18139.3,11726.6,6412.7
Etrick Field,278,118,995.7,1150.7,2005.9,2006.8,2007.9,2006.7,273.5,643.6,715.7,721.0,53.5,201.0,940.2,859.4,17.5,40.0,37.0,32.1,422.9,385.6,37.3,31753.5,28952.2,2801.3,32363.1,29508.0,2855.1
Lowestoft,270,89,394.3,590.2,1993.5,1996.7,2001.2,2004.3,214.3,640.6,333.4,306.9,33.0,200.2,464.9,337.3,19.0,121.9,94.6,65.0,240.5,177.0,63.6,18063.7,13290.7,4773.1,18410.6,13545.9,4864.7
Kyle Of Lochalsh,267,52,54.1,38.9,2000.6,1998.4,1992.9,1996.8,169.8,266.9,268.0,227.2,30.0,44.7,77.7,84.0,33.0,42.9,64.0,60.7,142.7,78.4,64.3,10715.1,5884.1,4831.0,10920.9,5997.1,4923.8
Caister On Sea,267,51,284.7,361.7,1993.1,2000.9,2002.5,2002.7,119.7,383.6,203.4,176.2,13.0,73.1,87.7,67.2,1.0,43.4,79.6,90.2,88.3,74.3,14.0,6584.2,5562.8,1021.4,6710.6,5669.6,1041.0
Plymouth,264,127,1127.9,473.6,2001.2,1999.8,2003.7,2003.7,295.1,502.4,534.3,281.7,38.0,155.4,60.0,51.3,23.0,38.8,11.7,29.8,350.4,304.8,45.6,26625.4,23203.2,3422.2,27136.6,23648.7,3487.9
Grimsby,258,97,648.0,567.6,1999.9,2000.1,2002.4,2004.9,263.7,555.6,328.2,378.8,77.0,280.1,145.4,177.5,21.5,78.3,34.6,35.4,241.0,185.4,55.5,18095.5,13925.4,4170.2,18443.0,14192.7,4250.2
Milford Haven,254,61,625.9,630.5,2006.5,2007.0,2005.1,2010.5,121.8,224.2,306.4,278.4,29.0,84.0,59.0,88.8,37.0,60.3,69.0,72.7,272.3,102.6,169.7,20760.4,7792.7,12967.7,21159.0,7942.3,13216.7
Scrabster,249,87,347.0,288.9,1994.3,1996.6,2005.2,2006.5,416.0,544.3,549.7,582.4,66.0,106.0,297.6,298.8,12.0,30.5,25.0,23.1,212.6,176.3,36.3,15979.0,13250.4,2728.6,16285.8,13504.8,2781.0
Eastham,246,123,261.3,361.3,2001.6,2003.1,2005.9,2006.0,148.1,604.7,281.3,279.1,49.5,117.4,185.4,97.7,17.0,31.6,48.1,40.1,191.1,133.4,57.6,14412.5,10082.6,4330.0,14689.2,10276.1,4413.1
Portbury,245,146,1450.6,974.9,2004.5,2005.3,2005.1,2004.5,117.6,324.8,187.4,195.0,23.0,82.8,45.8,44.5,21.0,28.7,23.4,30.0,236.3,166.8,69.5,18101.4,12743.6,5357.8,18449.0,12988.3,5460.7
Portsmouth,240,57,774.1,177.5,2000.9,1996.6,2002.8,2002.2,135.9,413.1,534.4,223.6,34.0,73.7,61.1,70.1,26.0,88.6,30.9,74.3,334.0,243.5,90.5,25274.6,18482.7,6791.9,25759.9,18837.6,6922.3
Newport,231,148,212.0,309.6,1999.1,2001.5,2001.7,2001.9,285.1,335.9,329.0,331.4,39.0,54.7,81.2,80.3,35.0,55.8,63.9,64.1,83.8,61.8,22.0,6329.8,4673.3,1656.5,6451.4,4763.1,1688.3
White Hill Point,222,84,822.6,587.5,2003.5,2003.2,2004.2,2007.9,193.8,314.5,315.8,327.4,28.0,91.4,48.9,52.5,18.5,48.6,45.8,86.2,227.6,184.0,43.7,17113.5,13834.9,3278.6,17442.0,14100.5,3341.5
Howdon,221,67,892.0,488.6,2003.5,2005.3,2008.7,2008.1,132.8,270.8,277.8,289.9,24.0,56.0,60.3,75.3,30.0,44.9,43.2,69.9,142.9,91.3,51.6,10741.7,6867.3,3874.3,10947.9,6999.2,3948.7
Goole,208,134,89.0,128.6,1997.0,1997.4,1997.1,1997.1,120.3,210.1,205.4,204.9,12.0,47.2,49.5,49.6,35.0,43.1,41.3,41.0,45.3,29.4,15.9,3398.9,2205.6,1193.2,3464.1,2248.0,1216.2
Saint Leonards-On-Sea,207,29,131.5,207.9,1992.4,1994.8,1996.4,1996.3,122.3,404.0,154.0,151.4,14.0,64.7,30.0,26.3,1.0,7.7,2.1,2.0,47.4,46.1,1.3,3561.9,3462.6,99.2,3630.2,3529.1,101.1
Cliffe,204,58,199.4,305.7,1997.8,2002.9,2003.8,2003.6,123.1,270.5,228.7,227.6,16.0,32.1,23.1,22.2,5.0,19.8,21.1,21.1,63.6,40.8,22.8,4776.0,3062.5,1713.4,4867.7,3121.3,1746.3
Stornoway Harbor,204,46,692.0,205.6,2004.9,1998.5,2008.1,2005.7,266.0,355.5,751.1,485.8,27.0,36.3,52.6,52.3,28.0,29.5,48.1,39.1,238.9,139.8,99.1,18297.9,10708.3,7589.6,18649.2,10913.9,7735.3
Neyland,203,28,309.6,73.8,2005.4,2002.4,1997.5,1998.6,83.3,165.4,398.0,264.4,37.0,44.1,125.7,131.4,34.0,99.7,7.6,24.8,132.6,108.0,24.6,10059.4,8208.9,1850.5,10252.6,8366.5,1886.1
Flushing,202,152,989.3,1479.3,2002.1,2001.8,2007.1,2008.3,214.7,441.6,277.3,277.9,37.0,139.5,159.2,151.2,21.0,91.2,64.7,61.2,460.5,303.7,156.9,34620.7,22843.1,11777.6,35285.5,23281.7,12003.7
Fraserburgh,193,88,198.8,217.6,1993.9,1999.6,2003.7,2003.5,282.4,938.7,641.2,719.1,77.0,279.5,657.7,500.0,88.0,170.5,205.8,118.6,240.6,152.9,87.8,18070.1,11480.1,6590.0,18417.0,11700.5,6716.5
Campbeltown,191,71,119.2,99.7,1996.0,1996.4,1995.7,2001.2,170.2,384.9,366.4,307.6,34.0,184.9,242.1,125.6,20.0,33.9,38.5,41.6,96.8,76.8,19.9,7298.9,5789.9,1509.0,7439.0,5901.1,1537.9
Montrose,188,84,613.5,443.2,2006.7,2004.3,2010.1,2009.9,307.2,498.9,682.9,627.0,33.5,82.6,193.0,178.0,71.0,113.5,245.6,237.6,243.9,156.9,87.0,18311.0,11780.9,6530.0,18662.5,12007.1,6655.4
Cowes,186,56,233.4,91.7,1998.7,1998.2,1997.1,1998.2,244.9,917.1,478.4,238.3,24.0,134.3,284.5,104.5,21.0,63.2,311.1,144.7,129.6,64.5,65.2,9733.1,4840.1,4893.0,9920.0,4933.0,4987.0
Stanlow,177,86,262.9,373.2,2005.2,2005.8,2006.2,2006.1,161.9,216.5,230.7,226.8,31.0,46.3,60.5,60.1,34.0,40.3,43.4,44.0,197.0,94.6,102.5,14871.4,7176.8,7694.5,15156.9,7314.6,7842.3
Sheerness,172,81,712.3,418.7,2005.6,2004.5,2007.1,2006.8,153.0,411.6,400.5,413.8,41.0,179.3,63.2,71.1,28.0,40.2,29.1,57.7,116.2,90.7,25.6,8770.0,6850.9,1919.1,8938.4,6982.4,1956.0
Catterline,167,84,816.3,973.9,2008.1,2006.4,2008.4,2007.6,438.6,1112.4,990.6,1023.5,79.0,370.9,900.1,837.4,20.0,37.0,36.5,32.4,426.6,384.5,42.1,32028.4,28870.3,3158.1,32643.4,29424.6,3218.7
Cardiff,165,53,116.1,151.1,1996.2,1999.5,1999.4,2000.6,112.1,288.4,162.0,162.2,18.0,44.1,46.7,48.0,20.0,45.1,32.1,34.1,68.4,41.6,26.8,5170.6,3153.1,2017.4,5269.8,3213.7,2056.2
Staxigoe,165,74,215.5,159.7,2000.0,2000.2,2007.8,2006.7,123.5,691.2,203.9,168.2,24.0,98.7,179.0,194.9,16.0,32.3,63.4,53.9,139.9,113.6,26.3,10495.4,8522.0,1973.4,10696.9,8685.6,2011.3
Ipswich,162,113,163.0,246.1,2000.2,2000.9,2003.2,2003.4,235.0,453.0,345.8,343.8,32.5,92.0,71.2,66.8,38.5,52.5,52.1,51.8,64.6,53.7,10.9,4861.0,4040.2,820.9,4954.4,4117.8,836.6
Harwich,159,67,408.7,629.4,2004.5,2003.2,2008.7,2009.4,172.2,493.5,732.9,1008.4,39.0,166.1,116.5,64.0,41.0,61.6,227.1,243.6,135.9,87.9,48.0,10221.9,6600.2,3621.7,10418.2,6726.9,3691.3
Portland Uk,154,84,714.7,963.2,2005.4,2005.0,2006.9,2008.0,95.7,343.7,311.5,344.9,14.5,80.6,109.7,112.2,11.0,32.1,29.3,36.0,179.8,117.7,62.1,13570.1,8905.3,4664.8,13830.7,9076.3,4754.3
Blyth,148,88,157.1,137.1,2002.6,2002.5,2006.5,2004.8,148.7,254.8,284.0,246.7,23.0,77.9,207.0,172.4,19.0,53.2,221.1,159.5,101.3,73.6,27.6,7601.7,5527.0,2074.7,7747.7,5633.1,2114.6
Rosehearty,145,100,608.1,597.1,2005.1,2004.2,2008.2,2005.5,340.5,666.6,596.2,550.6,44.0,154.2,324.7,358.6,14.0,30.2,33.1,27.9,188.4,158.1,30.3,14163.8,11888.8,2275.0,14435.8,12117.1,2318.7
Liverpool Bay Terminal,143,57,141.2,211.4,2003.9,2003.2,2004.1,2003.8,151.9,273.7,264.6,278.0,21.0,65.7,65.4,59.1,8.0,39.4,30.4,29.5,60.9,45.2,15.6,4590.3,3414.4,1175.9,4678.4,3479.9,1198.5
Baltasound,140,63,182.0,193.8,1989.4,1995.4,2005.4,2006.4,451.8,1014.4,803.9,833.1,72.0,224.3,2524.2,3117.7,15.0,32.5,63.4,71.4,153.5,141.0,12.5,11525.5,10588.8,936.8,11746.8,10792.1,954.7
Castletown,140,72,430.8,262.3,2001.4,2001.8,1999.8,2002.2,124.2,288.5,446.0,342.3,20.0,142.3,241.4,180.8,11.0,54.7,104.3,128.2,185.7,150.8,34.9,14139.6,11504.7,2634.8,14411.1,11725.6,2685.4
Glasgow,140,71,92.1,133.1,2003.0,2004.6,2003.7,2005.1,120.3,197.5,167.1,158.4,18.5,37.1,45.5,39.4,30.5,45.8,57.2,60.2,41.3,29.5,11.8,3139.2,2246.6,892.6,3199.5,2289.8,909.7
Kilroot,139,57,58.0,82.6,1995.9,2001.2,2000.8,2001.2,109.3,134.3,162.8,161.8,18.0,25.5,33.5,33.0,7.0,10.2,11.0,11.1,20.4,17.4,3.0,1547.8,1322.3,225.5,1577.5,1347.7,229.8
"Scalpay, Outer Hebridies",139,24,60.8,33.4,2005.5,2003.5,2002.2,2004.0,105.1,330.3,338.1,196.1,15.0,43.8,59.1,57.0,12.0,27.6,33.6,23.2,50.2,30.2,20.0,3768.3,2266.7,1501.5,3840.6,2310.3,1530.4
Invergordon,137,79,560.7,149.1,2003.7,2004.1,2004.9,2005.9,193.5,298.1,243.1,243.1,28.0,81.1,92.2,185.8,26.0,63.9,31.2,45.0,171.7,134.5,37.2,12917.6,10122.7,2794.9,13165.6,10317.1,2848.5
Glensanda,134,39,961.8,1614.3,1988.6,1997.0,1990.3,1990.3,263.1,313.3,573.8,588.0,33.0,85.4,66.2,66.4,14.0,16.3,23.5,23.6,116.5,107.5,9.0,8871.8,8183.5,688.2,9042.1,8340.7,701.5
Hartlepool,133,91,206.8,303.8,2002.4,2002.5,2007.3,2008.1,209.1,373.1,391.6,414.8,32.0,70.0,116.5,109.9,31.0,58.6,80.0,65.7,91.4,55.9,35.5,6871.0,4204.2,2666.8,7002.9,4284.9,2718.0
Runcorn,132,92,54.7,79.1,2000.2,2001.5,2001.7,2001.6,47.3,125.8,138.5,136.3,8.0,19.7,43.0,43.0,29.5,41.6,29.9,29.7,36.3,20.8,15.4,2741.9,1581.1,1160.8,2794.5,1611.5,1183.1
Felixstowe,132,78,394.7,464.8,2003.7,2004.5,2008.8,2008.6,173.9,260.2,126.4,131.6,27.0,130.3,47.8,46.1,27.0,78.3,39.8,36.9,113.4,73.6,39.8,8518.1,5529.0,2989.1,8681.7,5635.2,3046.5
Barrow-In-Furness,131,58,569.8,248.4,2007.7,2005.6,2005.5,2004.7,352.5,1054.5,721.3,555.3,39.0,140.8,112.4,110.4,28.0,193.8,89.5,132.4,205.4,148.7,56.7,15684.1,11382.5,4301.7,15985.3,11601.0,4384.3
"Maryfield, Bressay",131,86,1202.5,1556.4,1999.9,1999.7,2003.0,2003.3,501.5,1066.4,691.6,794.1,54.0,257.6,470.2,417.4,11.0,33.8,88.8,112.1,413.6,320.9,92.6,31077.5,24120.4,6957.1,31674.2,24583.5,7090.7
Leith,130,78,252.8,119.4,1997.4,2001.7,2007.0,2004.6,160.3,441.8,446.6,421.1,51.0,156.1,240.4,451.7,69.5,154.6,133.3,192.4,139.2,92.2,47.0,10479.3,6950.7,3528.7,10680.5,7084.1,3596.4
Craignure,127,50,209.7,54.7,1985.7,1990.8,1989.4,1990.8,253.9,466.1,970.2,393.0,24.0,55.9,1040.8,409.0,10.0,16.2,8.4,18.8,87.3,72.1,15.2,6553.8,5414.6,1139.2,6679.6,5518.6,1161.1
Kirkwall,124,32,58.2,22.6,1993.5,1989.6,1990.4,1991.6,218.0,485.7,505.7,472.6,40.0,128.1,431.6,424.3,35.0,49.5,64.2,61.5,99.1,71.1,28.1,7444.0,5336.8,2107.1,7586.9,5439.3,2147.6
Upnor,124,39,104.6,161.0,1996.1,2005.4,2001.4,2001.8,114.9,622.1,268.2,267.5,21.0,91.5,75.1,69.9,9.5,62.6,41.2,42.3,44.2,35.9,8.4,3335.1,2707.5,627.6,3399.1,2759.4,639.7
Londonderry,123,90,276.3,416.8,2003.8,2004.4,2006.9,2007.1,267.0,366.2,321.5,315.9,37.0,51.0,65.8,66.1,32.0,42.6,51.2,48.9,83.9,58.4,25.4,6389.4,4455.7,1933.7,6512.1,4541.3,1970.8
Poole,121,43,54.4,67.9,1997.8,1996.2,1995.6,1998.8,99.3,379.6,170.9,163.3,23.0,94.8,59.8,57.9,14.0,65.8,53.1,60.1,50.1,36.9,13.3,3767.4,2772.1,995.4,3839.8,2825.3,1014.5
Stromness,121,32,44.2,20.5,1995.8,1994.6,1995.4,1994.9,183.4,395.6,353.3,369.6,34.0,150.8,316.0,379.8,34.0,75.6,44.2,56.2,91.2,69.5,21.8,6848.3,5215.1,1633.3,6979.8,5315.2,1664.6
Larne,120,17,675.5,142.1,2001.3,1999.3,2001.0,2001.0,172.0,305.5,547.4,353.2,20.5,76.1,121.5,94.5,13.0,29.1,38.8,39.2,252.4,162.6,89.7,19345.8,12466.9,6878.9,19717.2,12706.2,7011.0
Dundee,120,68,328.3,218.1,2002.4,2002.0,2001.5,2004.1,233.8,570.0,398.2,503.4,49.5,98.8,111.6,123.5,32.0,76.0,210.5,270.0,164.8,87.3,77.5,12392.1,6572.8,5819.3,12630.0,6699.0,5931.0
Oulton Broad,119,22,73.1,101.9,1991.8,1999.4,1995.2,1994.8,119.6,535.7,167.2,153.3,13.0,180.1,153.0,97.5,2.0,6.7,3.8,2.9,43.9,39.4,4.5,3298.3,2958.1,340.3,3361.7,3014.9,346.8
Scapa Bay,117,56,1081.3,1895.8,2001.6,2005.6,2007.4,2007.6,385.4,529.7,467.1,473.7,43.0,136.4,128.5,123.6,35.0,55.7,104.2,107.0,468.7,177.8,290.9,35246.1,13403.9,21842.2,35922.8,13661.3,22261.6
Nigg,114,70,280.5,281.0,2008.0,2006.8,2008.0,2007.7,228.2,551.4,333.0,431.9,42.0,163.6,1042.4,1304.0,33.5,85.7,120.6,121.7,158.7,113.1,45.6,11915.4,8496.5,3418.9,12144.2,8659.6,3484.5
Gunness,114,96,84.9,123.0,1999.6,1999.0,2000.2,2000.2,213.9,336.1,348.5,353.8,9.0,25.2,54.8,55.0,48.0,68.3,82.0,82.2,29.1,13.4,15.7,2185.1,1004.0,1181.1,2227.0,1023.3,1203.7
Holyhead,114,50,116.6,68.2,2001.5,2001.1,2000.1,2000.1,118.4,247.3,220.5,178.2,14.0,88.2,68.7,122.5,15.0,20.6,20.1,24.5,61.4,41.6,19.8,4651.3,3150.5,1500.8,4740.6,3211.0,1529.6
Chatham,113,53,60.3,84.3,1996.2,1997.6,1998.4,1999.7,105.0,241.7,250.8,247.5,23.0,53.8,197.8,189.9,36.0,77.7,86.4,78.4,58.1,29.6,28.5,4364.4,2225.4,2139.0,4448.2,2268.2,2180.1
Thamesport,112,47,672.5,1101.9,1999.4,2001.6,1995.0,1994.3,289.1,202.7,405.6,418.8,21.0,49.0,61.3,63.0,17.5,36.5,42.8,44.2,130.6,92.2,38.4,9831.0,6947.7,2883.2,10019.7,7081.1,2938.6
Swansea,109,54,110.4,120.9,1994.3,1997.3,1999.5,2001.8,325.6,458.9,381.6,355.7,32.0,66.6,103.5,79.6,36.0,104.5,129.1,106.7,76.6,40.3,36.4,5771.6,3036.1,2735.4,5882.4,3094.4,2787.9
Port Ellen,108,18,429.3,89.7,1983.4,1983.9,2005.5,2001.4,381.9,434.7,1533.4,653.9,38.0,42.2,323.0,238.2,24.0,30.0,63.8,66.8,236.0,183.0,53.0,18060.8,14022.6,4038.2,18407.6,14291.8,4115.7
Lochboisdale,107,24,92.0,20.4,1996.1,1996.0,1990.8,1991.9,163.8,440.5,674.1,267.7,16.0,57.1,211.7,145.4,17.0,37.0,23.5,26.1,68.2,53.9,14.3,5120.4,4044.6,1075.9,5218.8,4122.2,1096.5
Dulas Bay,107,96,509.9,822.3,2003.9,2003.8,2006.8,2006.7,180.7,277.5,275.8,273.3,19.0,30.4,63.5,57.7,24.0,45.4,76.4,70.8,169.9,59.3,110.7,13038.4,4526.4,8512.0,13288.8,4613.3,8675.4
New Holland,107,81,79.0,102.1,2001.6,2001.7,2000.4,2002.1,182.5,411.7,256.3,234.9,28.0,98.1,174.2,102.7,35.0,229.8,312.2,199.6,77.2,34.8,42.3,5793.3,2616.8,3176.6,5904.6,2667.0,3237.6
Newhaven/Edinburgh,103,56,389.2,110.6,1996.2,2000.5,2005.2,1996.8,203.6,307.8,283.3,369.3,32.0,89.8,57.0,122.8,23.0,43.8,23.2,41.8,129.4,97.2,32.2,9720.6,7301.2,2419.4,9907.2,7441.3,2465.9
Grutness,103,44,569.4,618.4,1999.4,1999.4,2000.8,2002.2,331.2,478.3,547.5,624.1,22.0,91.7,80.2,85.1,7.0,17.2,17.6,21.4,126.3,94.8,31.5,9493.0,7126.4,2366.6,9675.2,7263.2,2412.1
Inverness,101,27,92.2,136.3,2000.6,2002.7,2001.0,2001.8,383.0,368.5,394.2,375.4,48.0,47.9,45.9,47.8,12.0,41.2,66.0,22.6,59.5,34.0,25.5,4464.6,2550.8,1913.9,4550.3,2599.7,1950.6
Lybster,101,48,100.5,80.5,2006.2,2007.2,2008.7,2007.9,170.4,392.0,396.8,384.1,28.0,110.6,311.1,283.1,27.0,30.5,44.7,43.8,61.3,48.4,12.9,4597.5,3632.5,965.0,4685.7,3702.2,983.5
Scalloway,100,31,52.0,39.4,2002.1,2001.5,2008.1,2005.6,334.1,917.0,700.9,558.3,49.0,265.6,880.6,632.0,31.5,164.5,529.4,361.6,63.4,39.3,24.1,4764.2,2954.2,1810.0,4855.6,3010.9,1844.7
Rosyth,98,60,305.6,201.2,1998.0,2000.3,1999.0,2000.8,191.3,405.5,463.7,552.7,38.0,82.7,100.3,99.4,17.0,92.8,900.3,1252.8,113.7,79.0,34.7,8555.7,5950.2,2605.5,8720.0,6064.4,2655.5
Kings Lynn,98,65,38.5,57.4,1999.6,2001.4,2001.9,2001.6,157.4,181.7,169.9,172.4,21.0,31.3,39.2,42.0,43.0,51.7,47.9,48.4,18.1,14.1,4.0,1361.7,1060.4,301.2,1387.8,1080.8,307.0
Milton,97,32,100.8,121.6,1995.5,1999.1,2003.0,2002.0,79.7,678.0,281.8,253.7,10.0,186.9,874.2,918.6,2.0,48.9,63.6,56.6,77.6,70.9,6.7,5826.4,5322.8,503.6,5938.3,5425.0,513.2
Ellesmere,97,53,64.7,90.4,1998.6,2002.1,2000.4,2000.5,140.5,261.7,227.9,223.0,27.0,48.8,91.2,88.9,18.0,33.4,25.9,26.4,36.8,29.0,7.8,2780.6,2192.3,588.3,2834.0,2234.4,599.6
Braefoot,95,35,462.4,545.0,2001.0,2007.4,2012.3,2012.4,164.0,347.4,495.1,503.5,56.0,72.4,86.9,86.4,28.0,34.4,28.0,27.6,108.8,82.0,26.7,8186.4,6181.1,2005.4,8343.6,6299.7,2043.9
North Cove,94,71,800.9,1392.4,2002.1,2003.4,2007.2,2007.3,238.7,286.4,327.7,339.1,26.0,52.5,75.7,75.7,20.0,54.0,70.3,71.3,138.4,97.5,40.9,10396.8,7325.4,3071.3,10596.4,7466.1,3130.3
Bruray Out Skerries,92,60,469.4,602.2,1996.3,1998.5,2007.8,2008.7,556.5,1457.1,1094.5,1070.8,67.5,381.2,1530.0,1472.7,17.0,55.2,54.5,42.1,204.6,186.5,18.0,15373.8,14021.5,1352.3,15669.0,14290.8,1378.2
Teignmouth,92,68,66.4,97.9,1997.2,1999.3,2000.2,2000.4,309.8,321.6,330.9,333.0,41.5,51.8,58.0,58.3,40.0,50.7,47.9,48.1,24.7,20.7,4.0,1854.8,1558.0,296.7,1890.4,1587.9,302.4
Ullapool,90,41,474.7,84.4,1999.5,1990.5,2010.0,2008.1,366.7,691.5,643.1,590.3,29.5,160.6,167.6,181.5,13.0,52.8,32.0,36.6,175.0,134.6,40.5,13415.4,10310.1,3105.3,13673.0,10508.0,3164.9
Uig,88,23,266.0,41.9,2006.0,2001.4,2001.7,2002.5,256.3,331.6,1233.1,537.6,34.5,63.4,97.0,96.2,16.5,19.3,117.3,103.1,161.3,86.1,75.2,12114.3,6467.5,5646.9,12346.9,6591.6,5755.3
Saint Combs And Charleston,86,39,220.0,206.1,2005.1,2003.0,2007.0,2006.6,281.1,543.1,448.0,423.2,37.0,109.8,189.2,206.1,22.0,26.8,29.5,24.6,84.7,63.7,21.0,6343.3,4768.8,1574.5,6465.1,4860.4,1604.7
Whitstable,85,59,62.7,88.1,1997.2,1998.1,2000.8,2000.4,212.8,370.8,331.8,331.4,31.0,44.2,70.9,67.3,14.0,25.6,20.4,20.9,26.9,25.2,1.7,2019.0,1893.2,125.7,2057.7,1929.6,128.1
Dungeness,85,39,130.3,170.7,2000.0,1997.7,2002.6,2002.7,218.9,507.8,351.7,311.9,24.0,47.2,108.2,88.9,4.0,25.7,5.2,4.8,42.4,37.4,5.0,3152.6,2777.5,375.1,3213.1,2830.8,382.3
Pennan,85,67,356.0,455.2,2007.8,2007.1,2008.4,2007.7,331.1,887.6,779.4,799.8,57.0,248.7,1274.3,1163.2,13.0,25.7,53.2,61.9,170.1,154.0,16.0,12761.7,11557.3,1204.4,13006.7,11779.2,1227.5
Dover,82,54,444.1,82.5,1999.7,2000.8,1996.5,1996.6,243.3,443.1,359.0,354.4,32.0,64.6,67.9,146.8,12.0,27.8,16.6,30.3,135.3,111.2,24.1,10191.0,8382.1,1808.9,10386.7,8543.0,1843.7
Lochmaddy,79,15,223.7,33.8,2001.6,2003.3,2000.9,2001.1,271.8,278.6,1330.0,846.6,38.0,43.2,194.0,188.4,19.0,38.4,22.1,22.5,145.8,123.5,22.3,10948.5,9270.5,1678.1,11158.8,9448.5,1710.3
Lochinver,79,27,20.5,15.5,1997.9,1998.0,1997.5,1996.9,240.3,837.4,535.2,466.6,53.0,170.1,402.0,374.7,21.0,63.1,122.1,113.5,44.6,30.0,14.6,3349.7,2255.9,1093.8,3414.1,2299.3,1114.8
Macduff,78,60,828.6,1439.7,2001.3,2001.6,2003.2,2003.1,346.6,996.9,451.9,464.3,41.5,330.4,104.1,91.4,37.0,108.8,63.9,64.4,229.1,107.9,121.2,17221.1,8116.9,9104.2,17551.7,8272.7,9279.0
Carron,77,11,10.7,8.6,1979.2,1999.1,1974.7,1975.6,122.8,115.3,199.5,187.0,25.0,22.5,60.7,52.7,14.0,12.7,40.3,38.0,16.4,12.1,4.3,1234.3,908.1,326.2,1258.0,925.6,332.4
Bedhampton,77,3,10.2,15.1,1989.7,1991.7,1990.0,1989.8,71.2,63.2,85.4,85.0,13.0,12.7,40.8,38.5,14.0,11.3,49.5,52.7,12.3,6.8,5.5,920.4,508.4,412.0,938.1,518.2,419.9
Sunderland,76,66,66.9,86.1,1999.2,1998.8,2000.9,2000.2,191.9,340.4,315.9,325.0,30.0,73.3,93.6,73.5,34.0,90.9,75.0,71.1,41.0,24.7,16.3,3076.5,1854.1,1222.4,3135.5,1889.7,1245.9
Fishnish,76,28,50.4,20.1,1995.1,1996.1,1995.0,1996.5,246.5,612.4,458.4,315.3,28.5,83.7,171.7,164.4,13.0,29.9,47.1,49.0,42.7,30.6,12.1,3207.5,2298.3,909.2,3269.1,2342.4,926.7
Hound Point Terminal,74,36,2535.0,2454.1,2005.5,2008.4,2012.2,2012.2,242.5,409.0,565.0,468.8,43.0,85.2,96.3,138.1,35.5,74.4,31.8,50.4,436.4,292.3,144.2,32946.3,22122.9,10823.3,33578.8,22547.7,11031.2
Fairisle,73,34,366.9,396.4,1998.4,2001.4,2002.4,2002.3,356.4,589.1,616.3,578.1,29.0,143.9,92.2,78.1,10.0,14.2,54.0,76.1,91.3,69.6,21.7,6855.2,5226.7,1628.6,6986.9,5327.0,1659.8
Brodick,72,23,330.7,105.6,1987.9,1994.4,1993.7,1999.4,221.8,840.6,1068.2,387.5,22.0,122.2,1456.8,693.1,20.5,30.9,51.3,38.7,172.4,150.8,21.6,12954.3,11335.6,1618.7,13203.1,11553.3,1649.8
Burntisland,71,29,38.1,33.8,2001.8,2002.5,2010.1,2009.0,189.7,218.1,317.4,309.1,52.0,175.0,386.8,332.7,60.0,86.1,90.2,87.7,52.0,26.6,25.4,3902.7,1993.7,1908.9,3977.6,2032.0,1945.6
Ramsgate,71,33,16.3,16.8,1999.4,2002.5,2002.1,2004.8,119.8,263.3,130.8,113.8,24.0,76.6,97.8,45.8,15.0,34.5,18.6,12.3,20.1,15.8,4.3,1509.6,1185.9,323.7,1538.6,1208.7,330.0
Ardyne,70,18,127.3,186.8,2009.5,2002.2,2007.1,2006.9,207.2,285.9,543.2,576.8,21.5,118.1,94.8,96.1,31.5,42.0,85.2,87.7,51.6,33.0,18.6,3911.2,2498.3,1412.9,3986.3,2546.3,1440.0
North Ronaldsay,69,46,120.1,115.2,2003.4,2005.2,2006.1,2006.2,271.3,324.4,348.5,325.8,44.0,70.5,103.7,99.0,10.0,21.1,37.1,32.6,58.6,51.1,7.4,4399.8,3843.1,556.7,4484.2,3916.9,567.4
Tobermory,69,34,180.1,30.3,1992.2,1988.1,1987.2,1985.7,239.3,472.9,353.7,343.0,30.0,67.2,73.1,92.1,9.0,20.7,9.0,11.8,77.8,62.4,15.3,5898.3,4732.7,1165.6,6011.6,4823.6,1187.9
Finnart,68,25,211.3,360.5,2003.1,2004.8,2004.5,2004.6,117.3,203.0,271.0,275.9,48.5,74.1,185.7,187.6,32.0,33.2,33.0,31.8,103.8,71.1,32.7,7873.0,5371.9,2501.1,8024.2,5475.0,2549.2
Cullivoe,68,31,66.2,105.3,1995.5,1992.0,2007.3,2008.4,310.9,529.7,674.6,734.4,72.5,158.4,90.1,73.0,7.5,23.2,18.6,20.7,38.6,28.5,10.1,2901.7,2142.7,759.0,2957.4,2183.8,773.6
"Ham Voe, Foula",68,35,214.0,271.4,2001.2,1999.4,2004.8,2004.6,287.3,437.0,580.4,589.4,43.0,107.4,140.3,124.6,20.0,29.1,26.3,20.3,65.6,55.7,9.8,4922.1,4185.2,736.9,5016.6,4265.5,751.0
Chapel Saint Leonards,68,39,60.9,80.8,1998.3,1999.2,1994.9,1994.8,190.6,405.1,243.5,213.1,19.5,68.9,91.5,64.6,4.5,16.5,14.7,12.5,22.8,18.4,4.3,1707.3,1382.3,325.0,1740.1,1408.8,331.2
Dunrossness And Fair Isle,68,20,173.4,34.6,2000.4,1999.0,2001.9,2002.1,251.7,325.6,364.1,340.3,17.5,51.8,55.7,57.6,6.5,14.7,6.5,9.7,66.0,51.9,14.1,4953.2,3893.0,1060.2,5048.3,3967.8,1080.5
Eastbourne,67,25,55.3,82.6,1999.7,1997.7,2003.9,2004.3,145.6,288.9,188.6,183.1,16.0,39.9,32.0,28.9,1.0,7.3,4.4,3.2,18.7,17.7,1.0,1406.6,1332.3,74.3,1433.6,1357.9,75.8
Cromer,67,44,100.0,100.4,1992.7,1996.2,1998.4,1996.7,382.9,1178.9,443.4,350.5,59.0,235.0,706.4,442.1,11.0,36.4,87.8,70.3,80.2,71.8,8.4,6025.9,5392.0,633.9,6141.6,5495.5,646.1
Port Talbot,67,40,126.5,196.7,1998.8,2000.7,2005.9,2007.2,332.1,511.6,246.8,219.5,42.0,183.7,211.4,149.3,17.0,34.1,61.4,61.6,61.5,47.5,14.0,4651.0,3594.1,1056.9,4740.3,3663.1,1077.2
Bernera (N Uist),67,19,51.9,15.2,1996.4,1996.8,1998.6,1996.5,151.5,298.2,596.1,285.4,21.0,41.3,72.5,87.8,15.0,25.8,28.7,19.6,38.2,26.6,11.6,2871.0,1998.9,872.1,2926.1,2037.3,888.8
Buckie,66,36,46.2,40.6,1996.1,2001.1,2005.4,2005.3,261.0,347.3,329.3,317.9,43.0,103.0,389.6,376.9,47.5,56.6,51.8,53.6,41.2,28.2,12.9,3080.2,2107.9,972.3,3139.4,2148.4,991.0
Thorpeness,66,20,48.7,72.6,1997.4,2005.6,2003.6,2002.7,92.4,263.7,136.1,139.1,10.0,82.3,80.6,76.8,2.0,20.4,11.2,8.4,16.9,15.1,1.7,1265.7,1136.6,129.2,1290.0,1158.4,131.6
Walton-On-The-Naze,64,17,38.8,59.1,1993.2,2000.5,1999.4,1998.6,68.3,123.6,95.3,95.6,9.0,17.4,23.8,23.4,2.0,32.9,34.5,30.0,17.6,11.9,5.6,1319.4,897.2,422.2,1344.7,914.4,430.3
Cove (Aberdeen),64,48,319.9,451.0,2005.3,2004.7,2006.9,2006.3,274.2,469.6,303.8,279.3,40.0,138.1,100.8,88.8,14.0,33.7,78.0,69.6,133.6,52.6,81.0,10028.6,3948.2,6080.4,10221.1,4024.0,6197.1
Brixham,63,31,52.8,34.3,1996.7,1997.5,2002.4,2004.1,202.0,256.4,138.5,158.2,28.0,38.9,54.7,45.3,32.0,48.0,25.5,42.6,20.2,12.2,8.1,1519.6,913.4,606.2,1548.8,930.9,617.9
Fleetwood,63,18,244.5,109.3,2002.0,2001.3,2002.1,2001.4,297.3,563.7,552.3,481.4,33.0,77.9,91.5,90.5,12.0,47.6,13.9,21.5,70.7,53.5,17.3,5432.5,4113.3,1319.2,5536.8,4192.3,1344.5
Gosport,62,18,119.1,160.8,2006.8,2001.9,2003.2,2004.0,378.8,376.4,971.1,1090.4,66.0,235.1,267.0,255.6,30.5,82.5,461.2,441.8,131.7,46.2,85.5,9901.6,3478.5,6423.0,10091.7,3545.3,6546.4
Fowey,62,47,66.3,76.5,1998.0,2001.7,2002.4,2004.0,373.0,419.7,384.0,389.2,33.0,48.0,102.8,88.2,33.0,43.4,81.6,54.5,32.7,19.4,13.4,2461.2,1457.3,1004.0,2508.5,1485.2,1023.2
Wells-Next-The-Sea,61,20,25.7,28.6,2012.0,2007.2,2008.6,2008.0,83.9,391.6,161.8,200.5,10.0,109.8,67.7,47.7,7.0,9.4,13.4,9.6,20.4,17.0,3.4,1534.9,1279.6,255.3,1564.4,1304.1,260.2
Sandbank,61,14,67.0,36.0,1994.1,1994.4,2002.4,2001.2,246.2,951.1,707.1,536.8,49.0,151.9,1387.0,1216.6,21.0,36.8,51.5,51.1,99.3,88.2,11.1,7455.9,6624.7,831.2,7599.0,6751.9,847.2
Troon,60,23,59.6,96.7,1983.7,1993.4,2003.9,2005.7,115.4,290.2,279.3,295.3,20.0,132.7,75.7,40.0,36.5,106.0,106.7,99.9,63.3,26.6,36.7,4800.7,2002.5,2798.2,4892.9,2040.9,2851.9
Camusnagaul,59,27,19.3,25.6,1994.1,1996.5,1996.0,1996.2,251.0,347.2,310.1,314.7,27.0,55.7,35.8,34.4,14.0,22.4,22.0,21.8,15.4,10.9,4.5,1155.8,819.1,336.7,1178.0,834.9,343.1
Bembridge,59,38,91.4,136.3,1998.7,2001.8,2002.5,2002.2,178.2,243.4,290.5,303.7,19.0,42.7,70.7,76.8,7.0,48.7,49.4,40.0,46.0,22.1,23.8,3458.0,1669.4,1788.6,3524.4,1701.4,1822.9
Workington,59,22,34.0,46.9,1996.8,1999.5,2001.7,2002.9,283.0,323.1,322.5,325.7,30.0,32.9,39.3,39.7,24.0,27.7,31.6,32.4,12.6,10.3,2.2,945.1,778.2,166.9,963.2,793.1,170.1
Ridham Dock,58,36,29.4,43.4,1997.8,1998.2,1996.8,1997.0,198.9,291.7,194.3,192.6,28.0,88.0,71.6,57.0,25.5,35.0,30.0,29.9,13.3,12.2,1.1,997.5,915.9,81.6,1016.6,933.4,83.2
Skegness,57,22,26.0,23.8,1983.8,1999.4,2006.2,2005.4,147.3,390.9,255.4,282.5,35.0,118.9,258.5,258.8,26.0,51.6,69.3,55.3,29.9,21.3,8.6,2224.6,1581.0,643.5,2267.3,1611.4,655.9
Orford,57,47,389.8,595.8,2005.7,2005.7,2002.7,2001.4,116.2,230.6,265.2,298.8,27.0,46.2,56.8,55.1,17.0,34.0,21.6,19.5,61.8,49.1,12.7,4663.7,3707.4,956.3,4753.2,3778.5,974.7
Corpach,56,22,12.9,17.3,1998.3,1999.0,2003.0,2004.1,138.7,194.7,211.9,222.5,25.5,37.8,40.7,40.4,18.5,20.0,21.5,22.1,10.4,8.3,2.1,782.0,623.4,158.6,797.0,635.3,161.7
Lossiemouth,55,43,125.3,129.0,2004.6,2004.8,2008.9,2006.7,340.2,395.3,457.5,444.8,40.0,84.9,88.3,78.3,9.0,22.3,22.4,25.3,50.5,41.3,9.2,3793.2,3101.1,692.1,3866.0,3160.7,705.4
Symbister,54,25,29.1,25.3,2003.5,2002.4,2006.8,2007.2,414.5,585.5,507.2,548.8,75.5,142.3,184.6,198.2,33.5,41.1,59.1,60.3,30.3,21.7,8.6,2273.4,1629.2,644.2,2317.1,1660.5,656.6
Torpoint,54,25,133.4,160.9,2003.0,2000.0,2005.1,2006.1,406.6,856.8,412.6,451.8,62.5,163.7,125.4,127.5,129.5,363.3,232.4,143.1,118.1,36.9,81.2,8887.1,2788.5,6098.7,9057.8,2842.0,6215.8
Kinloch,54,12,35.0,8.8,1995.8,1992.8,1995.2,1995.6,278.9,749.9,373.7,461.1,19.0,113.2,67.3,347.2,17.0,15.7,49.2,29.8,33.9,17.4,16.4,2543.9,1309.3,1234.6,2592.7,1334.4,1258.3
Burghead,53,40,114.8,79.3,2006.4,2005.0,2000.9,2004.8,301.6,386.2,342.3,341.4,44.0,94.7,85.8,100.2,11.0,21.1,27.0,19.0,39.7,32.4,7.3,2982.1,2433.8,548.3,3039.3,2480.5,558.8
Brough,52,48,50.1,73.1,1998.8,1999.1,2001.1,2001.0,369.3,461.9,485.5,484.7,7.5,19.5,30.1,29.1,29.5,34.7,47.7,48.0,16.9,5.9,11.0,1268.8,442.6,826.2,1293.1,451.1,842.1
Ayr,52,27,18.5,23.7,1987.5,1995.9,1996.5,1997.7,100.4,282.4,183.5,200.8,11.0,28.3,29.8,29.2,18.0,39.2,38.2,37.5,7.8,4.8,3.0,589.4,364.7,224.7,600.7,371.7,229.1
Grimsay,52,13,16.3,12.0,1999.7,2001.0,2001.5,2003.4,91.7,169.2,143.3,143.1,12.5,39.3,26.4,29.6,12.5,34.7,23.6,24.7,14.2,8.1,6.1,1068.9,607.8,461.1,1089.4,619.5,469.9
Cairnryan,52,3,2408.9,417.4,2000.7,2000.7,2001.0,2000.7,1485.3,1124.1,2263.1,2163.8,127.5,98.0,459.8,448.8,11.0,9.3,20.9,19.8,853.8,787.4,66.3,65548.9,60459.6,5089.2,66807.4,61620.4,5187.0
Claonaig,52,41,275.5,398.6,2004.7,2004.6,2007.9,2007.7,334.8,551.8,520.1,550.1,57.5,161.4,155.1,127.0,19.5,50.4,39.4,23.2,80.2,68.9,11.3,6019.9,5171.3,848.6,6135.5,5270.6,864.9
Garrabost,52,23,123.1,93.7,2005.1,2001.9,2007.3,2004.8,311.9,434.4,541.3,397.8,38.5,47.6,110.1,62.0,16.0,25.3,27.3,49.8,46.1,33.6,12.6,3517.8,2553.7,964.0,3585.3,2602.8,982.5
Scalasaig,52,17,22.0,11.0,2007.9,2000.5,1993.4,2003.5,91.2,409.4,294.5,146.2,13.0,42.0,128.1,66.1,5.0,46.3,16.5,17.2,16.3,10.8,5.5,1223.3,810.1,413.2,1246.8,825.7,421.1
Castlebay,51,6,353.3,47.2,1994.0,1993.5,1994.8,1994.6,954.6,1334.8,1123.3,1111.0,45.0,154.2,101.6,104.3,31.0,20.7,52.5,51.6,142.1,97.5,44.6,10670.5,7322.9,3347.5,10875.3,7463.5,3411.8
Watchet Harbor,51,13,8.5,9.9,2009.9,2004.8,2006.9,2005.9,158.8,436.6,273.3,299.0,83.0,221.8,240.4,186.9,10.0,12.8,20.5,22.7,30.2,29.2,1.0,2263.9,2191.8,72.2,2307.4,2233.8,73.5
Wallsend,51,40,50.2,46.5,2006.0,2005.6,2006.9,2008.0,171.2,258.2,307.3,322.5,41.0,108.4,91.8,98.2,17.0,43.3,70.8,49.2,27.8,17.3,10.5,2087.9,1298.7,789.2,2127.9,1323.6,804.4
Leverburgh,51,19,22.7,8.5,1998.2,2002.4,2000.2,1996.7,233.7,486.1,583.9,284.7,25.0,142.6,248.6,177.5,16.0,47.4,92.9,58.2,51.0,34.1,16.9,3827.8,2559.3,1268.5,3901.3,2608.4,1292.9
Kinlochbervie,51,27,15.6,10.1,1994.7,1993.8,1997.6,1996.5,220.0,540.4,369.8,355.9,35.0,108.3,167.8,124.2,21.0,25.5,86.5,57.5,24.5,17.4,7.0,1837.2,1310.0,527.2,1872.4,1335.1,537.3
Sandwick,51,27,397.2,530.5,2000.7,2000.1,2004.2,2004.1,396.7,690.1,602.2,636.4,38.0,122.6,178.1,182.4,9.0,16.5,30.0,34.2,119.4,90.2,29.2,8984.8,6792.2,2192.7,9157.4,6922.6,2234.8
Middlesbrough,51,13,87.9,130.6,1996.8,1999.3,1993.9,1993.8,149.9,1388.0,678.2,603.8,36.0,501.3,1674.9,1593.8,49.0,112.8,333.6,320.7,69.9,49.1,20.8,5251.7,3685.8,1565.9,5352.5,3756.6,1595.9
Porthoustock,50,46,416.5,546.1,2001.8,2002.3,2005.2,2009.4,235.5,1122.5,433.5,326.8,29.0,247.9,1944.3,337.2,18.0,83.2,73.3,94.4,209.2,118.5,90.7,15747.4,8938.6,6808.7,16049.7,9110.3,6939.5
Tarbert,50,19,132.4,21.5,2002.2,1998.4,1999.6,1999.0,281.5,466.1,1067.5,568.4,51.5,75.1,96.9,95.5,22.0,51.1,33.8,37.9,84.4,67.0,17.4,6333.3,5030.1,1303.1,6454.9,5126.7,1328.2
Seaford,49,32,75.6,88.4,1997.6,1998.3,2003.2,2004.5,164.9,546.5,236.2,235.0,31.0,84.9,197.3,168.7,5.0,10.3,10.7,10.8,22.3,20.4,1.9,1672.7,1528.5,144.3,1704.8,1557.8,147.0
Port Clarence,49,29,47.6,62.5,2004.2,2000.7,1995.8,1995.2,222.9,565.0,485.3,507.8,32.0,111.8,372.8,392.7,37.0,54.6,44.9,43.2,32.4,26.0,6.4,2435.2,1957.0,478.1,2481.9,1994.6,487.3
Saint Sampson,49,14,43.8,54.9,2000.3,1997.2,2006.0,2005.8,277.5,431.2,372.4,359.0,48.0,243.7,79.4,79.4,14.0,28.0,22.2,21.9,28.1,21.3,6.8,2111.1,1598.7,512.5,2151.7,1629.4,522.3
Boston,48,23,15.0,21.6,2001.4,2003.3,2001.2,2001.5,108.2,172.5,139.5,140.2,18.0,32.5,34.8,35.1,23.0,34.9,33.3,33.6,5.8,4.5,1.3,438.2,338.4,99.8,446.7,344.9,101.7
Sharpness,47,41,13.2,20.0,2001.0,2001.8,2000.4,2000.5,54.6,132.9,116.1,113.8,9.0,23.6,51.8,51.1,60.0,66.9,64.3,64.5,8.5,4.5,4.0,639.8,342.4,297.4,652.1,349.0,303.1
Isle Of Grain,47,9,97.4,85.0,2000.8,1998.8,2009.8,2009.5,223.8,297.4,342.4,365.7,96.0,124.0,71.6,63.8,14.0,17.3,28.0,28.1,38.8,31.9,6.9,2913.5,2393.1,520.5,2969.5,2439.0,530.5
Gourdon,47,36,109.6,74.1,2006.3,2006.5,2009.6,2009.0,365.6,443.2,519.3,481.4,36.0,107.1,204.0,217.1,14.0,20.9,26.2,27.2,43.1,34.1,9.0,3234.6,2557.7,676.9,3296.7,2606.8,689.9
Lyness,47,26,487.7,834.9,1997.9,2001.4,2006.8,2007.0,239.1,957.8,444.3,422.2,58.0,294.1,325.9,247.6,14.0,21.1,27.9,28.6,209.7,176.5,33.1,15755.0,13267.0,2488.0,16057.5,13521.8,2535.7
Mylor,46,29,62.6,81.5,2003.6,2002.0,2004.3,2007.2,180.3,295.3,235.4,242.3,49.5,78.5,94.9,108.1,12.5,37.6,13.8,13.9,68.6,53.1,15.4,5187.3,4027.6,1159.7,5286.9,4105.0,1182.0
Eling,46,35,639.6,670.5,2009.2,2009.3,2012.4,2012.2,223.0,274.9,194.0,197.0,25.5,60.4,26.6,27.0,20.0,20.9,25.9,25.6,72.2,56.3,15.9,5476.9,4254.6,1222.3,5582.1,4336.3,1245.8
Southwick,45,15,15.3,23.5,1991.8,1991.7,1992.0,1991.7,121.0,209.4,123.7,121.4,14.0,28.1,36.0,36.3,11.0,16.8,15.6,15.8,6.1,5.0,1.1,459.5,374.5,85.0,468.4,381.7,86.6
Portavadie,45,20,21.0,20.8,1992.4,1992.6,1994.4,1995.6,338.7,361.5,353.0,334.9,23.0,35.3,88.9,84.6,12.0,29.4,26.6,33.0,15.5,9.1,6.4,1164.9,684.1,480.8,1187.2,697.2,490.1
Lochaline,45,24,38.3,12.8,1990.6,1991.0,1992.3,1993.0,209.4,380.5,366.4,251.4,23.0,52.4,76.7,89.4,13.0,21.1,16.3,17.6,25.6,20.5,5.0,1927.8,1549.6,378.3,1964.9,1579.3,385.5
Fort William,44,27,26.2,24.6,1987.8,1992.6,1979.8,1993.4,319.2,370.9,295.9,338.6,27.0,44.0,45.3,53.1,13.5,21.5,19.5,20.2,15.4,10.6,4.8,1167.3,805.8,361.5,1189.8,821.3,368.5
Shoreham-By-Sea,44,6,10.8,17.0,1988.2,1989.5,1988.3,1988.2,101.1,104.1,144.2,145.6,35.0,44.8,199.5,202.0,11.5,10.8,23.5,23.8,14.2,12.0,2.2,1063.9,900.5,163.4,1084.3,917.8,166.5
Toberonochy,43,14,5.3,5.6,2007.9,1996.2,2008.7,2011.3,99.8,275.0,106.6,98.4,15.0,38.9,23.6,20.1,6.0,41.3,16.4,13.5,6.6,4.3,2.3,498.7,326.6,172.1,508.3,332.9,175.4
Lochs,42,18,18.1,17.2,2008.6,2001.6,2003.6,2007.9,94.0,591.6,256.4,227.4,13.5,110.3,74.1,88.4,5.0,59.8,35.8,33.3,15.6,11.0,4.6,1172.3,827.7,344.6,1194.8,843.6,351.2
Ardgour,42,20,15.7,18.3,1989.8,1995.1,1992.9,1993.1,266.3,408.3,378.0,353.3,23.0,154.2,67.8,50.7,9.0,25.6,32.3,28.3,16.3,10.7,5.5,1223.7,807.3,416.4,1247.2,822.8,424.4
Faslane,42,12,11.1,10.8,2003.0,2000.8,2002.8,2004.0,196.7,311.3,344.9,356.6,28.0,285.6,154.8,82.9,94.5,166.3,114.5,106.1,24.9,14.1,10.8,1873.7,1060.3,813.4,1909.7,1080.6,829.0
Ilfracombe,42,39,109.7,124.3,2000.5,2000.0,2004.9,2004.9,279.6,440.7,195.6,184.3,20.5,38.9,39.8,42.7,13.0,18.4,20.1,23.5,25.5,17.6,7.9,1945.4,1338.5,606.9,1982.7,1364.2,618.5
Barry,41,30,80.4,119.1,1998.8,2000.0,1999.9,2000.1,344.1,524.3,448.5,491.2,35.0,60.6,265.8,280.5,12.0,51.3,39.1,40.3,29.3,21.9,7.4,2218.0,1658.8,559.2,2260.6,1690.6,570.0
Bromborough,40,30,16.7,24.6,2001.1,2002.6,2001.9,2002.3,164.1,247.2,195.5,199.2,34.5,74.3,74.5,69.5,37.0,58.7,48.9,50.7,13.5,10.7,2.9,1022.2,806.3,215.8,1041.8,821.8,220.0
Ulva Ferry,39,13,8.3,10.0,2002.6,1993.5,2004.6,2008.4,102.6,162.1,151.6,158.2,12.0,16.7,32.5,35.4,2.0,6.6,5.7,5.7,4.3,3.4,0.8,320.3,258.8,61.5,326.4,263.7,62.7
Boddam,38,35,167.2,189.4,2004.9,2004.8,2008.2,2008.2,361.3,866.5,767.0,773.0,37.0,214.6,1862.6,1878.5,12.0,26.1,120.2,119.8,82.4,73.0,9.5,6189.1,5479.2,709.9,6307.9,5584.4,723.5
Isles Of Scilly,38,15,47.0,7.5,1987.0,1986.6,1994.7,1992.1,185.8,176.5,193.5,182.9,19.0,23.7,118.6,141.1,6.5,9.6,11.3,12.9,23.1,18.2,4.8,1739.9,1374.8,365.1,1773.3,1401.2,372.1
Wick,38,18,22.5,24.9,2003.0,1996.0,2003.8,2001.5,225.5,410.9,229.4,186.4,41.5,114.7,465.0,212.9,34.0,69.1,69.9,54.7,32.1,24.5,7.6,2404.4,1834.7,569.7,2450.5,1869.9,580.6
Colwyn Bay (Bae Colwyn),38,33,9.9,14.2,2000.5,2001.2,2002.1,2002.1,115.3,132.2,124.5,124.5,15.0,81.8,61.0,40.3,10.0,12.2,12.3,12.0,6.6,6.3,0.3,497.1,476.2,20.9,506.6,485.3,21.3
North Queensferry,37,35,38.6,37.8,2000.6,2000.7,2005.5,2001.3,253.7,249.4,258.3,266.2,39.0,108.8,41.0,50.8,24.0,29.9,20.9,26.5,18.3,16.0,2.3,1370.9,1198.2,172.7,1397.3,1221.3,176.0
Garston,37,23,24.2,33.7,1996.4,1998.6,2000.9,2001.1,216.2,253.8,312.4,306.0,39.0,50.4,127.1,122.1,48.0,63.3,51.6,53.6,15.4,11.2,4.2,1159.6,845.4,314.2,1181.9,861.6,320.2
Loth (Sanday),37,9,49.0,23.6,1992.4,1999.4,1993.3,1997.4,890.4,781.7,878.4,720.8,99.0,134.3,1006.8,706.1,19.0,50.6,71.6,57.4,60.1,49.0,11.2,4513.2,3675.4,837.8,4599.8,3745.9,853.9
Canna,37,16,62.0,15.7,1990.7,1986.4,1989.0,1986.5,305.1,296.8,742.3,293.8,29.0,35.5,161.7,89.7,7.0,20.4,68.9,39.8,43.8,28.1,15.6,3289.2,2114.1,1175.1,3352.3,2154.6,1197.7
Blairmore,36,11,147.3,215.3,2005.8,2007.5,2007.9,2007.7,816.8,874.4,512.6,435.4,49.0,84.1,159.2,79.9,57.0,77.2,268.6,108.6,61.8,30.6,31.2,4663.2,2313.3,2349.9,4752.8,2357.7,2395.1
Port Appin,36,5,4.1,4.8,2002.0,2003.6,2002.5,2002.2,198.3,160.6,169.0,187.2,27.0,21.0,30.7,31.7,5.0,8.0,6.8,6.6,5.9,5.4,0.5,442.2,403.0,39.2,450.7,410.8,39.9
Southwold,36,35,137.1,207.3,2001.4,2002.4,2006.7,2006.6,133.7,243.8,172.0,170.0,25.0,46.6,53.4,56.2,6.5,25.4,36.3,38.2,24.1,18.6,5.5,1809.6,1397.9,411.6,1844.3,1424.8,419.5
South Harris,35,17,15.9,7.2,2001.3,1999.8,1974.8,1998.7,149.4,257.3,209.1,179.7,20.0,47.2,42.3,66.0,5.0,12.4,6.0,7.0,10.0,8.5,1.5,756.5,641.1,115.3,771.0,653.4,117.5
Penzance,35,14,21.2,11.8,1983.9,1992.1,1985.6,1996.9,193.2,221.9,303.7,249.3,33.0,50.6,121.4,65.1,12.0,29.4,60.0,48.3,14.1,11.3,2.8,1060.9,849.6,211.4,1081.3,865.9,215.4
Greencastle,35,17,143.7,75.1,2003.6,2002.4,2009.1,2006.4,351.0,472.5,519.1,454.9,28.0,42.7,49.1,45.6,9.0,13.5,8.7,10.0,33.1,26.5,6.6,2553.4,2043.1,510.3,2602.4,2082.3,520.1
Porlock,35,20,28.2,38.4,1995.0,1996.0,2005.8,2006.7,153.6,204.6,304.6,314.3,25.0,30.3,38.7,36.5,9.0,24.0,47.0,49.2,11.7,8.8,2.9,881.5,662.5,218.9,898.4,675.3,223.1
"Hamnavoe, Burra Isle",35,18,15.1,13.8,2003.3,2002.6,2006.4,2005.7,293.1,781.1,429.4,411.9,33.0,223.0,581.9,467.0,9.0,31.4,38.6,45.7,19.4,15.7,3.7,1459.8,1179.1,280.8,1487.9,1201.7,286.2
Ardrossan,35,12,130.2,33.1,1988.7,1991.7,1991.9,1988.8,504.8,1833.9,775.7,390.3,54.0,405.6,684.5,540.9,15.0,58.6,57.1,44.3,81.4,66.2,15.3,6120.8,4975.1,1145.8,6238.4,5070.6,1167.8
Skeld,35,21,33.0,20.9,2002.9,2002.8,2008.5,2008.2,301.3,667.6,523.9,517.0,28.0,194.0,420.9,398.9,10.0,31.1,97.8,82.2,30.3,24.6,5.7,2274.5,1849.3,425.2,2318.2,1884.8,433.3
Dysart,35,20,21.6,31.9,1991.1,1991.5,1991.4,1991.2,402.4,405.4,409.0,409.6,51.0,57.2,58.9,59.8,49.0,53.6,55.9,55.9,9.1,8.3,0.8,681.4,620.7,60.7,694.5,632.6,61.9
Galmisdale,35,13,31.3,7.0,1996.0,1994.5,1991.3,1993.2,322.4,284.0,797.8,510.7,28.0,36.9,152.1,123.0,17.0,23.7,17.1,16.7,28.2,21.9,6.3,2120.2,1643.7,476.5,2160.9,1675.2,485.7
Kilcreggan,34,18,15.3,20.1,2001.8,2002.3,2002.4,2003.0,168.9,285.2,286.7,284.2,29.0,51.3,60.5,50.6,17.0,28.0,21.8,16.0,13.3,8.8,4.4,1000.4,667.2,333.1,1019.6,680.1,339.5
Dunvegan,34,18,11.5,8.6,1992.1,1995.1,1996.3,1991.0,246.6,469.5,238.6,260.8,21.5,93.1,107.1,66.8,15.0,37.6,34.7,49.5,13.7,9.3,4.4,1032.3,701.6,330.6,1052.1,715.1,337.0
Nairn,34,21,159.0,214.5,2003.9,2004.6,2005.5,2004.7,237.4,398.6,479.7,515.8,57.5,100.3,122.5,102.0,60.0,65.0,196.9,211.6,66.7,23.4,43.3,5016.7,1765.3,3251.4,5113.0,1799.2,3313.8
Stockinish,33,20,49.4,13.8,1997.7,1998.2,1989.9,1994.8,224.8,652.7,483.8,336.6,25.0,139.2,120.3,184.0,8.0,37.3,31.2,47.3,17.0,13.4,3.5,1288.6,1019.8,268.8,1313.4,1039.4,274.0
Breasclete,33,12,10.0,9.9,1989.3,1993.1,1997.0,1997.8,207.6,401.6,288.0,298.8,35.0,99.2,135.0,138.0,12.0,25.5,37.9,40.3,9.3,7.0,2.3,700.0,526.4,173.7,713.5,536.5,177.0
Flamborough,32,24,178.4,237.7,2001.7,2000.8,2003.9,2003.6,263.4,1477.1,324.6,274.1,36.5,140.2,362.0,235.8,37.5,111.4,129.5,101.0,74.5,46.4,28.1,5593.3,3480.6,2112.7,5700.7,3547.4,2153.2
Newlyn,32,8,3.9,2.3,1988.1,1991.9,1983.6,1980.4,452.2,486.2,736.6,814.3,45.5,43.0,158.1,170.5,206.0,216.1,514.5,553.3,28.8,6.7,22.1,2160.3,502.1,1658.2,2201.8,511.7,1690.1
Sompting,32,19,32.4,31.0,1997.1,2000.5,2008.8,2008.7,67.9,139.1,143.0,141.6,18.5,48.1,50.8,42.2,11.0,34.1,19.9,18.8,13.7,11.4,2.2,1026.4,857.7,168.8,1046.1,874.1,172.0
Bracadale,32,11,6.4,7.8,2008.8,2008.3,2010.8,2009.8,150.4,183.8,179.6,185.7,30.0,32.1,43.3,41.7,11.5,17.4,25.8,26.2,5.9,4.1,1.7,439.9,311.5,128.4,448.4,317.5,130.8
Culkein,32,18,63.3,97.1,2002.5,1997.1,2002.5,2004.1,259.4,364.2,368.8,389.6,39.0,53.3,75.7,81.9,6.5,6.6,7.5,6.1,15.0,13.1,1.9,1134.8,994.7,140.1,1156.6,1013.8,142.8
Kennacraig,32,4,292.4,44.7,1999.3,1995.8,2006.2,2004.2,1266.0,1318.3,2095.8,1958.4,67.0,105.2,254.7,242.1,37.0,44.9,65.2,63.7,146.8,105.0,41.8,11263.1,8056.9,3206.2,11479.4,8211.6,3267.7
Isle Of Whithorn,32,16,19.6,21.5,1988.3,1994.2,1996.4,1995.7,351.9,365.2,324.6,323.8,35.0,32.3,37.5,37.5,10.5,21.1,37.4,35.6,8.4,5.8,2.6,629.4,435.8,193.6,641.5,444.2,197.3
Brancaster Staithe,31,12,54.4,83.6,1986.4,2002.6,2007.5,2008.0,168.4,360.7,576.5,655.0,46.0,83.5,77.9,68.9,15.0,18.8,37.4,37.7,18.2,15.5,2.7,1372.1,1170.2,202.0,1398.5,1192.6,205.8
Old Dornie,31,16,61.6,15.2,1999.4,1992.4,2006.5,2002.5,354.5,1125.0,590.6,426.3,31.0,116.3,96.8,91.0,7.0,51.7,19.7,21.9,29.2,21.5,7.7,2220.9,1636.5,584.4,2263.6,1667.9,595.6
Port Saint Mary,31,23,81.1,61.6,1997.9,2000.1,2010.1,2005.9,157.1,294.5,343.1,292.3,17.0,33.6,27.2,28.3,6.0,20.4,13.1,13.1,15.9,10.5,5.4,1211.7,803.1,408.6,1235.0,818.5,416.4
Rhu,31,9,8.4,4.8,2004.7,2004.6,2005.1,2007.3,438.5,483.4,571.0,582.2,64.0,85.1,206.2,219.7,47.0,63.3,104.9,85.0,25.7,17.7,8.1,1932.8,1325.5,607.3,1969.9,1351.0,619.0
Yarmouth,31,12,179.7,197.0,1997.6,1997.8,2013.6,2015.9,336.0,1186.3,1779.9,2151.7,71.0,152.0,553.6,476.7,13.0,38.7,122.0,31.6,78.3,58.3,20.0,5915.4,4410.8,1504.6,6029.0,4495.5,1533.5
Corran,31,20,12.5,10.8,1995.2,1994.0,1996.3,1995.6,278.8,444.2,377.2,313.4,24.0,33.2,50.1,43.6,16.0,23.2,42.0,34.9,13.0,7.2,5.8,974.1,538.6,435.5,992.8,548.9,443.9
Houton,31,24,493.6,921.7,2003.5,2003.9,2007.6,2007.7,225.5,334.1,385.1,391.2,42.0,74.7,101.7,102.6,34.0,47.9,50.9,50.4,142.1,56.6,85.5,10689.3,4267.0,6422.3,10894.6,4348.9,6545.7
Pentraeth,30,23,25.7,34.9,2002.1,2003.1,2003.3,2003.6,191.0,244.1,176.0,155.3,17.5,29.1,53.0,33.3,24.5,43.4,79.1,51.5,18.2,8.5,9.7,1375.6,643.2,732.4,1402.0,655.5,746.5
Little Oakley,30,23,25.6,33.5,2007.8,2007.2,2007.9,2007.8,229.8,283.8,200.9,217.5,27.5,64.6,59.9,56.2,17.5,19.6,19.9,20.0,22.0,16.3,5.8,1655.2,1222.5,432.7,1687.0,1245.9,441.0
Aultbea,30,14,68.7,15.1,2008.0,2001.9,2012.6,2011.7,213.1,287.5,718.8,349.3,25.5,53.8,58.4,61.0,9.5,27.5,19.5,22.8,25.4,18.7,6.7,1945.8,1431.7,514.1,1983.2,1459.2,524.0
Walls,29,21,11.8,10.4,2001.7,2003.5,2006.6,2006.1,222.9,618.3,348.5,335.7,30.0,132.5,381.1,323.9,11.0,19.0,19.9,19.7,15.5,13.1,2.4,1164.4,981.2,183.2,1186.7,1000.0,186.7
Sutton Bridge,29,16,6.8,8.6,1988.3,1999.8,1999.9,1999.5,103.5,153.7,141.4,150.8,20.0,24.6,38.6,33.9,19.0,40.7,63.7,49.7,7.3,6.0,1.3,551.8,450.6,101.2,562.4,459.2,103.1
Gourock,29,20,158.0,44.3,2001.7,2000.7,1998.5,2000.5,552.8,2362.4,1698.5,825.4,58.0,485.5,4140.8,2894.6,13.0,42.8,30.9,25.7,98.5,90.0,8.4,7409.2,6772.9,636.3,7551.5,6902.9,648.6
Clydebank,29,23,14.6,21.0,2002.8,2002.8,2006.8,2007.2,118.3,177.8,120.2,117.8,21.0,32.5,36.0,33.8,22.0,30.4,25.4,25.9,10.9,5.0,5.8,820.0,380.9,439.0,835.7,388.2,447.5
North Harris,29,9,5.0,5.6,1999.4,1986.0,2005.7,2007.6,87.4,208.0,122.6,115.3,11.0,25.9,39.6,37.1,3.0,11.5,16.1,15.2,3.7,3.1,0.6,278.0,232.8,45.2,283.4,237.3,46.1
Lynton,29,27,91.1,119.0,2002.0,2002.6,2004.1,2005.3,224.0,227.9,172.1,165.8,20.0,21.5,26.1,28.5,4.0,13.1,12.1,13.5,13.9,9.9,4.0,1068.7,761.5,307.2,1089.3,776.1,313.1
Portstewart,28,6,8.5,1.8,1983.6,1992.7,1994.5,1998.2,106.5,154.3,163.5,165.3,26.0,19.8,20.2,22.9,8.5,10.1,9.6,12.7,5.6,4.2,1.3,423.2,322.8,100.4,431.3,329.0,102.3
Lismore Island,28,15,17.5,6.8,1992.5,1985.9,1996.2,1996.6,273.5,403.0,274.0,263.5,33.0,302.2,81.2,84.4,9.0,13.5,26.3,33.0,23.2,19.0,4.3,1751.4,1426.7,324.7,1785.0,1454.1,330.9
Newhaven,28,16,21.5,29.9,1995.2,2000.4,1994.8,1994.6,263.5,305.3,316.1,343.2,29.0,38.6,96.1,96.4,36.0,63.0,51.5,53.5,12.8,9.1,3.7,962.9,687.4,275.5,981.4,700.6,280.8
Penarth,28,13,29.8,43.4,1994.9,1997.2,2001.1,2002.2,204.9,456.6,385.2,433.9,30.0,65.0,106.2,116.9,9.5,41.5,82.7,103.7,14.5,9.9,4.6,1094.7,743.9,350.8,1115.7,758.2,357.5
Cullen,28,27,230.3,291.2,2002.6,2002.6,2006.4,2005.8,596.2,779.9,767.2,839.4,67.0,149.9,199.7,170.0,21.5,38.7,52.7,63.2,52.8,47.1,5.7,3964.4,3537.9,426.5,4040.5,3605.8,434.7
Pen-Clawdd,28,25,65.3,54.5,2001.3,2000.6,2002.0,2004.3,342.7,355.1,208.5,173.5,32.5,44.6,36.4,36.9,18.0,25.2,24.0,34.7,17.5,11.6,5.9,1327.2,876.1,451.1,1352.7,893.0,459.7
Brotton,27,25,113.3,177.6,2002.6,2002.8,2006.6,2007.4,244.8,313.2,294.9,277.0,23.0,52.5,71.3,76.8,5.0,25.8,47.4,47.2,30.4,22.0,8.5,2282.6,1647.5,635.1,2326.4,1679.2,647.3
Bangor,27,19,35.5,17.0,1999.4,1997.2,2004.2,2002.9,155.7,259.1,517.8,293.9,33.0,33.3,43.2,37.8,40.0,42.1,39.5,37.4,17.2,8.5,8.7,1305.5,648.2,657.3,1330.5,660.7,669.9
Bernera (Lewis),26,11,8.1,7.8,1986.9,1994.7,1993.6,1992.6,168.3,590.1,338.8,295.9,23.5,107.5,219.1,146.4,10.5,13.1,19.3,21.5,6.7,5.6,1.1,500.7,420.4,80.3,510.3,428.4,81.8
Talmine,26,18,49.3,62.5,2004.2,2004.3,2008.4,2008.8,269.1,397.0,536.5,597.1,21.0,47.7,80.2,72.1,7.5,17.4,18.7,19.5,14.6,12.1,2.5,1101.1,913.1,188.0,1122.3,930.6,191.7
"Oddsta, Fetlar",26,19,29.9,32.7,1990.5,1995.2,2006.7,2007.9,396.2,632.0,644.0,657.4,52.5,113.2,210.6,213.4,9.0,21.9,31.6,33.3,21.7,20.0,1.8,1632.6,1500.2,132.5,1664.0,1529.0,135.0
Port Mor,26,11,8.1,2.5,2001.6,1992.5,1992.7,1996.3,168.7,261.3,364.1,175.3,41.0,32.6,67.2,47.5,10.0,13.5,13.5,12.8,9.0,7.4,1.5,672.7,557.3,115.4,685.7,568.0,117.6
Rothesay,26,10,18.9,3.3,1980.7,1996.9,1994.6,1996.5,180.9,391.0,687.5,633.6,27.0,76.4,450.3,443.5,22.0,127.1,29.8,33.6,33.3,22.7,10.6,2508.9,1705.2,803.7,2557.1,1737.9,819.1
Sleat,26,14,7.6,3.5,1988.2,1989.6,1994.2,1990.6,229.4,289.8,446.2,333.8,23.0,26.5,78.6,42.4,9.0,15.1,15.9,27.2,10.6,7.3,3.3,795.4,548.7,246.7,810.7,559.3,251.4
Saint David'S,26,24,55.1,91.4,2000.2,1999.5,2011.8,2013.4,243.4,294.1,327.2,340.2,30.5,62.1,165.5,179.8,9.5,17.5,108.2,119.7,22.5,16.5,6.0,1720.6,1259.5,461.0,1753.6,1283.7,469.9
Brandesburton,25,21,45.7,55.1,2001.6,2001.8,2005.9,2007.8,183.7,342.7,224.9,273.1,22.0,64.9,79.2,50.4,9.0,12.1,20.3,22.0,11.1,8.0,3.1,833.3,599.1,234.2,849.3,610.6,238.7
Stackpole Quay,25,20,90.6,88.8,2005.0,2005.0,2006.6,2006.6,127.2,218.5,243.1,191.3,20.0,26.1,34.4,36.7,7.0,13.8,29.1,16.3,14.1,10.8,3.3,1077.5,826.4,251.1,1098.2,842.3,255.9
Chillington,25,23,26.2,34.3,1994.3,1993.3,2003.9,2004.8,155.7,329.8,192.7,189.4,17.0,27.1,28.5,25.8,24.0,44.1,104.4,127.9,11.3,5.2,6.1,859.4,393.6,465.7,875.9,401.2,474.7
Portincaple,25,14,51.9,73.1,1998.7,2002.4,2006.5,2006.5,148.4,309.9,276.9,258.2,44.0,73.6,67.2,64.7,26.0,25.9,21.3,21.4,23.3,16.1,7.3,1773.3,1216.9,556.4,1807.3,1240.3,567.1
Glenelg,25,11,7.0,9.3,1989.8,1991.5,1994.9,1992.2,402.6,328.0,268.7,305.3,35.0,44.7,56.6,58.5,27.0,21.9,24.5,29.0,8.7,5.4,3.3,655.6,407.4,248.2,668.2,415.2,253.0
Cromarty,25,22,28.2,23.2,2006.0,2005.5,2009.2,2008.9,369.5,449.4,352.5,372.3,34.0,116.7,136.5,151.4,21.0,44.3,49.7,51.0,19.3,14.1,5.2,1449.9,1057.2,392.7,1477.7,1077.5,400.2
Seaham,25,23,52.8,96.8,1998.5,1998.2,2003.1,2003.0,156.4,201.4,392.6,418.5,23.0,31.4,46.2,47.1,23.0,31.8,12.4,11.6,7.3,5.5,1.8,547.9,413.2,134.7,558.4,421.1,137.2
Crail,24,18,67.2,59.0,1999.4,2001.2,1996.9,1998.7,325.4,603.2,732.0,799.4,52.5,284.4,719.5,722.6,28.5,39.1,29.8,27.6,39.4,35.1,4.3,2896.3,2576.8,319.5,2951.9,2626.3,325.6
Aberdaron,24,18,73.8,115.7,2006.2,2007.2,2004.5,2004.5,177.5,328.0,300.3,278.9,17.5,41.9,210.5,206.4,4.0,8.1,8.6,8.3,12.9,10.9,2.0,987.5,835.4,152.1,1006.5,851.5,155.0
Loch Torridon,24,16,8.8,5.6,1995.8,1997.1,1992.9,1994.0,200.6,254.3,218.3,217.1,28.5,36.4,36.4,47.7,6.0,9.1,9.6,15.3,6.5,5.5,1.0,490.7,414.1,76.5,500.1,422.1,78.0
Furnace,24,7,3.6,3.3,1986.5,1995.6,1991.1,1991.2,63.8,226.7,102.0,95.3,10.0,42.2,38.5,44.4,18.0,24.6,22.2,19.4,2.5,1.8,0.6,186.2,137.8,48.4,189.8,140.5,49.3
Portknockie,24,22,56.6,68.4,2000.6,2002.8,2011.2,2011.2,282.8,1004.2,850.8,1032.1,48.0,237.1,1862.8,2012.3,7.0,12.7,23.4,23.7,36.6,35.5,1.1,2746.1,2665.7,80.4,2798.8,2716.9,81.9
"Clachan, Raasay",24,18,7.1,3.9,1995.0,1997.1,1997.8,2001.1,243.1,376.6,374.5,312.1,30.0,65.0,35.7,52.1,11.5,51.5,487.4,363.9,15.7,4.5,11.2,1179.8,335.5,844.3,1202.5,342.0,860.5
Renfrew,24,19,26.1,39.9,2003.0,2003.5,1999.4,1999.1,206.1,249.6,230.1,213.9,27.5,41.4,56.5,55.7,38.0,47.2,86.6,95.2,9.4,6.2,3.2,717.0,471.6,245.4,730.8,480.7,250.1
Balintore,24,17,63.0,56.7,2006.8,2005.4,2011.2,2010.8,278.9,305.0,732.1,725.4,48.0,44.8,498.4,444.3,23.0,33.8,39.7,36.2,29.2,25.2,4.0,1949.6,1651.1,298.5,1987.0,1682.8,304.2
Eshaness,24,20,20.4,12.3,2001.0,2000.8,2006.7,2007.1,303.1,500.1,483.1,400.5,44.0,90.6,151.6,115.3,11.0,20.8,25.7,28.2,14.4,12.7,1.7,1082.4,954.0,128.3,1103.1,972.4,130.8
Brightlingsea,23,10,4.4,6.6,1988.8,1995.7,1988.7,1988.6,73.6,95.6,160.5,162.8,15.0,17.2,174.7,177.9,24.0,46.6,42.6,41.6,3.4,2.7,0.6,254.1,206.4,47.7,259.0,210.4,48.6
Papa Westray,23,18,14.6,11.5,1990.6,1993.8,2005.0,2004.4,202.4,325.1,275.7,302.3,26.0,64.9,108.3,112.8,5.0,9.6,18.1,17.7,9.9,9.3,0.5,739.9,700.2,39.7,754.1,713.7,40.4
"Ceann A Gharaidh, Eriskay",23,17,35.6,9.7,1995.0,1995.5,1995.5,2000.8,303.5,357.4,484.1,345.0,26.0,36.3,43.7,43.2,10.0,11.6,18.8,15.6,16.1,11.4,4.6,1206.3,858.5,347.8,1229.5,875.0,354.5
Amlwch,23,22,59.5,94.7,2003.5,2003.5,2004.4,2004.6,177.4,408.1,322.4,343.3,19.0,74.1,76.5,79.7,5.0,19.8,19.7,13.9,16.8,13.6,3.3,1286.7,1038.1,248.7,1311.4,1058.0,253.4
St Agnes,23,10,66.5,117.0,1995.0,1999.7,2007.0,2007.6,216.2,407.8,274.8,268.0,46.0,193.6,92.5,65.3,9.0,8.7,8.5,8.3,19.2,18.3,0.9,1452.8,1384.7,68.1,1480.7,1411.3,69.4
Ardveenish,22,10,13.0,4.3,2010.9,2006.8,1998.6,2006.1,130.5,383.8,476.4,189.1,40.5,79.1,83.6,67.5,17.0,28.6,8.7,16.4,8.3,6.9,1.4,622.6,520.6,102.0,634.6,530.6,103.9
Hugh Town,22,1,8.3,1.6,1977.0,1977.0,1977.0,1977.0,200.7,200.7,280.0,280.0,22.0,22.0,90.4,90.4,25.0,25.0,30.7,30.7,6.4,4.1,2.2,479.0,310.3,168.8,488.2,316.2,172.0
Scarinish,22,15,224.6,36.2,1989.2,1987.7,1988.8,1988.2,343.9,1604.0,1897.4,497.1,39.5,160.3,1312.5,799.9,3.5,7.3,5.1,8.4,79.3,76.1,3.2,5964.0,5720.2,243.8,6078.5,5830.1,248.5
Kyleakin,22,13,8.0,5.2,1996.8,1998.5,1994.3,1992.9,289.1,573.2,493.7,430.5,48.0,190.3,331.2,388.5,10.0,57.4,65.1,85.7,15.9,13.0,2.9,1194.1,977.7,216.4,1217.1,996.5,220.5
Patricroft,22,14,14.2,22.4,2001.9,2004.4,2004.8,2005.1,132.4,249.0,233.1,239.0,12.0,13.9,16.3,16.2,45.5,49.5,42.5,42.6,5.8,1.5,4.3,442.2,113.8,328.4,450.7,116.0,334.7
Shieldaig,22,13,2.4,2.8,2002.0,2000.0,2003.1,2004.3,66.9,126.0,97.1,93.5,17.0,26.3,31.3,30.0,6.0,17.5,20.7,19.6,2.8,2.3,0.5,210.7,175.0,35.7,214.7,178.4,36.4
Ferrybridge,22,15,32.8,14.0,1995.6,1998.0,1999.6,1999.7,141.4,274.6,162.0,173.7,27.5,41.7,22.9,29.3,3.0,6.5,12.9,13.8,4.7,4.2,0.6,356.7,314.7,42.0,363.5,320.7,42.8
Housa Voe,22,19,26.2,21.7,1998.0,1997.8,1998.9,1998.6,407.3,641.7,496.2,498.3,69.5,154.8,135.1,125.4,13.5,23.7,69.2,81.8,18.5,15.4,3.0,1386.6,1158.7,227.9,1413.2,1181.0,232.2
Cloghan Point/Carrickfergus,22,15,63.6,46.6,2003.7,2002.6,2005.5,2005.7,180.9,399.1,203.2,278.9,19.5,97.8,81.8,130.4,4.0,14.4,8.9,12.6,16.7,14.0,2.7,1279.7,1071.4,208.3,1304.3,1091.9,212.3
Ravenglass,21,12,20.4,10.6,2012.1,2009.8,2006.8,2008.8,123.9,1203.0,165.7,135.6,35.0,151.5,87.3,46.3,4.0,26.5,72.4,104.7,18.2,15.5,2.7,1374.5,1170.2,204.3,1400.9,1192.6,208.2
"Ardminish, Gigha Island",21,13,8.8,3.2,2002.0,1996.3,1993.9,2001.1,97.6,229.4,212.0,123.9,12.0,54.2,98.0,52.1,1.0,5.3,6.2,4.5,7.8,7.0,0.8,585.2,524.8,60.4,596.4,534.8,61.5
Kilkeel,21,12,38.3,22.3,2004.1,2003.0,2010.9,2010.1,239.4,245.0,389.1,222.1,21.0,35.9,47.0,31.5,11.0,38.5,13.7,10.5,10.8,7.0,3.7,825.6,541.3,284.3,841.4,551.7,289.7
Graemsay,21,6,10.1,7.2,2000.7,1995.5,2001.6,2000.5,221.6,1212.5,590.1,437.8,23.0,332.1,326.9,304.7,3.0,28.3,28.3,31.1,15.1,12.4,2.7,1131.5,928.4,203.0,1153.2,946.3,206.9
Salen,21,11,10.8,4.5,1998.6,1996.6,1992.6,1998.6,218.3,337.6,391.2,204.0,20.0,37.3,32.0,28.3,8.0,26.2,24.0,27.5,8.5,5.2,3.3,636.9,387.3,249.5,649.1,394.8,254.3
Selsey,21,17,32.0,34.2,1999.1,2002.5,2004.3,2004.0,126.6,355.6,153.0,138.7,35.0,52.3,83.7,68.8,4.0,9.9,11.6,9.9,9.8,8.8,1.0,734.5,662.6,71.9,748.6,675.3,73.3
Northmavine,21,19,326.8,592.5,1998.0,1999.2,2006.1,2006.2,486.4,560.5,661.5,672.6,81.0,109.8,85.4,84.3,14.0,22.9,27.7,27.8,29.0,22.7,6.3,2181.0,1709.4,471.6,2222.9,1742.3,480.7
Vidlin,21,11,7.0,8.1,1998.5,1999.1,2001.0,2000.6,420.7,420.0,524.6,538.3,42.0,50.1,79.9,71.2,20.0,74.6,56.3,58.1,7.5,5.3,2.3,566.8,394.2,172.6,577.7,401.8,175.9
"Ulsta, Yell",20,8,11.5,3.9,2009.2,2001.4,2005.4,2009.2,69.7,794.6,471.1,130.8,17.0,91.4,487.4,299.2,3.0,12.6,2.5,5.3,10.4,9.8,0.6,779.2,735.6,43.6,794.2,749.7,44.5
Loch Long,20,16,233.4,427.3,2005.0,2005.6,2007.8,2007.8,246.8,292.3,366.4,372.2,22.0,35.8,30.5,30.6,10.0,11.8,15.5,15.8,20.4,12.8,7.6,1571.7,986.6,585.1,1601.9,1005.5,596.4
Ardnamurchan,20,12,9.7,3.1,2000.4,1996.4,1991.1,2002.5,161.9,263.5,362.7,161.1,28.0,34.7,46.2,58.3,10.5,22.3,19.4,13.7,8.3,5.9,2.4,625.0,442.1,182.9,637.0,450.6,186.4
Port Erroll,20,17,22.2,22.4,2008.4,2008.1,2007.5,2006.9,85.7,439.3,525.7,621.4,31.5,197.1,416.8,424.4,2.5,8.5,17.3,20.3,14.3,13.1,1.3,1055.7,961.1,94.6,1076.0,979.6,96.4
Whitehall,20,8,95.4,18.9,2002.7,2004.2,2002.7,2004.3,292.7,320.2,636.4,498.1,21.0,94.0,128.3,160.5,12.5,15.7,15.3,16.6,35.2,27.9,7.3,2640.0,2095.5,544.5,2690.7,2135.7,554.9
Birsay,20,13,17.1,16.1,1993.4,1996.0,2003.0,2003.2,234.7,656.4,400.1,492.4,30.0,147.3,188.5,221.6,7.5,27.6,33.7,33.2,10.6,8.8,1.8,795.3,662.8,132.5,810.5,675.5,135.0
"Craighouse, Isle Of Jura",20,15,18.7,7.1,1972.5,1976.2,1990.1,1988.0,232.8,352.8,258.0,306.1,20.0,33.5,51.8,51.5,13.5,17.6,12.3,23.5,9.9,6.6,3.3,741.6,495.7,245.9,755.9,505.2,250.6
Camber,20,18,15.0,21.9,1998.8,1999.4,1999.9,1999.7,491.1,428.2,403.6,423.6,66.0,72.2,75.1,77.0,14.0,16.4,15.8,16.0,6.4,6.1,0.3,477.3,458.3,18.9,486.4,467.1,19.3
Scarborough,20,11,38.8,13.1,1992.2,1991.0,2006.9,2005.3,396.2,1345.3,974.2,825.9,55.5,71.5,159.3,156.0,34.5,152.3,409.6,429.2,19.5,11.5,7.9,1461.7,864.9,596.9,1489.8,881.5,608.3
Burravoe,19,14,19.6,21.5,1998.4,1999.5,1999.6,2000.3,575.5,758.9,861.0,797.3,80.0,193.9,391.4,367.9,6.0,12.0,8.9,11.3,16.9,15.1,1.8,1268.5,1135.7,132.8,1292.8,1157.5,135.3
Polruan,19,16,25.1,25.7,2003.3,2003.5,2003.6,2005.0,341.2,579.5,522.0,445.1,42.0,82.2,98.1,63.1,32.0,78.6,51.0,51.4,10.8,7.1,3.7,812.3,533.7,278.6,827.9,543.9,284.0
Carradale,19,8,3.3,2.6,1987.0,1995.2,1984.8,1982.9,259.5,316.9,282.5,280.9,20.0,54.2,52.4,40.9,14.0,15.6,13.1,12.8,3.3,2.5,0.8,248.9,185.8,63.2,253.7,189.3,64.4
Fishguard,19,15,30.0,9.8,1996.9,1997.5,1993.0,1998.0,273.2,504.7,247.2,258.2,23.0,138.7,29.4,47.0,8.0,35.7,19.4,19.5,15.1,11.1,4.1,1146.6,837.1,309.4,1168.6,853.2,315.4
Collieston,19,14,63.1,74.3,2008.7,2008.1,2004.7,2002.1,137.9,739.1,519.5,460.1,74.0,309.8,413.4,346.3,7.0,17.9,11.0,4.4,40.8,39.8,1.0,3066.5,2988.1,78.4,3125.4,3045.5,79.9
Littlehampton,19,14,17.0,19.3,1991.4,1993.2,2002.9,2001.0,348.3,508.8,186.6,309.6,45.0,62.9,54.7,53.5,23.0,22.7,16.3,20.3,7.8,7.2,0.6,585.5,542.6,43.0,596.8,553.0,43.8
Findhorn,19,17,77.8,62.9,2008.0,2007.6,2008.5,2008.2,394.9,685.9,801.3,788.0,30.0,94.9,303.6,270.9,12.0,18.9,42.0,40.8,24.1,19.1,5.1,1824.3,1446.4,377.9,1859.3,1474.1,385.2
London,19,10,127.4,13.5,2002.7,1999.8,2014.7,2014.0,252.3,296.9,410.1,376.0,32.0,37.1,36.8,36.7,38.0,44.8,58.3,59.6,40.8,23.1,17.7,3106.8,1738.3,1368.4,3166.4,1771.7,1394.7
Pierowall,19,13,18.5,24.4,1996.2,1997.9,2002.9,2002.7,219.9,277.1,203.7,193.4,46.0,51.8,70.5,73.1,10.0,21.1,23.3,21.6,7.8,6.5,1.3,585.2,486.9,98.4,596.5,496.2,100.3
Little Haven,19,17,96.9,160.3,2001.1,2001.8,2003.7,2003.7,219.6,348.2,428.1,451.7,19.0,28.3,39.1,40.4,31.0,42.7,45.6,44.7,18.7,10.3,8.4,1430.9,794.1,636.7,1458.3,809.4,649.0
Applecross,19,12,3.3,2.4,1996.6,1995.8,1992.0,1995.4,241.2,223.5,222.7,223.8,28.0,30.8,31.0,31.6,8.0,8.7,9.6,10.3,3.6,2.6,1.0,273.7,196.6,77.1,278.9,200.4,78.6
Goxhill,19,12,22.5,22.6,1993.2,1996.9,2004.7,2005.1,303.8,398.4,506.2,501.9,45.0,91.2,282.2,285.6,22.0,47.4,53.1,50.3,15.2,12.2,3.0,1106.9,885.4,221.5,1128.2,902.4,225.8
Deerness,18,13,28.4,9.3,1996.4,1996.1,2002.1,2002.4,163.6,316.3,294.3,199.7,19.5,33.6,39.0,39.4,7.0,15.8,18.4,22.0,11.8,11.1,0.7,885.5,834.6,51.0,902.5,850.6,51.9
Toft,18,6,5.3,2.8,2010.8,2008.0,2005.9,2007.7,102.9,415.2,232.4,119.6,31.5,62.4,64.0,119.8,11.5,31.3,68.7,37.2,6.4,3.4,3.0,482.8,255.5,227.3,492.0,260.4,231.6
Port Glasgow,18,13,11.6,12.8,1994.4,1992.9,2000.0,2004.8,173.6,325.4,197.7,199.6,27.0,40.6,31.5,30.5,40.0,61.3,89.1,77.9,8.7,5.1,3.7,663.3,382.8,280.5,676.0,390.1,285.9
Whitby,18,11,6.7,8.5,1990.6,1985.2,2002.4,2003.0,275.7,289.5,169.2,152.8,50.5,86.1,71.8,56.1,21.5,33.2,26.7,18.6,6.5,4.9,1.6,488.8,366.8,121.9,498.2,373.9,124.3
Portree Harbor,18,15,71.7,12.2,1991.7,1990.9,1988.8,1988.8,169.1,175.5,225.7,209.4,16.0,19.9,17.6,23.5,8.5,10.3,9.6,12.2,24.1,19.3,4.8,1843.8,1476.1,367.7,1879.2,1504.4,374.8
Bridgwater,18,2,2.9,3.7,1990.6,1995.0,1990.1,1990.0,111.5,113.1,127.8,127.8,16.0,32.5,42.4,42.4,35.0,17.5,32.9,33.0,4.2,2.6,1.6,312.7,194.8,117.8,318.7,198.6,120.1
Balvicar,18,9,2.5,2.1,1974.3,1987.4,1994.3,1991.5,176.6,548.6,427.3,386.2,25.5,184.9,910.5,789.4,9.5,13.3,9.0,9.5,9.8,7.4,2.4,735.2,552.1,183.2,749.4,562.7,186.7
Eishken,18,16,8.2,4.0,1996.8,1997.6,1992.7,1992.8,253.6,330.2,237.5,221.6,38.5,80.1,53.0,75.8,6.5,18.9,13.3,14.9,7.1,6.0,1.2,536.4,449.3,87.2,546.7,457.9,88.9
Staithes,18,15,48.0,60.6,2004.9,2005.4,2005.9,2007.2,214.1,191.6,197.5,178.9,45.5,140.4,146.5,135.8,5.0,17.5,51.6,68.7,15.1,12.8,2.3,1132.0,962.9,169.1,1153.7,981.3,172.4
Inverie,18,12,8.7,1.6,1994.8,1992.8,1999.8,2000.3,149.5,209.2,151.4,185.7,13.0,30.6,30.0,47.8,13.5,23.0,20.0,31.4,5.6,3.1,2.6,425.8,231.9,193.9,434.0,236.3,197.7
Tynemouth,18,14,56.8,46.6,1999.9,2000.9,2003.9,2004.2,325.8,620.5,460.7,407.9,58.0,105.8,257.9,180.0,16.5,53.4,13.1,10.8,16.5,14.1,2.4,1238.4,1056.6,181.8,1262.2,1076.9,185.3
"Saint Margaret'S Hope, South Ronaldsay",18,16,215.0,372.0,2005.1,2004.5,2011.1,2011.0,173.3,366.3,495.2,494.9,51.0,79.3,228.9,227.2,30.0,90.8,332.1,341.4,118.1,28.8,89.3,8872.9,2168.8,6704.2,9043.3,2210.4,6832.9
Port Seton,18,18,43.7,63.6,2002.1,2002.1,2010.9,2011.9,131.3,264.6,137.1,117.0,24.0,113.7,212.3,148.7,37.0,69.0,129.2,127.4,12.7,8.4,4.2,952.2,635.0,317.2,970.5,647.2,323.3
Hemsby,17,14,18.0,17.4,1996.8,1996.2,2002.2,2001.8,197.7,443.7,278.0,303.2,19.0,86.3,123.1,118.7,23.0,23.0,49.0,58.9,12.5,9.5,3.0,940.9,712.9,228.0,959.0,726.6,232.4
Upton,17,16,109.4,175.0,2006.2,2006.1,2006.3,2006.3,240.5,359.7,243.5,229.7,59.0,118.6,132.9,129.9,29.0,52.8,54.6,55.1,60.3,33.7,26.6,4549.5,2552.3,1997.2,4636.9,2601.3,2035.5
Sullom Voe,17,17,369.0,667.6,2001.6,2001.6,2006.7,2007.1,611.8,1016.6,572.1,571.7,62.0,207.1,120.6,111.2,27.0,70.6,36.1,33.2,59.6,33.7,25.9,4499.0,2555.4,1943.6,4585.4,2604.5,1980.9
Sheringham,17,11,8.4,11.2,1993.6,1997.7,2002.0,2003.3,217.7,253.1,278.9,284.5,20.0,56.9,38.9,33.9,3.0,10.7,17.0,17.8,6.0,5.0,1.0,450.2,373.0,77.2,458.8,380.2,78.7
St.Ives,17,11,19.2,10.8,1993.8,1993.5,2004.9,2000.7,119.5,226.7,158.2,166.9,17.0,42.0,40.6,44.3,12.0,18.1,13.4,18.9,5.1,4.6,0.6,386.3,343.9,42.4,393.7,350.5,43.2
Southend-On-Sea,17,14,23.7,34.8,1998.1,1999.5,1998.8,1999.0,476.7,485.6,402.3,400.0,39.0,54.0,67.2,67.9,15.0,14.6,16.2,16.3,10.5,8.0,2.6,791.4,597.8,193.6,806.6,609.3,197.3
Coleraine,17,11,7.1,10.7,1991.2,1991.4,1991.5,1991.5,103.4,222.3,228.1,229.8,20.0,29.0,44.1,44.5,49.0,53.8,54.8,54.5,2.6,1.6,1.0,194.4,119.4,75.0,198.1,121.7,76.4
West Burrafirth,17,15,13.4,10.4,2003.4,2003.2,2011.2,2010.6,272.1,400.2,346.2,346.7,33.0,63.0,83.6,86.9,18.0,20.4,22.2,22.3,8.6,7.2,1.4,615.7,514.1,101.6,627.5,524.0,103.5
Southend,17,15,14.6,13.8,1995.6,1995.7,1996.6,1995.7,318.1,477.7,446.4,505.9,21.0,41.2,50.4,52.3,10.0,45.8,47.7,50.0,8.1,5.2,2.9,608.4,387.1,221.3,620.1,394.5,225.6
Crombie,16,10,77.7,74.6,2005.1,2005.1,2005.5,2005.4,384.8,711.7,600.2,525.2,29.0,60.2,116.6,97.1,7.0,61.4,108.2,75.0,28.0,16.9,11.2,2116.5,1276.6,839.9,2157.1,1301.1,856.0
Great Oakley,16,15,14.4,20.7,2002.0,2001.3,2001.8,2001.6,475.6,440.5,451.6,459.0,55.5,55.4,65.3,66.2,36.0,40.6,43.2,43.3,5.3,4.9,0.4,395.3,366.4,28.9,402.9,373.4,29.5
Torquay Harbour,16,12,22.1,7.4,1999.8,1999.9,1998.3,2001.6,226.1,274.9,170.6,223.3,43.5,68.0,31.4,45.7,22.5,35.2,21.7,36.2,10.9,7.7,3.2,821.7,582.1,239.5,837.4,593.3,244.1
Armadale,16,9,19.3,6.5,1990.2,1993.3,1989.8,1989.3,290.3,675.7,1632.5,769.6,28.0,84.4,726.3,817.4,11.5,36.4,146.1,151.9,26.4,19.5,6.9,1979.2,1462.1,517.1,2017.2,1490.2,527.0
Prenton/Birkenhead,16,6,1.1,1.3,2005.4,2005.5,1999.0,1998.3,47.8,80.1,71.9,74.8,26.0,48.0,71.3,72.3,1.5,23.3,69.1,71.0,3.9,2.3,1.6,292.3,173.0,119.3,297.9,176.4,121.6
Weymouth,16,7,2.4,1.0,1994.6,1980.0,1988.6,1995.2,107.1,472.4,237.3,226.1,45.0,210.6,163.9,123.1,44.0,63.4,61.8,55.3,9.8,7.5,2.3,739.0,566.0,173.0,753.2,576.8,176.3
Portnahaven,16,13,46.4,56.6,1997.5,1995.8,2003.2,2003.9,175.6,307.4,286.9,233.8,21.0,20.7,20.9,22.4,10.0,19.7,86.4,49.9,5.1,4.2,0.9,387.6,318.1,69.5,395.0,324.2,70.8
Rhu Coigach - Badluachrach,16,6,203.7,33.6,2010.4,2004.3,2011.1,2012.0,463.7,445.4,1419.1,1420.2,39.5,41.7,306.9,309.4,8.0,23.2,12.4,14.1,63.8,56.7,7.1,4920.3,4369.6,550.7,5014.7,4453.5,561.2
Mostyn,16,10,44.8,15.6,2005.0,2002.6,2007.2,2001.9,320.4,338.1,311.1,303.6,33.0,43.0,46.9,40.8,11.0,72.3,37.1,110.2,10.8,7.8,3.0,813.3,585.2,228.1,828.9,596.4,232.5
River Dart,16,13,47.7,25.4,1999.3,2001.7,2012.5,2010.4,128.5,225.4,217.7,150.1,26.0,32.2,32.7,30.1,2.5,6.0,21.5,12.4,7.0,5.8,1.2,525.0,436.1,88.9,535.1,444.4,90.6
Findochty,16,14,11.5,7.9,1998.5,1999.5,2000.5,2003.0,230.6,405.0,191.9,155.3,48.5,106.4,116.7,54.6,18.0,97.9,110.5,46.3,10.4,6.5,3.9,781.7,490.6,291.1,796.7,500.0,296.7
Jura,15,11,8.5,4.6,1991.3,1991.2,1991.7,1993.4,276.1,384.1,446.7,336.4,40.0,50.5,90.1,72.5,4.0,8.9,5.4,5.2,4.8,4.3,0.5,360.8,325.1,35.7,367.7,331.3,36.4
Whitehills,15,12,15.5,16.9,1994.5,1997.2,1996.3,1999.5,286.0,361.5,144.1,112.1,33.0,51.6,66.8,40.8,8.0,18.2,16.2,12.7,7.3,5.4,1.9,545.1,404.9,140.2,555.6,412.7,142.9
Blakeney,15,13,27.0,23.2,2001.5,1999.0,1996.0,1991.7,186.0,999.9,621.4,600.3,67.0,348.9,1562.9,1667.6,10.0,24.6,76.3,83.7,25.0,24.0,1.0,1875.4,1802.3,73.1,1911.4,1836.9,74.5
Fair Isle,15,10,22.5,5.6,2003.5,2000.2,2000.9,2000.4,89.2,153.4,198.6,207.5,11.0,16.4,21.9,18.8,3.0,4.5,7.3,6.4,7.2,4.9,2.3,538.8,365.2,173.7,549.2,372.2,177.0
Orkney,15,5,7.9,6.9,2003.5,2003.4,2005.9,2005.6,269.6,391.7,370.3,353.1,35.0,53.9,75.6,71.1,0.0,28.4,36.5,31.5,4.9,4.0,0.9,366.1,296.9,69.2,373.1,302.6,70.5
East Wittering,15,6,11.6,18.6,1992.3,1993.2,1993.4,1993.0,176.3,134.8,196.2,199.7,18.0,18.6,28.8,29.2,1.0,4.3,1.2,1.2,4.6,4.5,0.1,342.5,335.6,6.9,349.1,342.1,7.0
Holywood,15,11,42.7,21.2,2004.3,2003.1,2004.4,2004.6,195.3,339.1,204.3,209.6,12.0,37.9,34.3,31.2,4.0,3.3,2.7,3.5,12.5,11.8,0.7,958.3,902.5,55.8,976.7,919.8,56.9
"Baile Mor, Iona",15,12,6.7,4.2,1993.7,1994.1,1990.4,1998.1,135.6,184.4,208.0,227.2,24.0,25.2,35.6,24.4,10.0,14.0,12.0,15.0,5.4,4.1,1.2,404.5,311.2,93.4,412.3,317.2,95.2
Portsoy,15,14,28.8,41.9,1997.9,1996.8,2001.3,2001.3,225.4,255.3,264.1,270.1,21.0,37.7,30.1,25.1,8.0,17.2,20.9,13.9,5.7,4.6,1.0,424.3,345.9,78.4,432.5,352.6,79.9
Cemaes Bay,15,9,7.5,11.9,1997.0,1996.9,2003.3,2005.4,193.6,180.9,123.2,123.6,17.0,20.9,21.6,22.4,8.0,5.5,10.0,11.0,2.8,2.0,0.9,214.1,149.0,65.1,218.2,151.9,66.3
Saint Martins,15,11,33.9,32.6,1994.7,1995.5,2001.3,2006.2,184.9,253.9,187.1,149.9,20.0,28.4,28.0,36.2,8.0,10.2,21.0,25.3,10.4,6.7,3.7,796.4,509.9,286.5,811.7,519.7,292.0
Neath,14,7,7.8,11.3,1991.6,1996.1,1999.3,1999.1,269.5,446.8,394.4,392.4,140.0,93.2,125.2,130.4,24.5,48.6,62.6,61.8,8.4,7.4,1.0,630.8,556.2,74.6,642.9,566.9,76.0
Tenby (Dinbych-Y-Pysgod),14,7,62.5,104.9,1987.4,1995.7,2015.3,2016.0,140.8,315.6,835.9,985.1,24.0,41.8,160.3,163.8,2.0,18.0,5.2,5.0,7.1,6.8,0.2,535.2,516.7,18.5,545.5,526.6,18.9
Kilchoan,14,9,32.0,5.2,2002.7,2002.1,1993.6,1994.0,375.4,452.4,861.0,571.3,38.0,72.2,48.9,45.4,17.0,32.1,20.1,18.7,14.8,10.2,4.6,1111.2,766.5,344.7,1132.5,781.2,351.3
Dunoon,14,6,12.4,2.3,2001.3,2001.7,2002.4,2002.6,1152.4,1191.4,1825.1,984.0,66.0,232.0,922.3,791.6,24.5,127.0,430.7,368.2,19.0,12.8,6.2,1425.4,957.6,467.8,1452.8,976.0,476.8
Aird Ma Ruibhe,14,5,21.6,4.6,1998.9,1991.6,2001.4,1996.4,1280.5,644.3,1765.4,1335.8,91.0,45.5,150.7,131.4,18.5,53.3,499.6,436.0,45.9,18.8,27.2,3449.2,1408.1,2041.1,3515.4,1435.1,2080.3
Howdendyke,14,10,2.7,4.0,1995.7,1998.3,1996.9,1996.9,55.8,145.2,125.8,126.1,8.0,20.0,63.7,63.8,57.5,58.8,34.1,33.8,1.4,1.0,0.4,106.7,77.5,29.1,108.7,79.0,29.7
Combe Martin,14,10,43.0,51.6,2000.8,2003.5,2005.4,2006.5,70.8,252.4,115.0,107.1,24.0,35.3,43.6,38.7,4.0,5.3,15.8,21.9,6.3,5.2,1.1,487.3,402.8,84.5,496.6,410.5,86.1
Portnaguran And Ness,14,12,71.9,108.8,2003.1,2002.6,2007.0,2008.7,534.9,1189.2,328.2,320.6,88.5,181.8,80.8,36.3,7.0,59.9,287.6,370.3,22.2,12.9,9.3,1688.3,971.5,716.8,1720.7,990.1,730.6
Bruichladdich,14,5,3.6,5.1,1990.9,1992.6,1992.2,1992.6,202.7,303.6,189.8,203.0,22.5,62.9,44.3,36.3,12.0,10.8,26.1,27.8,6.1,4.1,2.0,458.3,305.8,152.5,467.1,311.7,155.4
Denton,14,13,9.5,14.0,1999.5,2000.2,1999.8,1999.5,379.9,372.4,363.7,363.2,50.5,50.1,58.2,58.3,10.5,20.9,17.1,17.4,3.2,3.0,0.2,236.9,221.8,15.1,241.5,226.0,15.4
Conwy (Conway),14,13,25.2,33.9,1996.8,1997.0,1997.3,1997.0,226.6,233.8,212.0,216.2,21.0,25.7,23.7,23.9,5.5,14.0,8.1,7.9,5.8,4.4,1.4,443.4,339.1,104.3,451.9,345.6,106.3
Charlestown,14,11,21.7,26.5,2004.6,2004.5,2004.8,2004.5,271.4,308.0,280.7,273.0,24.0,31.6,31.9,31.5,5.0,10.8,11.4,11.8,8.5,6.3,2.3,639.3,470.2,169.1,651.6,479.2,172.4
Coll,14,7,103.2,16.5,1996.2,1997.4,1994.9,1995.7,943.4,956.6,1502.4,884.4,81.0,104.8,346.3,307.1,4.0,17.3,14.0,12.7,63.0,58.0,5.1,4733.1,4352.8,380.3,4824.0,4436.4,387.6
Cape Cornwall,13,13,22.1,28.3,2002.5,2002.5,2005.2,2004.8,327.9,420.3,235.6,197.7,31.0,42.1,37.9,32.9,1.0,5.0,7.6,7.0,7.1,6.1,0.9,537.1,466.5,70.6,547.4,475.4,72.0
Great Wakering,13,10,29.6,44.2,2005.8,2006.7,2012.1,2012.5,157.3,177.5,225.4,232.0,25.0,31.2,40.0,44.4,3.0,30.2,49.1,20.8,8.1,4.6,3.6,611.6,344.5,267.1,623.4,351.1,272.3
Saint Catherine'S Point,13,13,20.0,20.4,2001.2,2001.2,2009.1,2009.2,130.4,218.2,59.4,64.6,20.0,29.2,26.7,30.9,2.0,4.5,7.1,7.7,3.7,3.2,0.5,278.0,238.9,39.1,283.3,243.5,39.8
Belmont,13,6,8.5,5.6,1992.3,1992.3,1989.9,1992.1,348.7,2253.1,1599.2,987.5,68.0,407.5,1554.1,1110.0,35.0,37.4,29.8,45.7,18.4,16.9,1.6,1385.2,1268.4,116.8,1411.8,1292.7,119.1
Swanage,13,11,16.1,12.6,1996.3,1995.1,2001.9,2003.3,361.2,406.5,342.8,374.6,36.0,36.2,63.0,65.2,2.0,8.7,39.2,35.3,9.0,5.7,3.3,678.1,427.5,250.5,691.1,435.7,255.4
Dunbar,13,11,84.2,142.7,2003.5,2003.4,2006.9,2007.1,223.6,310.3,307.7,305.6,48.0,51.4,56.0,55.6,20.0,48.3,36.4,37.8,30.2,8.7,21.5,2265.1,654.5,1610.6,2308.6,667.1,1641.5
Chideock,13,12,106.1,118.1,2004.6,2006.5,2010.7,2010.6,208.0,387.1,246.8,272.7,42.0,53.5,58.6,61.9,1.0,3.2,4.9,5.5,9.8,9.5,0.3,736.1,716.5,19.7,750.3,730.2,20.0
Methil,13,10,4.9,4.8,2001.1,2001.1,1993.7,1991.7,200.1,296.4,281.3,288.7,29.0,59.4,118.0,118.1,45.0,38.5,50.3,47.5,5.1,4.6,0.5,384.7,349.0,35.7,392.1,355.7,36.4
Rosneath,12,7,3.3,1.9,2005.8,2002.9,2003.8,2006.6,496.8,855.4,643.6,577.9,63.5,101.2,106.6,113.1,28.0,38.5,89.1,82.6,13.4,6.9,6.5,1006.9,515.7,491.2,1026.2,525.6,500.6
Sumburgh,12,11,148.0,232.8,1999.0,1999.2,2001.7,2001.3,811.5,1010.0,1519.0,1856.6,74.5,176.6,124.3,105.2,16.0,144.6,213.4,239.0,21.3,10.2,11.1,1602.3,767.5,834.8,1633.0,782.2,850.8
Eisken,12,9,16.0,12.1,1988.1,1988.9,1989.2,1989.2,813.6,1442.3,703.4,653.9,110.5,219.0,152.6,125.9,12.5,48.2,25.3,21.3,12.1,9.8,2.3,911.3,737.7,173.6,928.8,751.9,176.9
Ventnor,12,12,31.0,31.1,2004.2,2004.2,2008.4,2008.3,66.0,182.9,53.6,46.8,13.0,29.4,18.3,16.7,1.0,2.8,1.0,1.6,3.9,3.6,0.3,295.1,275.9,19.2,300.8,281.2,19.5
"Point, Island Of Lismore",12,5,2.8,1.3,1999.5,1995.6,2000.5,2003.3,161.7,200.0,244.6,192.6,25.5,28.6,45.5,44.7,10.0,6.4,5.6,9.2,2.2,1.9,0.4,167.8,139.3,28.5,171.0,142.0,29.1
Cadgwith,12,12,50.5,84.9,2007.0,2007.0,2010.0,2010.1,210.0,226.6,151.7,154.5,25.5,38.0,29.6,28.6,31.5,66.1,81.8,83.3,14.3,4.5,9.8,1099.3,343.2,756.1,1120.4,349.8,770.6
Kettletoft,12,10,21.4,20.1,2006.8,2006.4,2006.8,2007.3,266.8,565.0,431.1,448.1,75.0,150.2,351.3,416.9,14.5,21.0,28.4,32.3,12.9,12.2,0.7,967.1,912.4,54.8,985.7,929.9,55.8
Lamlash Harbor,12,10,12.7,20.5,1994.8,1994.3,2001.5,2002.5,151.1,250.3,84.1,77.6,18.0,36.0,21.9,15.3,7.0,14.2,24.1,25.4,3.4,2.3,1.1,261.4,177.6,83.8,266.4,181.0,85.4
Lochranza,12,7,12.8,3.0,2004.2,2002.4,2012.9,2011.3,338.3,2825.9,798.0,551.0,19.5,89.3,242.8,208.5,20.0,872.6,3993.3,3210.7,30.2,5.1,25.1,2268.5,383.6,1884.9,2312.0,391.0,1921.1
Johnshaven,12,9,57.4,34.8,2006.7,2005.7,2010.4,2010.2,421.1,655.2,741.4,707.2,116.5,174.7,321.0,307.9,49.5,93.4,162.6,159.6,21.4,17.7,3.8,1607.9,1325.5,282.3,1638.7,1351.0,287.8
Saint Mawes,12,12,27.6,42.3,2007.2,2007.2,2009.6,2011.1,110.0,680.2,90.6,77.0,27.5,265.2,183.0,79.6,10.0,20.7,23.0,20.9,11.6,8.4,3.2,875.2,632.3,242.8,892.0,644.5,247.5
Port William,12,6,3.5,4.0,1985.2,1990.0,1987.2,1986.4,281.6,280.5,303.1,307.5,25.5,44.0,49.3,46.9,13.0,12.6,14.3,14.3,2.1,1.7,0.4,156.2,124.5,31.7,159.2,126.9,32.3
"Backaland, Eday",12,4,2.6,2.5,1996.8,1991.2,1994.7,1996.5,278.7,322.7,398.9,373.6,32.5,43.5,74.6,62.1,6.0,8.4,12.2,14.5,3.4,2.8,0.6,257.2,210.5,46.8,262.2,214.5,47.6
Broadford Bay,12,9,2.6,2.0,1990.6,1995.0,1998.5,1995.1,211.7,220.5,213.7,194.4,21.5,28.0,32.4,27.9,14.5,24.1,18.5,15.3,2.3,1.5,0.7,171.7,116.0,55.7,175.0,118.2,56.8
Manchester Canal,11,7,11.6,18.5,1999.5,2003.3,2001.8,2002.4,386.2,405.8,394.1,395.4,39.0,57.4,75.2,73.5,34.0,35.1,29.2,29.5,4.6,3.8,0.8,350.0,286.1,63.9,356.7,291.6,65.1
Arinagour,11,5,25.1,3.5,1995.0,1995.0,1995.0,1995.1,276.1,231.5,496.1,454.0,13.0,15.4,27.7,27.2,9.0,10.2,17.7,17.2,9.3,5.3,4.0,699.6,395.6,304.0,713.0,403.2,309.8
Back,11,6,4.4,4.5,2004.1,2002.5,2005.9,2005.6,316.8,282.5,320.5,312.5,34.0,75.2,61.9,63.9,20.0,92.3,33.3,38.0,4.2,2.8,1.4,315.5,207.9,107.6,321.6,211.9,109.7
Annalong,11,5,10.5,3.5,2000.5,2006.0,2008.3,2008.8,177.5,180.6,235.5,204.6,14.0,25.6,11.7,11.5,3.0,9.0,10.5,11.5,3.1,1.9,1.2,239.0,143.2,95.7,243.5,146.0,97.6
South Ronaldsay,11,11,115.5,128.8,2003.1,2003.1,2007.1,2004.3,648.5,1008.6,655.8,451.0,50.0,165.2,495.6,196.9,24.0,28.7,21.8,20.9,16.9,13.6,3.3,1273.2,1024.5,248.7,1297.6,1044.2,253.4
Lymington,11,4,60.6,8.4,2006.6,2007.2,2007.9,2008.0,1331.6,2191.7,3529.7,3672.5,278.0,797.9,2500.3,2529.1,5.0,16.2,39.5,38.6,58.9,55.6,3.4,4423.9,4171.0,252.9,4508.9,4251.1,257.8
Laxo,11,6,15.0,12.6,1999.5,2002.0,2004.2,2003.8,649.0,1180.1,1974.4,1649.3,51.0,131.9,355.9,334.0,26.0,208.7,753.3,693.9,11.4,8.6,2.8,857.4,645.6,211.8,873.9,658.0,215.9
Peacehaven,11,10,12.9,12.4,1992.6,1993.7,1997.3,1997.4,120.7,412.2,611.4,543.9,32.0,109.0,87.7,109.2,5.0,18.4,103.4,98.2,4.4,2.7,1.7,331.0,201.0,130.0,337.3,204.8,132.5
Tayvallich,11,5,20.5,6.8,1984.8,1988.8,1991.8,1997.7,509.5,570.7,578.3,584.2,45.0,150.6,85.8,94.1,5.0,13.4,16.5,25.3,10.7,9.9,0.9,804.1,739.7,64.3,819.5,753.9,65.6
Crosskirk,11,8,24.3,14.4,2003.6,2001.2,2000.6,2007.3,286.4,611.1,230.1,114.2,57.0,130.9,67.3,79.0,7.0,23.1,12.8,22.1,9.1,7.8,1.3,690.6,591.5,99.2,703.9,602.8,101.1
Burray,11,11,17.1,21.8,2001.9,2001.9,2002.8,2003.9,136.4,234.9,149.7,119.9,45.0,77.0,125.6,107.7,15.0,39.9,81.3,97.6,28.1,9.3,18.8,2111.7,698.6,1413.1,2152.3,712.0,1440.3
Scourie,11,8,1.4,1.5,1991.0,1988.4,1996.0,1998.4,253.4,327.7,392.3,430.1,28.0,50.4,71.1,55.5,18.0,22.2,44.2,52.6,3.8,2.8,1.0,283.3,211.9,71.3,288.7,216.0,72.7
Thundersley,11,10,19.3,22.6,2011.3,2010.7,2010.9,2010.6,77.0,182.7,91.0,91.1,8.0,13.4,14.7,14.7,34.0,39.0,36.9,37.0,9.6,2.6,7.0,721.0,192.7,528.3,734.8,196.4,538.4
Bryher,11,6,9.9,15.6,1989.2,1995.2,2007.9,2009.7,320.8,335.2,209.2,203.4,45.0,93.8,59.9,38.8,9.0,15.3,13.7,11.5,5.6,5.0,0.5,420.6,379.2,41.4,428.7,386.5,42.2
Holm,11,3,2.4,2.8,2002.3,2002.7,2003.3,2003.1,258.7,317.8,342.2,329.9,26.0,26.7,30.5,32.0,1.0,12.5,27.1,23.7,2.8,2.2,0.6,209.8,168.5,41.4,213.9,171.7,42.2
West Wemyss,11,11,18.7,23.7,2007.8,2007.8,2008.4,2008.2,134.2,189.3,186.5,194.6,18.0,33.9,33.2,33.1,48.0,42.8,37.8,39.6,9.4,4.3,5.1,705.3,323.8,381.5,718.9,330.1,388.8
Solva (Solfach),10,9,24.3,36.3,2002.0,2001.6,2006.5,2006.4,231.9,244.3,175.4,163.8,35.0,38.6,42.7,46.3,10.5,13.7,12.7,11.9,6.4,4.6,1.8,492.2,354.4,137.8,501.7,361.2,140.5
Rudh Re - Red Point,10,7,2.7,3.1,1993.9,1995.9,1999.4,1997.8,181.3,208.5,283.2,278.6,20.5,40.6,88.0,93.3,7.0,15.1,27.5,24.9,2.1,1.5,0.6,160.0,114.1,45.9,163.1,116.3,46.8
Berwick-Upon-Tweed,10,7,4.7,4.2,1995.9,1999.9,1999.7,1996.4,206.5,263.7,313.6,248.5,23.5,26.3,71.8,85.6,19.5,23.0,29.3,32.2,2.6,2.1,0.5,198.8,158.5,40.3,202.7,161.6,41.1
Ardentinny,10,7,162.9,266.2,2005.9,2005.4,2005.9,2005.9,696.3,789.6,1135.0,1199.3,33.5,66.9,147.4,155.4,31.5,34.6,18.8,17.3,22.1,15.5,6.6,1690.8,1182.9,507.9,1723.2,1205.6,517.7
Aldersgate,10,9,19.9,4.1,1981.7,1985.6,1985.6,1985.7,255.5,536.6,332.0,361.6,34.0,94.6,41.5,74.8,34.5,37.4,30.8,34.6,13.5,8.8,4.7,1027.5,663.3,364.1,1047.2,676.1,371.1
Marchwood,10,9,123.1,124.4,2008.7,2008.8,2014.0,2013.5,219.8,288.1,194.7,195.3,21.0,28.8,30.5,31.1,21.5,21.4,26.2,25.3,13.9,10.4,3.4,1054.5,790.2,264.3,1074.8,805.4,269.4
"Rhubodach, Isle Of Bute",10,4,3.0,1.1,1999.4,1997.0,2001.3,2000.1,374.5,551.5,472.0,301.3,61.5,62.0,87.7,74.1,9.5,18.2,22.2,17.4,2.7,2.2,0.5,203.8,164.3,39.5,207.7,167.4,40.2
Portloe,10,9,31.9,47.1,2000.7,2001.3,2009.1,2010.0,288.8,318.1,426.3,486.4,45.5,56.2,56.7,61.4,9.0,20.9,37.4,42.2,5.7,4.6,1.2,431.1,344.5,86.6,439.4,351.1,88.3
Porthgwarra,10,10,67.8,96.5,2008.8,2008.8,2008.9,2009.5,193.6,198.0,178.2,161.5,33.0,38.1,46.2,45.9,2.0,5.2,7.1,8.0,5.3,5.0,0.4,410.9,382.2,28.7,418.8,389.6,29.2
Portmahomack Harbor,10,9,8.7,6.6,1986.7,1988.4,2000.8,2003.9,381.4,614.5,309.1,284.7,63.0,89.4,93.1,60.7,10.0,19.0,17.4,19.4,6.8,5.2,1.6,506.2,389.0,117.2,515.9,396.5,119.5
Hougharry And Loch Eport,10,6,5.1,2.4,1976.8,1980.0,1988.2,1984.5,359.3,979.3,446.7,459.4,51.0,238.8,312.5,355.2,20.0,53.0,27.4,29.9,7.8,6.2,1.6,587.4,468.0,119.4,598.7,477.0,121.7
Barra,9,7,3.0,1.0,1996.1,1995.9,1986.1,1998.6,232.1,276.3,377.2,189.2,28.0,28.4,45.3,33.7,36.0,59.9,170.4,165.9,7.0,1.4,5.5,524.1,108.5,415.6,534.2,110.6,423.6
Achnacroish,9,4,0.9,1.0,1998.1,1994.5,1997.3,1996.4,173.2,355.5,199.2,201.6,39.0,69.6,58.2,64.0,16.0,38.2,30.1,32.4,2.5,1.8,0.7,185.3,131.8,53.4,188.8,134.3,54.5
Loch Ryan Pt,9,6,29.7,6.0,2003.0,2004.0,2001.1,2001.1,183.1,153.8,184.2,172.7,12.0,22.6,11.8,12.7,10.0,17.0,9.5,9.8,7.8,4.5,3.3,594.6,344.4,250.2,606.0,351.0,255.1
Whitehaven,9,8,23.9,19.3,1992.6,1993.1,2004.4,2003.9,412.9,677.5,1101.8,1097.6,37.0,55.9,138.9,129.7,14.0,20.6,59.8,55.9,8.2,6.2,2.1,629.5,472.2,157.2,641.6,481.3,160.3
Saint Michael'S Mount,9,9,13.5,19.1,2008.6,2008.6,2007.2,2007.1,341.3,294.9,213.4,209.7,38.0,41.8,43.0,44.4,33.0,52.3,44.0,43.4,4.4,3.3,1.1,333.4,252.1,81.3,339.8,256.9,82.9
Minehead,9,9,15.7,24.5,2004.4,2004.4,2004.6,2004.8,180.1,224.4,149.6,148.0,24.0,27.9,19.0,18.5,4.0,33.1,43.9,47.7,3.7,2.7,1.0,285.3,209.4,75.9,290.8,213.4,77.4
Granton,9,1,8.8,6.6,2014.0,2014.0,2014.0,2014.0,80.4,80.4,159.1,159.1,39.0,39.0,159.7,159.7,32.0,32.0,44.7,44.7,2.5,1.6,0.8,185.8,122.8,62.9,189.3,125.2,64.2
Beer,9,9,56.0,60.6,1997.4,1997.4,2005.6,2005.3,171.3,338.1,281.6,254.8,32.0,59.1,58.2,56.5,7.0,12.6,30.6,30.3,8.6,7.5,1.2,649.1,562.4,86.8,661.6,573.1,88.4
"Easdale, Seil",9,9,0.9,1.0,1981.1,1981.1,1985.9,1986.9,134.0,169.6,149.5,224.5,15.0,35.2,32.4,37.5,9.0,10.6,5.5,5.5,1.7,1.3,0.3,124.6,100.4,24.2,127.0,102.3,24.6
Salthouse,9,8,8.0,8.9,1993.0,1995.1,2001.1,1997.5,228.9,268.8,309.9,267.3,27.0,87.5,214.1,129.5,13.0,27.2,15.8,20.2,3.8,3.5,0.3,288.2,262.9,25.3,293.8,268.0,25.8
Sandness,9,9,18.4,14.0,2006.8,2006.8,2011.1,2012.2,225.3,677.3,821.5,772.7,51.0,198.4,570.2,596.0,33.0,59.6,12.4,13.1,11.8,10.8,1.0,888.6,811.8,76.9,905.7,827.4,78.3
Hopeman,9,9,10.8,10.8,2001.7,2001.7,1995.5,1998.2,285.3,325.3,312.2,348.5,45.0,56.0,62.7,61.2,22.0,31.3,53.4,39.1,3.8,3.2,0.6,281.8,236.0,45.8,287.2,240.5,46.7
Hessle/Hull,9,8,11.5,15.9,2002.4,2002.6,2005.7,2006.0,224.4,598.8,701.2,716.9,22.0,58.2,136.1,138.3,11.0,15.4,12.9,12.1,3.7,2.9,0.7,274.6,220.0,54.6,279.8,224.2,55.7
Keiss,9,7,12.4,8.1,1998.4,2001.9,2010.8,2010.7,299.5,392.6,357.3,330.1,33.0,119.3,324.9,292.9,16.0,18.9,17.5,19.1,5.8,5.4,0.3,433.2,406.9,26.2,441.5,414.7,26.8
"Elgol, Isle Of Skye",9,3,2.8,2.4,1969.4,1976.3,1967.0,1966.4,321.0,331.3,389.3,385.7,32.0,36.0,50.5,50.2,8.0,11.7,13.0,13.6,2.1,1.7,0.4,161.0,128.0,33.0,164.1,130.5,33.7
Rostrevor,9,6,13.6,14.6,2004.9,2004.8,2008.4,2007.5,814.2,610.0,386.7,510.7,28.0,36.4,234.0,259.4,37.0,44.8,59.2,72.2,8.8,6.2,2.6,661.9,465.6,196.3,674.6,474.5,200.1
Largs,9,7,15.3,5.6,1984.1,1992.3,2010.2,2011.5,269.5,4199.6,1842.9,3527.2,75.0,771.4,3289.9,3538.8,40.0,130.4,296.0,301.3,46.3,42.0,4.2,3478.5,3158.7,319.8,3545.3,3219.4,325.9
Gorran Haven,9,7,11.7,13.1,1991.0,1994.4,1997.9,1999.1,565.1,565.8,482.9,475.6,47.0,73.6,110.3,84.7,18.0,19.0,11.5,11.1,7.7,6.4,1.2,576.2,483.4,92.8,587.2,492.7,94.6
Aith,9,9,1.2,0.8,2001.2,2001.2,2006.1,2004.6,254.2,309.6,345.3,284.3,29.0,78.7,198.1,151.6,17.0,43.2,86.3,71.1,2.5,1.7,0.8,187.8,131.2,56.7,191.4,133.7,57.7
Hamars Ness,9,4,2.6,2.5,1995.3,1995.5,2001.5,2002.7,358.1,410.9,316.1,305.0,34.0,34.2,37.6,35.4,29.0,22.1,29.2,28.0,2.5,1.8,0.7,187.6,133.7,53.9,191.2,136.2,55.0
Ardglass,9,7,2.5,2.9,1992.8,1994.1,1996.6,1998.6,114.8,106.9,77.7,71.9,19.0,22.3,28.2,30.4,2.0,2.0,4.1,3.6,0.8,0.7,0.1,63.1,56.0,7.1,64.3,57.1,7.3
Sandown,9,6,7.5,7.8,1990.9,1995.3,2003.3,2008.7,119.2,232.6,177.1,159.4,42.0,58.5,93.6,107.9,14.0,157.5,335.1,459.9,6.5,2.8,3.7,491.9,210.5,281.5,501.4,214.5,286.9
Saint Abbs,8,7,25.9,45.5,2005.0,2006.0,2010.5,2011.2,236.2,209.4,183.9,186.9,27.0,25.6,31.7,31.4,7.5,7.1,2.0,1.1,2.6,2.3,0.4,195.7,169.3,26.4,199.5,172.5,26.9
Kinghorn,8,8,14.2,13.2,2006.1,2006.1,2009.8,2008.5,202.3,315.5,353.3,344.8,33.5,125.8,394.7,327.0,6.0,26.5,14.3,12.8,7.8,6.1,1.7,586.6,455.4,131.2,597.9,464.1,133.8
Althorpe,8,5,1.3,1.9,1997.5,1997.0,1991.7,1991.8,59.7,100.2,108.4,107.2,8.5,14.8,26.2,26.1,47.5,42.7,51.5,51.7,0.7,0.5,0.3,55.6,35.4,20.3,56.7,36.0,20.6
Avoch,8,5,8.2,12.7,2001.4,2004.0,2001.3,2000.7,399.9,349.9,389.2,402.7,47.0,36.2,47.0,47.2,10.0,33.5,28.8,26.1,3.2,2.6,0.6,241.4,195.9,45.5,246.1,199.7,46.4
Groomsport,8,6,11.5,14.0,2003.1,2002.5,2003.5,2003.5,479.5,464.4,361.4,333.9,78.0,73.5,136.9,132.8,8.0,8.5,9.8,9.9,7.5,6.6,0.9,566.6,497.6,69.0,577.5,507.2,70.3
Portskerra,8,4,3.1,3.0,2010.0,2008.5,2014.3,2014.5,100.5,155.3,151.8,158.4,15.0,14.9,19.1,19.3,5.0,12.1,15.2,15.8,1.0,0.8,0.1,71.5,62.2,9.3,72.9,63.4,9.5
Largo,8,7,3.1,2.0,2003.5,2002.9,2008.5,2005.3,105.4,130.3,142.1,117.2,52.0,48.7,76.3,58.0,19.5,23.6,31.3,27.7,1.7,1.4,0.4,127.9,101.5,26.5,130.4,103.4,27.0
Newbiggin By The Sea,8,5,8.8,8.8,1996.2,2001.8,2001.9,2002.9,306.1,475.0,387.5,509.4,63.5,96.5,185.9,166.9,38.5,32.1,20.6,11.1,6.8,6.0,0.8,511.5,448.9,62.6,521.4,457.5,63.8
Whinnyfold,8,5,7.0,5.6,2007.4,2002.8,2007.1,2003.9,456.0,486.3,425.4,448.6,73.0,71.4,127.1,106.1,4.0,15.1,5.1,6.0,4.1,3.3,0.8,304.8,247.5,57.3,310.7,252.2,58.4
Falmouth,8,2,0.8,0.4,1965.9,1971.5,1975.6,1974.7,250.7,1478.2,802.5,679.4,52.0,983.5,1490.1,1380.0,83.5,65.5,50.2,55.4,4.5,3.8,0.8,340.6,282.8,57.9,347.2,288.2,59.0
Portpatrick,8,5,4.9,5.4,1984.9,1986.0,1989.3,1991.2,354.3,662.1,312.2,285.8,27.0,48.1,74.5,69.4,22.0,41.0,34.6,30.7,1.9,1.2,0.7,144.0,91.0,53.1,146.8,92.7,54.1
Newton Ferrers,8,7,4.9,6.6,1991.6,1993.1,2005.4,2007.3,180.8,296.5,75.5,62.8,31.5,83.6,44.5,38.5,4.5,6.5,5.2,5.7,2.3,2.2,0.1,169.6,162.2,7.4,172.9,165.3,7.6
Eigg,8,3,5.8,0.8,1995.1,1987.0,1999.6,1999.5,666.1,415.0,702.5,512.4,52.0,34.3,107.9,99.1,11.5,9.5,22.5,20.7,6.0,4.8,1.2,451.4,362.2,89.2,460.1,369.2,90.9
Ardrishaig,8,4,1.5,1.8,1987.1,1995.2,1987.5,1989.4,112.9,184.9,124.8,133.4,15.0,16.0,19.8,20.1,22.5,21.5,22.8,21.6,0.8,0.5,0.3,58.6,36.5,22.1,59.7,37.2,22.5
Gairloch,8,4,1.1,1.0,1992.0,1987.0,1984.5,1994.2,191.1,219.1,209.6,234.1,20.5,21.9,22.8,26.0,25.5,29.1,34.8,41.8,1.8,1.0,0.8,133.6,74.5,59.1,136.2,76.0,60.2
Cawsand,8,8,9.7,11.7,1994.2,1994.2,1997.4,1997.1,298.5,529.5,413.7,443.9,28.5,107.2,71.6,70.9,6.0,16.0,23.2,22.8,3.6,3.0,0.6,270.0,225.1,45.0,275.2,229.4,45.8
Sandwich,7,5,2.4,3.4,1997.1,2000.0,2000.6,2001.7,68.2,77.5,81.4,90.9,8.0,10.4,15.9,17.6,13.0,19.2,13.7,13.4,1.0,0.8,0.1,73.0,62.0,11.0,74.4,63.2,11.2
Dartmouth,7,6,4.7,1.0,1980.1,1982.8,1979.4,1978.5,83.2,294.6,118.3,118.7,17.0,44.3,25.5,37.2,25.0,23.9,22.6,21.0,5.7,2.9,2.8,430.7,217.1,213.6,439.0,221.3,217.7
Culkein/Drumbeg,7,5,2.9,2.7,2001.7,1998.4,2007.0,2005.6,328.2,291.4,330.3,331.2,27.0,31.4,46.3,45.5,15.0,31.4,30.3,32.4,2.4,1.7,0.8,183.9,127.3,56.6,187.4,129.7,57.7
"Sconser, Isle Of Skye",7,5,9.2,1.6,1982.3,1983.0,1988.5,1984.0,142.3,603.2,1135.6,404.6,22.0,31.7,75.6,62.1,7.0,25.0,67.6,52.9,6.2,3.4,2.8,468.0,255.2,212.8,477.0,260.1,216.9
Shetland,7,7,47.6,83.5,1994.3,1994.3,2001.9,2002.0,436.6,425.2,775.0,781.9,73.0,187.9,850.7,856.3,7.0,39.9,6.4,6.1,47.8,47.2,0.6,3699.9,3655.1,44.8,3771.0,3725.2,45.7
"Fionnphort, Isle Of Mull",7,6,3.2,0.8,1964.9,1965.0,1989.7,1992.1,204.7,223.4,252.1,295.2,13.0,29.8,38.1,46.7,11.0,17.8,8.3,8.3,2.6,1.7,0.9,197.1,130.5,66.6,200.9,133.0,67.9
Stonehaven,7,6,5.3,3.1,2001.1,2001.3,2005.5,2005.5,234.2,257.9,204.4,192.9,25.0,57.5,39.1,42.9,20.0,32.8,35.9,39.7,2.7,1.9,0.8,200.5,143.2,57.3,204.3,145.9,58.4
Moaness,7,4,4.0,1.6,2000.7,1998.0,1998.7,1998.7,220.5,1150.2,318.6,307.7,45.0,184.1,302.4,278.7,33.0,26.1,34.4,31.3,5.4,4.4,1.0,405.8,333.8,72.0,413.6,340.2,73.4
Auckengill,7,6,18.9,31.2,2003.3,2005.0,2002.5,2002.3,180.5,215.6,257.6,268.6,21.0,36.1,32.9,31.9,19.0,27.5,79.1,83.5,8.3,2.3,6.0,622.5,173.4,449.1,634.4,176.7,457.7
Porthleven,7,7,72.6,133.9,2006.6,2006.6,2010.6,2010.7,318.1,285.0,418.4,463.8,31.0,33.0,22.4,22.1,53.0,91.1,297.2,306.3,6.4,2.7,3.8,491.3,202.2,289.1,500.8,206.1,294.6
Glenuig,7,5,1.7,0.5,1980.6,1973.4,1981.9,1984.7,281.9,358.2,330.9,271.8,50.0,43.0,55.2,51.9,9.0,9.5,8.4,12.3,2.6,2.1,0.6,196.1,154.8,41.4,199.9,157.8,42.2
"Cuan Ferry, Seil",7,6,1.1,0.5,1980.7,1977.0,1974.4,1984.8,139.0,180.2,216.1,145.0,17.0,23.5,34.6,24.4,5.0,7.8,7.4,11.4,1.4,1.2,0.3,107.8,87.9,20.0,109.9,89.6,20.3
Glen Mallan,7,7,38.3,22.6,2004.9,2004.9,2002.4,2002.4,415.3,615.5,505.1,471.4,43.0,453.1,90.8,102.3,11.0,52.3,12.5,12.6,13.6,12.5,1.1,1038.9,951.9,87.0,1058.8,970.2,88.7
Levenwick,7,7,64.4,107.0,1997.7,1997.7,2002.9,2003.0,547.0,573.3,1043.2,1071.2,64.0,60.4,107.5,108.4,17.0,32.4,89.0,90.4,8.1,4.8,3.3,607.4,360.6,246.8,619.1,367.6,251.5
Silloth,7,7,4.2,6.7,1992.1,1992.1,1988.1,1986.1,178.5,336.3,277.4,311.6,21.0,85.7,138.5,172.2,44.0,58.9,69.2,81.3,3.5,2.9,0.6,262.5,218.3,44.3,267.6,222.5,45.1
Pembrey,7,4,10.2,9.6,1988.6,1996.5,1993.8,1987.2,262.2,231.9,125.7,194.3,36.0,48.0,64.0,90.8,18.0,14.1,42.2,61.2,4.6,2.8,1.8,343.6,211.1,132.5,350.2,215.1,135.0
Boulmer,7,6,2.3,2.3,2000.3,2001.7,2002.4,2001.1,88.3,137.8,130.5,132.9,21.0,52.2,53.1,67.7,3.0,3.2,4.1,3.2,1.6,1.5,0.0,117.4,114.1,3.3,119.7,116.3,3.4
Skerray,7,7,64.6,98.9,2002.0,2002.0,2007.6,2008.1,266.8,361.2,245.4,225.1,20.0,61.9,154.8,187.7,4.0,43.4,138.3,175.9,12.1,7.7,4.4,932.5,589.1,343.5,950.4,600.4,350.1
Achiltibuie,7,4,2.8,2.1,2001.9,1998.0,2005.8,2006.1,303.0,362.2,238.6,234.5,31.0,61.0,51.3,51.1,6.0,14.6,23.8,28.4,2.0,1.8,0.2,147.7,132.0,15.7,150.5,134.5,16.0
Wemyss Bay,7,5,23.2,6.7,2003.1,2002.4,2005.8,2005.9,1171.0,1078.4,984.8,354.4,20.0,72.2,84.3,49.6,167.0,174.3,410.9,250.7,15.8,4.1,11.7,1188.2,305.9,882.2,1211.0,311.8,899.2
Burry Port,7,2,7.4,10.9,1982.0,1992.0,1984.1,1985.4,599.5,330.0,145.0,125.8,141.0,89.8,157.9,150.0,27.0,19.8,55.5,52.4,5.5,4.4,1.1,413.3,329.8,83.5,421.2,336.1,85.1
North Roe To Hillswick,7,6,234.0,416.2,2003.3,2003.7,2003.6,2003.6,787.5,702.5,798.1,803.0,90.0,98.1,119.6,119.8,18.0,19.2,16.4,16.2,18.6,16.1,2.5,1400.1,1210.2,190.0,1427.0,1233.4,193.6
Maidens,6,6,25.0,46.0,1998.2,1998.2,2012.2,2012.6,138.9,172.0,144.0,144.5,27.5,26.8,41.8,42.4,6.5,23.2,3.6,3.4,3.4,2.6,0.8,257.4,200.4,57.0,262.4,204.2,58.1
Ruan Minor,6,4,27.9,47.4,2009.2,2005.2,2016.0,2016.0,128.5,161.3,119.6,119.0,34.5,32.2,48.3,48.3,2.0,3.5,38.5,38.5,3.1,2.1,1.0,237.3,159.0,78.3,241.9,162.1,79.8
Bunessan,6,6,2.4,2.9,1981.7,1981.7,1992.1,1994.4,289.7,303.7,335.7,332.5,28.0,31.2,41.2,41.8,6.0,7.5,5.7,5.2,1.0,0.7,0.3,75.7,52.4,23.3,77.1,53.4,23.7
Loch Buie (Mull),6,5,1.0,0.5,1997.3,1993.4,1989.4,1982.5,262.3,268.1,243.3,246.7,23.5,47.7,28.1,32.7,7.5,7.4,6.6,5.2,1.1,0.9,0.2,85.0,67.6,17.5,86.7,68.9,17.8
John O'Groats,6,5,4.0,3.2,1998.5,1999.6,1998.1,2001.4,406.8,821.6,521.6,343.3,37.5,64.1,132.4,78.3,10.0,23.8,42.4,21.1,4.9,3.3,1.6,369.9,250.2,119.7,377.0,255.0,122.0
Loch Scridain (Isle Mull),6,6,1.3,1.7,1973.0,1973.0,1993.1,1992.9,118.4,195.5,157.7,165.7,15.5,29.5,19.9,19.8,20.5,33.5,22.4,21.7,1.4,0.7,0.6,102.6,56.0,46.5,104.5,57.1,47.4
Seahouses,6,6,3.0,2.4,1996.8,1996.8,2004.6,2003.9,100.7,97.3,104.8,101.0,16.0,17.3,21.4,19.6,0.5,8.3,4.1,2.3,0.9,0.8,0.1,70.7,60.9,9.7,72.0,62.1,9.9
Kirtomy,6,5,26.7,50.4,2006.5,2005.8,2011.4,2011.6,242.7,246.8,299.6,304.4,34.0,33.8,38.6,38.8,1.5,44.7,206.4,211.7,5.3,2.5,2.8,407.0,188.4,218.7,414.9,192.0,222.9
Arisaig,6,5,0.3,0.4,1970.8,1964.8,1977.5,1981.8,143.0,167.9,140.7,150.3,11.0,22.2,21.4,25.9,8.0,9.0,12.5,12.0,0.7,0.4,0.3,53.6,32.4,21.2,54.6,33.0,21.6
Scarfskerry,6,4,4.3,2.8,1992.7,1987.5,1989.8,1999.4,446.0,451.9,248.5,364.5,58.5,88.2,40.9,55.4,4.5,4.8,5.7,7.7,2.8,2.5,0.3,209.9,185.9,24.0,213.9,189.5,24.5
Creeksea,6,6,7.4,10.2,1996.8,1996.8,1991.2,1991.9,162.7,512.7,463.5,424.6,57.5,96.7,242.7,232.5,74.0,82.7,67.9,71.7,2.5,1.8,0.7,191.2,136.8,54.4,194.9,139.5,55.4
Fraserburgh Harbor,6,6,16.5,14.3,2010.7,2010.7,2012.8,2011.4,790.6,942.5,793.8,832.1,69.5,270.0,527.2,432.4,8.5,25.7,11.4,11.2,10.0,9.7,0.3,748.5,726.8,21.7,762.9,740.8,22.1
Carbost,6,6,8.3,1.9,1990.0,1990.0,1988.9,1989.5,363.8,717.3,1525.8,655.8,23.0,56.8,134.0,97.8,12.0,12.8,8.5,11.9,6.6,6.0,0.7,498.5,448.1,50.4,508.0,456.7,51.4
Appin,6,2,1.2,0.7,1998.8,1990.5,1997.3,1987.8,250.0,329.0,269.5,326.3,38.0,38.0,47.7,45.9,14.0,11.0,10.9,7.5,0.9,0.7,0.2,71.5,56.0,15.5,72.9,57.1,15.8
"Rapness, Westray",6,6,3.4,3.0,1997.7,1997.7,2003.6,2000.8,177.0,323.7,138.0,174.1,38.5,52.8,62.1,69.9,5.0,8.0,3.9,5.6,2.3,2.1,0.2,173.7,159.6,14.1,177.1,162.7,14.4
Helmsdale Harbor,6,6,8.3,6.7,2004.7,2004.7,2005.6,2003.1,330.8,337.3,368.8,374.7,26.0,28.7,33.0,34.7,10.5,13.7,12.8,10.8,2.9,2.0,1.0,218.6,146.9,71.6,222.8,149.8,73.0
Fortrose,6,3,6.2,9.8,2001.3,2005.7,2001.6,2000.8,370.0,410.9,388.6,385.4,41.5,42.2,45.8,45.1,7.5,9.3,7.9,7.6,2.5,2.2,0.2,184.8,167.4,17.4,188.3,170.6,17.7
Covent Garden,6,5,5.9,8.4,2000.5,2000.0,2004.4,2004.8,592.9,588.0,196.1,172.0,78.0,68.2,38.5,24.9,19.5,15.2,5.2,1.5,3.4,3.0,0.5,259.9,222.8,37.2,264.9,227.0,37.9
St Margaret'S Hope,6,4,4.3,1.0,2005.7,2003.8,2007.3,2004.2,367.3,392.6,722.5,468.4,45.5,92.6,23.7,66.6,97.0,115.9,289.3,219.1,6.8,2.0,4.8,511.7,148.3,363.4,521.5,151.1,370.4
Beadnell,6,5,5.9,5.2,2008.8,2008.0,2011.3,2010.9,134.3,376.6,335.6,289.6,21.0,136.1,381.8,346.2,1.0,3.6,8.8,8.0,4.6,4.6,0.1,348.0,344.2,3.8,354.7,350.8,3.9
Plockton,6,4,1.8,0.8,1979.2,1986.8,1976.4,2000.1,161.4,122.2,189.1,164.2,14.0,15.0,18.4,15.8,9.0,13.8,8.3,15.8,1.2,0.9,0.3,90.0,67.7,22.3,91.7,69.0,22.7
Latheronwheel,6,6,3.6,3.8,2006.8,2006.8,2007.7,2007.8,201.6,235.6,215.1,223.3,17.5,27.2,31.2,30.3,10.0,15.3,11.5,11.5,1.8,1.2,0.6,135.5,90.0,45.5,138.1,91.7,46.4
Saint Peter Port,6,4,4.3,1.3,1998.8,1997.5,2002.7,2002.3,104.0,224.5,355.0,215.2,17.5,41.1,102.4,77.7,1.0,14.4,8.3,19.4,1.9,1.8,0.1,143.2,132.1,11.1,146.0,134.6,11.3
Cove (Leith),6,6,90.9,48.8,2009.3,2009.3,2013.1,2011.9,313.0,754.0,501.1,183.0,64.0,204.7,557.6,380.3,4.5,33.2,9.2,21.6,11.6,9.5,2.1,872.0,715.6,156.4,888.7,729.3,159.4
Eyemouth,6,6,2.6,2.8,1978.0,1978.0,2012.2,2012.4,166.2,239.7,182.0,180.3,22.5,41.2,99.0,101.1,31.0,46.0,6.8,4.6,2.3,1.1,1.2,174.7,81.1,93.5,178.0,82.7,95.3
Sandhaven And Pitullie,6,5,14.8,11.6,2009.8,2009.2,2011.8,2011.7,174.8,487.5,616.9,511.2,27.5,130.7,678.3,681.7,7.0,9.5,23.9,24.1,11.5,11.1,0.4,866.6,835.1,31.5,883.3,851.1,32.1
Islandmagee,6,3,1.9,1.3,2006.2,2000.3,2001.2,2001.3,103.1,166.9,257.0,297.3,24.0,45.8,89.9,93.4,11.5,30.8,66.7,69.8,1.3,1.0,0.3,97.7,71.5,26.2,99.6,72.8,26.7
Anstruther,6,6,2.0,1.9,2002.5,2002.5,2007.1,2005.1,111.1,113.8,57.8,54.7,17.5,24.8,23.0,21.4,5.5,11.3,8.8,8.7,0.6,0.4,0.2,43.6,31.5,12.1,44.4,32.1,12.3
Egilsay,6,4,3.1,2.1,2000.8,1998.5,2008.8,2007.4,193.3,184.7,108.1,111.3,18.5,17.9,18.1,19.3,26.0,21.9,38.7,37.9,1.6,1.1,0.5,118.0,80.1,38.0,120.3,81.6,38.7
Dalgety Bay,6,5,12.3,15.4,2010.3,2009.8,2009.3,2009.0,315.9,306.6,316.0,313.5,24.5,34.6,28.9,27.1,5.5,7.1,5.9,5.6,4.8,4.0,0.8,357.1,297.0,60.1,364.0,302.7,61.2
Burton Bradstock,6,4,14.8,5.8,2005.5,2006.8,2014.0,2011.3,70.8,95.2,160.0,101.0,17.0,16.5,26.1,24.8,0.5,7.2,12.1,13.0,1.3,1.1,0.2,98.7,82.5,16.3,100.6,84.1,16.6
Hoswick,6,5,79.5,130.4,2006.5,2007.2,2003.6,2003.3,626.5,612.5,671.1,677.7,117.0,106.4,144.7,144.6,29.0,36.3,79.6,81.8,17.1,11.1,6.0,1285.8,831.8,454.0,1310.5,847.8,462.7
Morston,5,5,4.0,4.8,2005.6,2005.6,2002.6,2001.7,183.1,376.6,287.0,310.1,16.0,47.0,50.4,54.0,6.0,58.0,55.7,27.9,2.2,1.5,0.7,163.5,114.3,49.2,166.6,116.5,50.2
Sennen Cove,5,5,3.0,2.4,1971.4,1971.4,1991.5,1986.7,604.8,492.6,581.0,614.7,72.0,71.2,89.7,102.3,4.0,5.2,4.7,4.8,2.0,1.9,0.2,153.1,141.6,11.5,156.0,144.3,11.7
Old Kilpatrick,5,5,0.4,0.1,1992.2,1992.2,1984.0,1993.5,145.5,144.5,145.1,133.8,35.0,107.8,139.6,105.2,42.0,32.2,22.5,31.8,1.4,1.1,0.3,106.3,85.9,20.5,108.4,87.5,20.9
Hope Cove,5,5,2.9,3.1,1994.6,1994.6,1998.9,1999.9,336.0,485.7,494.9,462.2,48.0,58.4,79.6,72.2,2.0,6.8,1.6,1.7,2.1,2.0,0.1,154.0,149.2,4.8,156.9,152.1,4.9
Portreath,5,5,16.8,8.0,2007.0,2007.0,2007.8,2007.9,244.4,315.9,241.3,286.3,34.0,37.6,25.3,33.6,14.0,30.0,23.2,42.3,2.4,2.0,0.4,179.5,148.7,30.8,183.0,151.6,31.4
Stroma,5,5,1.5,1.9,1993.8,1993.8,1997.5,1999.4,245.6,324.8,253.2,235.1,23.0,45.6,41.3,32.7,4.0,6.6,3.2,1.1,1.0,0.8,0.2,74.3,59.6,14.7,75.7,60.7,15.0
Thurso,5,3,4.1,4.5,2005.0,2006.3,2005.6,2004.6,497.4,275.2,237.3,290.0,51.0,31.0,40.5,46.6,11.0,13.7,12.7,12.4,1.8,1.6,0.2,138.1,119.4,18.7,140.7,121.7,19.0
"Church Bay, Rathlin Island",5,4,3.3,0.5,1992.0,1993.0,1990.7,1990.6,75.0,116.2,158.2,140.1,16.0,16.1,23.1,22.3,5.0,8.8,15.2,14.7,1.4,0.8,0.5,103.8,63.3,40.5,105.8,64.5,41.3
Wyke Regis,5,4,8.4,3.1,2007.2,2008.2,2008.9,2008.2,284.6,414.7,136.7,156.3,62.0,91.5,39.3,44.8,0.0,6.0,2.0,3.2,1.5,1.4,0.1,113.0,105.3,7.7,115.2,107.3,7.9
Yapton,5,5,14.5,12.2,2006.4,2006.4,2011.8,2012.0,159.1,268.8,66.3,69.3,29.0,38.2,21.5,21.7,0.0,1.0,2.6,2.7,1.7,1.6,0.1,130.0,121.9,8.1,132.5,124.3,8.2
South Strome,5,4,2.1,2.0,2012.0,2011.0,2010.5,2011.1,100.3,261.9,186.9,194.3,16.0,34.5,47.8,48.9,14.0,13.0,13.9,14.9,1.2,1.1,0.1,93.1,83.1,10.0,94.9,84.7,10.2
Folkestone,5,5,3.2,2.0,2002.6,2002.6,2006.5,2006.8,134.5,328.4,318.7,350.2,64.0,51.6,69.7,68.5,4.0,6.4,7.0,7.5,2.9,2.7,0.2,215.7,200.6,15.1,219.9,204.5,15.4
Bridlington,5,5,0.7,0.5,2006.8,2006.8,2012.1,2015.2,193.7,231.2,186.6,186.5,44.0,81.0,76.7,59.2,20.0,23.0,44.5,50.9,1.1,0.9,0.2,82.6,66.5,16.0,84.1,67.8,16.4
Longhope,5,5,5.6,2.7,1999.2,1999.2,2002.6,2004.8,357.7,1458.2,538.4,439.1,102.0,254.4,369.2,276.7,34.0,48.0,62.5,50.4,6.6,4.9,1.7,497.7,366.6,131.1,507.3,373.7,133.6
Mevagissey,5,5,2.4,2.8,2004.0,2004.0,2006.5,2006.8,102.4,163.7,191.0,266.4,14.0,95.2,131.5,163.5,8.0,40.8,113.0,143.4,2.0,1.6,0.5,153.0,118.1,34.9,155.9,120.3,35.6
Ness,5,2,2.6,2.7,2006.2,2006.5,2006.3,2006.3,349.1,442.1,406.5,413.0,49.0,52.2,46.7,47.3,13.0,47.5,61.3,62.4,1.7,0.8,0.9,128.8,61.0,67.8,131.3,62.2,69.1
Burwick,5,5,20.0,32.3,2005.0,2005.0,2010.2,2010.3,390.7,349.5,474.4,504.6,55.0,58.4,52.6,51.4,3.0,12.0,5.4,5.0,3.2,3.2,0.0,242.6,239.3,3.3,247.2,243.9,3.3
Feolin Ferry,5,3,4.1,1.4,1978.6,1979.3,1984.4,1983.6,195.0,381.2,498.4,444.0,81.0,76.2,65.9,56.6,5.0,15.2,8.9,16.8,3.3,3.0,0.3,245.3,224.4,20.9,250.0,228.7,21.3
Ardmaleish,5,5,1.1,0.7,1993.8,1993.8,1999.0,1997.7,479.8,408.0,395.8,294.4,75.0,62.2,82.6,66.0,52.0,84.2,56.0,84.2,2.0,1.3,0.7,152.3,96.6,55.8,155.3,98.4,56.8
Gills,5,4,19.7,5.2,2008.8,2007.5,2006.5,2007.2,114.4,3729.5,489.4,211.9,9.0,494.8,815.1,595.7,47.0,42.5,60.2,49.0,18.2,17.0,1.2,1364.0,1275.8,88.2,1390.2,1300.3,89.9
Worthing,5,5,30.9,9.5,1999.2,1999.2,2013.5,2012.4,304.2,352.5,372.0,369.0,26.0,33.2,28.2,30.8,1.0,2.8,0.2,0.6,4.1,3.9,0.2,304.6,291.8,12.8,310.4,297.4,13.1
"Kallin (Ceallan), Isle Of Grimsay",5,4,0.2,0.2,2004.8,2002.2,1998.5,1991.1,145.9,230.6,170.9,153.3,31.0,51.4,57.0,41.3,40.0,41.6,33.4,39.3,1.1,0.8,0.3,84.1,57.9,26.2,85.7,59.1,26.7
Rosemarkie,5,4,3.3,5.2,2004.6,2004.0,2002.5,2002.1,171.2,247.6,210.7,220.5,13.0,23.9,31.2,33.1,5.0,5.8,5.6,5.5,1.1,0.9,0.2,86.2,70.9,15.3,87.9,72.3,15.6
Aber Soch (Abersoch),5,5,5.0,5.0,1998.4,1998.4,2000.6,2001.7,382.8,354.6,358.1,349.9,35.0,40.8,42.4,32.2,4.0,3.8,3.7,5.1,2.0,1.8,0.2,155.2,140.8,14.4,158.2,143.5,14.7
Strete,5,4,4.0,5.2,1992.2,1994.8,1995.8,1997.9,133.4,167.3,217.3,286.0,34.0,37.5,44.0,36.5,34.0,29.8,38.3,43.0,2.1,1.3,0.8,160.5,98.5,62.0,163.6,100.4,63.2
Portscatho,5,5,1.7,2.3,1997.4,1997.4,1997.4,1999.1,192.5,177.2,168.4,186.4,28.0,34.2,26.9,24.5,59.0,63.2,77.2,90.0,2.4,0.6,1.8,181.9,47.9,134.1,185.4,48.8,136.6
Freshwater East,5,5,4.2,4.4,2001.2,2001.2,2004.4,2005.3,114.4,122.3,114.4,105.5,15.0,24.4,28.1,22.0,19.0,24.6,23.3,28.2,2.7,1.1,1.5,201.7,85.5,116.3,205.6,87.1,118.5
Strathaird,5,3,0.5,0.7,1968.6,1970.3,1967.0,1966.6,228.4,143.7,211.7,229.8,24.0,21.7,26.5,26.4,8.0,24.7,9.0,8.3,0.6,0.3,0.2,43.0,25.9,17.0,43.8,26.4,17.4
Nethy Bridge,5,4,2.0,0.6,1987.2,1982.0,2004.2,1993.0,310.1,385.8,291.7,304.5,24.0,39.8,36.9,43.0,11.0,14.1,13.1,15.1,1.5,1.2,0.4,115.5,88.5,27.0,117.7,90.2,27.6
Portavogie,5,5,3.0,3.2,2000.8,2000.8,2007.7,2007.7,113.6,192.4,115.6,110.6,23.0,43.6,27.2,23.3,2.0,9.6,4.4,3.4,0.9,0.8,0.1,65.5,59.4,6.1,66.7,60.6,6.2
Elie,5,5,9.5,3.2,1997.2,1997.2,1988.2,1987.4,362.8,767.9,794.0,611.5,61.0,248.4,696.1,572.8,4.0,6.0,4.7,6.0,4.1,4.1,0.0,307.7,304.4,3.3,313.6,310.3,3.4
Cumbraes,5,5,6.3,6.7,1989.6,1989.6,1994.4,1996.0,470.0,378.1,201.9,192.8,69.0,77.8,37.8,34.0,5.0,13.0,6.8,5.0,2.6,2.3,0.3,200.0,178.1,21.9,203.8,181.5,22.3
Cockwood,5,5,17.9,8.8,2000.0,2000.0,2000.5,2001.6,110.6,148.2,252.1,221.9,26.0,23.0,17.8,21.9,5.0,29.0,71.1,60.8,1.5,0.6,0.9,115.0,47.2,67.7,117.2,48.1,69.0
Rhos-On-Sea,5,5,3.8,1.9,1992.8,1992.8,1991.3,1992.1,153.5,955.8,390.6,207.9,21.0,183.4,344.9,263.3,12.0,18.6,24.2,20.9,3.6,3.4,0.2,266.8,253.6,13.2,271.9,258.5,13.5
Tyddewi (St David'S),4,4,12.4,20.6,1996.0,1996.0,2009.8,2010.2,291.2,277.2,283.2,294.0,51.0,142.2,35.8,35.0,9.5,205.8,13.8,12.6,2.7,1.8,0.8,204.8,141.1,63.7,208.7,143.8,64.9
Craster,4,4,6.9,6.2,1991.5,1991.5,1991.5,1990.1,323.5,414.5,532.5,509.6,135.5,117.8,136.4,141.5,7.0,11.8,9.3,4.2,2.3,2.2,0.1,170.1,163.6,6.4,173.3,166.8,6.5
Burstwick,4,4,8.1,8.5,1996.8,1996.8,1999.6,1999.2,384.1,608.7,1019.6,916.6,57.5,62.5,108.6,98.6,13.5,12.8,20.9,20.6,3.5,3.0,0.5,261.8,223.7,38.2,266.9,228.0,38.9
Cellardyke,4,3,3.2,0.8,2008.0,2008.7,2006.7,2007.6,248.6,290.7,339.5,265.6,80.0,87.3,131.0,116.8,13.0,11.0,18.8,16.0,1.3,1.0,0.3,99.9,76.1,23.8,101.8,77.6,24.2
Bunnahabhain,4,3,1.3,1.2,1998.5,1992.7,2006.4,2013.5,171.4,142.7,163.9,214.2,12.5,14.7,14.4,12.5,15.0,12.0,13.7,17.1,0.8,0.4,0.4,61.0,33.6,27.4,62.2,34.3,27.9
Tyne,4,3,0.1,0.1,2005.0,2004.0,2007.0,2008.1,43.0,78.3,57.0,57.5,54.0,110.5,221.7,237.2,5.5,49.8,20.9,11.2,0.9,0.8,0.1,66.4,56.9,9.4,67.6,58.0,9.6
Holy Island,4,4,3.0,4.1,2002.0,2002.0,2006.5,2007.7,105.5,139.9,108.8,109.1,13.0,14.0,12.1,11.9,13.5,14.5,9.8,9.1,0.7,0.5,0.2,53.6,35.9,17.7,54.7,36.6,18.1
Bognor Regis,4,4,11.4,7.9,1991.0,1991.0,1997.3,2003.2,123.5,119.7,61.1,47.6,34.0,35.2,37.9,29.6,2.0,12.8,2.2,3.0,1.4,1.1,0.2,102.0,84.2,17.8,103.9,85.8,18.1
Shapinsay,4,4,5.5,0.9,1987.8,1987.8,1982.7,1984.1,370.1,640.6,222.0,109.9,32.0,96.0,52.0,72.9,8.5,8.2,8.2,8.5,2.9,2.4,0.4,214.5,181.8,32.7,218.6,185.2,33.4
London Thamesport,4,3,3.5,4.4,1985.8,1990.0,1983.6,1986.4,1516.3,1349.0,401.2,328.1,50.5,71.5,127.3,109.2,89.5,74.3,125.0,104.9,4.7,2.4,2.3,352.4,183.3,169.1,359.2,186.8,172.4
Uyeasound,4,2,1.3,0.8,2002.0,2004.0,2005.4,2002.8,308.7,308.7,349.0,311.4,43.5,43.5,52.1,45.9,16.5,16.5,12.5,17.2,1.0,0.7,0.3,77.6,54.3,23.4,79.1,55.3,23.8
Ardfern,4,4,0.4,0.4,2011.5,2011.5,2015.3,2015.5,91.3,95.4,109.9,107.6,13.5,16.8,13.3,12.7,23.0,25.0,35.4,35.4,0.6,0.5,0.2,46.4,34.2,12.2,47.3,34.8,12.5
Ceinewydd (New Quay),4,4,13.3,14.7,2004.5,2004.5,2007.4,2007.8,1621.8,1560.6,1359.4,1342.6,276.5,528.5,141.9,111.0,32.5,29.5,36.4,38.1,9.5,9.0,0.5,716.7,682.0,34.8,730.5,695.0,35.5
Newquay,4,3,4.0,2.2,2006.8,2008.0,2007.0,2007.0,405.5,382.3,363.3,345.4,29.0,33.3,46.4,38.4,21.5,43.0,31.6,61.2,2.4,1.3,1.1,178.0,97.7,80.3,181.4,99.6,81.8
Hythe,4,3,1.5,1.9,1993.0,1996.7,1997.6,2002.0,112.1,153.8,121.8,131.1,13.0,12.7,13.4,12.8,8.5,8.2,7.7,6.9,0.8,0.6,0.2,58.1,46.5,11.6,59.2,47.4,11.8
Mousehole,4,4,15.2,22.5,2004.2,2004.2,2012.5,2013.3,196.7,205.1,165.8,160.8,54.0,64.5,57.1,53.6,14.0,95.0,62.6,59.2,4.1,2.1,2.0,313.0,161.5,151.5,319.0,164.6,154.4
Glasson Dock,4,4,0.5,0.7,1985.5,1985.5,1976.3,1976.9,93.2,306.7,80.7,76.4,30.0,26.2,33.4,33.4,34.0,42.8,58.1,57.1,0.5,0.2,0.3,37.8,16.1,21.8,38.5,16.4,22.2
Keyhaven,4,3,1.4,1.3,1994.0,1995.3,1999.5,1996.8,78.3,206.9,129.9,83.1,14.5,23.5,33.3,26.6,2.5,6.2,7.1,8.7,0.6,0.5,0.1,46.2,39.3,6.9,47.1,40.0,7.0
Snizort,4,4,27.5,2.9,1992.2,1992.2,2002.1,1997.7,267.7,687.8,289.2,323.3,26.0,31.0,25.6,29.9,9.5,25.5,29.1,32.9,10.8,6.7,4.1,821.4,510.6,310.8,837.2,520.4,316.8
Kimmeridge,4,4,0.9,0.4,1999.2,1999.2,1996.0,1998.5,128.7,132.5,116.6,123.0,18.0,18.2,16.6,17.2,5.0,6.2,7.0,6.7,0.6,0.5,0.1,42.2,35.0,7.2,43.0,35.7,7.3
Tingwall,4,1,0.4,0.5,2002.0,2002.0,2002.0,2002.0,144.7,144.7,205.8,205.8,16.5,16.5,44.2,44.2,0.0,0.0,0.3,0.3,0.7,0.7,0.0,51.0,50.8,0.2,52.0,51.8,0.2
Ballyhalbert,4,4,2.4,2.1,1992.2,1992.2,1997.6,1997.3,385.4,517.9,640.4,622.9,39.0,44.0,58.5,56.9,63.5,63.2,65.1,65.0,0.9,0.3,0.5,66.2,25.2,40.9,67.5,25.7,41.7
Collafirth,4,4,38.0,70.7,2002.0,2002.0,2006.0,2006.0,265.8,343.0,600.9,617.8,34.0,37.8,74.3,75.3,18.5,18.8,7.6,7.2,3.6,3.1,0.4,268.6,236.1,32.6,273.8,240.6,33.2
Christchurch,4,3,2.8,3.3,1998.8,1999.0,1998.4,1998.5,174.5,217.8,206.0,194.4,28.0,122.3,187.1,199.3,16.5,14.5,10.4,11.2,3.3,2.9,0.3,244.7,221.3,23.4,249.4,225.6,23.9
Milford-On-Sea,4,4,11.8,12.5,1999.0,1999.0,2014.6,2013.8,103.8,100.4,76.4,77.1,14.0,33.2,13.3,13.2,1.0,2.0,5.7,5.6,1.2,1.0,0.1,88.1,77.0,11.1,89.8,78.5,11.3
Bowling,4,4,0.9,1.4,2002.2,2002.2,2007.9,2008.5,124.4,149.6,224.6,249.9,22.0,22.8,26.2,26.8,45.5,42.0,46.2,47.4,0.7,0.4,0.3,53.7,29.2,24.4,54.7,29.8,24.9
Red Bay,4,4,1.1,1.0,1989.2,1989.2,1997.0,1998.1,194.0,249.7,201.9,194.4,12.5,13.5,13.5,17.8,12.0,34.5,24.4,18.0,1.2,0.3,0.9,88.0,19.5,68.6,89.7,19.8,69.9
West Mainland,3,3,20.8,10.7,2003.7,2003.7,2008.9,2008.8,844.8,909.3,1579.2,1500.3,170.0,126.7,179.0,177.7,23.0,79.0,204.4,202.2,8.9,2.7,6.3,669.6,199.7,470.0,682.5,203.5,479.0
Tayinloan,3,3,32.4,5.2,2002.0,2002.0,2003.0,2003.0,1807.8,7072.5,9122.7,7369.1,121.0,1701.3,4752.7,4608.4,11.0,96.3,22.1,29.6,30.8,29.5,1.3,2310.5,2214.2,96.3,2354.8,2256.7,98.2
Dunbeath,3,3,1.6,2.2,1995.0,1995.0,2003.8,2004.2,547.2,518.9,524.8,541.8,48.0,214.7,81.0,76.0,5.0,5.0,8.2,8.4,1.8,1.7,0.1,137.7,129.2,8.5,140.3,131.7,8.6
Bradwell Waterside,3,1,0.2,0.1,1995.0,1995.0,1995.0,1995.0,472.1,472.1,602.2,602.2,129.0,129.0,231.0,231.0,804.0,804.0,1371.7,1371.7,3.7,0.8,2.9,275.9,59.9,216.0,281.2,61.0,220.1
Portnalong,3,2,0.5,0.9,1995.7,1996.0,1995.8,1995.7,494.4,465.6,469.4,475.3,33.0,34.5,33.7,33.0,15.0,14.2,14.5,14.7,0.9,0.6,0.3,69.3,46.2,23.0,70.6,47.1,23.5
Fairlie,3,3,4.5,4.1,2009.7,2009.7,2015.5,2014.2,204.2,607.8,729.8,612.3,210.0,629.0,1343.2,1250.1,0.0,29.7,14.6,20.1,7.0,6.7,0.2,522.5,505.1,17.3,532.5,514.8,17.7
Voe,3,2,0.2,0.3,2007.7,2005.0,2005.6,2005.2,406.7,331.5,267.4,261.0,56.0,49.8,54.6,52.9,30.0,64.0,58.5,57.2,1.0,0.6,0.4,75.8,45.9,29.9,77.3,46.7,30.5
Salcombe,3,3,3.0,4.3,2009.0,2009.0,2006.3,2006.3,241.9,225.5,248.2,245.4,21.0,37.0,27.6,29.0,0.0,4.7,1.7,2.0,1.5,1.4,0.1,116.5,108.5,8.0,118.8,110.6,8.2
Kirkcudbright,3,3,2.1,2.1,1998.0,1998.0,2000.7,2002.1,325.4,323.8,297.4,332.0,15.0,16.7,16.1,16.3,17.0,22.0,20.5,20.3,0.7,0.3,0.4,49.2,22.1,27.0,50.1,22.5,27.6
Ballantrae,3,3,1.9,1.7,1990.7,1990.7,1976.3,1975.0,48.3,1485.3,234.5,248.2,11.0,117.7,278.6,286.0,0.0,75.3,186.4,191.4,1.3,0.9,0.4,98.8,65.3,33.5,100.7,66.5,34.1
Port Askaig,3,3,4.2,0.8,2007.7,2007.7,2010.4,2006.6,363.3,384.1,668.8,505.6,24.0,23.3,34.5,31.2,31.0,38.7,17.7,22.1,2.4,1.5,0.9,186.3,115.8,70.5,189.9,118.0,71.9
Holland On Sea,3,3,0.3,0.1,2003.3,2003.3,2005.8,2006.1,71.8,127.1,75.5,73.4,44.0,69.3,52.2,50.6,4.0,10.3,6.1,5.6,0.6,0.5,0.1,43.0,35.1,7.9,43.8,35.8,8.1
Charmouth,3,3,60.7,45.9,2003.3,2003.3,2006.2,2009.1,292.7,296.1,311.1,358.3,51.0,50.0,50.3,50.7,37.0,26.0,30.6,34.2,4.4,3.2,1.2,332.5,239.8,92.7,338.9,244.4,94.5
Millport,3,3,7.3,10.0,2002.0,2002.0,2006.0,2006.0,416.8,400.9,303.3,301.6,38.0,38.0,29.6,29.3,8.0,14.7,7.5,7.4,1.6,1.1,0.5,126.4,86.0,40.4,128.8,87.6,41.2
Shinness,3,3,1.5,0.3,1999.3,1999.3,2006.9,2005.9,255.1,296.7,361.2,337.7,21.0,30.3,47.6,44.6,11.0,19.3,28.7,26.9,0.4,0.3,0.2,32.6,21.3,11.3,33.2,21.7,11.5
Trearddur,3,2,1.3,0.5,1981.7,1981.5,1982.0,1982.0,298.7,273.4,249.0,249.5,19.0,45.5,91.2,90.2,11.0,18.0,32.8,32.5,1.2,0.9,0.3,87.0,65.5,21.5,88.7,66.8,21.9
Hayling Island,3,3,0.4,0.3,1996.0,1996.0,2001.0,1999.2,33.1,66.0,70.1,48.8,6.0,21.3,41.1,32.7,3.0,16.3,34.1,26.5,0.4,0.3,0.1,26.3,19.9,6.4,26.8,20.3,6.5
Portballintrae,3,2,0.4,0.2,1992.0,1994.0,1995.8,1997.4,76.0,82.8,83.1,90.8,11.0,11.2,11.0,11.0,0.0,5.5,7.2,8.6,0.3,0.3,0.0,20.8,19.3,1.5,21.2,19.7,1.5
Aberystwyth,3,1,3.8,1.4,1982.0,1982.0,1982.0,1982.0,464.6,464.6,483.5,483.5,51.0,51.0,59.0,59.0,0.0,0.0,1.0,1.0,1.6,1.6,0.0,117.9,117.5,0.4,120.2,119.7,0.5
Inchture,3,3,0.9,1.3,1990.0,1990.0,1985.7,1985.5,363.7,357.1,399.7,399.5,25.0,31.7,32.9,33.7,19.0,17.3,18.2,17.5,0.6,0.3,0.3,43.2,23.8,19.4,44.0,24.2,19.8
Padstow,3,3,6.4,11.0,2000.7,2000.7,2006.0,2006.0,142.3,264.9,142.7,142.4,54.0,55.0,69.9,70.1,58.0,56.0,5.8,4.9,1.4,1.1,0.2,104.4,86.0,18.4,106.4,87.6,18.8
Polperro,3,2,0.5,0.2,1981.0,1980.5,1979.4,1979.5,223.8,1023.6,632.1,545.0,42.0,163.0,262.3,253.1,16.0,11.5,7.7,8.1,1.2,1.1,0.1,90.0,83.9,6.1,91.8,85.5,6.3
Barcaldine,3,3,0.9,0.8,1995.3,1995.3,1992.8,1990.9,380.6,380.7,377.0,387.3,25.0,23.7,25.1,20.8,19.0,31.3,26.2,34.5,0.7,0.3,0.4,54.8,25.4,29.4,55.9,25.9,30.0
Dunure,3,3,22.9,43.2,1998.0,1998.0,2005.8,2005.9,414.5,371.9,257.1,255.5,41.0,36.3,27.1,26.8,14.0,16.7,21.5,21.6,2.0,1.6,0.4,153.9,125.8,28.1,156.8,128.2,28.6
Instow,3,1,0.4,0.6,1978.0,1978.0,1978.0,1978.0,89.6,89.6,91.2,91.2,6.0,6.0,6.0,6.0,13.0,13.0,13.3,13.3,0.4,0.1,0.3,28.0,8.4,19.6,28.5,8.5,20.0
Newtown,3,3,0.6,0.9,1994.7,1994.7,1992.8,1992.8,59.6,59.6,60.3,60.1,8.0,8.0,8.2,8.2,11.0,11.3,11.1,11.0,0.4,0.3,0.2,31.6,19.0,12.6,32.2,19.3,12.8
Appledore,3,1,1.1,1.4,1978.0,1978.0,1978.0,1978.0,160.6,160.6,227.2,227.2,6.0,6.0,6.0,6.0,26.0,26.0,45.6,45.6,0.9,0.1,0.8,71.1,8.4,62.7,72.4,8.5,63.9
"North Haven, Fair Isle",3,2,22.3,3.0,1997.7,1995.5,2001.9,2001.7,679.1,810.7,939.6,933.6,111.0,372.8,102.7,112.5,4.0,4.8,6.6,6.6,8.7,8.0,0.7,651.4,600.6,50.7,663.9,612.2,51.7
"Gutcher, Yell",3,3,1.5,1.1,1993.7,1993.7,2002.9,2004.1,432.3,476.5,258.8,247.1,162.0,125.7,68.5,61.1,6.0,399.3,61.7,43.5,3.2,1.3,2.0,243.2,95.8,147.5,247.9,97.6,150.3
Kippford,3,2,1.4,1.6,1982.0,1988.5,1981.1,1983.7,168.6,175.0,177.2,176.3,17.0,15.2,17.8,17.1,52.0,38.2,46.8,43.1,0.8,0.4,0.4,63.7,31.1,32.6,65.0,31.7,33.3
Burnham On Crouch,3,3,2.1,3.2,2003.0,2003.0,2008.2,2008.2,190.5,267.7,315.1,340.4,9.0,24.0,46.3,49.7,94.0,67.3,85.7,92.0,1.2,0.8,0.4,87.1,57.9,29.2,88.8,59.1,29.8
Porthmadog,3,3,4.8,5.6,2000.3,2000.3,2007.9,2007.9,257.6,331.3,502.0,510.0,32.0,27.3,31.8,31.9,4.0,4.3,4.0,4.0,1.3,1.2,0.2,102.2,90.2,11.9,104.1,92.0,12.2
Robin Hoods Bay,3,3,1.0,1.5,1990.0,1990.0,2001.6,2002.0,144.3,153.6,124.2,121.4,17.0,39.7,18.1,16.9,7.0,10.7,18.8,18.4,0.6,0.5,0.1,41.9,37.6,4.3,42.7,38.3,4.4
Hunterston,3,3,1.7,1.5,1988.7,1988.7,1983.2,1986.5,115.5,124.0,130.2,142.7,93.0,113.0,80.4,113.3,253.0,186.7,183.9,148.7,1.7,0.6,1.0,125.0,47.3,77.7,127.4,48.2,79.2
Caernarvon,3,3,0.6,0.9,1991.7,1991.7,1999.4,1999.1,126.6,110.7,108.9,103.0,11.0,14.0,10.8,10.6,13.0,33.7,7.7,7.1,0.4,0.3,0.1,30.0,20.6,9.5,30.6,21.0,9.7
Portaferry,2,2,0.3,0.1,1990.5,1990.5,1995.7,1995.3,241.0,241.0,105.2,107.1,72.5,72.5,37.9,40.3,23.0,23.0,15.9,16.4,0.3,0.2,0.1,22.4,18.7,3.8,22.9,19.0,3.8
Pettycur,2,2,3.7,5.2,2009.5,2009.5,2006.1,2006.0,209.4,209.4,307.2,309.8,42.5,42.5,56.8,56.9,3.0,3.0,4.0,4.0,1.6,1.4,0.2,117.8,105.4,12.4,120.0,107.4,12.6
Yell And Fetlar,2,2,3.9,4.6,1987.0,1987.0,2007.9,2010.4,1198.8,1198.8,1097.0,1086.9,508.5,508.5,646.3,663.2,24.5,24.5,44.2,46.6,4.7,4.6,0.1,355.4,346.1,9.3,362.2,352.8,9.5
Ryde,2,2,1.1,1.0,1962.5,1962.5,2007.1,2005.0,461.4,461.4,646.1,624.4,86.0,86.0,42.8,44.9,36.0,36.0,13.0,14.1,2.0,1.5,0.5,147.8,112.2,35.6,150.7,114.4,36.3
Wyre,2,2,5.5,5.3,2004.0,2004.0,2005.9,2005.9,615.6,615.6,916.8,898.5,211.0,211.0,376.9,374.3,10.5,10.5,20.5,20.4,2.7,2.6,0.1,201.3,197.3,4.0,205.1,201.1,4.1
Cushendun,2,2,0.3,0.2,1981.5,1981.5,1981.8,1982.2,268.2,268.2,186.3,166.9,36.0,36.0,32.6,28.3,5.5,5.5,4.8,3.8,0.1,0.1,0.0,11.0,10.4,0.6,11.2,10.6,0.7
Bray,2,2,2.0,2.6,1975.5,1975.5,1987.0,1987.0,408.6,408.6,729.7,736.8,50.0,50.0,69.9,70.0,7.5,7.5,7.0,7.0,1.0,0.9,0.1,71.9,64.7,7.2,73.2,65.9,7.3
Penberth,2,2,14.8,25.1,2011.0,2011.0,2014.3,2014.3,144.2,144.2,156.1,156.1,103.5,103.5,101.6,101.6,4.0,4.0,5.6,5.6,2.3,2.3,0.1,181.2,174.8,6.4,184.6,178.1,6.5
Ballylumford,2,1,1.6,1.1,2001.0,2001.0,2001.0,2001.0,157.3,157.3,157.3,157.3,67.5,67.5,56.8,56.8,7.5,7.5,10.0,10.0,0.9,0.9,0.0,68.0,65.1,2.9,69.3,66.4,2.9
Boscastle,2,2,18.7,20.9,2005.5,2005.5,2005.4,2004.4,268.0,268.0,229.1,188.6,100.5,100.5,95.2,59.8,22.0,22.0,23.8,36.2,2.5,2.0,0.5,190.5,155.3,35.1,194.1,158.3,35.8
Brynsiencyn,2,2,0.6,0.7,2003.5,2003.5,2003.5,2003.7,530.4,530.4,124.4,92.7,65.5,65.5,65.3,47.1,220.5,220.5,221.3,287.7,3.1,0.5,2.6,231.5,34.0,197.5,235.9,34.6,201.3
Dartford,2,2,5.6,5.8,2008.5,2008.5,2008.6,2008.5,1433.1,1433.1,1322.3,1195.9,110.0,110.0,115.5,108.3,13.0,13.0,14.0,12.7,5.4,4.8,0.6,406.6,361.3,45.3,414.4,368.2,46.2
Blackness,2,2,3.0,3.8,1995.0,1995.0,2002.9,2002.5,270.6,270.6,319.9,315.3,16.5,16.5,20.9,20.6,9.5,9.5,6.7,6.9,1.0,0.7,0.3,71.5,48.8,22.7,72.9,49.8,23.2
Killroot Power Station Jetty,2,2,0.5,0.1,1953.0,1953.0,1985.5,1984.6,225.4,225.4,329.1,314.6,43.5,43.5,70.0,69.2,10.5,10.5,2.6,2.8,0.4,0.4,0.0,33.7,31.0,2.7,34.3,31.6,2.7
"Brodick, Isle Of Arran",2,1,0.1,0.1,1980.0,1980.0,1980.0,1980.0,223.1,223.1,223.1,223.1,29.5,29.5,30.8,30.8,5.0,5.0,5.2,5.2,0.1,0.1,0.0,10.4,6.8,3.7,10.6,6.9,3.7
Dunchurch,2,2,1.2,1.0,2006.0,2006.0,2004.5,2005.7,270.8,270.8,259.6,199.3,29.0,29.0,39.0,31.1,7.5,7.5,8.7,7.8,0.4,0.3,0.1,26.6,21.1,5.5,27.1,21.5,5.6
Abergele,2,2,1.1,0.8,2009.5,2009.5,2009.0,2010.1,266.5,266.5,266.8,264.4,224.0,224.0,209.1,244.4,52.5,52.5,49.2,57.0,1.8,1.4,0.3,132.2,108.3,23.9,134.8,110.4,24.4
Donaghadee,2,2,0.2,0.2,1958.5,1958.5,1993.8,1997.3,154.4,154.4,206.4,235.4,12.5,12.5,13.8,13.9,8.0,8.0,12.4,12.8,0.2,0.1,0.1,16.9,8.9,8.0,17.2,9.0,8.2
Bosham,2,2,0.9,0.6,2006.0,2006.0,2005.7,2006.1,242.3,242.3,242.1,242.4,27.0,27.0,28.0,26.6,6.0,6.0,6.1,6.0,0.6,0.5,0.1,45.6,36.1,9.5,46.5,36.8,9.7
West Loch Tarbert,2,2,0.7,0.6,1991.5,1991.5,1989.0,1987.8,367.9,367.9,374.2,378.4,33.0,33.0,33.0,33.0,10.0,10.0,10.3,10.4,0.5,0.4,0.1,34.1,26.5,7.6,34.7,27.0,7.7
Porth Colmon,2,2,0.4,0.3,1993.5,1993.5,1993.4,1997.1,825.4,825.4,113.1,77.3,75.5,75.5,76.5,43.8,20.5,20.5,20.8,12.6,1.1,0.9,0.2,85.6,68.5,17.1,87.2,69.8,17.4
Aberffraw,2,2,2.8,3.8,2004.5,2004.5,2005.5,2005.9,375.4,375.4,408.0,558.4,36.0,36.0,45.6,49.3,4.5,4.5,5.5,5.9,1.2,1.1,0.1,90.4,81.6,8.9,92.2,83.2,9.0
Aberdour,2,2,5.4,6.5,2006.5,2006.5,2006.6,2006.6,309.8,309.8,277.7,261.1,20.0,20.0,23.1,21.7,4.5,4.5,4.4,4.4,1.8,1.5,0.4,138.2,110.6,27.6,140.9,112.8,28.1
Sizewell Beach,2,2,6.4,4.7,2006.0,2006.0,2008.8,2009.0,299.0,299.0,440.8,505.4,246.0,246.0,471.9,481.1,0.0,0.0,0.0,0.0,2.2,2.2,0.0,164.8,164.8,0.0,168.0,168.0,0.0
Shanklin,2,2,5.3,4.6,2006.0,2006.0,2003.3,2003.4,80.1,80.1,89.3,88.9,22.5,22.5,29.3,29.1,6.5,6.5,0.6,0.8,0.7,0.6,0.1,50.7,46.5,4.3,51.7,47.4,4.4
Evanton,2,2,2.5,3.2,2006.5,2006.5,2005.6,2005.2,467.7,467.7,501.7,639.4,45.5,45.5,61.2,68.4,11.0,11.0,12.8,13.7,1.1,0.9,0.2,79.4,65.0,14.4,80.9,66.2,14.7
Ballymartin,2,2,4.7,8.1,2005.5,2005.5,2005.3,2005.3,266.4,266.4,135.7,133.6,42.5,42.5,47.3,47.6,9.0,9.0,8.5,8.5,0.6,0.5,0.1,42.7,34.9,7.8,43.5,35.5,8.0
Bexhill,2,2,1.8,2.2,2009.5,2009.5,2009.7,2009.8,455.6,455.6,466.3,491.6,32.0,32.0,34.8,36.9,10.5,10.5,10.3,10.2,1.3,0.9,0.3,95.7,70.3,25.5,97.6,71.6,26.0
Perranporth,2,2,2.5,3.1,2003.0,2003.0,2005.3,2005.1,265.3,265.3,320.2,300.2,32.5,32.5,40.6,40.0,10.0,10.0,17.8,17.1,0.6,0.6,0.1,47.0,43.2,3.8,47.9,44.0,3.9
Grovehurst Jetty/Sittingbourne,2,2,1.0,0.9,2010.0,2010.0,2009.5,2009.7,253.7,253.7,207.5,174.5,18.5,18.5,20.1,19.4,17.5,17.5,14.5,15.9,1.1,0.7,0.4,79.7,53.4,26.3,81.3,54.4,26.8
Gillingham,2,2,1.3,1.2,1991.0,1991.0,2002.3,2000.8,766.2,766.2,684.6,692.1,69.0,69.0,53.3,55.3,66.0,66.0,89.2,86.2,1.9,1.8,0.2,144.7,132.2,12.4,147.5,134.8,12.7
Mid Yell,2,2,0.1,0.0,1996.0,1996.0,1995.0,1995.9,123.9,123.9,106.0,93.7,37.0,37.0,43.0,37.5,12.0,12.0,11.5,12.0,0.2,0.2,0.0,14.4,11.5,2.9,14.7,11.7,3.0
Barrow Haven,2,2,2.3,3.7,1991.5,1991.5,1991.3,1991.3,506.6,506.6,529.1,529.2,75.0,75.0,86.7,86.8,11.5,11.5,10.4,10.4,0.6,0.5,0.1,46.9,35.9,11.0,47.8,36.6,11.3
Saint-Anne'S-On-Sea,2,2,0.4,0.4,1988.5,1988.5,1992.4,1998.3,295.4,295.4,161.3,132.9,128.0,128.0,104.1,67.6,7.5,7.5,7.9,8.5,0.7,0.6,0.0,50.1,47.5,2.6,51.1,48.4,2.7
Helensburgh,2,1,0.2,0.1,2015.0,2015.0,2015.0,2015.0,492.3,492.3,492.3,492.3,491.0,491.0,211.2,211.2,28.0,28.0,48.8,48.8,2.3,2.0,0.2,171.5,153.8,17.7,174.8,156.8,18.0
Dingwall,2,2,3.9,0.6,1993.0,1993.0,1982.5,1983.9,282.0,282.0,296.2,294.1,28.5,28.5,33.7,33.1,9.0,9.0,10.9,10.7,1.9,1.4,0.5,144.3,109.0,35.3,147.1,111.1,36.0
Saint Marys Bay,2,2,0.4,0.3,1986.5,1986.5,2004.9,2005.8,255.9,255.9,208.0,206.5,52.0,52.0,15.9,14.2,6.5,6.5,10.2,10.4,0.6,0.3,0.2,43.3,26.1,17.2,44.2,26.6,17.5
Pwllheli,2,2,2.5,3.5,1996.5,1996.5,1994.4,1992.0,1646.3,1646.3,912.7,776.5,224.0,224.0,180.0,132.3,44.0,44.0,35.4,26.1,1.4,1.2,0.2,107.9,93.8,14.1,110.0,95.6,14.4
Killough,2,2,1.2,1.6,2004.5,2004.5,1997.4,1997.1,369.2,369.2,557.3,596.8,50.0,50.0,68.0,68.7,10.0,10.0,6.2,6.1,0.4,0.4,0.0,32.2,30.3,1.8,32.8,30.9,1.9
Poolewe,2,2,7.4,0.8,1997.0,1997.0,2001.4,2001.1,134.2,134.2,156.0,153.7,15.0,15.0,15.9,15.8,5.0,5.0,7.6,7.4,1.3,0.9,0.4,99.2,71.6,27.5,101.1,73.0,28.1
West Grinstead,2,1,5.9,4.9,2009.0,2009.0,2009.0,2009.0,1759.5,1759.5,1759.5,1759.5,128.5,128.5,212.4,212.4,5.5,5.5,5.1,5.1,8.3,8.0,0.3,624.3,598.7,25.6,636.3,610.2,26.1
Ballintoy,2,2,3.6,1.3,2000.5,2000.5,1998.3,1998.9,733.9,733.9,938.8,624.8,108.0,108.0,184.3,164.4,0.0,0.0,0.0,0.0,2.3,2.3,0.0,174.8,174.8,0.0,178.2,178.2,0.0
Isle Of Sheppey,2,2,0.3,0.1,1993.0,1993.0,1994.1,1991.7,382.5,382.5,88.6,103.1,205.0,205.0,191.3,222.1,27.5,27.5,25.4,30.1,0.7,0.6,0.0,49.2,46.2,3.0,50.1,47.0,3.1
Tighnabruaich,2,2,0.3,0.2,1991.0,1991.0,1989.3,1983.3,122.4,122.4,111.3,99.5,12.0,12.0,11.3,8.8,6.5,6.5,6.3,5.5,0.1,0.1,0.0,9.8,6.5,3.3,10.0,6.6,3.3
Axmouth,2,2,22.8,21.5,2006.5,2006.5,2006.5,2007.4,316.7,316.7,270.6,354.5,44.0,44.0,44.0,45.2,0.5,0.5,0.5,0.2,1.8,1.8,0.0,135.4,134.7,0.7,138.0,137.3,0.7
Rhosneigr,2,2,0.6,0.7,1997.0,1997.0,2005.3,2006.8,368.0,368.0,76.9,72.0,12.5,12.5,8.3,7.6,39.0,39.0,25.4,23.0,0.7,0.2,0.5,55.9,18.7,37.2,57.0,19.1,37.9
Lyme Regis,2,2,1.3,2.2,1992.5,1992.5,2000.9,2002.5,54.9,54.9,57.8,58.5,23.0,23.0,32.6,34.4,8.0,8.0,5.6,5.1,0.2,0.2,0.0,18.5,15.3,3.1,18.8,15.6,3.2
Heaton,1,1,2.2,0.8,2009.0,2009.0,2009.0,2009.0,146.4,146.4,146.4,146.4,11.0,11.0,11.0,11.0,1.0,1.0,1.0,1.0,0.5,0.5,0.0,41.2,40.3,0.9,42.0,41.1,1.0
Johnstonebridge,1,1,1.3,1.1,2019.0,2019.0,2019.0,2019.0,511.7,511.7,511.7,511.7,243.0,243.0,243.0,243.0,58.0,58.0,58.0,58.0,0.5,0.4,0.1,41.2,33.3,7.9,42.0,33.9,8.1
Cropton,1,1,0.6,0.5,2019.0,2019.0,2019.0,2019.0,229.5,229.5,229.5,229.5,95.0,95.0,95.0,95.0,40.0,40.0,40.0,40.0,0.2,0.2,0.1,18.5,13.0,5.5,18.8,13.3,5.6
Stockton-On-Tees,1,1,0.4,0.4,2019.0,2019.0,2019.0,2019.0,176.8,176.8,176.8,176.8,67.0,67.0,67.0,67.0,37.0,37.0,37.0,37.0,0.2,0.1,0.1,14.2,9.2,5.1,14.5,9.3,5.2
West Auckland,1,1,0.4,0.4,2019.0,2019.0,2019.0,2019.0,168.3,168.3,168.3,168.3,31.0,31.0,31.0,31.0,68.0,68.0,68.0,68.0,0.2,0.1,0.1,13.6,4.2,9.3,13.8,4.3,9.5
Saint Ouen,1,1,0.6,0.9,2008.0,2008.0,2008.0,2008.0,479.5,479.5,479.5,479.5,57.0,57.0,57.0,57.0,7.0,7.0,7.0,7.0,0.4,0.3,0.0,27.3,23.9,3.3,27.8,24.4,3.4
Warkworth Harbour,1,1,4.0,0.8,2006.0,2006.0,2006.0,2006.0,1824.0,1824.0,1824.0,1824.0,139.0,139.0,139.0,139.0,21.0,21.0,21.0,21.0,2.0,1.7,0.3,146.9,127.6,19.3,149.7,130.0,19.6
Torbay/Paignton,1,1,0.1,0.1,1988.0,1988.0,1988.0,1988.0,507.4,507.4,507.4,507.4,54.0,54.0,54.0,54.0,5.0,5.0,5.0,5.0,0.4,0.4,0.0,30.4,27.7,2.7,31.0,28.3,2.8
Looe,1,1,0.1,0.2,2009.0,2009.0,2009.0,2009.0,50.6,50.6,50.6,50.6,6.0,6.0,6.0,6.0,18.0,18.0,18.0,18.0,0.0,0.0,0.0,3.7,3.1,0.6,3.8,3.2,0.6
Meppershall,1,1,1.7,2.5,2009.0,2009.0,2009.0,2009.0,686.4,686.4,686.4,686.4,55.0,55.0,55.0,55.0,23.0,23.0,23.0,23.0,0.4,0.3,0.1,29.3,20.6,8.6,29.8,21.0,8.8
Par,1,1,0.0,0.0,1959.0,1959.0,1959.0,1959.0,139.4,139.4,139.4,139.4,33.0,33.0,33.0,33.0,0.0,0.0,0.0,0.0,0.1,0.1,0.0,6.2,6.2,0.0,6.3,6.3,0.0
Glenluce,1,1,0.3,0.3,1983.0,1983.0,1983.0,1983.0,300.1,300.1,300.1,300.1,24.0,24.0,24.0,24.0,16.0,16.0,16.0,16.0,0.1,0.1,0.1,9.6,5.6,4.0,9.8,5.7,4.1
Penkridge,1,1,0.5,0.7,2009.0,2009.0,2009.0,2009.0,198.8,198.8,198.8,198.8,18.0,18.0,18.0,18.0,5.0,5.0,5.0,5.0,0.1,0.1,0.0,10.5,8.3,2.3,10.7,8.4,2.3
Bournemouth,1,1,0.3,0.4,2005.0,2005.0,2005.0,2005.0,159.9,159.9,159.9,159.9,26.0,26.0,26.0,26.0,17.0,17.0,17.0,17.0,0.1,0.1,0.0,7.1,6.6,0.5,7.2,6.7,0.5
Rousay,1,1,1.0,1.1,2010.0,2010.0,2010.0,2010.0,234.4,234.4,234.4,234.4,42.0,42.0,42.0,42.0,20.0,20.0,20.0,20.0,0.5,0.4,0.1,34.3,30.5,3.8,34.9,31.1,3.9
Thurnscoe,1,1,0.1,0.1,2017.0,2017.0,2017.0,2017.0,336.6,336.6,336.6,336.6,29.0,29.0,29.0,29.0,5.0,5.0,5.0,5.0,0.1,0.0,0.0,4.0,3.4,0.6,4.1,3.5,0.6
Wickham,1,1,0.6,0.5,2009.0,2009.0,2009.0,2009.0,368.3,368.3,368.3,368.3,10.0,10.0,10.0,10.0,20.0,20.0,20.0,20.0,0.9,0.3,0.6,68.2,21.2,47.0,69.5,21.7,47.9
Exmouth,1,1,0.2,0.0,2009.0,2009.0,2009.0,2009.0,91.3,91.3,91.3,91.3,14.0,14.0,14.0,14.0,3.0,3.0,3.0,3.0,0.1,0.1,0.0,7.9,7.5,0.4,8.0,7.6,0.4
Brighstone,1,1,17.0,14.0,2009.0,2009.0,2009.0,2009.0,10131.2,10131.2,10131.2,10131.2,911.0,911.0,911.0,911.0,5.0,5.0,5.0,5.0,19.5,19.4,0.1,1466.1,1459.9,6.3,1494.3,1487.9,6.4
Alloa,1,1,0.7,0.9,2013.0,2013.0,2013.0,2013.0,357.6,357.6,357.6,357.6,20.0,20.0,20.0,20.0,4.0,4.0,4.0,4.0,0.5,0.4,0.1,39.5,32.9,6.6,40.3,33.6,6.7
Carsethorn,1,1,11.3,8.2,2008.0,2008.0,2008.0,2008.0,1667.7,1667.7,1667.7,1667.7,55.0,55.0,55.0,55.0,98.0,98.0,98.0,98.0,2.7,1.0,1.7,210.6,75.8,134.8,214.6,77.2,137.4
Littlebourne,1,1,0.7,0.6,2009.0,2009.0,2009.0,2009.0,421.4,421.4,421.4,421.4,39.0,39.0,39.0,39.0,4.0,4.0,4.0,4.0,0.7,0.7,0.1,54.1,49.1,5.0,55.2,50.1,5.1
Porthgain,1,1,0.3,0.5,2007.0,2007.0,2007.0,2007.0,140.8,140.8,140.8,140.8,18.0,18.0,18.0,18.0,0.0,0.0,0.0,0.0,0.1,0.1,0.0,6.0,6.0,0.0,6.1,6.1,0.0
Erribol,1,1,0.5,0.2,2008.0,2008.0,2008.0,2008.0,234.7,234.7,234.7,234.7,61.0,61.0,61.0,61.0,4.0,4.0,4.0,4.0,0.1,0.1,0.0,10.9,10.0,0.9,11.1,10.2,1.0
Pittenweem,1,1,0.2,0.1,2008.0,2008.0,2008.0,2008.0,85.5,85.5,85.5,85.5,14.0,14.0,14.0,14.0,0.0,0.0,0.0,0.0,0.1,0.1,0.0,4.0,4.0,0.0,4.1,4.1,0.0
Golspie,1,1,0.3,0.1,2008.0,2008.0,2008.0,2008.0,142.6,142.6,142.6,142.6,27.0,27.0,27.0,27.0,6.0,6.0,6.0,6.0,0.1,0.1,0.0,7.8,7.1,0.7,8.0,7.2,0.7
Beaulieu,1,1,0.6,0.5,2009.0,2009.0,2009.0,2009.0,370.0,370.0,370.0,370.0,21.0,21.0,21.0,21.0,4.0,4.0,4.0,4.0,0.8,0.7,0.1,58.5,49.0,9.5,59.6,50.0,9.6
Reay,1,1,0.8,0.3,2010.0,2010.0,2010.0,2010.0,213.0,213.0,213.0,213.0,94.0,94.0,94.0,94.0,5.0,5.0,5.0,5.0,0.4,0.4,0.0,29.5,28.6,1.0,30.1,29.1,1.0
Cardington,1,1,0.4,0.4,2009.0,2009.0,2009.0,2009.0,126.4,126.4,126.4,126.4,103.0,103.0,103.0,103.0,9.0,9.0,9.0,9.0,0.4,0.3,0.0,26.6,24.9,1.7,27.1,25.4,1.7
Sway,1,1,2.8,2.3,2009.0,2009.0,2009.0,2009.0,1657.6,1657.6,1657.6,1657.6,79.0,79.0,79.0,79.0,33.0,33.0,33.0,33.0,3.5,2.5,1.0,262.5,184.6,77.9,267.5,188.1,79.4
Talbot Green,1,1,3.4,4.9,2008.0,2008.0,2008.0,2008.0,321.3,321.3,321.3,321.3,27.0,27.0,27.0,27.0,4.0,4.0,4.0,4.0,0.8,0.7,0.1,65.2,56.4,8.7,66.4,57.5,8.9
Maesycwmmer,1,1,2.1,2.4,2009.0,2009.0,2009.0,2009.0,668.2,668.2,668.2,668.2,63.0,63.0,63.0,63.0,1.0,1.0,1.0,1.0,1.7,1.7,0.0,127.0,126.8,0.2,129.4,129.2,0.2
Kircubbin,1,1,0.4,0.5,2005.0,2005.0,2005.0,2005.0,506.2,506.2,506.2,506.2,277.0,277.0,277.0,277.0,6.0,6.0,6.0,6.0,0.8,0.8,0.1,62.3,57.8,4.5,63.5,58.9,4.6
Mullion,1,1,2.1,3.7,2012.0,2012.0,2012.0,2012.0,47.2,47.2,47.2,47.2,18.0,18.0,18.0,18.0,47.0,47.0,47.0,47.0,0.5,0.2,0.3,38.4,14.1,24.4,39.2,14.4,24.8
Brora,1,1,1.1,1.6,2012.0,2012.0,2012.0,2012.0,432.1,432.1,432.1,432.1,70.0,70.0,70.0,70.0,57.0,57.0,57.0,57.0,0.3,0.3,0.0,24.8,23.1,1.7,25.3,23.6,1.7
West Mersea,1,1,1.0,0.8,2009.0,2009.0,2009.0,2009.0,592.0,592.0,592.0,592.0,36.0,36.0,36.0,36.0,4.0,4.0,4.0,4.0,1.2,1.1,0.1,93.3,83.8,9.5,95.1,85.4,9.6
Hedon,1,1,9.7,3.1,1986.0,1986.0,1986.0,1986.0,4950.0,4950.0,4950.0,4950.0,1295.0,1295.0,1295.0,1295.0,10.0,10.0,10.0,10.0,3.3,3.2,0.1,247.8,243.1,4.7,252.5,247.7,4.8
Bristol,1,1,0.0,0.0,1916.0,1916.0,1916.0,1916.0,50.2,50.2,50.2,50.2,6.0,6.0,6.0,6.0,120.0,120.0,120.0,120.0,0.2,0.0,0.2,16.1,0.8,15.4,16.4,0.8,15.6
Muasdale,1,1,0.1,0.0,1988.0,1988.0,1988.0,1988.0,62.6,62.6,62.6,62.6,19.0,19.0,19.0,19.0,2.0,2.0,2.0,2.0,0.1,0.0,0.0,4.0,3.7,0.2,4.0,3.8,0.2
Dunseverick,1,1,0.1,0.0,1988.0,1988.0,1988.0,1988.0,97.1,97.1,97.1,97.1,17.0,17.0,17.0,17.0,4.0,4.0,4.0,4.0,0.1,0.1,0.0,7.0,6.4,0.7,7.2,6.5,0.7
Abercastle,1,1,0.4,0.0,1964.0,1964.0,1964.0,1964.0,166.4,166.4,166.4,166.4,16.0,16.0,16.0,16.0,7.0,7.0,7.0,7.0,0.3,0.2,0.1,21.9,13.0,8.9,22.3,13.2,9.1
Llansteffan,1,1,0.5,0.7,2001.0,2001.0,2001.0,2001.0,222.2,222.2,222.2,222.2,22.0,22.0,22.0,22.0,42.0,42.0,42.0,42.0,0.1,0.1,0.0,10.7,9.4,1.2,10.9,9.6,1.3
Whitehead,1,1,0.1,0.1,1999.0,1999.0,1999.0,1999.0,129.3,129.3,129.3,129.3,9.0,9.0,9.0,9.0,4.0,4.0,4.0,4.0,0.1,0.1,0.0,8.0,5.7,2.3,8.1,5.8,2.4
Newcastle,1,1,0.1,0.0,2000.0,2000.0,2000.0,2000.0,30.4,30.4,30.4,30.4,27.0,27.0,27.0,27.0,2.0,2.0,2.0,2.0,0.1,0.1,0.0,4.7,4.4,0.3,4.8,4.5,0.3
Kingswear,1,1,0.1,0.0,1982.0,1982.0,1982.0,1982.0,49.6,49.6,49.6,49.6,18.0,18.0,18.0,18.0,4.0,4.0,4.0,4.0,0.1,0.1,0.0,5.9,4.7,1.2,6.1,4.8,1.3
Halkirk,1,1,2.2,1.2,1987.0,1987.0,1987.0,1987.0,9835.8,9835.8,9835.8,9835.8,1969.0,1969.0,1969.0,1969.0,295.0,295.0,295.0,295.0,9.8,7.4,2.4,733.5,555.1,178.4,747.6,565.8,181.8
Kylesku,1,1,0.0,0.0,1997.0,1997.0,1997.0,1997.0,57.4,57.4,57.4,57.4,35.0,35.0,35.0,35.0,23.0,23.0,23.0,23.0,0.1,0.1,0.0,8.8,6.0,2.8,9.0,6.1,2.9
Kyles Of Bute,1,1,0.1,0.0,1998.0,1998.0,1998.0,1998.0,53.4,53.4,53.4,53.4,12.0,12.0,12.0,12.0,0.0,0.0,0.0,0.0,0.1,0.1,0.0,8.1,8.1,0.0,8.3,8.3,0.0
Crinan (Canal),1,1,0.0,0.0,1970.0,1970.0,1970.0,1970.0,92.6,92.6,92.6,92.6,13.0,13.0,13.0,13.0,7.0,7.0,7.0,7.0,0.1,0.1,0.0,6.4,4.1,2.3,6.5,4.2,2.3
Tendring,1,1,1.5,1.6,1998.0,1998.0,1998.0,1998.0,375.7,375.7,375.7,375.7,24.0,24.0,24.0,24.0,10.0,10.0,10.0,10.0,1.4,1.0,0.4,101.5,71.7,29.9,103.5,73.0,30.4
Bassingham,1,1,1.1,1.2,1998.0,1998.0,1998.0,1998.0,287.3,287.3,287.3,287.3,18.0,18.0,18.0,18.0,8.0,8.0,8.0,8.0,1.0,0.7,0.3,77.6,53.8,23.9,79.1,54.8,24.3
Saint Monance (Saint Monans),1,1,3.5,3.1,1997.0,1997.0,1997.0,1997.0,363.8,363.8,363.8,363.8,28.0,28.0,28.0,28.0,15.0,15.0,15.0,15.0,0.3,0.2,0.1,25.9,16.9,9.0,26.4,17.2,9.2
Meikle Ferry,1,1,0.9,0.1,1982.0,1982.0,1982.0,1982.0,72.6,72.6,72.6,72.6,6.0,6.0,6.0,6.0,5.0,5.0,5.0,5.0,0.4,0.2,0.2,32.7,17.7,15.0,33.3,18.0,15.3
Cumbrae Slip,1,1,0.3,0.4,1996.0,1996.0,1996.0,1996.0,185.8,185.8,185.8,185.8,25.0,25.0,25.0,25.0,17.0,17.0,17.0,17.0,0.3,0.2,0.2,22.6,11.3,11.3,23.1,11.5,11.5
Aird Mhor (Ardmhor),1,1,0.3,0.0,1992.0,1992.0,1992.0,1992.0,117.2,117.2,117.2,117.2,16.0,16.0,16.0,16.0,5.0,5.0,5.0,5.0,0.1,0.1,0.0,10.4,8.7,1.7,10.6,8.9,1.7
Port Isaac,1,1,0.4,0.6,1995.0,1995.0,1995.0,1995.0,205.1,205.1,205.1,205.1,64.0,64.0,64.0,64.0,0.0,0.0,0.0,0.0,0.1,0.1,0.0,6.4,6.4,0.0,6.5,6.5,0.0
Tenbury,1,1,0.0,0.1,1997.0,1997.0,1997.0,1997.0,335.7,335.7,335.7,335.7,34.0,34.0,34.0,34.0,4.0,4.0,4.0,4.0,0.5,0.4,0.0,34.5,30.9,3.6,35.2,31.5,3.7
Gretton,1,1,0.0,0.0,1997.0,1997.0,1997.0,1997.0,238.5,238.5,238.5,238.5,22.0,22.0,22.0,22.0,5.0,5.0,5.0,5.0,0.3,0.3,0.1,24.4,19.9,4.5,24.9,20.3,4.6
Wetheringsett,1,1,0.0,0.0,1968.0,1968.0,1968.0,1968.0,222.4,222.4,222.4,222.4,13.0,13.0,13.0,13.0,28.0,28.0,28.0,28.0,0.1,0.0,0.1,9.4,3.0,6.4,9.5,3.0,6.5
Great Massingham,1,1,0.0,0.0,1968.0,1968.0,1968.0,1968.0,206.2,206.2,206.2,206.2,9.0,9.0,9.0,9.0,29.0,29.0,29.0,29.0,0.1,0.0,0.1,8.7,2.1,6.6,8.9,2.1,6.8
Wisbech,1,1,0.2,0.2,1993.0,1993.0,1993.0,1993.0,101.6,101.6,101.6,101.6,24.0,24.0,24.0,24.0,34.0,34.0,34.0,34.0,0.1,0.0,0.0,5.1,3.2,1.9,5.2,3.3,1.9
Central Mainland (Shetland),1,1,0.1,0.0,1992.0,1992.0,1992.0,1992.0,270.0,270.0,270.0,270.0,9.0,9.0,9.0,9.0,16.0,16.0,16.0,16.0,0.0,0.0,0.0,3.0,1.1,1.9,3.1,1.1,2.0
Islay,1,1,0.9,0.1,1964.0,1964.0,1964.0,1964.0,413.0,413.0,413.0,413.0,41.0,41.0,41.0,41.0,6.0,6.0,6.0,6.0,0.6,0.5,0.1,43.6,39.2,4.4,44.4,40.0,4.4
Limekilns,1,1,0.0,0.0,2000.0,2000.0,2000.0,2000.0,35.0,35.0,35.0,35.0,25.0,25.0,25.0,25.0,2.0,2.0,2.0,2.0,0.1,0.1,0.0,6.5,6.2,0.3,6.6,6.3,0.3
Frinton-On-Sea,1,1,0.1,0.1,2008.0,2008.0,2008.0,2008.0,95.0,95.0,95.0,95.0,170.0,170.0,170.0,170.0,1.0,1.0,1.0,1.0,0.2,0.2,0.0,13.8,13.8,0.0,14.1,14.0,0.0
Cramond,1,1,0.1,0.1,2000.0,2000.0,2000.0,2000.0,452.4,452.4,452.4,452.4,68.0,68.0,68.0,68.0,10.0,10.0,10.0,10.0,0.2,0.2,0.0,17.1,14.9,2.2,17.4,15.2,2.2
Inverkip,1,1,0.4,0.1,2003.0,2003.0,2003.0,2003.0,520.7,520.7,520.7,520.7,39.0,39.0,39.0,39.0,7.0,7.0,7.0,7.0,0.5,0.5,0.0,36.7,34.0,2.8,37.4,34.6,2.8
Waterfoot,1,1,0.0,0.0,1980.0,1980.0,1980.0,1980.0,138.9,138.9,138.9,138.9,30.0,30.0,30.0,30.0,4.0,4.0,4.0,4.0,0.3,0.3,0.0,22.2,21.0,1.3,22.6,21.4,1.3
Topsham,1,1,0.4,0.2,2003.0,2003.0,2003.0,2003.0,194.4,194.4,194.4,194.4,9.0,9.0,9.0,9.0,7.0,7.0,7.0,7.0,0.2,0.1,0.1,15.9,8.9,7.0,16.2,9.1,7.1
Porth,1,1,1.5,0.9,2003.0,2003.0,2003.0,2003.0,727.3,727.3,727.3,727.3,57.0,57.0,57.0,57.0,4.0,4.0,4.0,4.0,0.8,0.7,0.1,59.4,55.4,4.0,60.5,56.5,4.0
Fishbourne,1,1,0.1,0.0,2003.0,2003.0,2003.0,2003.0,31.0,31.0,31.0,31.0,25.0,25.0,25.0,25.0,14.0,14.0,14.0,14.0,0.1,0.1,0.0,5.9,4.1,1.8,6.0,4.1,1.9
Middleham,1,1,0.4,0.3,2003.0,2003.0,2003.0,2003.0,198.8,198.8,198.8,198.8,15.0,15.0,15.0,15.0,13.0,13.0,13.0,13.0,0.1,0.1,0.1,8.9,4.8,4.1,9.1,4.9,4.2
Loxley,1,1,0.2,0.1,2003.0,2003.0,2003.0,2003.0,92.3,92.3,92.3,92.3,7.0,7.0,7.0,7.0,6.0,6.0,6.0,6.0,0.1,0.0,0.0,4.1,2.2,1.9,4.2,2.3,1.9
Denby,1,1,0.3,0.2,2003.0,2003.0,2003.0,2003.0,149.1,149.1,149.1,149.1,17.0,17.0,17.0,17.0,4.0,4.0,4.0,4.0,0.1,0.1,0.0,6.7,5.4,1.3,6.8,5.5,1.3
Whitney,1,1,0.4,0.3,2003.0,2003.0,2003.0,2003.0,205.2,205.2,205.2,205.2,11.0,11.0,11.0,11.0,8.0,8.0,8.0,8.0,0.2,0.1,0.1,14.3,8.3,6.0,14.6,8.5,6.2
St. Mary'S (Scilly Isl.),1,1,1.7,1.0,2003.0,2003.0,2003.0,2003.0,808.2,808.2,808.2,808.2,80.0,80.0,80.0,80.0,0.0,0.0,0.0,0.0,0.7,0.7,0.0,53.7,53.7,0.0,54.7,54.7,0.0
Abbotsbury,1,1,2.6,2.2,2003.0,2003.0,2003.0,2003.0,46.1,46.1,46.1,46.1,22.0,22.0,22.0,22.0,0.0,0.0,0.0,0.0,0.4,0.4,0.0,30.5,30.5,0.0,31.1,31.1,0.0
Chickerell,1,1,1.7,0.4,2003.0,2003.0,2003.0,2003.0,579.7,579.7,579.7,579.7,67.0,67.0,67.0,67.0,0.0,0.0,0.0,0.0,0.7,0.7,0.0,53.9,53.9,0.0,54.9,54.9,0.0
"Longhope, Hoy",1,1,0.4,0.1,1993.0,1993.0,1993.0,1993.0,1073.2,1073.2,1073.2,1073.2,103.0,103.0,103.0,103.0,29.0,29.0,29.0,29.0,0.6,0.5,0.1,45.6,35.5,10.1,46.4,36.2,10.3
West Bay,1,1,0.9,0.2,2003.0,2003.0,2003.0,2003.0,311.9,311.9,311.9,311.9,32.0,32.0,32.0,32.0,2.0,2.0,2.0,2.0,0.5,0.5,0.0,37.2,36.9,0.2,37.9,37.6,0.2
Fisherrow/Musselburgh,1,1,0.2,0.2,1985.0,1985.0,1985.0,1985.0,91.5,91.5,91.5,91.5,81.0,81.0,81.0,81.0,14.0,14.0,14.0,14.0,0.3,0.3,0.0,22.2,19.4,2.7,22.6,19.8,2.8
Killyleagh,1,1,0.1,0.0,1981.0,1981.0,1981.0,1981.0,510.5,510.5,510.5,510.5,46.0,46.0,46.0,46.0,31.0,31.0,31.0,31.0,0.4,0.2,0.1,28.9,17.9,11.0,29.4,18.2,11.2
Butterwick,1,1,8.6,12.7,1986.0,1986.0,1986.0,1986.0,21840.3,21840.3,21840.3,21840.3,12.0,12.0,12.0,12.0,2652.0,2652.0,2652.0,2652.0,20.1,0.1,20.0,1511.2,7.6,1503.6,1540.2,7.8,1532.5
Bickington,1,1,0.0,0.0,1964.0,1964.0,1964.0,1964.0,117.0,117.0,117.0,117.0,56.0,56.0,56.0,56.0,4.0,4.0,4.0,4.0,0.1,0.1,0.0,8.4,7.8,0.6,8.5,7.9,0.6
Strangford,1,1,0.2,0.0,1964.0,1964.0,1964.0,1964.0,93.0,93.0,93.0,93.0,26.0,26.0,26.0,26.0,3.0,3.0,3.0,3.0,0.5,0.4,0.1,34.0,29.7,4.3,34.6,30.2,4.4
"Magilligan Point Ferry Terminal, Lough Foyle",1,1,0.2,0.0,1988.0,1988.0,1988.0,1988.0,147.2,147.2,147.2,147.2,24.0,24.0,24.0,24.0,12.0,12.0,12.0,12.0,0.2,0.1,0.0,12.5,11.1,1.5,12.8,11.3,1.5
Morfa Nefyn,1,1,0.7,0.2,1988.0,1988.0,1988.0,1988.0,530.8,530.8,530.8,530.8,112.0,112.0,112.0,112.0,0.0,0.0,0.0,0.0,0.5,0.5,0.0,37.6,37.6,0.0,38.3,38.3,0.0
Med,1,1,0.2,0.1,1982.0,1982.0,1982.0,1982.0,63.8,63.8,63.8,63.8,46.0,46.0,46.0,46.0,1.0,1.0,1.0,1.0,0.1,0.1,0.0,9.1,9.0,0.1,9.3,9.2,0.2
Ballywalter,1,1,0.9,0.2,1988.0,1988.0,1988.0,1988.0,698.7,698.7,698.7,698.7,99.0,99.0,99.0,99.0,5.0,5.0,5.0,5.0,0.7,0.7,0.0,53.2,52.5,0.7,54.3,53.5,0.7
Connahs Quay,1,1,0.2,0.1,2017.0,2017.0,2017.0,2017.0,405.9,405.9,405.9,405.9,37.0,37.0,37.0,37.0,4.0,4.0,4.0,4.0,0.1,0.1,0.0,4.9,4.4,0.5,5.0,4.5,0.5
