Domestic by Dep. Port,n_vys,n_imo,tps_mn_gtnm,tps_mn_dwtnm,aby_vys,aby_flt,aby_gtnm,aby_dwtnm,avd_vys,avd_flt,avd_gtnm,avd_dwtnm,avt_vys,avt_flt,avt_gtnm,avt_dwtnm,apt_vys,apt_flt,apt_gtnm,apt_dwtnm,ene_tj,ene_tj_voy,ene_tj_stop,co2_t,co2_t_voy,co2_t_stop,co2e_t,co2e_t_voy,co2e_t_stop
Brooklyn,2837,300,3099.0,3890.1,1994.2,1997.9,2008.9,2009.5,86.7,357.9,425.8,460.0,28.0,88.4,166.8,178.2,12.0,62.4,60.7,71.3,1168.3,850.2,318.1,87851.2,63969.0,23882.1,89537.9,65197.2,24340.7
New York,2196,452,16249.9,15979.3,1995.5,2002.4,2010.4,2010.1,104.1,494.7,584.5,591.3,27.0,69.1,104.5,137.8,12.0,35.1,29.5,35.6,2190.4,1791.7,398.7,164946.4,135005.2,29941.2,168113.4,137597.3,30516.0
Newark,1996,523,34165.2,31022.4,1997.9,2005.3,2009.0,2008.6,212.2,548.8,544.9,525.6,31.0,56.9,80.9,75.0,13.0,29.9,27.6,31.2,3157.3,2736.1,421.2,237580.7,205953.0,31627.7,242142.2,209907.3,32234.9
Norfolk,1933,538,54252.4,58670.7,1999.3,2003.4,2009.7,2009.5,392.8,724.6,642.0,634.1,40.0,103.0,130.1,126.7,18.0,54.7,26.5,26.9,5580.6,4968.3,612.2,421449.7,375483.1,45966.6,429541.5,382692.4,46849.1
Baytown,1884,599,37582.9,46993.7,2002.2,2005.6,2005.9,2006.1,308.5,534.9,766.3,727.6,45.5,82.5,98.9,106.2,20.0,37.6,29.9,34.5,5693.5,4596.1,1097.5,427912.2,345511.0,82401.2,436128.1,352144.8,83983.3
Savannah,1869,798,48244.9,53859.4,2006.6,2007.9,2008.3,2008.3,430.2,666.4,451.3,464.5,35.0,78.5,70.9,77.3,20.0,40.3,30.4,33.8,5286.5,4439.4,847.1,397747.3,334127.1,63620.2,405384.1,340542.4,64841.7
Pasadena,1828,824,11268.5,16283.6,2002.2,2007.7,2009.2,2009.1,148.8,474.8,470.3,431.8,43.0,76.7,129.6,122.3,24.0,58.2,57.7,62.2,2196.2,1551.5,644.7,165273.3,116866.7,48406.7,168446.6,119110.5,49336.1
Baltimore,1823,775,44878.4,30286.1,2003.0,2006.1,2007.9,2008.0,303.4,670.3,596.5,498.5,39.0,108.3,127.4,118.0,17.0,36.8,22.8,30.6,4267.4,3795.0,472.4,322137.8,286665.7,35472.2,328322.9,292169.6,36153.2
Fourchon,1664,439,3356.3,4309.2,2000.7,2001.2,2008.2,2008.5,422.8,1693.4,1282.1,1254.5,102.5,666.8,2097.0,2005.3,23.0,149.3,141.4,129.1,4033.4,3510.7,522.8,302508.8,263258.9,39250.0,308317.0,268313.4,40003.6
Honolulu,1537,117,23207.7,18973.3,1984.6,1996.2,1989.4,1988.2,118.5,1413.0,1155.9,1912.1,18.0,193.5,139.8,163.6,10.0,51.9,38.6,39.0,6129.2,5708.5,420.7,469534.7,437922.3,31612.4,478549.8,446330.4,32219.4
Houston,1490,679,14836.0,25032.9,2002.4,2006.6,2007.1,2007.1,222.4,457.9,533.5,537.6,48.0,90.7,184.4,189.4,30.0,47.5,56.6,56.5,3205.2,2020.4,1184.8,240970.6,151993.9,88976.7,245597.3,154912.2,90685.1
Los Angeles,1456,392,47700.5,47198.4,2004.0,2005.9,2004.9,2004.6,391.9,815.9,623.9,596.6,38.0,101.1,90.4,99.7,25.0,58.4,32.2,35.7,7591.7,6833.8,757.9,577297.9,520351.0,56947.0,588382.1,530341.7,58040.3
Carteret,1396,279,8044.6,13458.5,1992.5,2002.2,2009.9,2009.9,102.1,942.6,1418.9,1480.3,24.0,118.8,253.9,255.3,14.0,37.8,57.7,57.7,1319.9,1072.4,247.6,100260.3,81663.7,18596.6,102185.2,83231.6,18953.6
Bolivar,1360,730,6655.3,10188.0,2002.4,2006.9,2007.3,2007.3,65.6,246.1,270.1,265.1,10.0,51.1,164.6,165.0,38.0,62.3,63.0,64.4,2047.7,884.2,1163.5,153884.3,66511.2,87373.1,156838.9,67788.2,89050.6
Meraux,1301,666,8414.3,13434.0,2003.0,2006.4,2008.9,2009.2,192.8,404.5,440.8,431.5,39.0,64.7,101.0,104.4,31.0,70.5,74.5,76.4,1687.9,1138.2,549.7,126906.9,85598.7,41308.2,129343.5,87242.2,42101.3
Seattle,1277,286,24683.3,9209.0,1989.8,1987.6,2003.0,2001.7,652.6,1611.7,892.5,922.4,47.0,207.1,82.9,114.4,10.0,154.1,188.0,276.8,7167.7,5095.3,2072.4,538519.1,382888.3,155630.9,548858.7,390239.7,158619.0
Perth Amboy,1220,209,4101.0,6874.3,1990.6,1999.9,2010.5,2010.6,91.9,684.3,1281.0,1363.8,22.0,101.1,228.3,229.7,13.0,28.6,49.5,50.0,734.1,608.5,125.6,55631.1,46199.7,9431.5,56699.3,47086.7,9612.6
Howland Hook,1200,192,3447.8,5374.2,1990.7,1993.9,2008.9,2009.3,90.8,382.9,996.6,1113.3,24.5,64.0,171.3,185.2,13.0,27.9,52.3,56.6,706.9,543.7,163.2,53245.2,40990.1,12255.0,54267.5,41777.1,12490.3
Gloucester,1156,243,7047.8,7931.8,1996.0,2003.4,2008.4,2008.4,168.6,499.4,427.0,461.3,31.0,65.3,66.4,75.0,11.0,46.0,28.6,32.8,1008.2,867.0,141.2,75809.2,65205.1,10604.1,77264.7,66457.1,10807.7
Long Beach,1121,400,56851.1,65322.4,2005.5,2008.2,2006.4,2007.9,453.2,1033.1,949.3,911.6,74.0,131.2,190.7,215.6,26.0,53.5,42.3,46.7,7165.6,6109.4,1056.3,544628.0,465307.8,79320.2,555084.9,474241.7,80843.2
Juneau,1112,95,10407.4,1055.3,1991.9,1988.2,2002.8,2000.9,136.8,320.2,250.4,244.4,15.0,96.3,50.0,51.5,7.0,41.3,12.5,14.0,2729.7,2192.4,537.3,204959.1,164616.4,40342.8,208894.3,167777.0,41117.4
Tampa,1092,319,12732.1,16695.4,2004.1,2005.5,2008.7,2010.6,631.2,811.9,673.6,723.0,65.0,122.7,88.6,94.4,34.0,95.2,51.7,56.0,2572.6,2036.6,536.0,193132.4,152921.9,40210.5,196840.6,155858.0,40982.6
Elizabethport,1079,228,5434.8,6386.4,1992.8,1996.4,2007.0,2007.0,110.7,358.3,432.0,449.5,27.0,54.2,52.9,57.3,13.0,38.9,21.0,21.1,815.2,699.1,116.1,61255.2,52539.1,8716.1,62431.3,53547.8,8883.5
Boston,1052,280,13737.2,13368.9,1999.0,2002.3,2007.9,2009.0,270.6,830.2,569.4,691.7,36.0,105.8,91.3,102.4,18.0,54.3,28.4,34.5,2037.1,1744.4,292.7,153000.1,131025.6,21974.4,155937.7,133541.3,22396.4
Sault Ste Marie,1026,114,7220.2,13690.0,1972.7,1987.1,1975.1,1975.1,341.1,305.6,326.8,329.4,31.0,31.2,34.2,34.2,12.0,32.3,23.8,22.8,1056.4,963.9,92.5,79325.2,72382.8,6942.4,80848.2,73772.5,7075.7
Southwest Pass,1008,731,8044.1,13431.7,2005.6,2007.0,2008.6,2008.7,233.6,449.2,351.2,356.1,21.0,65.8,130.1,123.9,41.5,97.0,84.3,80.5,1717.9,852.0,865.9,129129.3,64103.4,65025.9,131608.6,65334.2,66274.4
Port Everglades,1006,319,22335.3,29667.6,2006.3,2005.9,2006.6,2007.3,927.2,1033.8,917.1,965.7,73.0,163.5,127.0,132.4,30.0,76.2,38.1,41.2,3901.4,3280.8,620.6,293725.7,247124.3,46601.4,299365.2,251869.0,47496.1
Galveston,985,598,9602.1,9786.8,2003.4,2005.7,2005.9,2007.5,250.5,582.8,522.4,399.5,50.0,127.3,150.2,147.7,40.0,101.1,57.2,73.3,2254.3,1418.1,836.2,169580.5,106826.2,62754.4,172836.5,108877.2,63959.2
Texas City,969,351,5060.7,8515.1,2002.4,2006.2,2007.7,2007.7,196.9,356.9,395.3,400.7,52.0,99.4,154.2,158.0,26.0,45.7,53.2,53.0,1655.5,1076.7,578.8,124368.8,80906.5,43462.3,126756.6,82459.9,44296.7
Charleston,968,448,31442.0,26852.8,2003.1,2004.5,2007.7,2008.4,445.1,963.2,644.0,551.7,41.0,115.8,131.6,92.3,19.0,37.6,23.8,27.1,3149.3,2800.5,348.8,238045.5,211854.1,26191.4,242616.0,215921.7,26694.3
Oakland,950,113,21610.5,22813.6,1996.5,2000.6,1997.8,1999.7,397.7,724.9,835.9,787.3,43.0,93.8,82.7,79.2,21.0,40.6,30.3,29.2,4110.7,3797.8,312.9,313205.0,289674.7,23530.2,319218.5,295236.5,23982.0
Marcus Hook,914,198,10724.3,18431.6,1997.1,2002.1,2010.4,2010.3,98.2,843.8,1376.4,1417.6,35.0,130.6,259.1,267.3,15.0,52.9,55.8,55.3,1481.8,1171.4,310.5,112022.9,88710.5,23312.4,114173.8,90413.8,23760.0
Port Neches,897,233,12862.8,21943.0,2001.0,2005.4,2009.6,2009.5,181.8,704.9,758.4,733.3,48.0,153.7,291.0,255.3,24.0,60.4,78.8,81.0,2297.6,1521.1,776.5,172980.3,114677.9,58302.5,176301.5,116879.7,59421.9
Port Newark,885,335,15580.8,18412.1,2002.8,2003.8,2008.0,2008.1,306.6,473.0,485.2,489.1,32.0,55.7,64.5,70.2,16.0,27.0,25.1,26.0,1780.9,1519.6,261.2,133930.8,114317.2,19613.7,136502.3,116512.0,19990.3
Ketchikan,854,121,6840.9,778.3,1989.3,1984.1,2002.6,1998.5,290.2,705.6,350.5,353.9,24.0,139.2,34.1,47.0,9.0,160.8,18.9,45.5,2019.8,1720.6,299.1,151652.2,129194.1,22458.1,154563.9,131674.6,22889.3
Wilmington,823,365,8281.9,10284.8,2002.5,2004.5,2008.5,2008.6,294.3,660.4,496.8,535.7,38.0,100.3,95.3,105.7,19.0,48.0,45.2,49.4,1304.9,1083.9,221.1,98296.2,81693.8,16602.4,100183.5,83262.4,16921.1
Dutch Harbor,823,211,4011.5,3490.6,1982.7,1982.7,1985.5,1989.3,565.3,2682.4,1774.2,1657.2,92.0,597.2,668.5,552.3,28.0,320.1,258.1,194.1,2211.1,1675.3,535.7,166990.7,126738.8,40251.9,170196.9,129172.2,41024.7
Beaumont,823,203,7813.6,10122.6,2001.3,2005.1,2008.5,2009.3,163.4,553.6,760.6,701.1,45.0,102.6,157.0,131.6,24.0,45.2,49.7,55.6,1293.1,963.8,329.2,97295.4,72567.6,24727.8,99163.5,73960.9,25202.6
Freeport,818,336,8353.8,8442.5,1997.8,2004.4,2005.9,2005.8,132.9,524.2,662.7,499.7,31.0,122.0,125.2,142.6,18.0,58.3,34.5,47.7,1296.5,890.6,405.8,97638.0,67155.6,30482.4,99512.7,68445.0,31067.6
New Haven,801,171,1981.5,3249.5,1994.4,2001.5,2010.5,2010.7,96.4,464.1,756.3,795.2,16.0,57.3,188.9,189.1,16.0,27.9,45.4,45.9,372.3,315.0,57.3,28184.7,23880.6,4304.1,28725.8,24339.1,4386.8
Paulsboro,794,182,6739.9,12113.0,1996.6,2001.7,2007.4,2007.3,98.3,691.3,1270.7,1341.5,29.0,123.4,310.2,316.6,15.0,43.0,47.6,47.5,903.6,719.0,184.6,68337.8,54477.4,13860.4,69649.9,55523.3,14126.6
Good Hope,766,283,5393.0,9362.7,1998.2,2004.0,2009.3,2009.3,261.1,544.6,570.2,567.1,53.0,103.2,115.6,114.4,27.0,59.9,70.7,71.6,1205.8,829.2,376.6,90631.0,62355.7,28275.3,92371.1,63552.9,28818.2
Tacoma,761,155,18513.6,9198.9,1992.8,1997.7,2001.5,1998.7,449.0,965.2,1260.9,1286.7,78.0,140.6,95.1,94.9,15.0,86.7,20.1,22.0,3410.9,3286.9,124.0,256243.9,246931.3,9312.7,261163.8,251672.3,9491.5
Port Arthur,737,237,5309.1,8410.1,2002.0,2004.2,2008.2,2008.4,138.9,551.3,674.1,667.5,37.0,85.3,151.3,158.7,24.0,54.0,60.4,63.6,1027.1,723.9,303.2,77188.2,54416.9,22771.3,78670.2,55461.7,23208.5
Anacortes,734,124,9689.5,16293.5,1997.6,1997.0,2007.8,2008.2,160.6,901.1,989.1,998.0,37.0,143.5,300.6,306.4,20.0,82.6,36.1,33.8,1500.7,1127.8,373.0,113140.5,85136.3,28004.2,115312.8,86770.9,28541.9
Port Sulphur,676,475,6827.1,11287.3,2005.2,2006.5,2007.6,2007.8,328.8,450.3,441.9,442.3,33.0,61.1,82.2,84.4,35.0,84.8,88.2,90.9,1141.4,675.8,465.6,85770.6,50792.7,34977.8,87417.4,51768.0,35649.4
Venice,675,340,2897.8,4774.8,1996.3,2002.9,2007.1,2007.5,268.8,556.9,407.9,411.4,40.0,122.2,131.3,122.6,41.0,99.5,89.9,91.4,888.1,511.3,376.8,66687.9,38387.9,28299.9,67968.3,39125.0,28843.3
Charleston Heights,664,243,11292.8,13242.7,2003.8,2004.4,2006.6,2006.9,439.3,652.8,479.2,491.8,41.0,85.4,85.4,91.2,18.0,54.0,31.3,34.1,1632.7,1432.2,200.5,123000.1,107948.1,15052.0,125361.7,110020.7,15341.0
Port Richmond,656,136,2950.0,4519.2,1994.6,1999.6,1995.5,1995.5,102.8,588.5,1023.8,1058.4,29.0,74.1,142.4,142.8,11.0,30.9,48.2,47.9,615.4,524.4,91.0,46282.8,39449.7,6833.1,47171.4,40207.1,6964.3
Corpus Christi,654,313,8820.8,14676.2,2003.1,2005.9,2008.0,2008.2,422.2,552.5,621.1,607.8,67.0,104.6,123.4,123.8,31.0,57.1,54.0,54.2,1742.6,1188.6,554.1,131004.5,89390.9,41613.6,133519.7,91107.2,42412.5
Kihei,652,52,3185.0,466.8,1984.1,1995.2,2002.1,2004.1,107.7,341.6,362.1,363.2,15.0,40.6,96.7,95.7,12.0,20.2,12.3,18.1,818.2,696.0,122.2,62213.1,53036.4,9176.6,63407.6,54054.7,9352.8
Blount Island,638,334,20335.6,13915.7,2004.7,2005.6,2009.0,2008.7,721.8,823.9,730.5,719.8,56.5,123.6,86.3,102.5,18.0,44.5,27.9,35.2,1872.0,1635.4,236.6,141120.8,123353.1,17767.6,143830.3,125721.5,18108.7
Waggaman,633,375,11177.0,14933.0,2003.4,2005.6,2007.0,2007.5,462.3,589.8,652.3,639.9,44.0,71.7,80.3,85.5,24.0,61.9,41.0,46.4,1564.0,1269.7,294.3,117796.3,95668.6,22127.7,120058.0,97505.4,22552.5
Rouge River,629,110,2610.9,4606.5,1971.7,1981.4,1976.3,1975.8,255.4,336.9,340.1,335.8,27.0,47.1,42.8,41.8,13.0,25.5,31.9,35.8,513.8,433.2,80.6,38580.4,32526.0,6054.4,39321.2,33150.5,6170.7
St Rose,612,352,4236.0,7216.0,2001.9,2005.0,2008.4,2008.3,207.5,392.6,422.0,419.6,37.0,66.1,101.9,100.3,28.0,61.3,77.0,76.9,932.2,540.2,392.0,70203.1,40627.0,29576.1,71551.0,41407.0,30143.9
Port Angeles,612,158,8706.0,14493.5,1996.2,2000.1,2007.5,2007.5,119.3,606.0,762.6,754.7,17.0,88.7,234.3,209.0,24.0,122.7,57.7,54.6,1214.5,850.2,364.3,91685.0,64336.4,27348.7,93445.4,65571.6,27873.8
Taft,604,303,4805.4,8081.2,1999.6,2003.9,2010.3,2010.5,290.5,471.9,539.7,538.0,47.0,91.5,135.2,137.3,27.0,56.6,58.5,59.4,1049.9,746.3,303.7,78947.7,56095.3,22852.4,80463.5,57172.3,23291.2
Albany,572,125,493.0,745.7,1997.1,1999.6,2009.9,2010.6,139.0,289.5,417.0,451.5,19.0,54.8,147.4,159.9,12.0,50.8,57.5,58.0,178.5,146.1,32.3,13430.0,11002.6,2427.4,13687.9,11213.9,2474.0
Delaware City,569,129,1717.7,3050.8,1994.3,1995.7,2007.0,2007.2,95.3,475.1,911.2,996.3,28.0,83.5,258.7,261.7,13.0,41.7,41.7,41.4,357.7,294.5,63.2,26996.7,22253.6,4743.1,27515.0,22680.9,4834.2
Atreco,550,101,2112.7,3693.9,1996.8,2001.5,2009.1,2009.1,92.0,446.8,624.9,629.0,29.0,110.0,161.3,161.2,12.0,54.0,50.4,50.7,449.4,286.8,162.6,33757.0,21545.8,12211.2,34405.2,21959.5,12445.7
Lake Charles,549,257,9223.9,15938.8,2000.5,2003.9,2006.9,2007.1,348.4,506.1,690.6,687.4,54.0,110.1,151.7,155.1,32.0,85.0,77.9,78.6,1628.7,1042.2,586.5,122511.7,78461.8,44050.0,124864.0,79968.2,44895.7
Afognak,545,101,2915.9,2226.6,1978.4,1980.7,1989.9,1988.1,341.5,1037.5,707.1,868.4,37.0,243.0,88.2,92.8,11.0,172.8,33.2,39.0,1092.4,967.6,124.8,82737.0,73362.7,9374.3,84325.5,74771.3,9554.3
Valdez,544,84,29219.9,50120.7,1992.1,1987.0,2005.9,2006.1,424.0,756.5,1600.4,1625.1,75.5,282.4,157.9,157.9,26.0,141.8,59.7,59.0,3747.8,2615.0,1132.7,283575.1,198526.6,85048.5,289019.8,202338.3,86681.4
Skagway,524,43,11299.5,1145.3,1995.0,1997.2,2003.4,2002.9,242.5,347.8,474.0,447.6,14.0,100.8,61.2,59.0,8.0,28.0,8.3,9.1,2770.6,2518.4,252.2,208021.3,189087.4,18933.9,212015.3,192717.9,19297.5
Bellingham,521,111,5937.9,8876.6,1993.1,1990.6,2006.7,2008.9,225.9,978.0,878.1,881.3,39.0,141.2,333.9,310.1,15.0,125.4,58.0,57.3,1134.4,801.5,332.9,85529.9,60534.5,24995.4,87172.0,61696.7,25475.3
Benicia,520,94,9211.5,13147.1,2000.1,2003.1,2005.5,2006.1,155.0,748.6,1239.4,1334.8,47.0,85.3,205.7,206.6,14.0,27.6,33.3,37.8,1074.2,880.9,193.2,81279.8,66769.9,14510.0,82840.4,68051.9,14788.6
Duluth,499,91,4101.6,7535.9,1977.7,1988.0,1977.6,1977.2,342.3,353.0,359.2,359.0,32.0,75.5,47.9,47.6,1.0,3.9,4.1,4.1,588.5,581.5,7.0,44206.0,43680.6,525.3,45054.7,44519.3,535.4
Port Allen,496,131,2104.3,3675.5,1983.8,1997.5,2007.2,2007.4,138.7,441.5,581.4,597.2,35.0,97.5,190.2,190.2,12.0,49.5,42.5,42.1,425.2,300.3,124.9,31993.1,22613.5,9379.6,32607.3,23047.7,9559.6
Cleveland,496,97,739.3,1295.7,1980.2,1990.5,1987.7,1986.3,92.0,216.3,168.9,159.5,14.0,24.9,96.0,104.3,11.0,44.4,47.4,45.4,184.6,137.1,47.4,13856.7,10295.1,3561.6,14122.7,10492.8,3629.9
Jacksonville,494,299,10815.6,9477.0,2000.6,2003.4,2006.6,2006.9,605.7,789.5,714.8,727.0,55.5,110.5,109.1,131.0,22.0,69.0,33.7,40.1,1342.4,1162.7,179.7,101403.7,87906.5,13497.2,103350.6,89594.3,13756.3
Tottenville (Staten),489,155,1012.5,1649.8,1988.9,1995.2,2010.1,2010.3,90.7,347.6,858.1,931.7,25.0,56.8,192.5,197.7,12.0,31.0,47.3,48.3,249.2,195.0,54.2,18843.6,14775.6,4067.9,19205.4,15059.3,4146.0
Sitka,470,95,1913.0,263.6,1981.5,1979.1,1998.8,1992.7,224.4,549.7,291.3,303.3,22.0,98.4,31.7,75.0,8.5,117.0,18.5,40.8,787.0,638.8,148.1,59086.5,47966.0,11120.6,60221.0,48886.9,11334.1
Akutan,463,83,225.2,162.3,1982.8,1980.6,1984.2,1985.2,110.8,1031.1,454.3,405.7,24.0,176.5,564.9,504.0,27.0,152.6,177.6,174.4,329.4,221.1,108.3,24756.5,16627.2,8129.3,25231.8,16946.5,8285.4
Violet,450,269,2529.4,4062.0,2006.9,2008.6,2009.6,2009.9,178.0,352.8,346.4,338.7,40.5,68.0,112.5,112.5,37.0,69.4,68.3,70.7,526.2,353.1,173.1,39586.3,26558.4,13027.9,40346.4,27068.3,13278.1
Treasure Island,445,93,5556.5,4922.9,1996.4,2002.7,2007.0,2008.6,103.2,566.5,841.3,760.5,33.0,74.1,81.3,88.0,15.0,41.3,29.5,35.6,843.4,749.6,93.8,63578.8,56535.2,7043.7,64799.6,57620.6,7178.9
Romeville,444,213,3580.8,6266.4,1994.8,2001.4,2007.1,2007.1,256.3,478.9,577.6,583.2,55.0,107.0,135.1,137.3,26.0,58.9,65.4,66.2,735.6,526.8,208.8,55266.1,39572.1,15694.0,56327.2,40331.9,15995.3
Nawiliwili,441,46,2096.8,287.7,1985.4,1995.5,2003.7,2003.8,107.1,889.0,283.8,299.3,16.0,143.2,57.2,63.5,11.0,141.2,37.3,161.7,644.9,486.3,158.6,48689.3,36777.0,11912.3,49624.2,37483.1,12141.1
Petersburg,431,52,106.7,31.7,1988.7,1978.2,1987.1,1986.6,122.9,288.3,142.9,154.8,14.0,54.6,26.7,51.3,8.0,80.5,16.3,39.1,136.1,91.5,44.6,10217.6,6871.2,3346.3,10413.8,7003.2,3410.6
Naknek,429,83,48.6,41.6,1974.2,1976.3,1979.0,1981.4,83.1,445.2,284.9,290.1,12.0,156.5,205.6,184.2,24.0,70.1,90.3,78.6,153.8,110.2,43.6,11557.9,8283.5,3274.4,11779.8,8442.6,3337.2
Providence,428,121,1287.3,1908.3,1994.0,2000.6,2010.4,2010.6,179.2,483.0,628.8,697.5,24.0,155.3,155.9,169.5,21.0,57.8,61.6,66.4,307.0,254.5,52.5,23138.6,19196.6,3942.0,23582.8,19565.2,4017.6
New Iberia,428,136,165.1,205.7,1989.3,1995.1,1997.0,2000.4,207.9,1011.0,666.8,731.2,45.5,273.6,725.1,746.4,14.5,188.4,216.3,246.6,459.6,328.3,131.3,34510.7,24650.5,9860.1,35173.3,25123.8,10049.5
Port Eads,428,201,1307.1,1927.1,2003.4,2004.3,2007.9,2008.1,332.5,765.3,515.5,506.2,29.5,123.9,205.8,194.1,54.0,162.5,155.7,129.6,585.3,302.0,283.4,43947.3,22671.1,21276.1,44791.1,23106.4,21684.6
San Francisco,427,157,9195.8,8866.0,1997.3,2004.7,2004.0,2007.2,120.8,563.8,785.2,724.0,32.0,87.5,141.1,183.3,19.0,66.2,28.1,37.3,1765.2,1504.2,261.0,133723.8,114117.8,19606.0,136291.3,116308.9,19982.4
Houma,399,152,208.0,272.2,1991.3,1998.2,2006.7,2007.1,181.1,862.4,508.3,583.4,35.0,197.5,355.4,333.4,22.0,246.8,392.9,437.3,343.9,180.8,163.1,25822.8,13574.3,12248.4,26318.6,13835.0,12483.6
River Ridge,394,238,2632.3,4591.4,1997.3,2001.4,2008.4,2008.4,187.1,415.3,498.7,503.4,38.0,81.2,146.5,146.9,22.5,52.6,69.1,69.6,564.6,374.2,190.3,42453.1,28145.5,14307.6,43268.2,28685.9,14582.3
Hilo,387,46,3325.9,791.4,1989.3,1994.2,2003.8,2004.4,200.1,342.4,433.6,681.0,24.0,56.1,85.2,102.3,10.0,33.4,23.5,29.5,684.0,572.1,111.9,51862.5,43445.9,8416.6,52858.2,44280.0,8578.2
Welcome,380,165,2714.5,4716.5,1996.8,2001.6,2009.6,2009.8,242.0,553.2,860.6,907.2,54.5,92.4,384.1,399.0,30.0,63.0,177.3,182.9,537.4,417.1,120.3,40529.4,31497.5,9031.9,41307.6,32102.3,9205.3
Vancouver,380,104,3038.3,2115.4,1998.0,2004.2,2009.6,2009.0,86.1,585.5,640.0,680.3,29.0,95.7,86.4,120.1,16.0,41.5,40.0,64.6,298.2,236.5,61.7,22401.6,17768.3,4633.3,22831.7,18109.5,4722.2
Point San Pablo,376,69,7674.3,13605.9,2003.9,2003.2,2010.5,2010.7,439.7,677.1,720.3,721.6,46.0,86.2,136.7,139.2,18.0,60.5,34.3,34.4,1048.3,693.0,355.3,78917.0,52238.5,26678.5,80432.2,53241.5,27190.7
Brunswick,369,220,12482.9,4803.2,2006.8,2007.1,2006.4,2006.0,254.8,724.8,633.3,641.1,25.0,68.8,146.3,139.9,15.0,26.0,22.8,31.7,788.9,719.6,69.3,59858.1,54655.4,5202.7,61007.4,55704.8,5302.6
Hueneme,365,140,4610.6,2087.2,2002.9,2004.0,2007.3,2006.7,98.9,527.3,516.4,370.0,13.0,58.9,127.5,122.2,19.0,60.1,26.2,41.9,501.4,337.9,163.4,37806.2,25522.3,12283.9,38532.1,26012.3,12519.8
Hampton Roads Pt,362,202,3653.9,4556.4,1997.6,2001.6,2008.0,2008.5,347.3,687.2,625.1,593.6,86.5,161.1,208.5,219.9,26.0,84.3,49.8,47.3,623.6,511.7,111.9,47031.5,38630.7,8400.8,47934.5,39372.4,8562.1
Bethany Beach,359,244,2772.9,4541.4,2006.1,2007.4,2006.2,2005.8,119.9,251.3,217.5,228.2,14.0,41.2,170.5,181.5,22.0,56.7,110.6,114.1,676.1,349.3,326.8,50876.4,26320.7,24555.8,51853.3,26826.0,25027.3
Mobile,356,261,6438.1,8476.0,2006.0,2007.3,2008.6,2009.0,461.3,603.4,590.0,556.2,47.0,84.1,127.3,139.1,33.0,74.6,46.7,53.9,749.6,568.6,181.0,56365.7,42778.3,13587.4,57447.9,43599.7,13848.2
Pascagoula,355,162,4392.5,7361.7,2003.4,2002.8,2009.5,2009.8,530.5,829.0,812.0,815.4,62.0,197.5,209.0,198.5,35.0,102.2,73.1,68.9,933.8,659.2,274.6,70094.2,49476.3,20617.9,71440.0,50426.3,21013.8
Hackberry,352,168,392.1,550.5,1993.3,1995.9,2002.5,2005.0,382.7,1419.1,670.2,632.0,74.5,456.6,1073.1,1013.7,36.5,187.4,248.3,175.6,723.1,534.2,188.9,54292.1,40111.3,14180.8,55334.5,40881.5,14453.1
Astoria,341,135,1785.4,1262.1,1999.6,2002.9,2005.8,2010.5,88.7,558.4,412.1,312.6,15.0,108.1,352.7,763.9,21.0,140.6,83.0,125.2,534.4,377.5,156.9,40204.2,28421.5,11782.7,40976.1,28967.2,12008.9
Destrehan,341,194,2495.0,4374.4,1997.4,2003.1,2008.0,2008.0,248.9,455.6,512.6,516.6,34.0,81.8,99.4,100.5,30.0,59.6,64.8,65.2,425.3,280.0,145.3,31941.8,21030.1,10911.6,32555.0,21433.9,11121.1
Cape Canaveral,335,215,5756.4,5866.9,2004.5,2004.8,2007.6,2009.8,673.2,900.7,624.1,913.1,64.0,129.3,134.0,161.1,24.0,69.7,43.9,61.4,968.1,791.9,176.3,73113.2,59878.1,13235.1,74517.0,61027.7,13489.3
Chester,330,87,1317.0,1763.3,1995.2,1996.1,2006.7,2006.7,151.9,527.5,512.2,517.4,27.0,83.9,88.4,91.6,16.0,33.0,25.3,25.4,283.9,238.7,45.2,21349.2,17954.1,3395.1,21759.1,18298.8,3460.3
Warwick,330,48,152.8,235.9,1988.3,1999.7,2006.3,2007.1,90.1,342.5,356.2,372.5,15.0,46.2,147.9,148.2,15.0,32.2,50.5,50.6,84.3,66.7,17.6,6346.8,5026.9,1319.9,6468.6,5123.4,1345.2
Martinez,329,87,5918.1,10620.8,2005.7,2006.1,2009.6,2009.8,477.1,855.3,1121.9,1160.9,52.0,134.1,353.0,373.4,27.0,39.6,50.3,51.0,1096.1,874.4,221.7,82581.4,65933.8,16647.7,84167.0,67199.7,16967.3
Big Stone,329,77,819.1,1416.5,2007.2,2003.5,2011.4,2011.4,79.6,281.8,224.3,233.7,10.0,71.5,269.1,248.6,20.0,48.3,57.7,59.7,290.6,170.5,120.1,21888.5,12870.6,9017.9,22308.8,13117.7,9191.1
Newport News,328,180,1728.8,1279.2,2000.5,2003.3,2008.0,2008.5,176.6,365.1,223.8,209.0,38.0,151.7,97.9,174.0,24.0,64.7,49.0,68.6,348.1,283.6,64.5,26157.1,21310.8,4846.4,26659.3,21719.9,4939.4
Loop Terminal,326,199,3677.6,6383.9,2003.0,2004.0,2008.1,2008.2,407.3,985.9,601.2,601.7,75.0,188.1,249.8,248.8,38.0,99.8,81.4,78.4,960.9,610.6,350.3,72217.9,45895.8,26322.1,73604.5,46777.0,26827.5
Anchorage,324,49,10189.6,4417.1,1993.8,1995.8,2002.3,2001.9,390.3,756.3,1097.7,900.3,42.0,190.2,73.1,82.7,9.0,71.5,13.4,17.5,2397.5,2340.5,57.1,180280.0,175993.9,4286.1,183741.4,179373.0,4368.4
Barber'S Point,322,45,1214.7,2129.6,1988.8,1994.0,2009.1,2009.7,152.8,1342.7,1857.7,2062.4,28.0,236.5,502.0,514.9,13.0,55.3,88.6,87.9,264.0,246.2,17.8,19976.7,18637.8,1338.9,20360.2,18995.6,1364.6
Linnton,322,45,333.1,490.8,1991.3,1994.2,2007.2,2008.8,104.1,401.6,454.5,484.0,34.0,66.7,68.1,62.8,12.5,76.3,95.1,106.1,138.5,102.5,35.9,10395.8,7699.3,2696.6,10595.4,7847.1,2748.3
Kawaihae,322,23,22.2,15.9,1985.6,1986.0,1986.7,1993.1,148.4,159.9,159.0,154.8,19.0,28.5,31.6,26.2,23.0,18.0,28.6,30.2,70.2,62.6,7.7,5271.6,4696.4,575.2,5372.8,4786.6,586.3
Portland Me,319,106,1917.2,1695.9,2002.1,2002.0,2007.5,2009.6,291.4,528.5,365.0,641.2,32.0,129.1,105.6,151.4,16.0,53.3,36.4,50.8,451.0,335.0,116.1,33951.6,25236.6,8715.0,34603.5,25721.1,8882.4
Duluth Superior,311,54,2666.8,5217.9,1975.6,1985.2,1976.6,1976.6,348.8,377.7,355.7,356.0,32.0,40.2,37.5,37.7,1.0,5.2,3.9,3.9,336.3,329.4,6.8,25256.4,24742.1,514.3,25741.3,25217.2,524.2
Amelia,306,135,198.6,291.8,1992.9,1995.1,2000.0,2001.5,276.1,1437.8,750.4,904.9,51.5,311.0,994.3,1551.5,30.5,216.9,369.8,332.8,411.5,271.3,140.2,30895.6,20371.2,10524.4,31488.8,20762.4,10726.4
Homer,299,74,421.1,449.0,1992.8,1994.8,2006.2,2011.1,151.7,415.7,173.8,175.0,19.0,99.0,86.8,53.8,21.0,66.8,34.7,47.0,268.0,164.8,103.2,20161.1,12401.9,7759.2,20548.2,12640.1,7908.1
Port Morris,294,79,59.1,85.0,1997.5,1990.1,2007.9,2010.8,91.8,191.3,146.0,130.1,28.5,39.5,175.1,158.7,13.0,45.9,80.9,71.8,71.7,53.0,18.7,5382.5,3977.1,1405.4,5485.8,4053.4,1432.4
Alabama Pt.,291,178,3895.1,5446.0,2000.5,2004.3,2007.5,2008.0,500.7,691.7,694.8,677.9,54.0,97.6,377.1,294.2,36.0,149.9,81.1,80.7,780.6,580.1,200.5,58645.8,43602.6,15043.2,59771.8,44439.7,15332.0
Thenard,288,131,5741.5,6895.9,2006.4,2007.3,2006.3,2008.2,408.2,545.4,481.4,547.0,37.0,66.9,101.1,127.3,16.0,32.4,31.9,37.3,734.2,569.4,164.8,55291.1,42913.8,12377.3,56352.7,43737.8,12614.9
Bridgeport,283,67,487.4,125.4,1989.9,1989.3,1998.9,1996.8,103.0,221.7,1859.2,1233.0,19.0,33.5,595.5,516.6,20.0,36.2,197.7,202.6,304.9,205.9,99.0,22893.1,15458.6,7434.5,23332.6,15755.4,7577.3
Longview,283,63,964.0,1521.4,1991.8,1998.2,2008.6,2009.4,100.8,771.1,756.6,757.3,39.0,122.3,131.0,125.1,11.0,96.5,105.6,106.1,223.4,193.7,29.7,16803.6,14570.9,2232.7,17126.2,14850.6,2275.5
Cordova,280,42,111.3,41.9,1975.2,1980.0,1988.0,1988.3,169.7,749.2,390.7,395.3,16.0,207.8,384.8,544.7,19.0,238.8,320.8,467.2,168.9,106.6,62.3,12682.7,8001.8,4680.9,12926.2,8155.4,4770.8
Brownsville,278,184,3714.8,6162.4,2003.4,2008.4,2009.9,2010.3,417.3,638.9,640.7,638.0,63.5,94.5,117.8,118.4,45.5,96.7,72.3,72.9,558.0,383.7,174.3,41999.1,28911.8,13087.3,42805.5,29466.9,13338.6
Port Jefferson,272,29,11.9,6.2,2005.8,1999.4,2003.6,2004.4,80.6,190.0,118.4,109.6,12.0,211.1,74.6,72.8,8.0,27.2,30.2,37.5,36.5,28.7,7.8,2742.6,2158.6,584.0,2795.2,2200.0,595.2
Camden,269,93,1013.9,1646.2,1990.9,1999.2,2011.4,2011.7,138.7,550.7,820.9,824.4,33.0,89.0,217.6,215.0,15.0,58.7,83.6,83.5,155.7,120.8,34.8,11755.8,9139.4,2616.3,11981.5,9314.9,2666.6
Calcite,268,30,794.7,1705.9,1970.5,1968.3,1968.3,1968.8,327.8,597.5,296.4,298.9,31.0,54.1,43.9,37.2,8.0,29.7,11.6,10.9,212.3,204.2,8.2,15942.4,15330.3,612.1,16248.5,15624.6,623.9
Coeymans,266,84,471.9,774.4,1991.2,1997.0,2009.5,2010.2,138.7,344.7,468.5,489.8,23.0,144.8,196.0,200.0,15.0,63.5,44.5,43.7,109.0,90.7,18.3,8202.2,6828.1,1374.1,8359.7,6959.2,1400.5
Port Ingleside,263,117,3064.7,5428.6,2005.5,2004.6,2005.2,2005.1,381.2,538.7,652.2,649.2,108.0,211.7,257.0,245.9,32.0,69.4,82.0,76.8,702.1,500.8,201.3,52741.5,37630.4,15111.1,53754.2,38352.9,15401.3
Point Comfort,254,142,1397.0,2069.9,2003.8,2006.6,2009.5,2009.4,219.7,422.3,428.5,428.4,38.0,55.3,113.8,117.5,23.0,47.4,53.0,51.8,414.2,289.2,125.0,31127.9,21750.5,9377.4,31725.6,22168.2,9557.4
Dillingham,253,63,22.7,12.8,1976.6,1976.9,1969.6,1976.3,84.1,351.5,206.7,172.8,16.0,143.3,280.5,199.9,9.0,41.3,66.7,47.0,66.6,54.3,12.3,5000.7,4079.4,921.3,5096.7,4157.7,939.0
Hoboken,250,87,3683.6,370.2,1997.1,1993.6,2009.7,2004.7,200.2,431.0,782.6,713.6,38.5,87.6,49.9,62.4,9.0,26.8,12.2,14.5,819.1,708.5,110.6,61602.2,53282.9,8319.3,62785.0,54306.0,8479.0
Detroit,249,102,794.8,1272.7,1982.0,1988.6,1989.6,1988.0,222.8,315.8,321.2,319.0,26.0,37.3,49.1,48.3,16.0,67.9,58.5,60.6,183.0,138.2,44.8,13740.4,10376.5,3363.9,14004.2,10575.7,3428.4
Philadelphia,245,95,206.3,318.4,1989.8,1992.8,2009.0,2011.3,161.4,496.7,557.7,589.9,34.0,102.7,150.8,151.6,15.0,59.0,103.0,66.3,132.1,90.7,41.5,9930.2,6818.0,3112.2,10120.9,6948.9,3172.0
Rivergate,237,68,1340.8,993.1,1991.0,1999.9,2003.6,2008.4,90.0,626.0,640.2,585.4,33.0,91.5,104.9,121.6,12.0,52.0,49.6,32.4,140.0,118.4,21.6,10524.4,8902.8,1621.6,10726.4,9073.7,1652.7
Port Manatee,237,120,2672.8,4187.2,2004.8,2005.2,2006.6,2007.0,585.7,859.8,862.0,850.1,79.0,241.0,343.4,328.3,32.0,72.8,61.3,62.4,545.2,459.5,85.7,40965.3,34529.3,6436.0,41751.8,35192.3,6559.5
Empire,237,130,1579.4,2524.6,1991.2,2001.7,2008.2,2008.6,249.6,526.8,484.6,483.6,24.0,54.1,92.3,93.9,36.0,76.6,52.5,53.8,274.4,162.3,112.1,20611.8,12190.4,8421.5,21007.6,12424.4,8583.2
Lenard Harbour,235,73,147.3,114.7,1982.6,1980.7,1988.0,1990.3,350.1,550.1,498.4,572.7,48.0,90.0,123.6,131.3,17.0,81.5,115.5,95.8,184.3,128.7,55.6,13862.0,9689.8,4172.3,14128.2,9875.8,4252.4
Rainier,232,15,12.8,6.4,1990.9,1983.4,1987.0,1984.3,70.0,576.1,176.2,160.0,22.0,136.4,312.0,472.7,8.0,14.3,39.1,49.4,34.6,26.1,8.5,2595.2,1958.2,637.0,2645.0,1995.8,649.2
Toledo,231,68,349.3,644.2,1973.6,1978.2,1974.4,1973.3,77.8,279.9,156.7,159.3,11.0,77.7,51.4,44.2,8.0,19.3,16.5,15.4,91.0,82.7,8.3,6830.4,6208.7,621.7,6961.5,6327.9,633.6
Moss Point,228,12,40.0,22.7,1970.6,1976.7,1978.8,1993.1,136.6,410.9,261.4,252.1,15.0,143.4,210.8,134.5,7.0,140.8,18.1,14.3,42.8,34.7,8.1,3211.4,2603.4,607.9,3273.0,2653.4,619.6
Newburgh,227,48,11.4,10.3,1992.7,1992.1,1997.5,2002.6,70.9,96.4,77.3,71.3,11.0,20.8,20.1,17.2,18.0,20.3,21.3,18.4,33.9,24.9,9.0,2544.0,1866.2,677.8,2592.9,1902.0,690.9
Sand Point,225,81,167.6,100.4,1980.2,1978.9,1979.6,1981.4,345.7,940.0,581.9,562.6,48.0,190.9,257.3,232.0,18.0,173.7,516.0,522.7,206.0,132.0,74.0,15482.6,9922.1,5560.5,15779.9,10112.7,5667.2
Miami Beach,225,96,4984.1,3086.2,1999.2,2000.2,2004.4,2006.3,259.4,582.1,361.6,531.5,19.0,69.7,42.3,62.1,9.0,79.5,20.4,30.9,836.1,673.9,162.2,63019.0,50835.5,12183.5,64229.0,51811.6,12417.4
New Orleans,222,163,1475.1,2494.1,2000.4,2003.4,2009.3,2009.4,214.0,390.4,378.0,372.1,21.5,48.6,57.4,56.0,28.5,75.6,84.2,87.6,264.3,148.9,115.4,19880.9,11194.7,8686.1,20262.6,11409.7,8852.9
"Webster, Harris",216,133,1355.0,2083.7,2007.6,2007.0,2006.3,2006.4,157.4,307.8,389.9,381.8,37.5,56.6,99.0,102.7,26.0,41.8,35.0,36.0,360.0,206.0,153.9,27051.4,15495.4,11556.0,27570.8,15792.9,11777.9
Sabine,215,142,4187.4,4304.6,1997.4,1999.1,2015.0,2014.0,351.8,846.1,1961.7,1309.8,61.0,227.3,1249.3,1057.1,40.0,121.8,52.6,63.8,602.1,447.7,154.4,42070.4,30476.4,11594.0,42878.1,31061.6,11816.6
Hunts Point,213,26,49.9,73.0,1997.9,1986.8,2007.6,2009.2,115.9,255.4,148.3,130.7,25.0,32.2,289.6,275.9,27.0,51.9,58.9,47.8,60.2,40.4,19.8,4517.0,3033.1,1483.9,4603.7,3091.3,1512.4
Seward,212,69,2970.0,389.9,1986.7,1984.4,2002.7,2001.9,537.7,619.5,644.8,675.5,40.0,150.5,60.3,95.2,14.0,108.0,32.4,81.2,867.3,774.5,92.7,65140.1,58174.4,6965.6,66390.8,59291.4,7099.4
Marquette,209,21,605.9,1159.1,1956.9,1970.9,1955.5,1956.2,140.3,192.5,212.7,216.9,14.0,19.8,29.2,29.9,3.0,8.5,18.8,16.7,113.5,105.0,8.6,8525.4,7880.9,644.6,8689.1,8032.2,656.9
Pilottown,206,138,595.5,949.3,2001.2,2002.7,2005.6,2006.4,273.2,537.7,297.8,296.8,40.5,105.7,124.0,114.4,43.5,135.9,114.3,106.7,222.3,112.2,110.2,16696.0,8422.5,8273.5,17016.5,8584.2,8432.3
Port Aransas,205,142,2009.7,3353.4,2002.3,2002.7,2005.8,2005.8,367.1,774.5,700.0,700.4,101.0,179.3,183.4,182.6,45.0,142.3,115.3,117.7,493.7,336.7,157.0,37006.4,25218.2,11788.2,37717.0,25702.4,12014.5
Key West,205,64,1314.7,897.5,2002.8,2000.3,2002.0,2002.6,423.4,2936.7,413.8,1207.6,29.0,281.7,326.7,333.9,10.0,111.3,40.1,56.8,591.3,483.6,107.7,44502.8,36419.3,8083.4,45357.2,37118.6,8238.7
Portland,201,84,2229.4,3237.5,1996.1,1997.1,2003.6,2007.0,403.9,830.8,939.4,913.7,41.0,149.1,264.6,201.1,29.0,138.5,184.4,132.4,475.2,356.7,118.5,35818.8,26879.1,8939.7,36506.5,27395.2,9111.3
Selby,200,69,2262.1,3980.6,2003.4,2007.0,2009.9,2010.1,131.6,701.7,941.3,978.0,37.0,101.3,318.9,330.4,21.0,31.1,43.1,43.5,354.0,278.2,75.8,26775.4,21086.8,5688.6,27289.5,21491.7,5797.9
Nikiski,199,32,1435.4,2341.8,1997.8,1993.1,2013.0,2013.3,373.1,862.0,693.7,700.8,40.0,330.9,130.9,126.1,24.0,126.9,58.7,56.7,356.0,266.2,89.8,26825.4,20083.9,6741.4,27340.4,20469.6,6870.9
Indiana Harbor,197,34,1027.9,1994.7,1969.5,1976.6,1973.4,1973.7,318.3,358.3,396.5,393.7,32.0,57.8,48.4,47.0,11.0,14.1,38.4,38.0,208.8,180.6,28.2,15676.0,13557.0,2119.0,15977.0,13817.3,2159.7
Paducah,197,22,46.8,21.9,1983.6,1980.0,1993.1,1995.7,182.0,225.4,283.5,317.7,37.0,141.3,97.4,76.1,11.0,32.5,80.5,88.9,38.6,26.3,12.4,2900.8,1971.7,929.1,2956.5,2009.5,947.0
Milwaukee,195,51,334.1,381.6,1979.6,1990.4,1995.2,1992.8,169.9,245.6,303.1,243.4,19.0,25.6,81.2,33.3,14.0,42.2,63.7,39.7,133.4,97.0,36.4,10016.1,7282.9,2733.2,10208.5,7422.8,2785.7
Pleasant Island,194,35,105.4,20.2,1986.1,1979.7,1999.2,1990.9,178.6,765.2,346.7,333.8,27.5,43.3,42.9,55.3,11.5,101.2,115.9,251.4,109.4,61.7,47.7,8217.2,4632.2,3585.0,8374.9,4721.1,3653.8
Davisville,194,95,6742.5,2128.1,2005.9,2005.3,2010.3,2010.1,358.7,518.9,892.5,875.7,45.0,109.0,122.0,121.7,12.0,116.9,22.9,24.2,412.5,371.0,41.6,31340.0,28218.4,3121.6,31941.8,28760.2,3181.6
Brusly,192,84,555.6,906.3,1986.1,1995.3,2008.4,2009.1,138.6,399.0,493.7,493.1,35.0,81.9,113.9,114.2,12.0,61.8,69.8,69.4,157.0,97.4,59.6,11791.3,7316.5,4474.8,12017.7,7456.9,4560.7
Hoonah,192,49,3912.8,417.6,1989.3,1984.1,2001.7,2000.8,283.8,380.3,491.3,457.1,36.0,70.6,82.0,75.6,9.0,53.6,9.8,10.6,1094.8,991.8,103.0,82209.4,74472.7,7736.7,83787.8,75902.6,7885.2
Newport,191,78,844.2,175.8,1996.4,1993.1,2005.7,2002.7,284.6,974.4,296.1,361.4,36.0,160.3,179.8,274.3,14.0,117.6,50.1,155.7,338.9,273.2,65.7,25445.9,20515.0,4931.0,25934.5,20908.8,5025.6
Kake,189,28,64.3,15.9,1984.0,1981.8,1973.9,1971.8,138.5,189.4,155.1,163.2,16.0,24.2,17.5,16.9,14.0,63.0,18.5,27.9,90.0,44.7,45.3,6760.1,3355.2,3404.9,6889.9,3419.6,3470.3
Patterson,186,35,109.6,185.1,1979.5,1989.0,2005.5,2005.8,79.0,488.5,735.7,859.0,29.5,66.5,97.4,94.6,10.0,108.2,62.3,52.9,43.9,27.6,16.3,3294.0,2070.3,1223.7,3357.3,2110.1,1247.2
Manistique,176,25,516.2,1097.2,1965.8,1969.5,1965.1,1965.8,258.7,265.5,246.2,245.1,25.0,41.3,29.4,29.3,7.0,107.1,11.7,11.1,106.6,100.1,6.6,8004.6,7512.7,491.9,8158.3,7656.9,501.4
South Chicago,176,48,319.7,477.5,1979.0,1988.6,1994.3,1994.0,256.5,355.7,354.5,368.0,30.0,45.7,45.7,46.3,10.0,53.3,27.8,28.5,95.9,82.0,13.9,7198.4,6155.1,1043.2,7336.6,6273.3,1063.2
Deer Park,174,154,1967.6,2349.1,2008.8,2008.6,2009.7,2010.2,299.8,444.4,561.1,450.8,48.0,67.2,103.2,89.6,32.0,55.8,58.7,70.5,287.1,208.6,78.5,21634.6,15739.5,5895.1,22050.0,16041.7,6008.2
Yonkers,170,63,71.7,93.7,1990.8,1993.0,2004.1,2007.5,92.1,219.3,517.5,638.8,38.0,55.3,133.2,137.4,19.0,27.8,40.4,39.9,74.6,66.2,8.4,5613.5,4980.2,633.3,5721.3,5075.8,645.5
Burns Harbor,168,47,1109.9,1965.6,1974.2,1987.0,1976.3,1976.0,341.8,295.3,393.7,392.3,33.0,34.8,44.1,43.4,11.0,62.0,31.7,33.1,165.4,137.4,28.1,12420.6,10313.2,2107.4,12659.0,10511.2,2147.8
New London,166,63,805.0,882.7,1983.3,2000.0,1989.3,2000.8,361.2,522.5,891.1,681.4,33.5,96.9,725.1,441.5,21.5,75.0,35.2,45.1,307.3,276.0,31.2,23097.8,20752.1,2345.7,23541.3,21150.6,2390.8
Prescott,164,40,348.6,567.3,1998.4,1998.6,2012.5,2013.1,76.2,533.4,450.2,532.5,19.0,78.2,86.6,86.5,22.0,46.3,59.0,59.5,86.1,53.4,32.7,6464.9,4012.3,2452.7,6589.1,4089.3,2499.8
Alpena,163,16,172.9,171.3,1964.7,1973.5,1957.5,1964.9,214.9,185.0,234.9,218.3,25.0,21.2,39.9,40.3,16.0,22.2,19.0,16.1,91.2,86.5,4.7,6848.9,6492.4,356.5,6980.4,6617.0,363.3
Lewes,163,99,410.0,665.3,2004.9,2003.3,2008.6,2008.8,87.6,237.9,132.7,132.0,11.0,81.6,83.9,80.5,24.0,81.2,51.7,47.7,191.3,96.0,95.4,14378.3,7218.4,7159.8,14654.3,7357.0,7297.3
Quincy,160,66,1328.1,2167.2,1996.3,2000.4,2010.7,2011.1,300.7,1104.3,1727.5,1776.7,53.0,191.2,245.7,236.4,24.0,73.4,45.4,45.0,240.2,196.8,43.4,18205.5,14945.7,3259.9,18555.1,15232.6,3322.4
Chatham,154,37,20.2,5.3,1984.7,1977.5,1998.0,1989.2,111.1,180.4,141.4,143.5,14.0,31.0,28.9,37.9,16.0,37.4,24.4,33.4,48.5,23.4,25.1,3643.9,1758.9,1885.0,3713.9,1792.6,1921.2
San Diego,152,96,5091.8,3458.2,2007.2,2006.8,2007.3,2009.4,244.7,459.8,579.3,462.8,38.0,72.7,138.9,218.2,19.5,47.4,45.2,85.7,606.0,446.8,159.2,45978.3,34024.1,11954.1,46861.0,34677.4,12183.7
Saint Louis,151,96,734.2,1161.5,1997.6,2001.1,2008.6,2008.6,231.8,384.6,490.1,493.3,51.0,116.2,85.5,85.7,26.0,37.4,32.5,32.1,201.4,153.8,47.6,15124.7,11552.4,3572.3,15415.1,11774.2,3640.9
Jersey City,151,62,335.6,132.4,1993.7,1991.9,1999.7,1990.0,292.2,585.4,1207.8,659.5,38.0,69.5,131.7,124.5,29.0,164.5,1841.0,955.2,226.2,96.1,130.1,16984.6,7216.2,9768.3,17310.7,7354.8,9955.9
New Bedford,148,47,74.2,53.1,1992.9,1991.6,1999.2,1996.4,250.3,706.4,416.1,406.6,31.0,175.5,442.4,391.2,26.5,120.0,93.9,112.4,141.0,88.2,52.8,10585.1,6620.9,3964.2,10788.4,6748.0,4040.3
Presque Isle,148,23,273.6,514.7,1957.3,1971.6,1967.3,1966.5,217.3,244.8,258.2,259.9,26.0,26.6,29.9,30.0,8.0,9.9,11.7,11.2,67.7,65.4,2.3,5080.4,4909.8,170.7,5178.0,5004.1,173.9
Kalaupapa,146,17,23.5,5.7,1983.1,1988.0,1999.7,1992.6,59.5,150.1,157.2,100.2,9.5,63.4,25.9,27.5,14.5,120.7,82.7,95.8,27.1,14.8,12.3,2035.5,1109.1,926.4,2074.6,1130.4,944.2
Wrangell,143,39,178.3,29.1,1980.2,1978.0,1990.1,1981.8,163.6,380.8,178.4,184.1,16.0,239.7,29.7,99.8,9.0,40.5,9.0,15.6,88.5,69.1,19.4,6646.5,5188.1,1458.4,6774.2,5287.7,1486.4
Lakeside Marblehead,143,17,44.8,83.6,1980.4,1972.0,1971.7,1971.6,68.7,80.9,72.6,70.4,9.0,10.7,13.2,11.9,9.0,8.0,11.3,10.9,20.5,17.4,3.1,1538.8,1308.8,230.0,1568.4,1333.9,234.4
Cape Henry,141,110,1752.7,1672.2,2001.1,2003.7,2008.3,2008.7,178.8,402.9,280.9,247.0,22.0,131.3,189.4,185.1,34.0,56.5,35.8,44.3,280.3,222.6,57.7,20765.9,16433.9,4332.1,21164.6,16749.4,4415.2
El Segundo,141,46,5395.2,9880.7,2007.4,2006.1,2011.6,2011.8,450.3,955.7,708.3,727.1,47.0,154.2,262.5,271.7,27.0,53.7,45.9,46.2,854.5,516.0,338.5,64390.7,38979.2,25411.5,65627.0,39727.6,25899.5
Haines,139,25,496.1,56.8,1985.7,1986.4,2002.6,1999.3,103.7,209.2,186.8,165.1,13.0,21.2,36.1,33.0,11.0,26.7,12.1,16.9,169.2,118.2,51.0,12702.5,8876.8,3825.7,12946.4,9047.3,3899.2
Tiburon,138,28,324.9,436.7,1997.9,1996.3,2007.8,2010.5,99.5,662.5,576.1,501.4,43.0,174.9,200.3,103.8,15.0,27.4,29.2,30.1,131.0,110.5,20.5,9834.3,8297.7,1536.6,10023.1,8457.0,1566.1
Palacios,136,27,31.9,39.3,1988.3,1992.9,2002.6,2003.4,103.4,532.0,362.4,339.5,23.0,115.6,287.3,111.9,7.0,70.0,41.4,35.2,34.1,25.9,8.2,2560.8,1945.0,615.8,2609.9,1982.4,627.6
Ashtabula,135,27,235.4,485.5,1975.3,1978.9,1976.5,1975.9,90.9,150.6,123.6,122.6,12.0,15.2,20.7,20.6,6.0,6.2,7.3,7.4,40.4,36.7,3.8,3036.6,2752.1,284.5,3094.9,2804.9,290.0
Morgan City,133,59,50.1,76.3,1989.6,1997.6,2004.9,2004.5,152.1,1183.2,717.1,792.9,28.0,221.8,962.7,1098.1,18.0,175.7,372.6,378.9,113.7,67.3,46.4,8533.3,5049.6,3483.7,8697.1,5146.5,3550.6
Guttenberg,133,69,227.1,33.3,1997.7,1995.3,2004.8,2005.3,73.7,183.3,327.2,246.6,29.0,39.4,35.9,51.5,12.0,32.9,13.4,16.8,76.8,62.2,14.5,5763.8,4673.7,1090.2,5874.5,4763.4,1111.1
Baton Rouge,133,47,338.2,490.4,1984.7,1992.4,2005.8,2006.9,134.8,330.5,589.9,545.7,40.0,89.1,181.4,155.5,14.0,41.3,64.7,60.0,100.7,68.9,31.8,7562.2,5174.3,2387.9,7707.4,5273.6,2433.8
Fruitland,129,2,3.2,1.9,1971.9,1971.5,1970.4,1970.3,107.6,109.2,115.7,115.7,16.0,16.0,26.9,26.9,22.0,22.0,39.7,39.7,17.6,13.5,4.0,1320.6,1017.0,303.6,1346.0,1036.5,309.4
Green Bay,127,29,219.4,352.8,1969.0,1977.7,1969.5,1973.3,215.3,262.0,223.3,209.1,23.0,25.2,28.4,25.7,12.0,21.3,19.2,17.7,77.2,63.0,14.2,5796.2,4730.7,1065.5,5907.5,4821.5,1086.0
Egegik,126,31,11.1,13.4,1970.9,1978.7,1996.5,2000.2,53.2,222.1,266.7,279.7,11.0,70.0,234.6,144.9,4.0,32.7,60.3,66.4,23.0,16.8,6.2,1732.5,1265.2,467.3,1765.8,1289.5,476.2
Burlison,125,14,36.2,13.0,1975.3,1981.9,1985.1,1992.7,149.8,228.8,283.7,379.4,28.0,35.7,49.7,52.1,8.0,9.3,29.7,34.8,31.0,27.0,4.0,2330.5,2030.6,299.9,2375.3,2069.6,305.7
Memphis,125,14,15.8,3.9,1975.6,1979.5,1974.7,1981.3,112.7,191.4,156.4,183.1,22.0,32.7,44.9,58.2,9.0,9.5,16.6,16.1,21.9,19.4,2.4,1641.3,1460.3,181.0,1672.8,1488.3,184.5
Port Ewen,125,59,41.1,52.6,1999.9,1999.0,2009.5,2011.9,63.9,119.7,212.4,208.9,9.0,13.8,45.2,17.7,18.0,33.2,40.6,37.1,31.8,17.1,14.7,2388.9,1285.2,1103.7,2434.8,1309.9,1124.9
Stevenson,124,12,47.4,4.8,1994.2,1989.6,2003.6,1998.5,119.9,126.8,129.9,126.0,19.5,25.6,31.1,31.0,10.0,6.6,14.6,12.8,52.8,34.2,18.7,3965.5,2565.0,1400.5,4041.6,2614.2,1427.4
Coronado,122,88,2191.9,976.0,2001.5,2001.9,2002.9,2004.9,507.1,1329.1,727.5,758.0,56.5,181.0,167.6,206.8,26.0,144.1,113.0,176.5,590.9,471.7,119.1,44860.0,35916.6,8943.3,45721.3,36606.2,9115.0
Cumberland City,121,3,10.3,3.4,1984.7,1981.3,1984.6,1984.4,140.1,171.6,166.6,168.5,33.0,35.5,47.9,48.9,11.0,13.7,20.9,21.6,14.0,11.6,2.4,1051.5,869.0,182.5,1071.7,885.7,186.0
Scott,121,13,17.4,3.5,1974.0,1976.2,1971.8,1973.4,156.0,154.1,176.8,174.3,33.0,30.9,40.2,39.2,5.0,10.6,8.2,8.8,21.9,20.4,1.6,1647.1,1528.8,118.2,1678.7,1558.2,120.5
Uyak,120,35,21.1,12.0,1980.4,1980.8,1988.3,1986.6,168.0,393.6,377.1,372.0,21.5,56.8,118.8,135.0,16.0,57.7,30.0,33.5,43.8,31.4,12.4,3293.2,2362.3,930.9,3356.4,2407.7,948.8
Seldovia,120,9,103.4,27.7,1971.0,1991.4,1972.4,1969.1,180.2,272.5,173.1,177.8,18.0,166.3,24.3,29.0,9.0,15.2,12.3,17.1,68.5,46.5,21.9,5140.9,3493.9,1646.9,5239.6,3561.0,1678.6
Bay City,118,26,172.3,352.4,1970.9,1977.0,1976.3,1976.7,140.7,213.1,224.5,231.7,18.0,23.3,33.7,34.7,11.0,23.8,11.8,10.5,42.9,38.8,4.1,3218.8,2910.0,308.8,3280.6,2965.9,314.8
Orange,117,51,118.3,70.2,1983.6,1991.2,2000.6,2001.0,143.8,966.7,1167.2,664.4,48.0,177.0,452.1,376.8,17.0,139.7,1541.4,1498.5,61.6,41.1,20.5,4626.6,3086.6,1540.0,4715.5,3145.9,1569.6
Mackinac Island,116,41,294.0,532.0,1977.7,1977.6,1977.0,1973.3,253.2,272.6,261.9,265.9,25.0,30.1,31.0,31.3,10.0,34.3,25.3,24.8,69.1,59.8,9.3,5187.1,4491.1,696.1,5286.7,4577.3,709.4
Gulfport,115,53,968.9,1311.8,2006.2,2007.5,2007.9,2008.5,497.8,638.1,563.1,555.1,45.0,115.1,105.8,100.9,23.0,210.6,123.9,133.9,175.9,115.4,60.6,13104.4,8625.7,4478.8,13356.0,8791.3,4564.8
Dana Point,115,35,1310.0,2404.8,2004.4,2006.7,2012.9,2013.2,144.9,359.8,188.0,187.1,31.0,60.7,75.9,76.5,26.0,73.3,55.2,49.6,326.5,93.7,232.8,24516.0,7034.4,17481.6,24986.7,7169.4,17817.3
Drummond Island,114,52,432.6,764.9,1970.5,1981.7,1972.5,1972.7,285.2,229.9,263.8,271.1,28.5,25.6,31.3,31.6,7.0,19.3,16.8,16.3,75.9,69.7,6.2,5701.2,5235.3,465.9,5810.6,5335.8,474.8
Stockton,113,99,1092.0,1784.4,2009.8,2010.3,2011.2,2011.1,465.8,464.3,403.8,395.0,61.0,97.8,123.4,123.1,59.0,90.0,104.0,103.9,157.4,114.2,43.2,11841.7,8590.3,3251.5,12069.1,8755.2,3313.9
Berwick,112,37,56.4,88.0,1985.2,1991.5,2010.2,2010.7,102.2,434.2,795.4,874.1,27.0,58.4,157.3,145.9,17.0,72.2,180.2,164.5,46.6,24.0,22.6,3497.9,1798.8,1699.1,3565.1,1833.4,1731.7
Portsmouth,112,67,1085.7,1613.0,2004.3,2003.9,2009.7,2010.9,284.1,1134.6,855.2,842.9,33.0,192.4,224.9,208.0,24.5,62.4,96.9,87.8,198.9,160.1,38.8,14928.2,12014.2,2914.0,15214.8,12244.9,2969.9
Point Wells,111,26,15.5,11.6,1978.6,1986.0,1986.9,1992.2,76.4,692.1,196.7,146.1,16.0,209.0,295.2,219.4,13.0,143.6,188.5,214.7,39.1,30.2,8.9,2938.1,2266.5,671.6,2994.5,2310.0,684.5
Cape Charles,111,39,280.6,436.5,1978.0,1992.0,2005.2,2008.5,295.8,496.6,510.2,561.0,89.0,179.0,251.6,238.2,5.0,60.2,93.2,103.3,106.1,95.4,10.7,7976.3,7173.9,802.4,8129.4,7311.6,817.8
Palm Beach,110,60,451.0,487.4,1993.1,1999.1,2000.4,2003.5,860.3,720.2,735.3,680.3,82.0,81.3,123.7,97.0,49.5,72.2,79.4,77.6,186.1,156.5,29.5,13995.1,11776.4,2218.6,14263.8,12002.5,2261.2
Taconite Harbor,106,22,810.5,1597.2,1976.4,1974.3,1974.8,1974.6,305.6,346.2,327.6,328.9,28.0,33.3,34.3,34.4,1.0,2.0,2.6,2.7,117.8,116.9,1.0,8848.0,8776.3,71.7,9017.8,8944.8,73.1
Avalon,103,29,1112.3,1690.4,2001.9,2003.0,2011.0,2013.0,532.3,2087.7,337.9,290.0,82.0,240.6,274.5,163.7,21.0,85.0,71.4,85.2,362.4,227.0,135.4,27295.4,17128.9,10166.6,27819.5,17457.7,10361.8
Crystal River,103,7,48.8,36.8,2010.0,2005.0,2009.0,2008.8,408.0,2636.6,560.8,641.9,42.0,311.6,351.0,530.4,13.0,13.1,161.4,144.7,121.1,110.7,10.4,9091.1,8313.1,778.0,9265.6,8472.7,793.0
Tenakee Springs,103,24,17.2,6.8,1980.1,1977.1,1983.1,1977.9,99.5,184.4,154.1,154.8,12.0,34.4,28.3,28.8,9.0,157.4,35.8,60.1,39.7,21.1,18.6,2979.5,1581.9,1397.6,3036.7,1612.2,1424.5
Cairo,102,14,15.7,3.7,1977.6,1978.2,1975.9,1977.4,171.6,232.7,206.5,221.8,41.0,187.5,127.5,437.0,9.0,20.3,25.6,31.2,25.6,22.7,2.9,1921.2,1702.2,219.0,1958.1,1734.9,223.2
Hampton,102,33,449.7,758.0,1979.9,1993.1,2005.3,2007.9,104.9,964.8,1591.8,1579.2,19.0,147.3,690.1,766.8,22.0,105.9,403.9,226.1,80.7,58.3,22.4,6070.4,4391.2,1679.2,6187.0,4475.6,1711.4
Ohioview,102,11,2.9,2.3,1974.6,1974.0,1973.7,1975.0,104.5,123.6,113.0,134.8,26.0,36.0,64.0,74.8,7.5,7.8,29.8,39.2,8.6,6.4,2.2,644.2,478.3,165.9,656.6,487.5,169.1
Ingleside,102,61,374.1,476.1,2002.7,2002.8,2010.6,2011.1,352.8,530.1,627.6,607.0,79.5,153.7,298.3,246.5,40.5,187.1,380.4,299.5,137.8,90.7,47.1,10355.5,6816.7,3538.9,10554.4,6947.6,3606.8
Panama City,102,52,1148.4,1541.3,1991.6,2000.5,2005.8,2006.0,557.7,776.5,961.2,959.0,51.5,95.6,117.4,116.4,32.5,128.2,144.9,113.3,209.6,148.7,60.9,15780.0,11207.5,4572.6,16083.0,11422.6,4660.4
Pensacola,100,19,333.4,583.3,1984.7,1994.3,2008.3,2008.8,429.8,658.1,1148.8,1178.3,71.5,109.5,208.4,209.6,16.0,44.6,28.8,28.0,81.4,70.6,10.8,6110.5,5297.8,812.8,6227.9,5399.5,828.4
North Beach,100,25,25.8,14.1,1984.9,1988.9,2002.3,1999.6,127.0,470.7,155.7,168.7,12.0,155.8,961.9,996.4,18.0,95.9,206.6,289.5,52.6,34.3,18.2,3947.1,2577.2,1369.9,4022.9,2626.7,1396.2
Morehead City,98,76,1408.4,2086.5,2000.5,2001.6,2007.3,2007.3,617.7,1029.1,1179.0,1179.0,101.0,253.3,153.4,151.5,41.0,104.7,73.6,73.6,221.8,187.5,34.2,16783.7,14212.5,2571.2,17106.0,14485.4,2620.6
Olympia,98,20,15.0,17.5,1974.6,1976.8,1993.5,1999.8,78.1,564.9,283.4,357.7,9.0,76.8,106.6,104.9,21.5,171.2,134.1,149.0,30.2,15.0,15.2,2271.1,1128.2,1143.0,2314.7,1149.8,1164.9
Poughkeepsie,97,60,26.0,39.2,1995.0,1996.9,2009.1,2010.4,57.8,137.4,74.9,72.4,9.0,15.4,22.9,21.2,17.0,37.7,81.5,86.7,22.7,9.2,13.5,1700.9,687.6,1013.3,1733.6,700.8,1032.7
Ocean Beach,97,46,1730.6,3147.6,2001.3,2006.4,2009.8,2009.8,149.2,427.9,322.5,321.8,44.0,109.9,228.2,230.7,34.0,69.8,64.1,60.9,353.4,176.6,176.7,26637.9,13369.8,13268.1,27149.3,13626.5,13522.9
Sea Cliff,96,9,2.2,2.0,1991.2,1987.3,1989.1,1988.6,66.7,164.4,104.4,102.8,12.0,29.5,25.0,25.3,11.0,13.7,22.8,23.5,9.9,7.4,2.4,739.7,556.5,183.1,753.9,567.2,186.6
Togiak,96,52,97.1,114.7,1983.1,1983.0,1996.1,2000.8,282.6,844.7,718.0,645.5,94.0,181.3,343.4,312.7,22.0,135.7,284.4,320.6,126.1,55.0,71.1,9585.7,4158.0,5427.7,9769.7,4237.8,5531.9
Everett,96,43,128.6,123.5,1986.9,1988.7,1991.9,1998.4,443.8,1378.5,305.3,232.8,55.5,149.4,179.9,139.1,32.0,130.8,252.9,158.2,150.6,103.2,47.4,11310.1,7751.6,3558.6,11527.3,7900.4,3626.9
Riverside,95,50,1105.2,1844.4,2003.6,2004.1,2010.0,2010.0,182.7,773.2,1116.1,1131.0,24.0,81.0,204.1,204.5,23.0,36.7,60.4,60.4,170.3,135.1,35.2,12948.1,10308.6,2639.5,13196.7,10506.5,2690.1
Richland,95,4,49.1,6.3,2001.0,1998.2,2002.9,1999.5,144.4,146.3,144.2,145.1,22.0,26.2,28.7,30.0,20.0,18.0,27.2,23.9,75.4,35.9,39.5,5671.0,2705.9,2965.1,5779.9,2757.8,3022.1
Corolla,94,68,595.2,398.6,2001.8,2004.1,2007.6,2007.9,175.2,288.1,129.5,106.3,14.0,38.9,30.0,35.8,24.0,78.4,101.8,88.5,93.0,54.6,38.4,6973.5,4088.5,2885.0,7107.4,4167.0,2940.4
Stamford,93,19,2.8,1.5,1983.1,1990.6,1990.5,1987.0,100.3,168.8,144.3,124.6,18.0,26.5,58.3,34.8,26.0,51.5,40.9,42.9,10.9,5.6,5.3,820.2,422.8,397.4,836.0,430.9,405.0
Sabine Pass,93,67,7599.6,6992.2,1998.0,1998.4,2015.9,2015.2,277.7,1455.7,4712.1,3016.9,55.0,190.9,1188.8,1110.4,35.0,155.2,28.0,30.5,734.9,658.1,76.8,47719.3,41950.4,5768.9,48635.5,42755.8,5879.7
Shelton,92,2,3.3,1.6,1970.0,1970.0,1970.0,1970.0,67.4,66.7,105.5,105.5,12.0,11.2,22.5,22.5,6.5,5.2,25.2,25.2,3.3,1.9,1.4,248.1,139.6,108.5,252.9,142.3,110.6
Cape Coral,89,7,139.7,108.1,2005.6,2006.0,2005.7,2006.0,791.0,2074.3,1408.3,1685.9,8.0,126.4,172.8,185.5,15.0,126.8,95.3,71.8,138.2,68.5,69.7,10377.1,5141.5,5235.6,10576.3,5240.2,5336.1
Richmond Va,89,7,1.4,1.6,1984.7,1979.6,1984.9,1984.9,88.8,91.0,115.8,113.3,15.0,56.4,49.0,48.2,9.0,10.5,25.4,24.0,8.2,6.2,2.0,611.9,464.0,148.0,623.7,472.9,150.8
De Tour Village,88,43,251.2,478.1,1973.6,1977.4,1971.7,1971.1,256.8,219.7,243.8,249.7,31.0,36.3,36.6,36.7,9.0,71.3,47.8,38.1,53.0,41.4,11.6,3981.6,3109.8,871.8,4058.1,3169.5,888.6
Muskegon,87,20,153.7,177.1,1982.1,1973.3,1983.5,1969.3,254.6,283.2,329.1,244.3,22.0,47.6,52.2,27.4,11.0,30.4,27.5,16.3,78.5,59.4,19.1,5896.4,4463.0,1433.4,6009.6,4548.7,1460.9
Chenega,87,32,73.6,16.9,1983.0,1978.5,1994.8,1989.8,162.0,431.2,283.0,324.7,26.0,85.0,33.9,67.0,11.0,79.1,37.0,151.3,58.6,39.3,19.2,4398.8,2955.0,1443.8,4483.3,3011.8,1471.5
Lemay,87,9,12.5,2.9,1980.7,1975.1,1979.3,1979.9,157.1,313.3,188.0,203.6,23.0,75.7,55.0,102.0,12.0,24.6,28.7,29.9,17.5,14.9,2.5,1310.6,1121.6,189.0,1335.8,1143.2,192.6
Baldwin,87,19,2.7,1.8,1982.0,1987.8,1990.3,1984.1,107.4,185.0,157.4,128.5,31.0,94.2,144.5,70.6,9.0,11.8,30.8,31.9,9.4,7.3,2.1,707.4,550.4,156.9,720.9,561.0,160.0
Troy,85,8,7.6,3.7,1977.5,1986.0,1989.8,1974.1,172.9,216.2,225.3,231.7,29.0,45.4,144.9,217.2,6.0,15.0,9.5,9.8,24.4,19.8,4.6,1835.0,1488.5,346.5,1870.2,1517.1,353.1
Fair View,84,45,9.4,5.3,1990.8,1995.1,1997.1,1997.2,69.1,289.7,197.8,120.0,32.5,44.2,83.1,82.9,17.0,41.1,102.4,51.0,19.9,15.2,4.7,1492.1,1138.4,353.7,1520.7,1160.2,360.5
Lyle,84,10,35.6,37.1,1971.0,1986.2,2004.9,2007.5,121.3,549.9,656.1,1611.3,21.0,53.6,285.2,319.2,5.0,12.8,11.7,10.3,22.6,18.5,4.2,1715.4,1401.8,313.6,1748.3,1428.7,319.6
Charlevoix,83,14,26.7,37.2,1969.0,1973.9,1968.4,1970.0,251.0,122.3,135.8,111.1,32.0,14.5,20.4,14.8,12.0,16.6,62.5,30.0,25.7,22.8,2.9,1928.7,1713.3,215.4,1965.8,1746.2,219.6
Villard Junction,82,9,4.4,2.0,1972.6,1987.2,1981.6,1975.8,119.5,141.9,130.2,131.8,22.0,24.9,28.0,28.9,0.0,10.0,11.5,9.9,12.3,9.3,3.0,920.5,697.2,223.3,938.2,710.6,227.6
Port Lavaca,81,10,2.8,2.9,1980.7,1984.2,1978.2,1983.7,113.9,205.6,181.8,232.9,28.0,28.2,45.1,41.7,7.0,22.0,141.5,196.3,15.0,7.7,7.3,1126.9,578.4,548.4,1148.5,589.5,559.0
Adak,81,29,74.8,50.4,1982.5,1982.2,1988.3,1988.8,417.2,942.1,1154.5,1095.0,61.0,155.6,415.6,502.4,27.0,103.9,138.3,145.6,84.3,65.8,18.5,6329.8,4944.3,1385.5,6451.3,5039.2,1412.1
Sandusky,81,21,141.5,259.3,1974.6,1974.1,1972.6,1970.7,83.7,163.2,166.5,159.7,10.0,20.4,30.2,29.8,9.0,8.9,10.0,9.8,26.4,24.3,2.1,1980.9,1826.3,154.6,2019.0,1861.4,157.6
Hickman,80,12,18.0,3.5,1975.6,1976.8,1973.4,1975.5,183.6,229.1,266.3,267.0,26.0,54.4,79.5,83.2,7.0,25.9,14.8,17.8,30.0,28.5,1.5,2250.0,2138.1,111.9,2293.2,2179.2,114.1
North Wildwood,80,66,834.8,1308.5,2001.0,2002.8,2008.8,2009.0,127.4,272.4,418.9,461.0,16.0,33.5,119.4,130.4,31.0,44.5,92.3,100.2,122.4,65.6,56.8,9215.1,4944.9,4270.3,9392.1,5039.8,4352.3
Searsport,80,39,627.5,1030.4,2002.1,2003.9,2004.2,2004.5,258.7,630.6,650.8,666.5,27.0,139.5,173.7,175.8,20.5,43.3,53.6,54.5,144.4,121.2,23.2,10868.5,9127.9,1740.6,11077.2,9303.2,1774.0
Hannibal,80,11,4.0,2.6,1973.9,1974.5,1973.7,1976.4,89.3,241.3,137.1,193.5,23.0,55.7,165.0,279.1,6.0,22.1,94.7,123.8,11.3,7.8,3.5,850.1,584.7,265.4,866.4,595.9,270.5
Ludington,79,6,92.9,82.2,1965.3,1970.5,1955.9,1959.1,243.6,246.8,482.8,356.2,30.0,31.3,57.2,51.4,13.0,9.7,52.7,45.0,42.7,27.9,14.7,3202.7,2098.2,1104.5,3264.2,2138.5,1125.7
Friday Harbor,79,24,792.1,164.1,1992.9,1983.5,1987.8,1985.3,132.8,2576.0,3521.0,3640.7,73.0,378.0,1856.2,1972.3,8.0,370.8,497.9,388.8,418.2,316.5,101.6,31396.7,23766.9,7629.8,31999.5,24223.2,7776.3
Cobbs Creek,79,29,24.4,21.6,1976.2,1983.7,1970.1,1969.5,189.7,478.9,562.8,612.3,16.0,73.3,99.6,125.6,18.0,165.3,433.6,449.8,46.8,15.4,31.4,3513.5,1158.9,2354.7,3581.0,1181.1,2399.9
Sandwich,78,46,23.8,16.5,1995.8,1996.3,2005.4,2005.1,199.8,447.8,121.3,129.1,27.5,39.0,47.7,43.7,19.5,74.0,205.7,65.4,30.2,22.7,7.5,2267.6,1702.6,565.0,2311.1,1735.3,575.8
Barnegat,78,53,352.1,328.3,2001.1,2004.6,2008.2,2007.5,87.7,144.0,122.6,137.7,14.5,36.5,44.4,52.6,18.0,26.9,22.8,22.5,46.9,28.9,18.0,3518.2,2168.6,1349.6,3585.7,2210.2,1375.5
Berkeley,78,70,1852.5,970.7,2006.9,2007.0,2007.0,2008.2,507.1,730.9,559.7,617.8,42.0,55.8,80.4,132.3,18.0,33.9,21.9,25.7,159.3,133.4,25.8,12032.7,10086.9,1945.8,12263.8,10280.6,1983.1
Havre De Grace,78,17,8.0,10.3,1984.0,1984.8,1999.2,2001.2,64.5,212.2,224.3,235.1,15.5,71.1,78.9,61.3,17.5,29.6,33.4,32.8,15.4,13.1,2.2,1152.6,985.7,166.9,1174.7,1004.6,170.2
Gary Harbor,78,13,402.5,818.2,1966.9,1977.4,1968.8,1968.6,362.0,406.7,426.5,427.9,31.0,38.3,43.6,43.7,13.0,39.2,49.6,42.5,112.8,103.4,9.4,8468.3,7763.7,704.6,8630.9,7912.8,718.1
Rockland,77,11,68.1,20.4,1992.1,1995.3,1998.3,1993.9,163.2,816.9,376.4,700.4,26.0,77.5,418.1,857.1,22.0,13.4,50.3,65.1,76.1,63.0,13.1,5713.0,4732.9,980.2,5822.7,4823.7,999.0
Port Costa,76,22,114.7,197.5,1995.7,1994.9,2008.0,2008.3,94.9,350.8,579.4,608.3,25.5,89.2,214.3,221.2,9.0,28.1,32.6,33.5,36.8,29.2,7.6,2762.9,2191.4,571.5,2816.0,2233.5,582.5
Ventnor City,76,37,209.2,266.2,1991.3,1992.4,2004.6,2004.7,224.9,399.6,355.8,362.4,34.0,64.1,77.0,74.8,26.0,104.4,41.2,30.5,59.3,37.6,21.7,4449.7,2822.7,1627.0,4535.2,2876.9,1658.2
White Salmon,75,9,11.9,4.5,1986.9,1987.3,1999.3,1992.7,173.1,172.6,143.6,143.2,31.0,31.4,29.0,28.7,11.0,22.7,44.1,26.4,32.3,16.7,15.6,2430.5,1260.0,1170.4,2477.1,1284.2,1192.9
Manchester,73,32,571.1,557.7,1994.6,1993.9,1995.4,2000.8,152.5,3104.5,1274.5,1191.3,49.0,559.4,2504.5,1917.9,32.0,219.4,626.5,441.3,322.7,249.9,72.8,24396.8,18930.1,5466.8,24865.3,19293.5,5571.7
Yakutat,73,33,321.2,56.3,1991.2,1985.2,1999.0,1996.7,412.6,654.9,333.5,425.0,40.0,93.2,32.9,54.9,4.0,76.3,17.0,49.1,122.5,105.0,17.5,9201.9,7885.7,1316.2,9378.6,8037.1,1341.5
Fort Pierce,72,36,96.0,131.9,1983.9,1988.2,1998.6,1998.4,349.3,662.6,650.5,663.3,51.5,149.6,291.8,290.9,24.0,45.9,74.8,73.4,56.3,46.3,10.0,4229.7,3475.3,754.4,4310.9,3542.0,768.9
Vallejo,72,19,92.7,18.6,1995.0,1994.9,1998.6,1992.1,539.1,3320.8,2023.8,906.5,46.0,395.3,1583.7,774.4,20.0,53.9,23.0,29.1,101.2,95.6,5.6,7601.1,7177.1,424.0,7747.1,7314.9,432.1
Lynnhaven Roads,72,47,354.4,331.8,1990.6,1992.4,2001.6,2003.8,468.3,796.2,609.6,617.0,74.0,141.6,158.7,135.6,31.5,142.9,157.6,136.7,122.4,84.8,37.6,9189.3,6366.4,2823.0,9365.7,6488.6,2877.2
Atlantic Highlands,72,14,53.8,20.5,2000.6,1990.6,2006.7,2004.8,463.1,471.3,957.3,471.5,40.5,62.6,246.8,188.5,18.0,35.6,100.4,120.2,48.3,35.2,13.1,3623.2,2643.2,980.1,3692.8,2693.9,998.9
Sewickley,71,8,2.3,1.9,1976.0,1974.1,1975.2,1976.4,107.2,118.1,151.5,165.7,38.0,48.8,94.7,108.5,6.0,39.1,41.8,48.1,7.2,5.4,1.8,543.6,407.0,136.6,554.0,414.8,139.2
Sea Venture Custom,70,26,838.1,91.1,2001.8,2002.4,2002.5,2002.0,189.6,1045.9,208.6,213.4,15.0,134.3,60.4,80.5,9.0,12.9,16.3,17.5,240.2,176.5,63.6,18032.7,13255.5,4777.2,18378.9,13510.0,4869.0
Groves,69,46,577.7,1016.5,1995.9,1999.7,2004.4,2004.5,123.0,792.7,633.4,645.4,35.0,135.4,212.5,211.2,22.0,63.0,90.7,85.5,108.7,75.3,33.4,8177.9,5667.9,2510.0,8334.9,5776.7,2558.2
Kailua,68,13,1049.7,107.6,2003.2,1999.8,2004.8,2004.8,238.0,232.1,228.4,229.7,16.0,38.4,17.6,17.8,29.0,40.2,25.8,26.0,397.6,248.5,149.1,29851.7,18658.5,11193.2,30424.8,19016.7,11408.1
Roseton,67,23,7.7,8.6,1983.5,1990.9,1996.3,1996.9,74.4,150.8,200.7,237.3,13.0,28.0,27.5,33.6,11.0,24.6,26.9,27.5,8.0,6.0,1.9,598.0,453.3,144.7,609.5,462.0,147.5
Edgemere,67,46,722.8,1074.0,1992.6,1999.8,2010.2,2010.6,264.6,651.8,817.7,930.4,54.0,137.5,175.0,189.0,21.0,87.0,61.1,67.2,77.0,66.3,10.7,5824.6,5020.7,803.9,5936.5,5117.1,819.4
Fairport Harbor,66,14,93.0,188.9,1967.1,1967.0,1967.0,1968.1,105.2,122.5,142.5,140.1,11.0,16.1,24.3,24.2,9.0,11.1,10.6,10.6,23.0,21.5,1.5,1728.6,1613.8,114.7,1761.8,1644.8,117.0
San Juan Cannery,66,26,6.6,5.0,1971.4,1981.0,1982.1,1978.1,159.9,476.7,344.7,351.3,26.5,79.1,120.7,136.8,27.5,235.6,252.4,304.1,31.5,17.4,14.1,2366.2,1305.1,1061.2,2411.7,1330.1,1081.5
Vicksburg,66,13,8.7,2.0,1975.4,1977.4,1974.2,1976.3,152.7,173.9,175.1,178.9,26.0,34.8,40.1,43.0,9.0,9.0,28.2,30.0,11.4,9.6,1.8,855.0,722.9,132.1,871.4,736.8,134.7
Louisville,64,9,3.9,1.3,1972.8,1974.3,1973.1,1973.1,95.7,118.6,123.2,123.6,20.5,22.7,34.6,35.2,5.0,7.8,22.1,22.6,4.9,3.7,1.2,365.6,276.2,89.4,372.6,281.6,91.1
Manitowoc,63,12,64.8,53.2,1963.0,1975.8,1955.2,1956.7,198.2,329.4,429.0,371.3,22.0,27.3,70.5,65.3,12.0,61.4,29.9,26.5,36.6,21.2,15.4,2746.8,1592.1,1154.7,2799.5,1622.6,1176.9
Coos Bay,63,28,55.9,66.2,1972.3,1976.1,1989.3,1991.6,386.6,1161.3,540.2,542.4,49.0,267.7,311.1,281.1,37.0,93.7,187.1,153.9,76.6,54.2,22.4,5750.3,4069.8,1680.6,5860.8,4147.9,1712.9
Point Conception,63,8,32.8,29.4,2003.3,2002.8,2010.0,2010.3,90.7,281.9,187.5,171.9,12.0,52.9,103.7,95.5,2.0,213.2,90.9,88.9,19.1,13.5,5.6,1433.6,1012.0,421.6,1461.2,1031.4,429.7
Natchez,62,11,7.1,1.7,1975.3,1977.5,1971.0,1974.5,109.8,168.4,142.7,164.9,22.0,22.0,37.3,36.1,5.0,35.9,19.2,89.7,8.8,6.1,2.7,657.8,458.7,199.2,670.5,467.5,203.0
Sausalito,62,10,41.6,50.5,1984.7,1994.1,2002.7,2004.6,74.7,592.2,803.5,819.0,19.0,97.1,240.1,202.6,9.0,46.6,112.7,94.9,21.6,14.5,7.0,1619.1,1090.6,528.4,1650.2,1111.6,538.6
Lake Providence,62,11,8.1,1.7,1976.3,1979.1,1974.3,1979.0,134.3,152.0,163.8,170.7,20.5,25.0,40.2,41.3,10.5,11.0,18.4,25.2,9.1,7.4,1.8,686.1,554.3,131.8,699.2,564.9,134.3
Yes Bay,61,25,4.5,1.5,1974.9,1974.4,1979.5,1975.1,135.3,178.9,159.2,154.7,19.0,24.9,32.8,33.6,18.0,51.2,32.0,60.9,20.5,10.6,9.9,1542.8,799.6,743.2,1572.4,814.9,757.5
Grand Haven,60,13,130.0,254.7,1957.0,1960.9,1953.8,1954.4,186.3,206.7,218.8,223.1,20.5,31.2,24.3,24.8,10.0,238.0,15.4,13.8,34.1,30.0,4.1,2561.0,2251.2,309.8,2610.2,2294.4,315.8
Cut Off,60,37,338.0,589.8,1988.8,1992.2,2007.4,2007.4,118.6,431.2,1703.8,1767.1,31.0,66.1,238.5,236.6,21.0,53.6,78.4,77.9,53.5,33.5,20.0,4016.7,2518.5,1498.1,4093.8,2566.9,1526.9
Wilma,59,5,1.6,1.4,1974.5,1976.2,1975.8,1976.1,112.9,168.6,135.2,153.2,19.0,27.6,32.2,34.0,1.0,1.7,1.5,1.5,8.1,7.9,0.1,605.5,594.3,11.2,617.2,605.8,11.4
Cataumet,58,28,3.8,2.7,1988.6,1994.1,1992.5,1993.3,70.4,158.5,123.1,113.2,12.0,19.8,21.4,20.1,22.0,63.0,110.2,90.5,10.1,6.3,3.8,760.3,476.5,283.8,774.9,485.7,289.2
Port Laudania,57,14,408.8,520.0,2004.9,2003.3,2001.6,2001.9,488.4,830.0,840.8,823.4,51.0,70.2,146.6,142.4,15.0,65.9,41.2,40.0,133.0,116.1,16.9,10074.0,8803.5,1270.5,10267.4,8972.6,1294.9
Buzzards Bay,55,16,32.6,14.6,2000.0,1994.9,1984.4,1986.5,190.4,507.2,639.3,562.2,27.0,208.7,473.8,512.3,25.0,49.7,81.5,66.4,34.1,26.9,7.2,2562.4,2020.0,542.4,2611.6,2058.8,552.8
Decatur,55,5,27.6,14.5,1971.4,1987.6,1997.2,1998.4,60.3,360.1,248.7,290.1,15.0,79.6,67.9,71.9,7.0,5.4,5.7,5.6,10.4,9.6,0.8,779.2,719.8,59.4,794.2,733.6,60.5
Crockett,55,29,183.2,276.3,2000.1,2000.4,2006.6,2007.5,236.0,800.1,629.3,653.8,49.0,116.2,102.2,108.0,11.0,88.4,159.2,129.4,45.2,36.0,9.1,3393.0,2706.0,687.0,3458.1,2758.0,700.1
Asotin,55,7,24.5,3.4,2001.4,1997.7,2004.2,2001.7,133.0,169.8,132.7,136.2,17.0,32.4,22.0,23.4,11.0,9.7,16.0,12.4,26.6,13.9,12.7,1997.2,1045.6,951.7,2035.6,1065.6,969.9
Eureka,55,19,66.1,71.8,1996.3,1986.2,1997.5,1998.3,258.9,427.7,339.2,327.8,50.0,72.4,150.1,156.4,22.0,100.6,80.4,71.6,30.3,22.8,7.5,2272.8,1712.5,560.3,2316.5,1745.4,571.1
Ship Island,54,24,167.8,169.1,2000.3,1990.7,2007.3,2005.0,498.8,365.4,952.1,898.3,134.5,98.0,376.1,359.1,48.5,175.5,221.8,249.1,71.2,52.1,19.1,5345.5,3909.8,1435.7,5448.2,3984.9,1463.3
St Petersburg,53,22,282.0,434.7,1993.9,1996.4,2003.2,2003.8,381.8,1000.1,3502.5,3933.6,94.0,173.7,245.8,240.1,24.0,132.1,271.4,259.5,69.9,40.8,29.1,5247.8,3061.0,2186.8,5348.6,3119.8,2228.8
New Madrid,53,11,7.3,1.5,1975.3,1976.7,1971.3,1974.2,112.4,123.5,176.5,167.3,25.0,31.3,56.0,50.1,8.0,12.0,61.6,54.9,11.6,9.1,2.5,870.7,680.8,189.9,887.5,693.9,193.6
Cheboygan,52,12,18.1,20.1,1983.4,1980.3,1992.3,1989.5,189.8,265.2,227.7,214.1,24.5,23.9,116.8,98.5,18.0,34.8,14.5,13.5,27.4,24.4,3.0,2057.7,1833.9,223.8,2097.2,1869.1,228.1
Golden Meadow,52,40,250.0,434.4,1998.0,1998.4,2003.5,2003.5,555.1,1149.1,617.9,619.0,58.5,191.7,98.1,94.0,43.5,152.7,77.2,73.9,81.8,49.2,32.6,6141.4,3692.0,2449.4,6259.3,3762.9,2496.5
Warrenton,51,23,79.2,93.5,1990.1,1995.1,1997.4,1995.0,142.0,671.8,254.9,238.7,25.0,179.0,240.9,255.4,32.0,143.3,148.6,142.1,54.7,36.1,18.6,4107.1,2711.0,1396.1,4186.0,2763.1,1422.9
Ceredo,51,9,2.6,1.0,1972.7,1973.9,1971.5,1973.2,111.8,110.5,116.5,123.2,28.0,25.3,45.8,53.7,3.0,9.9,9.2,12.8,4.4,3.9,0.5,330.7,294.1,36.6,337.1,299.8,37.3
Port Townsend,51,27,10.7,9.2,1979.9,1981.2,1993.9,1996.2,99.8,194.5,161.9,126.2,9.0,86.1,162.2,143.1,21.0,52.3,64.9,60.1,16.3,9.9,6.4,1222.4,740.8,481.6,1245.9,755.0,490.9
Jamesport,51,26,211.6,342.8,1998.4,1998.2,2010.1,2010.2,96.4,276.3,899.2,889.1,14.0,43.9,180.6,184.4,20.0,41.8,32.1,32.7,54.8,44.9,9.9,4116.6,3369.6,747.0,4195.7,3434.3,761.3
Redwood City,50,26,150.9,257.4,1989.2,1996.8,1998.9,1999.2,111.7,208.2,365.3,372.3,34.5,104.4,140.3,141.9,25.0,42.5,90.5,92.1,24.2,18.5,5.8,1819.7,1385.8,433.9,1854.6,1412.4,442.2
Mukilteo,49,21,504.7,142.8,1985.4,1987.2,2008.1,1997.0,817.6,2675.5,4090.5,1372.7,238.0,623.3,4315.1,3033.8,24.0,73.9,405.0,302.5,208.8,174.1,34.7,15678.0,13069.2,2608.8,15979.0,13320.1,2658.9
Nome,49,28,183.5,158.4,1991.5,1989.0,1999.3,2002.9,868.9,1345.4,1300.2,1022.0,193.0,276.7,469.9,416.7,50.0,125.1,215.3,245.1,146.4,123.7,22.7,11142.6,9422.8,1719.8,11356.5,9603.7,1752.8
Southport,47,42,467.8,637.1,2001.4,2001.9,2006.7,2006.2,611.5,824.0,680.2,716.3,44.0,114.9,109.5,104.1,23.0,81.0,72.3,49.8,113.7,94.5,19.2,8553.2,7111.6,1441.6,8717.4,7248.1,1469.3
Nyack,47,21,12.2,13.2,1986.5,1987.5,2007.4,2009.4,109.5,161.9,235.0,220.9,20.0,24.6,53.6,41.6,10.0,41.4,16.7,12.4,11.2,8.9,2.3,838.0,665.6,172.3,854.1,678.4,175.7
Tierra Verde,45,21,110.4,157.0,1990.6,1996.6,2008.1,2009.1,590.6,1072.6,927.8,935.0,83.0,101.0,110.9,107.8,28.0,99.1,148.1,125.4,73.2,42.6,30.6,5495.1,3200.2,2294.9,5600.6,3261.6,2338.9
Buffington,44,11,173.7,383.9,1967.9,1968.3,1967.4,1967.9,314.1,305.2,309.7,309.1,29.0,31.7,33.5,33.5,12.0,11.5,16.8,16.8,39.1,37.4,1.7,2934.7,2805.4,129.4,2991.1,2859.2,131.9
Orange Beach,44,20,54.6,82.6,1989.4,1989.6,2000.4,1997.9,205.1,791.1,811.3,836.6,26.5,45.6,149.5,273.4,28.0,205.0,196.4,81.3,47.4,32.3,15.1,3563.6,2430.2,1133.4,3632.0,2476.9,1155.1
Block Island,44,22,124.0,36.2,1993.4,1996.9,1997.6,2000.2,838.4,3620.9,680.4,203.9,61.5,392.2,4679.6,2575.0,33.5,211.1,273.1,257.8,117.7,84.6,33.2,8839.7,6350.3,2489.4,9009.4,6472.2,2537.2
City Island,44,28,8.0,7.4,1990.2,1990.5,1975.6,1974.6,135.5,222.7,267.9,255.4,22.5,45.2,97.8,84.1,18.0,28.0,28.1,28.1,11.8,9.8,2.0,886.0,735.8,150.2,903.0,749.9,153.1
Alitak,43,21,25.3,13.2,1973.7,1973.9,1988.8,1989.7,260.3,795.3,760.8,798.1,46.0,115.6,118.6,157.4,24.0,105.4,55.8,93.7,32.1,24.8,7.3,2441.8,1893.5,548.3,2488.7,1929.9,558.8
Tarrytown,43,13,5.7,7.5,1980.0,1985.4,2000.0,2008.5,154.4,213.2,267.8,325.3,25.0,35.0,29.7,28.8,9.0,27.3,18.8,14.8,9.8,6.8,3.0,734.2,508.1,226.1,748.3,517.9,230.4
Belle Harbor,43,22,24.4,25.8,1992.0,1992.2,2001.9,2006.5,141.8,458.3,80.2,64.0,29.0,39.0,31.7,23.8,24.0,90.3,142.9,104.6,19.6,7.4,12.2,1470.4,554.5,915.9,1498.6,565.1,933.5
Lind,43,10,4.3,0.9,1982.1,1990.4,2001.3,1987.5,76.6,103.2,74.1,90.7,11.0,16.8,13.1,20.0,6.0,15.2,28.4,14.8,10.1,4.3,5.8,756.3,321.4,434.9,770.8,327.6,443.3
Cathlamet,43,7,3.9,3.1,1968.2,1972.4,1969.2,1968.5,231.5,332.4,274.5,275.2,26.0,360.2,259.7,216.1,20.0,49.0,51.2,50.6,18.8,16.5,2.3,1410.7,1238.7,172.0,1437.8,1262.5,175.3
Marine City,43,15,52.3,97.1,1962.2,1969.2,1966.4,1966.9,182.1,227.9,210.2,220.0,21.0,23.5,26.9,28.6,13.0,21.0,15.2,15.6,17.6,16.5,1.0,1318.1,1240.8,77.3,1343.4,1264.7,78.8
Benton Harbor,43,8,14.7,21.6,1974.9,1971.8,1970.3,1974.2,75.7,174.1,214.0,232.1,9.0,18.0,24.4,24.2,14.0,17.0,16.3,15.6,13.0,10.8,2.2,976.1,810.8,165.3,994.8,826.3,168.5
Eddyville,43,5,31.7,16.7,1986.3,1987.6,1998.4,1999.2,156.3,279.7,399.4,428.0,36.0,37.8,50.6,51.0,9.0,10.0,7.3,7.0,9.7,8.8,0.9,726.1,661.5,64.5,740.0,674.3,65.8
Clute,42,13,6.0,7.9,1977.1,1980.3,1998.3,1998.7,86.0,164.1,239.8,244.7,15.0,44.6,45.0,46.9,11.0,54.2,217.4,217.7,7.1,3.3,3.8,535.4,250.0,285.4,545.7,254.8,290.9
Saint Pete Beach,42,16,161.0,239.5,1986.5,1990.2,2000.6,2001.0,363.6,646.4,1277.9,1267.5,88.5,106.0,211.8,212.4,25.0,59.9,56.4,54.6,42.4,31.8,10.6,3184.2,2384.9,799.3,3245.3,2430.7,814.6
Davenport,41,28,229.7,271.5,2008.4,2008.0,2009.1,2009.6,91.8,150.6,95.7,96.1,16.0,43.3,23.9,22.5,21.0,25.7,24.7,26.9,38.4,18.8,19.6,2886.7,1414.2,1472.5,2942.1,1441.3,1500.8
Edgewater,41,25,4.2,3.9,1990.8,1994.5,2001.4,2006.4,107.5,198.7,150.8,123.0,29.0,45.2,129.9,94.0,17.0,38.9,50.7,50.9,8.6,7.0,1.6,645.4,524.9,120.6,657.8,534.9,122.9
Little Hocking,40,8,1.3,0.7,1974.6,1973.2,1973.5,1974.7,73.7,103.8,103.7,107.5,20.0,23.7,41.0,46.1,6.5,5.3,23.9,27.5,3.0,2.3,0.7,225.9,173.7,52.2,230.2,177.1,53.2
Poulsbo,40,5,33.8,31.6,2008.4,1999.2,2009.5,2008.9,108.5,472.8,313.6,634.3,69.0,36.9,168.2,171.6,23.0,279.1,161.5,190.2,81.2,55.6,25.6,6098.0,4175.1,1922.9,6215.1,4255.3,1959.8
St Clair,40,12,251.5,491.4,1980.9,1981.9,1979.7,1979.6,109.9,149.7,203.2,203.6,13.5,18.5,36.3,35.6,8.5,16.0,8.1,7.7,32.0,29.8,2.2,2402.6,2236.7,165.9,2448.7,2279.6,169.1
Tomkins Cove,39,19,123.8,213.6,1987.6,1990.3,2014.6,2014.8,88.1,281.6,926.6,983.0,12.0,42.4,182.1,184.0,22.0,37.2,57.4,57.7,18.2,14.3,3.8,1371.4,1083.7,287.6,1397.7,1104.5,293.2
"Coxsackie, Greene",39,20,66.5,106.3,1988.2,1991.0,2014.2,2016.3,156.0,317.4,1096.9,1292.8,30.0,40.2,114.4,114.3,18.0,86.8,84.0,43.6,16.5,10.7,5.8,1244.4,811.0,433.4,1268.3,826.5,441.7
Paterson,39,8,3.5,1.1,1973.2,1987.2,1989.3,1973.9,129.7,139.7,141.8,157.2,22.0,21.4,34.3,45.7,1.0,9.2,24.4,13.3,7.4,5.6,1.8,552.8,420.3,132.5,563.4,428.3,135.1
Atka,38,18,16.1,11.4,1980.0,1979.4,1983.2,1983.6,335.1,1012.6,737.6,863.9,56.0,84.6,123.3,127.3,49.5,281.2,495.8,515.6,30.6,12.8,17.8,2298.1,962.9,1335.1,2342.2,981.4,1360.8
Sunny Point,38,26,478.4,425.1,1996.3,1998.7,2006.2,2006.2,494.5,632.5,714.5,765.3,58.0,166.2,104.3,125.4,38.0,106.0,55.8,75.1,73.3,55.9,17.4,5522.4,4214.6,1307.8,5628.5,4295.5,1332.9
Manasquan,37,10,44.8,58.2,1992.4,1996.4,1998.5,1997.4,218.6,537.9,261.5,263.4,87.0,138.3,112.0,118.0,47.0,74.0,314.8,342.8,34.7,22.5,12.2,2605.5,1687.1,918.5,2655.6,1719.4,936.1
Melville,37,27,87.4,114.0,1999.7,1998.9,2003.5,2003.7,186.4,411.1,591.3,571.8,39.0,68.6,114.6,86.5,27.0,38.3,90.5,97.3,29.1,24.2,4.9,2189.3,1820.4,368.9,2231.3,1855.3,376.0
Craig,37,19,4.0,2.2,1973.0,1972.5,1975.5,1973.2,149.6,310.5,311.2,288.0,19.0,35.7,49.5,48.0,25.0,60.7,58.3,67.9,8.6,4.9,3.7,643.5,369.2,274.2,655.8,376.3,279.5
Millwood,37,9,1.9,0.7,1972.2,1973.9,1970.1,1971.2,88.9,103.4,116.8,115.8,25.0,24.3,30.0,31.0,5.0,7.4,34.7,32.9,3.0,2.2,0.8,223.1,162.1,61.0,227.4,165.2,62.2
Buffalo,37,16,61.3,120.7,1980.1,1979.8,1981.2,1980.4,214.2,193.0,211.1,216.6,21.0,23.9,27.6,26.4,10.0,18.2,8.9,8.4,15.1,12.9,2.2,1133.5,964.9,168.6,1155.3,983.4,171.9
Vineyard Haven,37,14,317.7,75.6,1999.5,1997.9,1997.9,1992.5,641.7,4098.2,4322.3,3783.8,75.0,962.2,3720.2,3311.2,29.0,145.5,221.4,174.0,245.7,217.7,28.0,18449.0,16344.2,2104.8,18803.2,16658.1,2145.2
Rhinebeck,37,18,21.2,35.0,1985.1,1989.9,2009.1,2009.6,95.5,136.0,343.1,376.8,14.0,17.9,30.2,30.6,17.0,30.4,175.0,185.4,6.1,3.4,2.7,457.8,255.0,202.8,466.6,259.9,206.7
Port Monmouth,36,7,46.5,33.1,2012.5,1999.7,2013.2,2010.4,642.0,430.7,1015.3,599.7,29.5,65.1,147.6,79.6,6.5,40.1,216.1,94.5,46.8,21.7,25.1,3512.1,1628.4,1883.7,3579.5,1659.7,1919.8
Woodmere,36,31,228.0,346.7,2002.6,2005.4,2007.6,2008.4,166.8,473.8,308.8,295.6,43.0,78.7,138.6,110.1,65.0,116.7,110.9,100.2,59.9,32.0,27.8,4503.7,2414.9,2088.8,4590.2,2461.2,2128.9
Monroe,36,15,221.2,406.8,1964.3,1971.7,1978.7,1979.0,257.0,255.0,452.3,464.1,34.5,35.8,56.8,57.2,10.0,16.7,9.8,9.7,38.6,37.5,1.1,2899.0,2812.8,86.2,2954.6,2866.8,87.8
Ghent,36,9,3.0,2.2,1973.2,1974.9,1976.4,1980.2,89.0,108.5,128.2,160.5,18.5,22.2,29.1,29.2,5.0,4.7,21.2,13.5,2.4,1.9,0.5,177.0,141.7,35.3,180.4,144.4,36.0
Brevort,36,15,87.0,137.1,1973.7,1971.7,1977.3,1973.1,309.6,441.0,367.3,341.8,38.0,31.6,32.5,35.8,11.0,270.3,404.0,384.4,54.2,24.3,29.9,4069.5,1827.3,2242.2,4147.6,1862.4,2285.2
Guntersville,36,1,2.3,0.5,1964.0,1964.0,1964.0,1964.0,86.8,86.8,83.8,83.8,17.0,17.0,22.5,22.5,9.5,9.5,12.4,12.4,0.8,0.5,0.3,63.1,40.3,22.8,64.4,41.1,23.3
Santa Rosa Island,36,23,97.5,116.2,1995.1,1999.1,2008.7,2010.7,152.0,255.7,211.8,224.2,34.0,75.3,43.1,35.6,20.0,78.2,55.3,43.6,30.2,16.7,13.5,2270.2,1255.2,1015.0,2313.8,1279.3,1034.5
Smyrna,34,9,109.1,35.5,1981.9,1988.1,1990.3,1995.6,678.4,1276.9,1143.5,1129.2,70.5,137.6,545.1,510.0,24.0,181.2,309.3,434.5,62.3,55.8,6.5,4677.1,4188.0,489.1,4766.9,4268.4,498.5
Conneaut,34,11,83.3,160.5,1971.9,1974.7,1967.7,1967.5,142.3,179.0,186.9,185.2,14.0,82.0,33.3,26.8,2.0,13.1,52.2,59.8,26.3,21.4,4.9,1973.9,1607.0,366.9,2011.8,1637.9,374.0
Triangle,34,8,6.0,1.6,1987.5,1988.0,1989.7,1991.4,251.3,405.1,436.0,318.1,39.0,34.1,40.1,31.5,26.5,74.3,252.3,219.6,14.4,10.4,4.0,1079.2,779.3,299.9,1099.9,794.3,305.7
Aberdeen,34,18,189.8,230.0,1984.0,1994.9,2011.2,2012.2,287.0,620.7,544.6,456.4,36.0,147.6,128.7,151.1,24.5,233.5,17.6,20.1,38.1,28.8,9.3,2861.5,2162.4,699.1,2916.4,2203.9,712.5
Seal Beach,34,17,538.5,933.8,2005.4,2004.4,2010.2,2010.4,233.8,621.0,517.6,496.8,57.5,130.8,171.4,164.6,29.5,42.1,31.5,31.2,80.4,52.1,28.4,6076.5,3946.6,2129.9,6193.2,4022.4,2170.8
Chinook,34,33,126.5,136.8,2006.8,2007.8,2009.2,2010.8,115.5,151.0,137.5,119.5,15.0,106.2,62.1,63.4,55.0,97.3,86.1,108.2,37.3,17.4,19.8,2797.4,1308.0,1489.4,2851.2,1333.1,1518.0
Kitty Hawk,34,26,63.5,37.2,1985.6,1986.7,2005.5,2003.0,183.7,513.0,249.3,214.1,21.0,97.4,78.7,109.0,16.0,108.1,72.0,116.6,27.0,15.9,11.1,2028.1,1191.4,836.7,2067.1,1214.3,852.8
Monterey,33,18,467.0,237.2,2005.3,2006.9,2007.5,2011.9,293.6,565.1,334.4,411.6,39.0,96.9,127.5,354.5,20.0,61.6,21.5,32.9,107.0,86.0,21.0,8095.2,6500.3,1594.9,8250.6,6625.1,1625.5
Fairhaven,33,25,30.0,9.4,1997.6,1996.0,1999.3,2000.0,399.5,1472.2,1077.3,684.3,29.0,194.1,821.4,1177.3,32.0,228.7,952.9,862.0,49.2,30.6,18.6,3692.4,2295.1,1397.3,3763.3,2339.2,1424.1
Cape May,32,19,37.5,58.1,1988.7,1991.8,2004.4,2006.6,216.8,386.5,243.6,227.2,47.0,81.2,73.5,45.6,24.5,92.4,95.9,94.6,26.8,15.6,11.2,2011.4,1173.3,838.0,2050.0,1195.9,854.1
Tamms,32,6,3.0,0.7,1979.5,1976.0,1978.8,1978.9,129.5,120.4,126.7,128.3,28.0,29.1,32.5,32.6,5.0,11.1,12.8,13.2,3.6,3.2,0.4,274.0,242.4,31.6,279.2,247.0,32.2
New Castle,32,13,2.4,0.8,1994.0,1993.9,1999.6,1999.4,73.6,151.7,221.3,156.4,31.5,49.9,360.0,269.8,9.5,16.4,21.6,22.8,7.3,5.7,1.6,549.5,429.0,120.5,560.0,437.3,122.8
Nantucket,32,16,39.7,8.7,1988.8,1994.5,1994.9,1991.1,328.3,834.8,873.4,761.0,42.5,89.7,111.5,179.6,36.0,117.2,140.1,143.8,36.9,17.2,19.7,2768.4,1290.5,1477.8,2821.5,1315.3,1506.2
Ship Bottom,32,18,134.5,132.9,2003.6,2000.6,2011.6,2012.4,167.4,245.5,211.7,220.0,29.0,40.1,118.6,125.6,15.5,47.9,43.2,52.4,24.3,17.3,7.0,1824.5,1296.5,528.0,1859.6,1321.4,538.2
Roosevelt,32,5,1.1,0.6,1971.8,1980.6,1976.8,1974.8,77.6,107.1,122.4,116.8,12.0,20.7,38.0,35.6,0.5,3.8,9.1,9.2,3.1,2.7,0.4,234.9,202.7,32.2,239.4,206.6,32.9
Tybee Island,31,27,625.6,718.1,2000.1,2000.5,2005.7,2006.0,534.8,816.4,693.7,696.9,75.0,160.9,103.3,100.1,23.0,89.9,46.8,41.2,92.4,78.6,13.8,6946.1,5910.6,1035.5,7079.4,6024.1,1055.4
Mccord,31,19,18.4,10.8,1975.0,1976.8,1975.0,1975.4,382.0,1284.8,834.7,1154.8,46.0,178.7,290.3,373.1,24.0,162.1,352.6,471.9,34.1,20.6,13.5,2557.3,1543.7,1013.6,2606.4,1573.3,1033.0
Melvindale,31,6,108.8,209.9,1952.0,1960.5,1950.0,1950.6,234.0,260.9,269.2,263.0,24.0,26.2,30.7,30.6,11.0,28.4,13.7,14.1,19.6,18.5,1.1,1473.6,1389.3,84.3,1501.9,1416.0,85.9
Alameda,31,10,21.2,35.3,1972.2,1989.5,2007.7,2008.3,79.9,1127.1,842.9,878.3,25.0,139.8,92.2,92.9,18.0,89.6,28.4,22.7,14.3,10.5,3.8,1072.8,787.6,285.2,1093.4,802.7,290.7
Oswego,31,5,14.8,21.5,2001.8,1994.4,1999.9,2001.4,65.0,121.8,81.9,79.3,9.0,9.4,10.1,10.0,25.0,24.6,36.4,37.1,7.4,3.1,4.3,557.1,235.9,321.3,567.8,240.4,327.4
Franklin Furnace,31,8,1.8,0.7,1973.1,1973.1,1970.9,1972.5,101.4,107.0,140.7,134.1,27.0,25.4,71.5,66.9,6.0,6.1,9.5,12.4,2.7,2.4,0.3,202.0,177.0,25.0,205.9,180.4,25.5
Garrison,31,18,6.2,1.3,1988.3,1988.7,2003.5,1995.6,164.9,276.7,280.5,217.5,28.0,26.9,52.9,52.0,20.0,46.1,36.1,47.0,10.2,6.2,4.0,767.8,468.4,299.4,782.5,477.4,305.1
Wellfleet,31,14,22.1,8.0,1999.1,1997.6,1999.5,1999.6,396.8,776.6,265.8,132.1,15.0,65.5,204.5,154.9,27.0,181.2,76.9,164.0,19.9,8.5,11.4,1490.8,638.0,852.8,1519.4,650.3,869.1
Belhaven,31,6,29.4,8.1,1981.9,1988.5,1975.3,1978.8,383.8,382.5,1027.0,1002.5,21.0,22.3,82.1,77.4,42.0,34.8,471.8,438.7,22.9,7.5,15.5,1722.2,561.9,1160.2,1755.2,572.7,1182.5
Tunica,31,11,6.4,2.3,1978.8,1977.9,1984.2,1991.0,145.8,156.6,219.8,238.4,26.0,26.2,44.8,45.1,8.0,10.6,13.7,10.9,4.9,4.1,0.8,364.5,305.8,58.6,371.5,311.7,59.8
Pittsburg,30,23,203.0,372.8,2002.1,2001.3,2009.0,2008.9,140.7,290.2,438.6,445.4,39.5,62.5,77.0,77.7,31.5,73.4,126.6,127.1,30.2,20.0,10.2,2267.1,1502.3,764.7,2310.6,1531.2,779.4
South Vallejo,30,9,17.1,2.7,1987.7,1984.4,1999.5,1988.7,696.3,820.6,1364.0,597.4,38.0,56.7,199.6,117.0,40.5,91.6,176.6,223.6,12.6,5.1,7.4,943.0,386.1,556.9,961.1,393.5,567.6
Rose Inlet,30,13,8.4,13.1,1982.1,1986.0,2007.2,2008.1,106.2,134.5,118.5,118.1,15.5,28.7,16.8,16.3,25.0,53.0,77.8,78.4,7.0,3.0,4.0,524.3,221.9,302.3,534.3,226.2,308.1
Uniontown,30,9,1.9,0.7,1973.5,1975.3,1973.3,1973.3,103.1,120.1,129.4,132.4,22.5,26.0,52.4,54.3,9.5,17.2,17.4,19.8,2.7,2.1,0.6,202.0,154.8,47.2,205.9,157.8,48.1
Ocean Gate,30,8,47.5,63.6,1995.0,1990.4,1994.9,1993.3,357.6,2021.8,427.3,438.9,128.5,297.2,357.6,299.7,16.0,293.2,159.3,71.6,30.6,20.9,9.7,2299.3,1570.6,728.7,2343.4,1600.7,742.7
Mckees Rocks,29,8,0.6,0.6,1975.0,1974.0,1975.8,1976.4,103.8,106.6,89.3,121.9,27.0,31.7,42.5,47.7,10.0,24.5,43.7,52.1,2.1,1.3,0.8,157.1,95.7,61.5,160.2,97.5,62.7
Fairhope,29,25,825.4,756.5,2002.2,2002.1,2005.1,2006.7,494.4,1444.1,1299.3,954.5,67.0,169.3,230.5,228.1,35.0,97.0,316.9,190.3,150.6,92.1,58.5,11495.7,7008.0,4487.7,11716.5,7142.6,4573.9
Holland,29,5,33.2,63.5,1967.9,1971.8,1968.9,1970.0,197.3,198.8,199.7,196.9,19.0,20.2,20.0,19.9,14.0,17.3,14.2,12.8,9.8,7.3,2.5,738.9,551.3,187.6,753.1,561.9,191.2
Westover,28,13,11.5,8.7,1981.1,1981.1,1977.1,1976.2,244.8,281.2,544.7,800.9,29.5,30.5,216.4,305.2,20.0,37.5,62.6,45.8,18.9,12.1,6.8,1422.2,912.0,510.2,1449.5,929.5,519.9
Jobstown,28,25,839.4,1398.1,2003.5,2006.8,2011.4,2011.4,1976.3,1486.5,1715.6,1742.1,176.0,162.4,226.2,227.8,52.0,70.3,80.9,79.9,88.6,80.4,8.2,6753.8,6138.6,615.2,6883.5,6256.5,627.0
Falmouth,28,14,12.2,4.9,1994.9,1988.8,2005.3,2006.7,97.0,326.8,529.1,260.5,15.0,49.9,128.0,120.2,34.5,125.9,39.8,83.3,19.2,9.2,10.0,1441.8,693.8,748.0,1469.5,707.1,762.3
Boutte,28,26,423.6,705.8,2007.7,2007.9,2008.2,2008.1,434.9,634.3,583.4,573.8,32.0,63.7,153.4,149.4,28.0,73.4,93.1,95.2,63.9,47.4,16.5,4829.9,3590.1,1239.8,4922.6,3659.1,1263.6
Cheshire,28,7,1.4,0.5,1972.1,1973.0,1969.9,1971.9,103.9,108.2,112.4,112.6,24.5,24.2,28.3,29.1,7.5,13.1,21.8,21.3,2.1,1.6,0.5,159.5,122.7,36.8,162.5,125.0,37.5
Hyannis,28,10,359.1,111.6,1987.4,1991.4,1992.1,1986.7,2678.3,9796.7,6416.6,6453.7,376.0,1121.4,2010.2,2251.1,33.0,179.0,66.3,112.9,229.6,212.7,16.9,17236.7,15967.4,1269.3,17567.6,16274.0,1293.6
Jefferson Hills,27,5,0.8,0.7,1977.4,1976.2,1977.1,1977.3,113.8,126.1,148.1,156.4,33.0,36.4,55.5,57.8,15.0,15.3,38.4,39.6,2.6,1.8,0.8,197.2,135.4,61.8,201.0,138.0,63.0
Westport,27,17,34.2,43.5,1988.3,1992.4,1997.1,1996.9,517.3,680.9,318.6,290.3,127.0,313.1,292.2,322.2,49.0,229.6,123.1,93.2,35.1,23.6,11.5,2636.4,1775.6,860.8,2687.0,1809.7,877.3
Stratton,27,10,5.3,6.2,1975.9,1978.0,2008.5,2011.5,74.7,166.1,401.5,591.4,26.0,129.6,941.3,1014.3,3.0,18.6,114.5,121.7,7.0,6.3,0.6,522.7,474.0,48.6,532.7,483.1,49.5
Princetown,27,15,162.3,269.8,2006.2,2002.4,2011.1,2011.1,126.1,159.0,129.9,137.2,29.0,61.6,40.5,42.2,27.0,268.5,25.0,23.1,40.1,14.0,26.1,3013.3,1051.2,1962.1,3071.1,1071.3,1999.8
Hawesville,26,8,1.4,0.5,1972.3,1975.8,1971.6,1972.9,94.2,121.3,97.2,106.7,24.0,28.7,32.2,36.8,6.5,8.8,8.8,10.4,1.7,1.5,0.2,131.3,114.8,16.4,133.8,117.0,16.7
Linden Hill,26,23,170.7,268.5,1999.1,1999.6,2010.6,2010.7,215.5,424.9,507.4,507.8,28.0,55.0,156.3,155.9,66.0,107.3,105.1,105.4,26.6,18.6,8.0,2010.6,1407.4,603.2,2049.2,1434.4,614.8
Cherokee,26,3,5.1,2.5,1971.1,1989.3,1992.7,1996.8,56.8,151.3,100.4,109.1,11.5,30.5,23.0,23.6,6.0,10.2,8.4,8.2,2.0,1.1,0.9,150.8,80.5,70.3,153.7,82.0,71.7
Erie,26,18,39.9,77.0,1981.1,1982.7,1973.8,1972.2,154.5,173.8,167.7,173.8,16.0,17.0,19.9,21.1,16.0,25.6,14.8,13.9,10.0,8.5,1.5,751.6,636.4,115.2,766.1,648.7,117.4
Klawock,25,10,1.9,1.6,1982.3,1982.0,1987.5,1979.8,139.1,282.4,221.0,302.3,20.0,358.7,172.0,268.0,15.0,93.9,80.9,108.7,14.5,10.1,4.5,1090.2,755.9,334.3,1111.1,770.4,340.7
Bucksport,25,10,21.4,19.4,1997.2,1991.9,2005.7,2004.3,250.2,281.0,320.9,428.7,47.0,65.0,39.7,38.0,19.0,117.6,25.5,17.7,21.2,14.0,7.2,1593.3,1053.1,540.1,1623.9,1073.3,550.5
Freedom,25,5,1.0,1.0,1975.3,1974.2,1975.0,1975.1,86.8,85.4,245.4,246.3,35.0,55.4,1478.4,1454.7,6.0,5.4,30.2,39.3,3.9,3.4,0.5,292.9,252.6,40.4,298.6,257.4,41.2
Pearl Harbor,25,19,571.3,542.3,1996.8,1996.2,1998.2,2001.1,1179.5,1794.2,1509.0,1599.1,174.0,527.5,259.1,230.6,20.0,90.4,208.6,200.5,124.9,114.5,10.3,9467.8,8692.1,775.7,9649.6,8859.0,790.6
Tavernier,25,19,400.8,479.2,1995.5,1994.5,2004.6,2004.9,303.9,777.0,720.3,1487.9,25.0,126.3,231.2,291.0,17.0,98.1,24.9,30.4,64.5,49.1,15.4,4870.8,3714.5,1156.2,4964.3,3785.9,1178.4
Sturgeon Bay,25,15,46.1,86.2,1968.3,1975.1,1970.4,1971.6,198.6,276.4,352.2,378.4,24.0,94.2,69.0,55.3,8.0,62.2,9.8,5.7,16.0,14.5,1.6,1203.0,1086.5,116.5,1226.0,1107.3,118.7
South Padre Island,24,22,262.3,405.0,1992.8,1994.2,1997.1,1998.0,508.2,750.9,609.9,608.6,63.0,122.5,169.5,165.4,39.5,116.6,265.4,237.8,50.6,37.2,13.3,3815.5,2813.5,1002.0,3888.8,2867.5,1021.2
South Dartmouth,24,18,19.1,10.8,1992.0,1990.6,1992.5,1994.0,233.3,476.2,573.0,415.2,21.5,77.3,181.8,129.1,36.0,110.6,218.1,334.9,18.8,10.3,8.5,1411.3,772.0,639.3,1438.4,786.8,651.5
Tiverton,24,12,7.4,2.5,1986.3,1989.0,1994.4,1990.9,207.4,910.0,759.6,382.3,20.5,137.8,326.3,279.3,30.0,178.3,61.6,110.4,15.3,9.6,5.7,1146.0,720.7,425.3,1168.0,734.5,433.4
Metlakatla,24,8,2.9,0.7,1981.9,1982.4,1987.7,1981.4,169.6,388.9,227.5,214.8,33.0,61.8,55.1,61.4,11.5,10.5,27.2,15.8,10.7,5.5,5.2,799.8,409.6,390.2,815.2,417.4,397.7
Annapolis,24,22,363.9,236.1,1996.8,1995.8,1999.7,2002.0,348.4,721.3,1468.9,741.7,52.5,105.5,304.0,245.8,36.0,139.7,34.3,62.7,60.1,38.9,21.2,4559.1,2969.5,1589.6,4646.6,3026.5,1620.1
Santa Barbara,23,14,251.4,48.9,1994.4,1998.5,2003.0,2007.5,222.0,390.6,220.5,354.6,15.0,32.4,25.5,60.2,14.0,77.0,18.5,21.7,70.8,50.4,20.4,5325.3,3787.8,1537.5,5427.5,3860.5,1567.0
Port Isabel,23,19,90.1,138.3,2001.3,1999.4,2009.4,2010.5,450.6,963.7,771.2,799.4,161.0,763.6,405.7,362.6,81.0,272.4,99.6,70.9,60.1,45.2,14.9,4514.0,3396.6,1117.4,4600.7,3461.8,1138.8
Little Port Walter,23,17,5.2,2.3,1978.8,1976.8,1970.7,1970.5,107.7,292.1,578.6,560.8,15.0,46.2,375.2,363.8,19.0,88.0,116.8,128.1,10.4,5.9,4.5,779.0,442.5,336.5,794.0,451.0,343.0
Salem Nj,23,5,3.2,1.6,1976.0,1973.8,1976.6,1976.8,194.6,193.4,444.0,372.4,23.0,52.0,166.2,158.4,22.0,20.5,334.7,284.2,6.9,4.0,2.9,515.3,300.9,214.3,525.2,306.7,218.5
Evansville,23,8,1.2,0.4,1974.7,1974.8,1972.2,1973.7,88.7,82.9,104.2,96.1,15.0,18.8,27.1,25.4,6.0,9.6,20.4,19.9,1.4,1.0,0.4,104.3,75.7,28.6,106.3,77.1,29.2
Tatoosh Island,23,17,26.3,30.4,1990.3,1989.2,1999.5,2003.6,346.9,1125.5,235.7,188.8,48.0,243.4,264.3,209.5,68.0,223.0,326.0,223.9,38.5,21.3,17.2,2889.0,1597.7,1291.3,2944.5,1628.4,1316.1
Bethel,23,12,3.9,2.2,1985.3,1985.8,1980.2,1978.2,406.9,533.3,535.5,511.8,84.0,130.8,221.1,198.4,18.0,23.3,25.5,25.5,12.3,11.6,0.7,924.6,873.5,51.1,942.3,890.2,52.1
Barbers Point Terminal,22,17,3283.9,5775.2,2003.7,2003.3,2007.8,2008.1,2480.5,2457.6,2772.3,2791.9,268.0,394.7,337.5,345.2,32.0,76.7,32.4,33.0,295.4,256.0,39.4,22588.0,19631.2,2956.7,23021.7,20008.2,3013.5
"Springville, Suffolk",22,19,82.9,57.5,1998.0,1999.4,2010.5,2009.4,107.0,131.7,112.6,103.1,16.0,25.6,26.2,31.6,22.5,39.3,23.2,23.7,13.4,6.8,6.6,1006.0,513.2,492.7,1025.3,523.1,502.2
Mackinaw City,22,16,25.0,33.6,1981.8,1981.2,1982.2,1976.8,227.8,736.1,208.7,187.4,28.5,77.3,77.0,27.1,20.5,51.4,44.8,15.3,12.3,9.5,2.9,926.8,709.8,217.0,944.6,723.4,221.2
Sacramento,22,17,226.5,361.4,2002.0,2009.8,2014.0,2014.0,677.7,542.6,546.5,549.3,148.5,139.2,172.5,172.8,141.5,131.7,123.1,123.1,32.1,22.2,10.0,2417.5,1667.6,749.9,2463.9,1699.6,764.3
Goldendale,22,9,1.5,0.5,1973.7,1988.2,1992.3,1978.6,104.0,131.1,93.1,115.2,18.0,17.2,18.2,22.7,8.0,24.2,22.4,23.8,3.6,2.1,1.5,271.7,161.3,110.5,276.9,164.3,112.6
Amelia City,22,16,126.3,107.5,1998.8,1998.4,1998.2,1994.3,434.7,967.8,892.9,848.7,54.0,117.5,416.9,547.5,23.5,73.8,45.6,41.1,43.9,27.5,16.4,3295.3,2063.6,1231.8,3358.6,2103.2,1255.4
Berlin,21,13,15.7,15.6,1969.7,1978.4,1998.2,2003.1,222.1,350.7,235.3,212.2,22.0,31.6,32.0,29.4,43.0,55.3,69.2,46.4,9.9,4.7,5.2,743.5,355.7,387.8,757.7,362.5,395.2
West Homestead,21,6,0.5,0.4,1976.8,1974.5,1977.3,1978.3,115.2,88.1,94.5,112.6,29.0,25.2,134.3,160.8,17.0,14.5,26.6,28.9,3.1,2.6,0.5,232.2,195.4,36.8,236.7,199.1,37.6
Manistee,21,6,45.9,91.3,1976.8,1972.8,1977.1,1977.6,194.7,220.2,182.2,180.6,19.0,22.8,19.2,18.9,13.0,13.0,13.6,13.7,7.9,7.2,0.7,595.3,543.8,51.5,606.7,554.2,52.5
Olmsted,21,9,2.3,0.7,1979.0,1980.0,1977.9,1982.7,209.1,245.0,191.9,213.6,49.0,63.8,62.8,69.4,6.0,12.0,10.8,15.6,2.8,2.5,0.3,208.9,187.4,21.4,212.9,191.0,21.9
Diberville,21,7,13.4,14.7,2001.3,2005.9,2010.0,2010.6,254.2,1143.8,958.3,937.2,46.0,504.5,563.5,377.9,11.0,1128.4,2669.3,3441.0,37.0,13.4,23.6,2774.9,1002.4,1772.4,2828.2,1021.7,1806.5
West Sayville,21,20,55.5,63.8,1998.7,1998.6,2004.8,2006.0,62.4,181.6,70.1,68.4,11.0,63.7,97.0,52.0,30.0,53.3,79.8,55.9,17.0,7.0,10.0,1273.3,525.8,747.6,1297.8,535.8,761.9
Chicago,20,7,5.0,2.0,1985.0,1988.4,2006.9,2000.4,152.9,174.0,171.5,211.6,37.5,37.6,37.5,42.5,12.0,12.8,9.8,10.7,7.2,5.2,2.0,540.5,388.6,152.0,550.9,396.0,154.9
New Johnsonville,20,3,1.6,0.4,1964.4,1966.0,1964.2,1964.7,93.8,143.4,122.2,132.9,37.0,322.3,51.2,68.2,12.0,30.3,26.9,24.7,2.8,2.3,0.4,208.2,175.5,32.7,212.2,178.9,33.3
Fernandina Beach,20,13,59.7,70.5,1986.2,1983.2,1992.6,1994.6,585.4,1154.7,959.3,998.3,65.5,178.4,262.3,259.6,55.5,184.5,97.3,96.7,37.9,24.6,13.2,2842.9,1849.5,993.4,2897.5,1885.0,1012.5
Port Huron,20,9,40.6,55.5,1996.4,1988.2,1995.4,1994.7,173.3,244.8,299.5,327.5,22.0,33.5,126.8,57.2,7.0,16.1,34.9,31.8,13.1,11.9,1.2,984.5,895.6,88.9,1003.4,912.8,90.6
Ulupalakua,20,2,3.9,0.3,1998.2,2000.0,1999.7,1999.0,155.3,337.6,236.9,206.9,54.0,42.0,43.7,47.4,67.5,257.0,218.3,157.4,4.9,2.0,2.9,369.4,149.5,219.8,376.4,152.4,224.1
Bainbridge Island,20,16,243.8,42.6,1986.2,1986.9,1996.0,1992.4,470.5,1717.6,2638.7,2056.7,68.0,369.8,904.5,782.7,44.5,94.8,133.2,166.5,91.7,66.9,24.8,6888.4,5023.2,1865.1,7020.7,5119.7,1901.0
Eudora,20,10,2.9,0.6,1977.2,1979.0,1972.8,1978.2,204.2,178.9,194.8,184.9,35.0,30.4,39.1,39.7,6.0,6.8,19.0,16.3,4.1,3.5,0.6,305.9,259.9,46.0,311.7,264.8,46.9
Duquesne,20,7,0.7,0.5,1974.6,1974.6,1971.1,1974.1,105.3,124.6,130.5,138.4,29.0,33.0,50.1,56.0,11.0,21.2,32.6,37.7,1.8,1.1,0.7,133.4,84.3,49.1,135.9,85.9,50.1
Lawrence,20,9,3.3,5.4,1983.0,1982.0,2000.9,2001.6,118.5,101.8,73.3,70.6,24.0,57.2,146.6,148.5,6.5,11.6,58.6,42.6,7.2,4.9,2.2,540.1,371.5,168.6,550.5,378.6,171.8
Cannelton,19,6,1.1,0.4,1975.3,1975.5,1974.9,1975.1,87.4,95.0,121.3,115.9,27.0,21.7,32.4,31.4,8.0,7.0,12.5,11.4,1.2,0.9,0.2,88.9,70.6,18.3,90.6,71.9,18.6
Long Reach,19,7,0.5,0.3,1977.0,1974.3,1975.1,1976.9,89.4,102.5,99.3,95.4,20.0,23.0,31.4,31.7,8.0,14.1,96.1,113.7,1.8,0.7,1.1,134.9,54.0,80.9,137.5,55.0,82.5
Kittery,19,15,91.9,125.5,2001.2,2001.3,2010.6,2010.5,387.0,887.8,602.9,566.7,58.0,203.1,86.7,79.7,20.0,104.5,42.0,23.2,26.0,20.5,5.4,1921.1,1512.2,408.9,1958.0,1541.2,416.7
Coal Center,19,4,0.7,0.6,1977.5,1976.2,1977.9,1978.2,175.9,149.5,200.3,203.5,33.0,28.9,48.7,49.5,25.0,37.6,56.5,58.1,2.4,1.3,1.0,177.9,100.2,77.7,181.3,102.1,79.2
Manhattan/New York,19,15,1.7,1.8,1982.2,1984.4,1991.2,1995.6,104.0,230.7,166.7,134.5,26.0,36.3,43.9,43.8,16.0,29.9,45.9,41.4,4.1,3.0,1.1,307.0,225.3,81.7,312.9,229.6,83.3
Pinole Point,18,3,13.5,15.4,2008.2,2009.0,2009.3,2009.9,663.9,609.5,385.4,310.2,11.0,14.3,18.7,20.6,41.5,30.2,27.3,10.4,3.9,1.0,2.9,290.9,71.5,219.5,296.5,72.8,223.7
Estero,18,4,189.2,296.7,2006.3,2008.0,2007.5,2007.7,1620.8,2178.6,3135.7,3444.1,8.0,187.9,372.0,422.8,34.5,42.2,87.8,83.1,75.6,37.3,38.3,5704.7,2830.5,2874.2,5814.2,2884.9,2929.4
Wood River,18,4,6.3,1.5,1988.9,1988.2,1987.3,1988.1,383.0,322.0,551.6,510.4,72.0,62.8,526.2,495.9,5.5,7.0,59.2,56.0,10.4,9.7,0.7,780.1,728.5,51.6,795.1,742.5,52.6
Calabash,18,14,16.2,22.3,1983.9,1985.1,1982.7,1981.7,429.3,441.5,601.6,684.2,81.0,90.4,321.3,355.5,62.0,231.5,205.1,214.6,15.3,8.6,6.7,1147.1,643.2,504.0,1169.1,655.5,513.6
Waterproof,18,7,1.7,0.3,1971.0,1973.4,1971.3,1971.8,92.6,103.6,99.6,100.3,18.0,20.6,23.3,23.8,5.5,5.8,19.8,18.2,1.5,1.1,0.4,113.5,82.2,31.3,115.7,83.8,31.9
Silver Grove,18,6,1.0,0.3,1973.0,1972.3,1973.0,1973.5,102.4,114.3,107.5,110.6,27.0,56.2,38.5,45.8,6.5,6.1,8.5,8.2,1.2,1.1,0.2,92.1,79.1,13.0,93.9,80.6,13.3
Port Orford,18,15,91.3,52.0,1982.2,1982.3,1988.1,1992.6,376.8,609.1,590.7,526.8,56.5,96.6,165.8,141.2,24.5,63.4,72.1,65.9,22.0,19.5,2.5,1654.8,1465.7,189.1,1686.5,1493.8,192.7
Rosiclare,18,4,1.0,0.4,1984.0,1981.5,1984.3,1984.2,115.9,108.3,118.3,118.2,27.0,25.8,29.3,29.5,6.5,9.9,16.1,16.5,1.2,0.9,0.3,88.4,66.4,22.1,90.1,67.6,22.5
Wurtland,17,7,0.7,0.3,1974.8,1973.4,1973.8,1974.8,116.9,105.2,110.7,110.9,36.0,42.1,63.6,75.9,5.0,14.0,10.4,12.2,1.5,1.4,0.1,115.9,105.1,10.9,118.1,107.1,11.1
Cedar Grove,17,7,0.8,0.3,1971.2,1974.0,1970.4,1972.0,108.6,114.4,104.3,104.8,19.0,40.2,38.6,40.3,3.0,13.4,6.6,9.3,1.2,1.1,0.1,93.1,83.0,10.1,94.9,84.6,10.3
Washington,17,8,1.7,0.6,1989.6,1987.6,1996.0,1992.5,166.8,219.4,315.4,238.5,25.0,36.7,107.7,76.8,16.0,68.6,146.2,102.9,4.9,3.1,1.8,369.6,236.5,133.2,376.7,241.0,135.7
Kiska,17,13,19.0,14.2,1984.6,1986.6,1987.2,1987.1,661.0,887.9,726.8,610.6,126.0,157.0,203.3,169.4,35.0,92.7,66.2,99.8,23.1,12.6,10.4,1734.7,951.0,783.7,1768.0,969.2,798.8
North Bend,17,6,0.9,0.4,1972.6,1973.8,1972.1,1973.7,114.3,146.7,116.4,125.1,31.0,31.9,32.8,34.6,4.0,6.0,8.0,9.6,1.3,1.2,0.1,96.4,87.8,8.5,98.2,89.5,8.7
Wadmalaw Island,17,10,15.3,14.5,1988.6,1991.4,2004.0,2004.2,431.5,485.7,156.4,134.3,67.0,52.8,42.5,32.9,33.0,110.7,60.1,54.2,10.3,5.4,4.9,773.6,408.9,364.6,788.4,416.8,371.6
Escanaba,17,10,20.8,31.6,1975.1,1970.8,1983.3,1980.2,136.7,174.2,166.5,159.4,18.0,23.2,24.0,22.3,17.0,29.1,36.3,32.3,6.1,4.2,1.9,459.2,313.3,145.9,468.1,319.3,148.7
Lighthouse Point,16,15,286.2,312.8,1997.6,1996.3,1994.7,1990.5,448.2,1032.3,1301.8,952.7,58.0,112.2,310.8,275.6,18.5,41.1,7.5,7.7,50.1,45.7,4.4,3802.2,3475.1,327.0,3875.2,3541.9,333.3
Saint Helens,16,9,2.3,1.6,1985.8,1984.1,1978.2,1979.6,106.5,415.2,355.3,301.2,21.5,103.6,162.1,160.0,10.5,27.4,10.1,10.8,4.4,3.8,0.5,329.7,288.7,41.0,336.0,294.3,41.8
Georgetown,16,11,20.5,11.6,1986.1,1987.0,1993.0,1984.7,142.4,594.8,1014.6,570.7,36.5,136.8,144.2,351.6,16.5,87.4,478.6,163.2,13.5,6.7,6.9,1016.3,500.5,515.7,1035.8,510.2,525.6
Cadiz,16,2,0.8,0.3,1985.0,1985.0,1985.0,1985.0,81.9,75.3,99.3,99.3,15.0,15.0,20.6,20.6,8.5,10.5,17.3,17.3,1.0,0.7,0.3,72.5,51.1,21.4,73.9,52.1,21.8
Leonia,16,11,0.8,0.6,1988.4,1989.0,1985.6,1985.6,82.7,146.8,162.3,160.1,23.5,98.4,92.6,96.5,6.0,72.3,181.6,190.7,3.0,2.0,1.0,226.0,152.3,73.7,230.3,155.2,75.1
Hoquiam,16,9,16.2,23.9,1977.1,1985.0,2006.7,2010.1,396.2,932.0,453.0,420.2,29.0,532.9,160.7,112.5,128.0,130.5,47.3,32.3,19.1,11.9,7.2,1432.7,890.9,541.8,1460.2,908.0,552.2
Stony Point,16,9,1.2,0.4,1989.0,1986.0,1991.9,1990.3,108.3,159.7,188.4,157.5,19.0,38.3,33.5,41.1,20.0,58.8,33.9,38.3,2.8,1.7,1.0,206.7,129.1,77.6,210.7,131.6,79.1
Rockport,15,10,1.8,1.1,1972.3,1977.6,1985.3,1992.5,90.1,105.3,130.1,168.6,19.0,26.6,23.5,22.5,10.0,26.6,42.4,58.7,2.7,2.2,0.5,206.3,166.8,39.5,210.2,170.0,40.2
Menemsha,15,12,39.6,32.3,1998.6,1998.5,2002.8,2008.2,296.6,844.8,331.9,354.3,114.0,240.0,272.7,163.1,70.0,239.4,183.8,160.7,20.3,11.9,8.4,1520.7,893.2,627.5,1549.9,910.3,639.6
Marblehead,15,7,35.4,4.2,1996.8,2000.0,2009.7,2008.9,819.6,413.9,715.6,634.8,27.0,29.6,56.6,55.4,24.0,31.1,35.3,35.0,12.2,8.3,3.9,917.6,624.1,293.6,935.3,636.0,299.2
Newportville,15,13,350.6,589.9,2000.2,1998.3,2012.9,2013.0,293.7,525.8,882.6,877.2,39.0,69.0,238.6,235.2,37.0,63.0,49.4,49.2,29.5,24.4,5.2,2219.9,1831.4,388.5,2262.5,1866.5,396.0
Patchogue,15,15,58.3,67.1,2004.0,2004.0,2006.7,2007.5,76.6,205.8,81.2,79.9,17.0,58.9,19.6,19.3,30.0,63.5,39.2,33.1,14.6,5.8,8.8,1096.2,438.6,657.7,1117.3,447.0,670.3
Port Armstrong,15,12,2.1,1.7,1974.5,1978.2,1990.6,1988.2,121.4,199.9,314.6,417.0,16.0,22.3,58.4,68.1,22.0,60.0,41.4,27.6,4.1,2.3,1.8,309.9,171.7,138.3,315.9,174.9,140.9
Bear Island,15,12,17.7,21.7,1982.7,1983.2,2001.8,2003.5,269.9,609.7,1036.0,1221.0,67.0,134.2,153.5,166.4,23.0,132.5,72.4,80.0,19.5,14.6,4.9,1467.5,1096.0,371.5,1495.7,1117.0,378.6
Puget Sound,15,15,84.8,45.9,1977.2,1977.2,1965.2,1963.3,670.8,2822.8,4968.6,4334.7,432.0,646.0,1252.9,1061.4,20.0,346.4,465.1,526.4,59.6,47.9,11.7,4474.2,3596.2,878.0,4560.1,3665.3,894.9
Apalachicola,15,7,3.0,2.7,1988.3,1985.9,2001.2,2003.0,242.3,852.9,1009.6,987.2,70.0,85.7,154.6,178.4,21.0,123.7,338.1,457.1,7.6,5.2,2.4,568.0,390.4,177.6,578.9,397.9,181.0
Bremerton,15,12,231.8,72.5,1989.5,1987.9,1971.8,1973.3,231.7,5244.6,7056.5,6534.7,109.0,571.2,2059.1,1826.2,88.0,261.3,419.5,392.4,168.4,125.5,43.0,12644.5,9419.4,3225.0,12887.2,9600.3,3287.0
Oleum,14,7,20.1,34.4,1999.9,1996.6,2002.6,2002.5,166.6,313.8,232.5,234.1,34.5,62.9,20.3,19.4,13.5,16.7,3.4,3.1,4.1,3.3,0.8,307.0,244.3,62.8,312.9,249.0,64.0
Wintersville,14,6,0.6,0.6,1976.7,1976.0,1977.6,1978.4,79.9,128.3,173.3,274.3,21.0,44.4,237.5,288.8,7.0,20.9,83.7,97.6,2.8,2.1,0.7,212.6,159.6,53.0,216.7,162.7,54.0
Crescent City,14,9,10.5,5.7,1982.0,1983.1,1970.4,1961.8,405.6,487.3,698.8,879.0,65.5,87.3,186.8,205.3,25.5,123.2,148.3,125.1,9.4,5.7,3.7,707.6,430.5,277.1,721.1,438.8,282.4
Racine,14,3,1.3,2.1,1971.2,1971.7,1976.9,1978.6,93.5,118.7,85.2,74.6,21.5,18.3,21.1,16.0,26.5,20.8,19.2,13.6,2.1,1.2,0.8,154.5,92.0,62.5,157.5,93.8,63.7
New Martinsville,14,8,0.6,0.4,1973.4,1974.1,1972.1,1973.3,85.6,183.0,119.5,165.6,32.0,72.4,87.9,106.0,8.0,15.8,30.8,41.9,1.4,1.1,0.3,102.9,81.0,21.9,104.9,82.5,22.4
Port Madison,14,9,5.9,2.9,1981.9,1976.8,1969.0,1967.1,94.8,670.9,524.0,593.3,34.0,247.4,126.3,135.3,25.0,172.4,161.3,234.2,12.2,7.9,4.3,914.1,593.4,320.8,931.7,604.7,326.9
Lorain,14,9,24.1,38.2,1965.1,1972.3,1964.9,1964.4,101.6,168.7,179.4,187.7,19.5,21.1,34.1,34.4,7.0,10.8,12.9,12.2,5.3,4.9,0.3,396.3,371.3,24.9,403.9,378.5,25.4
Kotzebue,14,11,22.6,25.6,1987.0,1984.2,1988.3,1999.9,1147.0,1420.0,618.6,468.6,391.0,398.1,258.3,98.6,27.5,59.3,55.6,68.4,19.7,18.2,1.5,1487.2,1373.2,114.0,1515.8,1399.6,116.2
Bayonne,14,13,68.4,114.9,1983.9,1984.5,2013.9,2013.9,71.3,269.3,2081.8,2205.0,13.0,36.3,203.3,203.7,15.5,20.3,29.0,29.0,8.2,7.1,1.1,623.8,542.7,81.2,635.8,553.1,82.7
Mount Vernon,14,7,1.2,0.5,1977.6,1981.7,1979.6,1978.4,135.5,253.7,157.7,181.2,37.0,42.9,47.6,41.5,10.0,27.8,27.6,18.3,2.1,1.5,0.6,158.9,112.4,46.5,161.9,114.5,47.4
Beaufort,13,10,38.2,52.2,1986.2,1990.9,1999.9,1999.0,286.9,723.9,744.1,730.5,35.0,96.1,103.2,103.8,24.0,428.6,60.4,61.2,15.6,6.9,8.7,1178.6,521.8,656.8,1201.2,531.8,669.4
Ooltewah,13,1,0.9,0.2,1964.0,1964.0,1964.0,1964.0,93.7,93.7,87.2,87.2,19.0,19.0,20.9,20.9,6.0,6.0,7.8,7.8,0.3,0.2,0.1,18.9,13.0,5.9,19.3,13.3,6.0
Gales Ferry,13,4,11.3,7.0,2003.0,1995.8,2003.8,2005.8,259.7,6049.5,859.3,547.2,31.0,285.6,505.0,245.3,37.0,74.2,122.8,58.3,28.5,23.4,5.1,2139.2,1756.9,382.2,2180.2,1790.7,389.6
Annisquam Harbour,13,8,21.3,20.8,1995.9,1997.9,2005.5,2011.1,431.7,755.4,744.0,1028.5,15.0,73.0,173.8,96.0,7.0,117.2,114.8,109.2,15.1,10.2,4.9,1135.7,767.9,367.7,1157.5,782.7,374.8
Tawas City,13,5,55.7,115.6,1980.1,1978.6,1975.0,1974.1,424.0,369.8,417.1,423.0,37.0,38.2,42.6,42.1,13.0,23.4,22.6,23.6,10.3,9.6,0.7,770.1,719.8,50.3,784.9,733.6,51.3
Warsaw,13,8,0.8,0.4,1972.3,1973.1,1969.9,1970.4,131.3,206.3,144.7,179.1,43.0,46.0,58.4,79.6,2.0,3.8,4.5,4.7,1.5,1.4,0.1,113.0,107.8,5.3,115.2,109.8,5.4
Fleming Island,13,9,14.2,8.6,1982.4,1985.3,1995.3,1986.3,662.0,821.4,652.7,777.7,102.0,196.2,118.6,148.7,32.0,85.6,17.7,24.4,10.2,8.6,1.6,765.8,644.1,121.7,780.5,656.4,124.1
Iuka,13,5,1.2,0.7,1991.5,1987.6,1993.0,1996.8,171.7,150.5,100.5,110.7,28.0,23.6,21.7,26.5,23.0,43.0,60.3,59.2,2.0,1.1,0.9,147.4,79.2,68.2,150.3,80.7,69.6
Pensacola Beach,12,8,35.5,66.2,1977.8,1982.1,2007.4,2005.8,542.9,494.4,524.5,545.2,56.0,54.0,22.0,29.3,74.0,81.8,50.1,56.4,12.2,5.5,6.7,918.9,416.3,502.5,936.5,424.3,512.2
Orca,12,4,25.8,4.1,1982.1,1993.2,1990.6,1983.0,412.8,1250.3,945.3,613.6,67.0,198.0,328.7,173.6,10.0,75.2,140.7,63.2,19.6,15.3,4.3,1468.6,1148.8,319.9,1496.8,1170.8,326.0
Vanceburg,12,7,0.5,0.2,1972.9,1973.6,1971.2,1972.5,108.2,111.4,97.3,103.3,18.5,19.4,23.5,21.9,8.0,7.3,5.7,6.2,0.7,0.6,0.1,53.3,45.3,8.0,54.3,46.2,8.2
Waukegan,12,5,44.2,89.4,1974.4,1976.0,1979.8,1976.2,336.5,1247.6,356.0,313.6,28.0,199.9,30.9,29.0,16.0,195.4,147.8,73.9,18.2,9.2,8.9,1363.0,691.4,671.5,1389.2,704.7,684.4
Butler,12,6,0.7,0.2,1972.2,1974.5,1969.7,1971.7,100.3,97.4,121.7,114.5,17.0,17.7,31.5,28.5,6.0,10.6,8.8,10.3,0.9,0.8,0.1,70.9,61.9,9.0,72.3,63.1,9.1
Henderson,12,6,0.8,0.3,1973.2,1974.7,1972.8,1971.2,97.1,143.2,119.8,147.0,47.5,52.3,56.5,58.4,3.5,7.0,7.6,10.6,1.3,1.2,0.1,94.7,88.7,6.1,96.6,90.4,6.2
Amagansett,12,10,180.9,270.7,2005.7,2008.0,2010.0,2009.8,239.6,750.4,534.5,708.4,31.0,109.8,220.6,222.4,48.0,102.6,132.4,152.8,24.8,19.1,5.7,1895.0,1465.4,429.6,1931.4,1493.5,437.9
Dickson,12,2,1.1,0.3,1985.0,1985.0,1985.0,1985.0,167.8,167.8,175.6,175.6,30.0,29.5,43.8,43.8,9.5,9.5,36.6,36.6,1.5,1.2,0.3,116.1,90.4,25.7,118.3,92.1,26.2
Mauckport,12,6,1.1,0.3,1973.5,1972.5,1972.8,1973.4,185.8,136.1,201.5,175.5,23.5,34.9,65.0,62.6,11.0,10.7,14.0,14.0,1.2,1.0,0.2,87.4,71.7,15.8,89.1,73.0,16.1
Edgartown,11,7,7.1,3.3,1995.4,1993.7,1992.1,1994.6,157.8,381.9,272.3,226.8,57.0,147.9,276.1,261.9,24.0,50.1,111.7,106.3,4.4,3.3,1.1,328.0,247.9,80.1,334.3,252.7,81.6
Bandon,11,9,19.2,3.7,1980.5,1983.0,1980.7,1981.7,427.4,1123.8,1016.6,878.6,82.0,162.9,232.3,253.5,26.0,177.1,86.8,297.4,12.4,9.3,3.0,927.5,701.5,226.0,945.3,714.9,230.3
Bath,11,9,4.4,1.1,1983.0,1986.3,2001.3,1996.7,122.9,1068.2,822.4,522.1,48.0,375.7,816.2,814.5,10.0,36.1,43.2,44.6,12.9,11.8,1.2,970.5,882.4,88.1,989.1,899.3,89.8
Edmonds,11,9,506.8,73.8,1983.5,1983.0,1994.2,1989.1,2662.0,4178.9,12692.4,7404.6,296.0,741.7,3520.7,2900.0,37.0,99.9,139.2,135.0,194.2,179.8,14.4,14580.6,13497.9,1082.7,14860.6,13757.1,1103.5
Perryman,11,8,0.8,0.5,1996.3,1997.0,2000.7,2002.1,204.0,202.2,210.0,196.9,39.0,75.4,75.7,65.9,11.0,25.8,22.8,26.6,2.6,2.3,0.4,196.0,169.5,26.5,199.7,172.8,27.0
Marinette,11,9,17.1,26.4,1980.9,1982.7,2003.5,2004.1,56.3,133.8,172.5,177.8,8.0,16.2,18.8,18.4,31.0,29.7,16.6,14.8,3.5,3.0,0.5,265.8,227.3,38.5,270.9,231.7,39.2
Chickasaw,11,6,0.6,0.7,1994.5,1992.8,1987.6,1986.9,218.5,232.3,268.6,271.1,54.0,37.5,56.8,58.1,11.0,15.8,13.6,13.1,1.6,1.3,0.3,119.4,98.5,20.9,121.7,100.4,21.3
Tanaga Bay,11,8,13.3,8.0,1980.2,1980.2,1985.9,1986.4,420.7,1115.4,1849.4,1979.0,59.0,126.4,196.9,199.7,46.0,165.2,447.6,463.5,6.2,3.0,3.3,465.9,221.5,244.4,474.8,225.7,249.1
Meredoisa,10,2,0.7,0.2,1986.2,1991.0,1984.3,1985.9,113.1,110.6,118.6,117.3,28.5,25.8,44.7,42.3,5.5,3.8,8.2,7.4,0.8,0.7,0.1,59.7,52.3,7.4,60.9,53.3,7.5
Houghton,10,6,18.2,18.9,1975.2,1979.0,1963.9,1963.7,217.2,579.8,411.9,241.2,24.5,29.0,400.6,115.6,16.0,304.7,687.2,714.5,17.8,7.4,10.4,1333.3,552.1,781.2,1358.9,562.7,796.2
Corralitos,10,2,1.5,1.1,2000.9,1999.5,2000.1,2001.2,216.3,216.3,260.4,268.7,67.0,59.5,87.2,95.9,43.5,39.0,143.4,119.7,6.8,2.6,4.2,513.9,195.7,318.2,523.7,199.4,324.3
Port St Joe,10,8,1.9,3.4,1971.9,1976.8,1979.7,1970.0,251.9,669.4,712.9,825.7,43.5,77.3,113.1,196.8,45.0,50.2,77.3,86.0,5.8,3.8,2.0,437.4,286.3,151.1,445.8,291.8,154.0
Saint Johns,10,8,1.3,0.7,1982.8,1984.6,1995.6,1987.1,281.5,357.2,297.7,319.1,45.0,103.8,82.9,135.6,39.5,358.0,319.7,610.0,10.7,3.2,7.5,802.0,238.5,563.5,817.4,243.1,574.3
Powells Point,10,2,0.3,0.3,1969.3,1974.5,1968.3,1968.2,155.2,107.8,174.4,177.9,26.0,24.5,50.1,50.4,21.0,11.0,30.2,30.5,1.4,1.1,0.2,102.5,85.5,16.9,104.4,87.2,17.3
Bodega Bay,10,7,18.0,26.9,1999.6,1997.9,2005.3,2006.4,231.2,278.3,130.1,117.8,21.0,53.1,30.2,27.3,157.0,222.7,192.3,144.9,12.2,2.4,9.8,919.5,181.8,737.7,937.1,185.3,751.9
Coupeville,10,6,2.7,2.1,1968.8,1971.3,1967.2,1966.7,95.7,524.3,574.4,804.1,9.5,100.0,115.5,130.5,91.0,124.3,406.2,410.6,9.3,2.1,7.2,699.4,155.8,543.7,712.9,158.8,554.1
Port Gamble,10,5,1.7,1.3,1972.0,1980.6,1999.9,1992.8,68.9,609.8,202.5,245.8,11.0,86.8,76.2,132.3,87.5,233.2,210.7,315.8,6.0,1.2,4.8,449.5,92.3,357.2,458.2,94.1,364.1
Mosier,10,3,1.2,0.2,1979.6,1969.3,1983.5,1982.2,73.7,73.6,99.6,94.5,23.5,19.8,42.4,40.3,5.0,4.3,6.9,6.7,5.3,3.9,1.4,397.7,294.9,102.8,405.3,300.5,104.8
Brewster,10,2,0.8,0.7,1965.9,1969.5,1965.3,1965.5,165.9,165.9,248.3,247.8,37.5,41.5,47.8,47.8,56.0,79.5,108.6,108.7,2.9,1.3,1.5,215.5,100.3,115.3,219.7,102.2,117.5
Madison Park,9,7,4.2,4.0,1967.4,1966.7,1975.8,1977.5,237.6,842.1,654.3,1234.8,202.0,576.0,368.5,245.1,10.0,46.6,126.4,111.2,37.5,36.2,1.3,2813.4,2718.1,95.3,2867.4,2770.3,97.1
Capitola,9,5,20.0,6.9,2004.9,2004.4,2011.2,2010.6,336.1,1251.9,1800.2,1474.2,69.0,194.0,335.5,332.4,36.0,176.6,538.2,510.0,10.3,5.9,4.4,771.1,444.3,326.7,785.9,452.9,333.0
Lake Park,9,8,1.2,0.9,1982.7,1984.8,1990.5,1989.1,289.5,329.4,327.0,311.3,26.0,47.8,59.8,68.9,59.0,91.1,105.1,116.8,3.0,1.8,1.2,227.4,133.6,93.8,231.7,136.2,95.6
Algonac,9,7,15.5,26.6,1985.7,1983.3,1978.3,1977.5,125.9,159.3,146.6,128.1,14.0,19.2,24.9,23.2,21.0,26.1,26.3,26.6,3.2,2.5,0.7,238.1,184.4,53.7,242.7,187.9,54.8
Point Roberts,9,8,29.6,47.0,1984.4,1983.5,2006.8,2006.9,130.4,279.7,924.4,972.1,53.0,160.4,86.2,86.1,64.0,129.6,27.9,27.5,9.9,6.6,3.3,740.4,496.0,244.4,754.6,505.5,249.1
"Stony Point, Rockland",9,8,0.3,0.2,1991.6,1994.0,1995.9,1997.6,85.6,124.2,91.7,112.2,20.0,26.8,29.4,30.7,13.0,14.9,17.5,15.0,1.0,0.8,0.2,72.0,60.3,11.7,73.4,61.5,11.9
Goodnews,9,7,1.4,0.7,1998.3,1995.1,2004.0,2002.6,274.6,536.9,709.0,617.8,101.0,217.9,425.5,417.5,23.0,26.7,31.6,31.6,4.4,4.1,0.3,327.4,305.5,21.9,333.7,311.3,22.3
Wauna Range,9,5,13.2,15.2,1975.1,1977.6,1981.4,1981.7,232.6,413.2,1045.5,1070.3,31.0,45.8,91.1,90.7,13.0,85.4,343.2,351.2,4.8,3.1,1.7,360.4,230.9,129.5,367.3,235.3,132.0
Tonawanda,9,4,1.2,0.6,1969.6,1969.2,1967.9,1969.9,230.1,326.5,344.2,321.1,33.0,39.2,64.7,65.0,42.0,37.2,57.6,52.8,4.6,4.1,0.5,343.5,306.6,36.9,350.1,312.5,37.6
Florence,9,6,4.4,1.7,1975.0,1979.0,1994.0,1991.2,120.9,444.1,659.0,556.4,28.0,61.2,39.6,48.1,21.0,109.5,448.0,400.9,5.1,2.2,2.9,386.2,168.6,217.6,393.7,171.9,221.8
Tuckahoe,9,9,39.2,48.8,2002.9,2002.9,2004.0,2004.1,99.7,102.3,98.6,98.9,12.0,15.1,16.5,18.5,30.0,88.2,42.3,47.4,14.2,3.4,10.8,1068.7,257.5,811.2,1089.3,262.5,826.8
Blawnox,9,2,0.2,0.2,1975.0,1975.0,1975.0,1975.0,131.5,100.3,164.2,166.1,29.0,25.8,75.4,76.9,10.0,10.0,13.4,14.1,0.5,0.3,0.1,35.1,25.8,9.3,35.8,26.3,9.4
Somerset,9,6,18.0,27.2,1996.2,1994.3,2014.8,2015.5,586.3,399.7,597.8,588.8,20.0,28.1,57.2,59.1,27.0,29.8,16.6,14.9,4.9,3.0,1.9,368.8,225.3,143.5,375.9,229.6,146.3
Columbia,9,5,26.0,25.5,1981.6,1990.4,2008.5,2008.1,231.9,273.1,280.1,271.7,25.0,45.8,78.2,80.5,21.0,29.6,20.6,21.0,4.9,3.7,1.2,367.6,277.5,90.1,374.6,282.8,91.8
Flagler Beach,9,9,2.2,1.4,1986.1,1986.1,1995.2,1995.0,175.9,328.2,215.1,221.6,30.0,46.9,98.9,85.9,12.0,37.3,11.8,18.5,3.0,2.5,0.5,224.3,188.0,36.3,228.6,191.6,37.0
Beacon,9,7,5.0,3.7,2000.9,1999.3,1989.9,1989.1,92.8,1330.9,735.5,1322.8,27.0,45.4,174.8,186.2,22.0,249.4,1292.3,1405.7,5.3,2.1,3.2,395.0,154.3,240.7,402.6,157.2,245.4
Longboat Key,9,9,120.8,178.2,1995.7,1995.7,1999.8,2000.0,419.1,856.0,2247.3,2277.0,69.0,92.1,204.6,204.1,19.0,72.3,186.6,186.3,22.8,12.7,10.1,1710.3,952.3,757.9,1743.1,970.6,772.5
Port Hadlock,8,2,1.2,1.3,1974.9,1989.5,1999.2,2001.1,120.6,226.6,292.4,303.6,26.0,30.5,47.0,45.7,20.5,20.0,50.8,44.7,2.5,1.7,0.8,188.1,126.5,61.6,191.7,129.0,62.8
Summerland Key,8,7,237.6,356.8,1998.0,1997.7,2005.8,2006.9,703.1,1199.9,1298.9,1949.9,105.0,134.4,153.7,170.9,36.0,120.9,72.8,80.9,39.5,32.7,6.8,2982.0,2470.9,511.1,3039.2,2518.3,520.9
Kingston,8,3,13.1,2.2,1979.5,1982.0,1996.0,1987.4,76.8,1609.6,935.3,830.2,16.0,132.8,61.9,148.7,54.5,46.8,72.5,57.7,12.2,7.5,4.8,918.3,561.0,357.4,936.0,571.7,364.2
Cedar River,8,7,4.1,6.6,1977.8,1977.1,1971.2,1973.8,110.4,120.9,99.4,109.6,14.0,17.6,13.0,13.7,24.5,25.4,17.6,15.6,1.4,1.1,0.3,107.6,85.1,22.5,109.7,86.7,23.0
Noank,8,7,1.0,0.6,1985.4,1985.9,1990.7,1985.1,185.5,451.8,335.3,310.1,26.0,83.6,68.1,45.6,21.0,58.1,92.0,87.0,3.4,1.8,1.6,255.5,131.9,123.6,260.4,134.4,126.0
Alpine,8,3,0.5,0.4,1970.8,1977.0,1970.3,1970.9,277.7,303.4,297.5,301.7,43.5,49.2,50.4,51.6,19.5,38.2,53.0,50.7,2.2,1.4,0.8,168.1,105.6,62.5,171.3,107.6,63.7
Winchester Bay,8,6,0.8,0.5,1974.1,1974.8,1975.3,1974.6,229.7,408.6,256.6,271.0,52.5,155.5,134.6,134.7,61.5,269.8,216.9,254.7,6.0,2.7,3.4,453.0,199.1,254.0,461.7,202.9,258.8
New Harbor,8,5,7.5,7.1,2007.0,2010.0,2005.9,2006.5,168.8,546.3,135.8,92.9,30.0,361.0,142.2,100.4,17.5,16.4,161.0,52.7,9.7,7.3,2.4,731.9,548.4,183.5,745.9,558.9,187.1
Laurel,8,2,0.2,0.3,1984.0,1984.0,1984.0,1984.0,142.3,145.0,205.1,205.1,24.5,24.5,41.5,41.5,7.0,9.5,9.7,9.7,1.1,0.9,0.2,79.6,66.5,13.1,81.2,67.8,13.4
Aransas Pass,8,5,2.1,3.4,1989.4,1994.4,1999.3,2001.2,282.2,801.1,505.2,489.5,38.5,186.2,194.0,169.5,25.5,92.3,238.0,257.6,6.5,4.4,2.1,487.0,328.0,159.1,496.4,334.3,162.1
Oak Bluffs,8,7,7.3,1.0,1993.9,1992.4,1997.5,1995.3,209.9,492.3,155.5,161.4,23.0,78.7,28.0,33.6,9.5,26.6,15.4,15.4,5.0,3.1,1.8,371.7,233.8,137.9,378.8,238.3,140.5
Barrow,8,7,27.8,21.7,1993.5,1996.3,2000.1,2002.7,1196.4,1226.8,1097.4,945.4,297.0,423.2,196.0,257.3,47.0,61.8,39.9,54.0,33.5,30.2,3.3,2539.5,2294.6,244.9,2588.3,2338.7,249.6
Monmouth Beach,8,6,103.7,174.4,1990.4,1993.2,2003.1,2003.6,142.0,627.6,872.1,1588.0,38.5,82.7,230.2,234.6,79.5,90.8,44.7,38.4,12.8,8.9,3.9,965.3,669.0,296.3,983.8,681.8,302.0
Bunola,8,4,0.2,0.2,1978.4,1976.2,1978.3,1978.2,151.7,169.7,164.9,163.1,38.5,37.5,40.7,40.3,13.5,22.0,164.0,146.8,1.0,0.4,0.6,76.7,29.6,47.1,78.2,30.2,48.0
Dayton,7,4,0.3,0.1,1974.7,1976.5,1974.5,1974.4,89.9,97.5,85.7,92.0,27.0,27.5,32.1,33.7,7.0,7.2,7.7,7.1,0.4,0.3,0.1,27.9,23.6,4.3,28.4,24.0,4.4
Greenport,7,5,3.5,2.1,1977.1,1975.8,1977.6,1978.3,1005.7,881.0,915.1,922.5,82.0,319.9,283.9,325.3,161.0,161.5,192.1,172.8,7.5,6.1,1.3,561.9,461.6,100.3,572.7,470.4,102.2
St Louis,7,3,0.7,0.2,1976.7,1977.7,1974.6,1975.5,156.7,155.5,182.8,178.0,25.0,37.8,36.6,45.3,14.0,49.5,17.6,35.3,1.6,1.3,0.3,121.1,98.8,22.3,123.4,100.7,22.7
Beaver,7,5,0.2,0.2,1975.3,1975.4,1975.9,1975.8,137.9,160.8,171.5,173.7,80.0,107.7,67.6,71.9,108.0,85.6,103.6,105.2,1.1,0.6,0.5,80.6,41.9,38.7,82.1,42.7,39.5
Oregon,7,4,9.2,13.3,1963.9,1965.0,1963.9,1964.2,52.2,87.0,86.2,85.3,8.0,12.4,17.6,17.2,23.0,46.1,37.7,40.7,1.6,1.1,0.5,120.3,85.5,34.8,122.6,87.1,35.4
Sagaponack,7,6,24.6,26.9,2003.1,2006.7,2010.6,2010.6,118.1,176.7,111.1,111.3,19.0,37.6,15.0,14.9,21.0,55.2,22.4,21.8,4.0,2.3,1.7,303.0,175.8,127.2,308.8,179.2,129.6
Belden,7,5,0.4,0.5,1997.4,1995.0,1998.9,2000.7,205.1,215.2,224.1,297.3,36.0,31.4,34.9,38.5,9.0,24.8,26.0,25.6,0.8,0.6,0.2,57.8,42.3,15.4,58.9,43.2,15.7
Navarre,7,6,5.0,8.4,1975.6,1977.5,2000.0,1992.8,417.0,906.4,457.6,516.6,100.0,160.1,62.3,129.2,24.0,82.6,38.0,76.6,9.1,6.3,2.8,686.0,472.9,213.1,699.1,482.0,217.2
Shalimar,7,5,2.5,3.0,1987.0,1996.2,2007.2,2001.5,176.0,654.2,234.3,182.2,46.0,133.8,143.4,51.4,11.0,40.2,47.0,23.6,4.0,2.5,1.5,304.0,188.9,115.1,309.8,192.5,117.3
Neptune City,7,7,37.8,37.5,2007.6,2007.6,2010.9,2011.0,99.3,266.6,88.9,90.6,14.0,26.1,11.4,10.4,41.0,46.3,49.5,51.3,6.3,2.1,4.2,469.8,157.8,312.0,478.8,160.8,318.0
Millport,7,3,0.2,0.2,1993.3,1991.3,1992.5,1990.1,132.7,212.2,200.5,191.0,32.0,39.5,46.1,45.0,9.0,8.0,22.4,24.8,0.8,0.6,0.1,57.7,47.5,10.2,58.8,48.5,10.4
Vienna,7,4,0.7,0.2,1992.4,1998.8,2006.1,1995.0,152.7,209.6,230.7,184.3,25.0,28.0,31.6,30.4,11.0,18.2,8.8,18.6,1.0,0.8,0.3,78.6,58.9,19.8,80.1,60.0,20.1
Bradwood,7,5,2.1,3.0,1984.4,1985.4,1982.6,1982.6,114.6,121.8,126.6,127.1,55.0,52.4,47.8,47.8,10.0,11.8,16.3,18.8,1.6,1.5,0.2,123.1,111.2,11.8,125.4,113.4,12.1
Port Mackenzie,7,4,10.7,2.2,1988.7,1990.5,2002.8,2000.6,73.9,788.1,2138.8,952.2,31.0,74.8,369.8,325.6,15.0,445.4,94.5,263.7,9.8,4.5,5.3,735.5,335.0,400.4,749.6,341.5,408.1
Indialantic,7,7,28.7,37.8,1992.1,1992.1,2002.4,2002.9,157.8,704.3,319.4,304.8,20.0,89.0,232.8,223.6,33.0,61.4,13.8,15.7,10.9,8.7,2.1,816.0,654.6,161.4,831.7,667.2,164.5
St. James,7,7,123.4,231.9,2007.9,2007.9,2008.1,2008.3,168.5,320.2,620.6,658.6,28.0,44.3,114.9,117.0,21.0,30.4,26.4,25.4,12.2,8.4,3.9,920.5,627.0,293.5,938.2,639.0,299.2
Point Arena,7,7,24.7,26.4,2000.4,2000.4,1998.2,1995.4,117.5,550.2,150.9,125.0,18.0,87.9,84.6,45.3,20.0,101.1,24.2,18.7,6.1,4.2,1.8,456.0,318.5,137.5,464.8,324.6,140.1
Fort Lauderdale,7,6,3.3,3.3,1999.6,2005.2,2011.0,2012.3,91.6,369.5,52.5,32.9,18.0,40.2,64.4,47.5,31.0,41.0,42.1,41.3,9.3,5.5,3.8,698.5,416.6,281.9,711.9,424.6,287.3
Catalina Island,7,6,10.6,5.8,1991.4,1992.5,1998.6,1999.4,163.8,354.2,113.9,104.5,16.0,94.8,121.7,93.4,25.0,231.5,37.6,46.3,5.8,2.5,3.3,437.3,189.8,247.5,445.6,193.4,252.2
South Kingstown,7,5,0.8,0.4,1981.7,1982.8,1995.1,1988.4,121.3,662.2,543.5,322.5,23.0,38.2,74.5,81.3,7.0,22.2,37.9,60.9,3.2,2.5,0.7,239.9,190.9,49.0,244.6,194.6,50.0
Jakolof Bay,7,5,0.4,0.2,1978.7,1979.4,1979.0,1978.6,164.2,213.6,220.6,197.2,21.0,36.0,53.6,45.5,22.0,25.0,33.5,32.0,1.5,1.2,0.3,112.4,88.5,23.8,114.5,90.2,24.3
Capitan,7,3,40.1,42.5,1995.9,1998.3,2016.8,2016.8,110.6,180.7,280.3,278.9,28.0,41.7,27.2,27.3,21.0,38.3,55.8,55.7,4.4,2.8,1.6,333.9,213.7,120.2,340.3,217.8,122.5
Trinidad Bay,6,4,21.5,20.7,2005.7,2006.0,2004.1,2001.9,216.7,565.8,325.3,292.4,30.0,124.8,128.4,73.2,27.0,68.8,77.8,54.8,7.1,5.2,1.9,535.1,392.1,143.0,545.4,399.6,145.7
John F Kennedy Space Center/Cape Canaveral,6,6,43.4,72.1,1984.7,1984.7,1980.1,1980.0,333.5,615.4,1759.3,1820.5,38.0,57.3,99.3,98.9,35.5,98.5,42.8,42.7,8.5,6.6,1.9,638.6,495.5,143.1,650.8,505.0,145.9
Jonesport,6,5,0.8,0.2,1993.0,1992.0,1997.6,1993.7,141.5,132.6,163.7,151.4,11.0,14.3,17.8,18.2,16.5,289.3,927.2,814.3,5.4,0.5,4.8,404.2,40.8,363.4,411.9,41.6,370.4
La Pointe,6,6,16.6,30.8,1972.0,1972.0,1976.1,1976.2,63.8,102.7,121.2,117.2,7.5,16.2,42.4,41.0,15.0,22.2,8.8,9.4,2.5,2.2,0.4,189.1,161.6,27.5,192.7,164.7,28.0
Santa Cruz,6,4,5.1,2.0,1994.8,1992.5,2009.0,2007.0,447.6,682.8,1049.3,767.0,177.0,199.8,277.2,273.0,211.5,198.0,208.0,228.0,6.6,3.5,3.1,496.2,261.8,234.4,505.7,266.9,238.9
Atlantic Beach,6,5,6.1,5.2,1985.7,1986.6,1984.5,1974.8,290.8,335.9,289.2,310.2,36.0,39.7,33.6,23.3,28.5,28.1,31.1,52.2,2.1,1.3,0.7,154.0,100.1,53.9,157.0,102.0,55.0
Rye,6,4,0.4,0.3,1984.5,1985.8,1980.5,1985.7,140.1,282.4,313.2,229.8,18.5,43.5,84.5,64.1,66.0,36.5,26.4,36.3,1.9,1.5,0.3,140.3,115.5,24.8,143.0,117.7,25.3
George Inlet,6,4,1.0,0.4,1979.8,1987.2,1988.2,1972.5,241.4,622.3,398.7,366.0,32.0,103.2,185.3,111.3,41.5,41.0,70.2,92.0,2.3,1.8,0.6,175.5,131.9,43.6,178.8,134.4,44.5
East Setauket,6,6,0.3,0.3,1993.3,1993.3,1995.8,1996.2,84.6,94.3,83.4,82.7,40.0,273.0,174.2,185.6,20.5,26.2,31.1,30.0,1.8,1.6,0.2,135.9,121.6,14.3,138.5,123.9,14.6
Stonington,5,4,2.4,0.8,1992.0,1991.0,1998.4,1993.8,186.3,1866.1,826.5,404.7,26.0,65.1,133.1,100.8,27.0,282.1,662.2,474.8,5.4,2.5,2.9,403.7,185.7,218.1,411.5,189.2,222.2
Port Chicago,5,4,5.7,5.9,2000.2,2000.2,2001.1,2001.4,244.7,730.9,605.3,673.3,97.0,128.0,198.3,203.5,59.0,51.9,56.0,57.7,5.3,4.8,0.5,399.7,362.6,37.1,407.4,369.5,37.8
Duxbury,5,4,2.0,0.4,1996.2,1996.2,2000.7,1998.4,415.1,1182.4,277.9,329.4,66.0,194.5,308.7,300.7,5.0,19.4,8.9,12.2,4.2,3.8,0.4,312.9,281.7,31.2,318.9,287.1,31.8
Carrabelle,5,3,1.1,0.5,2003.0,2006.3,2007.5,2005.7,368.0,288.6,308.1,288.0,71.0,52.0,66.5,67.4,27.0,96.3,78.7,68.9,1.2,0.9,0.3,91.5,70.5,21.0,93.2,71.8,21.4
Croxton,5,4,0.2,0.2,1977.8,1978.8,1982.4,1976.9,119.8,178.9,146.9,228.2,18.0,20.4,44.3,50.7,5.0,21.2,63.8,79.2,0.4,0.2,0.2,30.6,18.1,12.5,31.2,18.5,12.8
Ellwood,5,1,0.2,0.3,1999.0,1999.0,1999.0,1999.0,47.1,47.1,72.2,72.2,8.0,8.0,9.5,9.5,20.0,20.0,37.7,37.7,0.8,0.3,0.5,57.6,22.8,34.9,58.7,23.2,35.5
Miami,5,4,0.9,0.3,1992.6,1990.8,1999.2,1995.8,127.5,264.7,229.6,105.2,74.0,76.5,92.2,116.1,6.0,253.2,520.8,451.2,4.9,1.2,3.7,368.6,92.9,275.7,375.7,94.7,281.0
Port San Luis,5,4,19.8,19.3,2013.2,2014.2,2013.9,2013.9,199.5,167.3,204.1,206.1,21.0,21.8,21.8,21.3,9.0,14.6,21.2,21.1,2.4,1.8,0.7,183.6,133.3,50.2,187.1,135.9,51.2
St Helens,5,5,0.1,0.1,1976.0,1976.0,1974.8,1974.4,105.5,165.4,127.1,132.1,92.0,108.8,131.2,126.4,65.0,169.0,250.7,270.5,1.7,0.9,0.8,128.5,67.6,60.9,131.0,68.9,62.1
Gulf Breeze,5,4,0.3,0.4,1978.4,1982.0,2006.2,1989.9,60.0,221.8,252.2,110.5,37.0,38.5,43.1,39.8,14.0,16.5,30.9,21.0,1.4,1.3,0.1,104.9,96.5,8.4,106.9,98.3,8.6
"Fairmont, Will",5,1,0.1,0.1,1999.0,1999.0,1999.0,1999.0,60.7,60.7,94.0,94.0,198.0,198.0,331.4,331.4,9.0,9.0,940.6,940.6,2.6,0.8,1.8,194.6,62.9,131.7,198.4,64.1,134.2
Owensboro,5,3,0.2,0.1,1970.6,1970.3,1970.7,1971.0,61.3,71.3,92.3,90.5,29.0,35.3,81.7,77.5,3.0,3.3,2.5,2.5,0.4,0.4,0.0,28.1,27.2,0.9,28.6,27.7,1.0
Fort Bragg,5,3,7.2,2.5,2003.2,2004.7,2005.5,2005.7,131.2,129.6,150.9,151.6,21.0,25.0,15.9,15.7,4.0,7.7,17.6,18.0,0.9,0.7,0.2,68.2,54.0,14.2,69.5,55.0,14.5
Santa Rosa Beach,5,3,0.6,1.6,1986.0,1978.0,1971.6,1970.6,215.4,677.6,453.2,906.0,34.0,26.7,20.9,14.6,31.0,97.3,146.6,221.1,1.9,0.5,1.5,146.1,36.2,110.0,148.9,36.9,112.1
Vashon Island,5,2,0.2,0.2,1947.2,1953.5,1954.4,1959.1,114.3,464.4,211.4,330.4,19.0,218.2,234.8,323.8,178.0,337.8,428.4,484.6,3.5,0.9,2.5,259.7,68.4,191.3,264.7,69.7,195.0
Darien,5,3,2.8,0.3,1992.4,1980.7,2009.4,2004.4,267.2,206.2,419.2,331.3,24.0,23.0,28.1,28.5,20.0,14.7,26.3,24.7,1.9,1.0,0.9,140.8,75.1,65.7,143.6,76.6,67.0
Gansevoort,5,1,0.2,0.1,1958.0,1958.0,1958.0,1958.0,61.3,61.3,237.4,237.4,16.0,16.0,46.5,46.5,28.0,28.0,82.5,82.5,0.9,0.4,0.5,68.7,33.6,35.1,70.0,34.2,35.8
Kuluk Bay,5,4,6.3,7.5,1990.4,1988.2,1994.5,1995.3,464.3,622.7,416.7,416.4,28.0,132.2,52.5,61.8,88.0,110.8,219.5,227.2,13.3,4.7,8.6,1004.1,358.2,646.0,1023.4,365.0,658.4
Clifton,5,2,10.8,5.8,1978.4,1982.0,1999.2,1999.7,145.1,375.2,552.1,584.8,44.0,45.8,55.3,55.4,14.0,67.0,121.1,122.7,3.5,1.5,2.0,259.4,111.6,147.7,264.3,113.8,150.6
Fairton,5,5,4.5,6.0,1988.4,1988.4,2009.3,2011.8,287.7,415.3,100.1,82.4,25.0,28.4,12.8,10.9,79.0,76.6,81.4,78.8,2.2,1.0,1.2,165.7,78.5,87.2,168.9,80.0,88.9
Captiva,5,5,29.4,36.4,1995.8,1995.8,2007.7,2007.9,533.8,1298.8,2656.4,2744.6,74.0,98.0,213.6,225.6,4.0,13.2,7.3,4.2,7.2,6.9,0.2,537.7,519.2,18.5,548.1,529.2,18.9
West Portsmouth,5,4,0.2,0.1,1968.8,1969.5,1969.5,1969.8,90.3,85.5,65.5,76.4,19.0,34.5,33.4,37.4,3.0,3.5,4.1,3.6,0.2,0.2,0.0,18.7,17.3,1.4,19.1,17.7,1.4
Quinhagak,5,3,2.9,0.7,1997.8,1992.3,2002.4,1999.4,588.9,634.6,625.4,556.1,77.0,157.7,146.8,182.4,28.0,23.0,38.6,33.7,3.0,2.8,0.2,227.9,210.7,17.1,232.2,214.8,17.5
Lincoln City,5,4,5.4,1.0,1992.6,1990.0,1985.1,1987.7,349.6,445.4,407.6,475.3,31.0,36.6,48.8,49.3,62.0,116.0,142.8,217.3,2.9,1.6,1.3,216.2,122.2,94.0,220.3,124.5,95.8
Gideon,5,4,0.9,0.2,1974.6,1976.0,1980.6,1981.7,99.9,254.6,198.4,220.7,16.0,71.0,149.9,160.8,3.0,5.4,5.4,4.8,1.2,1.1,0.0,87.2,85.3,1.9,88.8,86.9,1.9
Eastport,4,4,91.6,122.9,2006.5,2006.5,2010.8,2010.9,618.3,652.4,735.0,741.9,56.0,58.0,87.4,87.6,15.0,17.8,22.3,22.3,8.5,8.1,0.4,638.3,608.4,29.9,650.5,620.0,30.5
Sarasota,4,4,252.1,481.4,1998.5,1998.5,2013.8,2014.0,821.6,785.2,1378.9,1382.4,113.5,139.5,104.7,104.3,182.0,187.8,168.3,165.2,25.1,12.0,13.0,1891.7,913.5,978.2,1928.0,931.0,996.9
Bal Harbour,4,4,28.0,40.3,2001.2,2001.2,2002.2,2002.9,692.0,848.3,711.0,660.3,50.5,54.2,36.1,36.7,20.5,55.5,77.7,65.9,6.6,3.6,3.0,492.8,268.9,223.9,502.2,274.0,228.2
Clayton,4,4,1.8,1.6,1997.2,1997.2,2012.8,2015.6,86.3,141.2,134.2,123.8,6.5,12.0,10.2,7.0,19.5,33.0,68.7,77.6,1.2,0.4,0.8,88.5,29.3,59.3,90.2,29.8,60.4
Southhaven,4,4,0.4,0.1,1984.8,1984.8,1984.0,1990.9,137.1,204.6,157.7,204.6,22.0,26.5,34.3,41.0,5.0,4.5,4.8,4.9,0.5,0.5,0.0,37.6,36.6,1.0,38.3,37.3,1.0
Marina Del Rey,4,3,6.6,4.0,2001.2,2000.7,2006.8,2004.5,139.3,516.8,220.2,168.4,42.0,89.8,93.9,59.1,158.0,151.3,210.0,187.6,2.4,1.3,1.1,181.0,96.4,84.6,184.5,98.3,86.2
Little Deer Isle,4,2,3.8,0.5,2000.5,2000.5,2002.7,2002.6,225.2,1990.6,1398.5,942.8,10.0,18.8,45.3,43.8,74.5,259.2,806.5,777.0,8.3,0.8,7.4,620.9,62.7,558.2,632.8,63.9,568.9
Norwood,4,2,0.6,0.8,1968.5,1971.0,1967.8,1966.9,32.6,161.0,30.5,27.7,10.5,9.5,10.5,10.8,17.5,131.5,60.3,38.3,0.6,0.1,0.5,42.6,7.6,35.1,43.5,7.7,35.7
Washington Harbor,4,2,2.6,0.6,1969.5,1981.0,1969.0,1966.3,806.2,806.2,682.6,745.9,139.0,99.5,128.5,134.8,582.0,1496.0,1001.7,885.9,7.9,1.2,6.7,591.3,89.6,501.7,602.7,91.3,511.3
Starlight,4,3,0.6,0.7,1972.0,1973.7,1978.4,1978.6,61.1,250.7,331.5,449.0,8.5,8.8,7.2,7.2,7.5,249.0,674.3,704.7,1.4,0.1,1.3,105.5,5.0,100.5,107.5,5.1,102.4
Aurora,4,3,0.2,0.1,1974.2,1975.3,1973.3,1974.7,113.0,122.7,107.5,115.5,35.0,34.5,34.7,34.5,2.5,4.2,3.3,3.9,0.2,0.2,0.0,17.1,16.2,0.8,17.4,16.5,0.8
Havelock,4,4,6.7,1.7,1997.0,1997.0,1995.9,1995.8,1785.7,6180.7,5401.0,4436.4,571.0,1784.8,4871.7,4846.5,90.5,120.8,240.1,238.9,28.8,26.8,2.0,2163.0,2010.5,152.6,2204.6,2049.1,155.5
Ventura,4,4,1.0,0.4,2006.0,2006.0,2009.2,2011.5,128.3,166.1,158.4,150.0,26.5,30.8,42.0,45.5,9.0,10.8,9.0,6.1,1.0,0.9,0.1,71.4,64.7,6.8,72.8,65.9,6.9
Ashland,4,4,29.1,33.2,2005.8,2005.8,2007.0,2009.9,431.5,350.8,435.4,435.7,50.0,45.0,50.4,50.1,47.5,54.0,67.7,54.8,9.1,8.0,1.2,686.3,598.5,87.7,699.4,610.0,89.4
Traverse City,4,3,8.9,1.7,1996.0,1995.7,1996.8,1998.1,249.8,264.7,250.9,246.1,22.5,29.5,22.5,25.9,3.5,7.3,3.8,5.1,3.8,3.5,0.3,285.2,263.8,21.4,290.7,268.9,21.8
Upper Brookville,4,3,40.7,65.4,1997.8,2002.3,2010.2,2009.5,154.5,262.5,359.3,432.4,155.0,275.2,346.3,315.4,34.0,219.8,169.4,92.2,12.2,8.4,3.8,920.4,637.8,282.6,938.0,650.0,288.0
Waianae,4,4,16.1,13.9,1993.5,1993.5,1990.1,2000.4,1453.2,1680.3,336.1,166.7,448.5,644.2,837.9,486.4,219.0,181.5,157.2,83.7,13.4,12.0,1.4,1003.6,897.3,106.3,1022.9,914.5,108.3
Huron,4,1,0.1,0.1,1981.0,1981.0,1981.0,1981.0,97.2,97.2,98.1,98.1,25.0,25.0,23.1,23.1,93.5,93.5,111.7,111.7,0.6,0.2,0.4,42.7,13.0,29.7,43.5,13.2,30.3
Perdue Hill,4,3,0.2,0.2,1997.8,1995.7,1991.6,1990.7,201.3,296.1,268.3,265.8,48.5,59.0,60.8,55.7,6.0,6.7,6.7,7.0,0.7,0.6,0.1,50.7,44.1,6.6,51.6,44.9,6.7
Marcy,4,2,0.5,0.3,1997.2,1997.5,1997.2,1997.2,175.8,145.7,161.2,161.6,20.0,21.5,19.2,19.1,13.0,13.0,14.0,14.0,1.5,0.6,0.8,110.2,47.0,63.2,112.3,47.9,64.4
Wading River,4,3,0.1,0.2,1977.5,1977.3,1977.9,1978.1,229.4,215.8,230.9,233.7,30.5,30.7,41.4,40.8,29.0,55.3,90.2,89.6,0.9,0.6,0.3,67.3,44.0,23.3,68.6,44.9,23.7
Kenmore,4,1,0.3,0.2,1978.0,1978.0,1978.0,1978.0,250.7,250.7,250.8,250.8,61.0,61.0,61.9,61.9,19.0,19.0,19.2,19.2,1.4,1.4,0.1,107.1,102.7,4.3,109.1,104.7,4.4
Lanesville,4,3,0.2,0.1,1971.0,1971.0,1971.5,1970.0,118.7,149.6,115.3,138.6,33.5,36.2,40.3,42.2,2.0,3.5,2.8,2.8,0.3,0.3,0.0,25.0,23.7,1.3,25.5,24.2,1.3
Frankfort,4,3,2.2,5.0,1985.5,1987.0,1978.8,1976.3,118.5,129.7,127.1,128.5,12.5,44.3,18.5,14.4,25.0,114.5,37.3,34.3,1.2,0.6,0.6,91.1,47.2,43.9,92.8,48.1,44.7
Alexandria Bay,4,2,0.4,0.2,1997.2,1997.5,1997.2,1997.2,105.9,105.9,123.5,123.8,13.5,13.5,15.5,15.5,19.0,18.5,25.2,25.3,2.7,0.5,2.1,199.2,38.7,160.4,203.0,39.5,163.5
Hasbrouck Heights,4,2,0.2,0.2,1973.5,1973.0,1973.2,1973.8,311.2,311.2,244.1,329.4,21.5,21.5,22.7,23.4,45.0,40.5,49.3,59.1,0.4,0.2,0.2,30.0,17.4,12.5,30.5,17.8,12.8
Marseilles,4,1,0.1,0.1,1999.0,1999.0,1999.0,1999.0,77.9,77.9,81.9,81.9,42.5,42.5,247.6,247.6,13.0,13.0,57.4,57.4,0.6,0.5,0.1,46.4,35.7,10.7,47.3,36.4,10.9
Daphne,4,4,33.2,53.6,1987.2,1987.2,2007.5,2008.2,267.3,521.1,1239.5,1328.3,59.0,82.2,74.8,75.5,99.5,87.8,126.0,127.3,3.3,1.3,2.0,249.5,97.6,151.9,254.3,99.5,154.8
Tern Island,4,3,9.3,10.3,1983.5,1984.3,1984.2,1982.5,2234.6,2138.5,2116.1,2571.1,236.5,236.8,299.1,266.6,374.5,1189.7,2179.6,3140.0,25.9,6.6,19.3,1946.6,496.5,1450.1,1984.0,506.0,1478.0
Carpinteria,4,1,0.7,4.6,1979.0,1979.0,1979.0,1979.0,791.7,791.7,1128.9,1128.9,74.5,74.5,67.1,67.1,78.0,78.0,209.5,209.5,6.4,2.5,3.9,478.0,188.2,289.9,487.2,191.8,295.4
Halls,3,1,0.3,0.1,1964.0,1964.0,1964.0,1964.0,125.5,125.5,112.1,112.1,20.0,20.0,23.9,23.9,8.0,8.0,30.8,30.8,0.1,0.1,0.1,8.4,3.8,4.6,8.5,3.9,4.7
Eleanor,3,1,0.1,0.1,1976.0,1976.0,1976.0,1976.0,118.0,118.0,108.1,108.1,38.0,38.0,36.3,36.3,10.0,10.0,11.1,11.1,0.3,0.3,0.0,22.3,20.5,1.8,22.7,20.9,1.8
Ravena,3,3,1.2,1.5,1993.7,1993.7,2010.4,2010.6,112.7,116.1,113.3,112.9,12.0,12.0,12.1,12.0,11.0,10.7,2.0,1.3,0.6,0.5,0.0,42.4,40.4,2.1,43.2,41.1,2.1
Port Ludlow,3,2,3.9,4.6,1963.7,1975.0,2008.7,2008.7,61.4,837.2,1468.0,1449.5,1114.0,992.2,112.5,113.4,238.0,492.2,239.7,240.0,11.8,7.7,4.1,884.8,579.9,304.8,901.8,591.1,310.7
Lynn,3,2,0.8,0.1,1996.7,1998.0,1999.2,1999.6,359.2,486.4,329.9,319.4,59.0,60.0,57.6,55.7,3.0,7.5,8.2,7.6,0.9,0.8,0.1,69.2,60.5,8.8,70.6,61.6,8.9
New Smyrna Beach,3,3,1.3,0.5,1991.0,1991.0,2006.4,2003.7,315.6,322.8,523.3,499.8,56.0,56.3,94.7,92.0,9.0,23.0,2.2,6.1,1.1,1.0,0.1,79.7,75.2,4.5,81.2,76.6,4.6
St Joseph,3,2,2.7,4.9,1975.0,1974.5,1973.5,1973.2,232.0,245.1,236.1,233.5,22.0,23.8,23.2,22.5,10.0,12.2,10.0,10.0,1.4,1.4,0.0,106.1,102.5,3.5,108.1,104.5,3.6
Bromley,3,2,0.1,0.1,1971.7,1974.0,1973.0,1971.6,109.8,111.6,111.9,112.2,11.0,12.2,12.3,12.5,7.0,14.2,14.9,16.2,0.3,0.2,0.1,19.3,12.1,7.1,19.6,12.4,7.3
Newburyport,3,2,0.2,0.1,1992.0,1989.0,1995.5,1994.1,115.0,104.4,93.0,95.0,30.0,48.2,29.9,34.3,16.0,26.2,18.1,19.9,1.2,0.6,0.6,88.5,44.7,43.8,90.2,45.5,44.6
West Point,3,3,22.2,42.6,1994.7,1994.7,2014.8,2014.9,350.9,331.3,235.6,235.2,70.0,83.3,58.2,58.1,17.0,20.0,37.8,37.9,2.4,2.1,0.3,178.1,158.6,19.5,181.5,161.7,19.8
Mentone,3,1,0.1,0.0,1964.0,1964.0,1964.0,1964.0,42.8,42.8,45.0,45.0,8.0,8.0,8.1,8.1,14.0,14.0,13.2,13.2,0.0,0.0,0.0,3.6,1.3,2.3,3.6,1.3,2.3
Laurence Harbor,3,1,0.0,0.0,1980.0,1980.0,1980.0,1980.0,15.7,15.7,30.6,30.6,55.0,55.0,173.2,173.2,176.0,176.0,284.7,284.7,4.2,0.9,3.3,313.8,69.3,244.5,319.8,70.6,249.2
Palatine Bridge,3,2,0.4,0.2,1997.3,1997.5,1997.2,1997.2,162.3,134.1,150.0,150.5,11.0,12.0,10.9,10.9,10.0,10.5,11.7,11.7,0.5,0.2,0.3,37.2,15.4,21.8,37.9,15.7,22.3
Rochester,3,2,0.3,0.1,1997.3,1997.5,1997.4,1997.3,108.9,109.1,109.2,109.2,19.0,17.5,20.1,20.1,29.0,34.5,28.7,28.7,2.3,0.4,1.9,174.3,29.2,145.0,177.6,29.8,147.8
Port Chester,3,3,0.1,0.0,1978.0,1978.0,1979.2,1979.1,71.4,91.0,81.1,87.1,11.0,12.7,13.9,14.5,57.0,53.3,48.7,55.0,0.5,0.4,0.1,37.1,26.3,10.8,37.8,26.8,11.0
Rocky River,3,2,2.6,4.2,1988.3,1991.5,1999.2,2000.2,123.2,132.2,124.7,123.9,13.0,14.0,13.3,13.1,7.0,24.2,38.6,40.4,1.0,0.9,0.1,77.1,68.8,8.3,78.6,70.1,8.5
Herculaneum,3,2,0.4,0.1,1979.7,1977.5,1980.9,1980.5,170.2,152.1,161.7,160.1,28.0,28.2,31.7,31.3,2.0,1.8,2.1,2.1,0.5,0.4,0.0,33.8,33.5,0.3,34.5,34.1,0.3
Tenants Harbour,3,2,7.0,7.5,2000.3,2001.5,2002.3,2004.4,182.8,842.4,276.8,196.7,14.0,19.8,26.3,16.6,15.0,149.2,222.8,58.3,4.7,1.0,3.7,354.8,78.6,276.2,361.6,80.1,281.5
Jamaica,3,3,8.3,6.4,1986.0,1986.0,1981.5,1981.1,369.4,3716.9,3758.6,5148.4,130.0,926.0,2453.4,2507.9,71.0,143.0,78.4,71.8,7.9,7.1,0.8,592.1,533.7,58.4,603.5,544.0,59.5
Gardiner,3,3,0.2,0.2,1986.3,1986.3,1977.0,1974.7,80.9,193.9,190.3,243.7,14.0,23.7,37.0,41.0,334.0,282.7,157.9,116.1,1.8,0.4,1.4,136.7,32.7,104.1,139.4,33.3,106.1
Port Orchard,3,3,0.4,0.3,1990.0,1990.0,1988.5,1986.8,88.2,685.6,332.5,581.6,13.0,96.0,210.4,239.6,8.0,23.3,16.3,10.7,1.6,1.5,0.0,117.7,114.0,3.7,120.0,116.2,3.8
Boca Grande,3,3,0.9,0.5,1982.7,1982.7,1970.8,1969.6,319.5,518.6,782.9,819.2,77.0,94.3,172.2,175.9,12.0,54.7,129.0,133.7,1.3,1.0,0.3,101.2,78.6,22.7,103.2,80.1,23.1
Baraga,3,3,6.2,5.6,1983.3,1983.3,2005.1,2004.0,1774.8,1660.4,527.2,540.0,39.0,34.7,38.8,38.7,281.0,369.3,84.1,99.5,2.0,1.2,0.8,147.4,87.1,60.3,150.2,88.7,61.5
Huger,3,3,0.2,0.1,1971.7,1971.7,1969.0,1970.2,123.5,229.7,324.1,229.7,19.0,26.7,47.7,42.7,14.0,83.0,30.8,52.1,0.9,0.7,0.2,71.1,53.4,17.7,72.5,54.4,18.0
Ferriday,3,1,0.1,0.1,1976.0,1976.0,1976.0,1976.0,313.9,313.9,301.8,301.8,64.0,64.0,89.3,89.3,660.0,660.0,747.4,747.4,2.1,0.8,1.3,156.6,59.1,97.5,159.6,60.2,99.4
Mount Desert,3,2,1.1,0.3,1988.0,1983.0,1976.4,1975.7,178.4,1376.7,515.4,549.8,17.0,168.0,235.1,241.7,73.0,102.2,127.7,130.3,1.5,0.8,0.8,116.1,57.0,59.1,118.3,58.1,60.3
Tri-City Port,3,2,0.1,0.0,1988.3,1991.0,1983.4,1984.1,44.2,35.5,53.5,44.4,10.0,10.2,18.0,17.4,7.0,25.8,32.4,31.4,0.1,0.1,0.1,10.6,5.4,5.2,10.8,5.6,5.3
Belfast,3,3,4.3,0.6,2007.7,2007.7,2003.5,2004.5,407.4,2987.9,1412.0,1096.1,44.0,54.7,100.7,92.4,34.0,127.0,322.7,274.9,6.1,1.8,4.3,460.7,138.8,321.9,469.5,141.4,328.1
Kiska Island,3,2,0.6,0.5,1975.7,1974.0,1975.3,1975.3,994.7,988.2,986.4,986.5,250.0,225.2,227.1,227.5,16.0,58.8,52.4,52.1,2.6,2.2,0.4,196.1,165.4,30.7,199.8,168.6,31.2
Sag Harbor,3,3,0.7,0.3,1986.3,1986.3,1990.7,1986.6,490.7,421.2,377.7,297.9,141.0,691.7,439.1,801.1,94.0,243.3,162.4,273.9,9.2,5.8,3.5,692.4,433.2,259.3,705.7,441.5,264.2
Tarpon Springs,3,3,4.7,2.5,1988.7,1988.7,1991.3,1991.2,675.6,1382.6,2065.4,1844.7,255.0,236.0,376.0,364.3,60.0,63.7,111.6,107.3,5.0,4.5,0.5,371.9,335.5,36.4,379.1,341.9,37.1
Hamilton,3,2,0.4,0.1,2009.0,2009.0,2009.0,2009.0,747.4,798.1,814.5,814.9,298.0,255.0,272.5,272.8,19.0,20.8,23.0,23.1,2.0,2.0,0.1,152.2,148.3,3.9,155.2,151.2,4.0
Peoria,3,1,0.1,0.0,1999.0,1999.0,1999.0,1999.0,62.1,62.1,85.8,85.8,12.0,12.0,20.3,20.3,1.0,1.0,3.8,3.8,0.1,0.1,0.0,10.7,10.3,0.4,10.9,10.4,0.4
Haiku,3,3,0.1,0.2,1976.7,1976.7,1976.2,1977.0,121.0,174.1,155.1,188.7,15.0,22.7,24.1,29.9,16.0,22.7,22.3,13.7,0.5,0.5,0.1,40.8,36.8,4.0,41.6,37.5,4.1
Beulaville,3,2,3.5,1.4,1982.7,1979.5,1983.5,1982.1,845.8,1818.5,784.8,849.7,74.0,708.8,437.1,533.2,56.0,120.8,90.6,102.5,3.8,2.8,1.0,283.3,210.5,72.8,288.7,214.5,74.2
Fishkill,2,2,0.1,0.1,1981.5,1981.5,1981.4,1981.5,150.7,150.7,140.0,144.5,25.5,25.5,22.7,24.7,9.5,9.5,8.6,9.2,0.2,0.1,0.0,11.3,8.0,3.3,11.5,8.1,3.4
Cottrellville,2,2,0.1,0.0,1978.0,1978.0,1995.3,1994.9,56.1,56.1,60.7,60.6,21.0,21.0,15.5,15.6,37.0,37.0,18.3,18.8,0.1,0.1,0.1,10.4,5.4,5.1,10.6,5.5,5.2
South Bend,2,1,0.4,0.2,1999.0,1999.0,1999.0,1999.0,603.4,603.4,603.4,603.4,77.5,77.5,106.0,106.0,43.0,43.0,53.6,53.6,1.1,1.1,0.1,85.5,80.3,5.1,87.1,81.9,5.2
Hewlett,2,2,0.0,0.0,1978.0,1978.0,1977.4,1977.5,130.6,130.6,131.0,130.2,19.0,19.0,19.6,19.5,43.5,43.5,36.6,38.5,0.2,0.1,0.2,18.5,6.8,11.7,18.9,7.0,11.9
Cazenovia,2,1,0.1,0.1,1998.0,1998.0,1998.0,1998.0,74.4,74.4,74.4,74.4,19.0,19.0,25.1,25.1,13.5,13.5,11.2,11.2,0.8,0.4,0.5,63.5,27.3,36.1,64.7,27.8,36.8
Camas,2,2,2.7,1.5,1956.0,1956.0,1943.3,1943.2,354.8,354.8,326.6,326.3,44.5,44.5,34.1,34.0,20.0,20.0,23.6,23.7,1.2,1.1,0.1,87.2,81.7,5.5,88.9,83.3,5.6
Manheim Center,2,2,0.2,0.1,1997.5,1997.5,1997.4,1997.4,114.8,114.8,113.8,114.1,25.5,25.5,24.0,23.9,15.0,15.0,15.5,15.6,1.0,0.5,0.5,78.1,37.9,40.2,79.6,38.6,41.0
Hollister,2,2,0.4,0.3,2006.5,2006.5,2006.6,2003.8,553.1,553.1,522.4,437.1,105.5,105.5,107.2,51.3,10.5,10.5,10.4,14.7,0.4,0.4,0.0,32.8,29.7,3.1,33.4,30.3,3.1
Forest City,2,1,0.1,0.0,1983.0,1983.0,1983.0,1983.0,74.3,74.3,74.3,74.3,21.5,21.5,21.2,21.2,10.5,10.5,10.8,10.8,0.1,0.1,0.0,7.9,6.8,1.1,8.1,6.9,1.2
Depue,2,1,0.1,0.0,1999.0,1999.0,1999.0,1999.0,104.3,104.3,104.3,104.3,24.0,24.0,33.0,33.0,3.0,3.0,5.3,5.3,0.1,0.1,0.0,7.8,7.5,0.3,7.9,7.6,0.3
Saint Albans,2,1,0.1,0.0,1976.0,1976.0,1976.0,1976.0,105.5,105.5,105.5,105.5,28.5,28.5,26.4,26.4,20.0,20.0,22.0,22.0,0.2,0.1,0.0,12.9,9.5,3.4,13.2,9.7,3.5
Norwell,2,2,0.1,0.0,2005.5,2005.5,2004.9,2008.2,32.9,32.9,22.1,40.0,13.5,13.5,11.8,20.8,52.0,52.0,43.4,89.6,0.3,0.1,0.3,26.0,6.5,19.6,26.5,6.6,19.9
Bolinas,2,2,0.8,0.2,2005.0,2005.0,2003.9,2005.3,191.7,191.7,187.3,166.8,31.0,31.0,34.0,30.3,0.0,0.0,0.0,0.0,0.3,0.3,0.0,19.7,19.7,0.0,20.1,20.1,0.0
Norton Shores,2,2,2.6,4.4,1977.0,1977.0,1951.8,1950.1,292.1,292.1,203.3,200.1,21.0,21.0,20.1,20.0,50.0,50.0,11.8,9.1,0.8,0.6,0.2,59.4,47.2,12.2,60.5,48.1,12.4
Grand Marais,2,1,0.2,0.1,1985.0,1985.0,1985.0,1985.0,491.0,491.0,491.0,491.0,112.5,112.5,147.3,147.3,237.5,237.5,339.8,339.8,1.3,0.5,0.8,100.0,41.2,58.8,101.9,42.0,60.0
Croton-On-Hudson,2,2,0.1,0.1,1997.0,1997.0,2006.3,2005.0,146.5,146.5,162.7,154.5,14.0,14.0,15.9,15.6,107.0,107.0,96.4,97.9,0.4,0.2,0.3,32.2,12.7,19.5,32.8,12.9,19.9
Rogers Haven,2,2,1.0,0.4,1989.5,1989.5,1991.6,1986.5,394.7,394.7,376.9,408.6,59.0,59.0,59.9,57.8,62.5,62.5,48.9,81.8,1.1,0.7,0.5,85.3,51.4,34.0,87.0,52.4,34.6
Palmetto Bay,2,2,44.5,78.9,2010.0,2010.0,2011.5,2011.6,753.2,753.2,877.0,895.0,52.0,52.0,61.1,61.9,141.0,141.0,241.4,249.4,4.9,2.6,2.3,366.1,193.3,172.8,373.2,197.0,176.1
Newport Beach,2,2,0.3,0.1,1988.5,1988.5,1983.5,1984.6,94.7,94.7,108.6,101.4,13.5,13.5,13.2,13.2,17.5,17.5,22.5,21.4,0.2,0.1,0.1,13.6,6.9,6.8,13.9,7.0,6.9
Samoa,2,2,0.4,0.1,1989.0,1989.0,1976.0,1982.6,360.9,360.9,386.4,264.4,71.5,71.5,105.7,88.5,20.5,20.5,20.1,20.3,0.5,0.4,0.1,39.0,33.6,5.4,39.7,34.2,5.5
Susitna,2,1,0.0,0.0,1978.0,1978.0,1978.0,1978.0,87.3,87.3,87.3,87.3,13.5,13.5,14.1,14.1,11.0,11.0,12.8,12.8,0.3,0.2,0.1,21.3,16.9,4.4,21.7,17.2,4.5
Lewisport,2,2,0.0,0.0,1974.0,1974.0,1975.0,1973.5,111.4,111.4,109.6,111.4,16.0,16.0,16.0,16.0,37.5,37.5,33.5,39.7,0.2,0.1,0.1,13.2,8.4,4.8,13.5,8.6,4.9
Middle Island,2,2,0.1,0.1,1980.0,1980.0,1980.4,1980.3,189.8,189.8,190.7,189.8,476.5,476.5,511.6,505.3,6.5,6.5,7.7,7.5,0.8,0.8,0.0,59.8,59.1,0.7,61.0,60.3,0.7
New Bern,2,2,8.1,7.4,1994.0,1994.0,1999.9,1986.2,1544.8,1544.8,1305.7,1574.2,89.0,89.0,80.4,100.3,25.5,25.5,26.2,24.6,3.1,2.1,1.0,235.9,159.0,76.9,240.4,162.1,78.4
Cayucos,2,2,0.3,0.1,1984.0,1984.0,1992.2,1986.5,219.0,219.0,230.4,219.7,26.0,26.0,26.0,26.0,324.5,324.5,488.8,373.9,1.5,0.4,1.2,115.0,28.0,87.0,117.2,28.5,88.6
Coconut Grove,2,2,0.3,0.3,1996.0,1996.0,2002.6,2005.2,354.9,354.9,373.8,456.5,42.0,42.0,59.5,66.1,20.5,20.5,14.8,12.6,0.8,0.7,0.1,60.1,54.9,5.2,61.3,56.0,5.3
Hudson,2,2,3.0,1.4,2013.0,2013.0,2015.9,2015.9,345.2,345.2,552.4,527.1,18.5,18.5,29.6,29.5,43.5,43.5,45.9,45.9,1.1,0.5,0.6,79.9,35.9,44.0,81.4,36.6,44.8
Haleiwa,2,2,2.9,0.6,1989.0,1989.0,1993.5,1992.8,820.7,820.7,855.0,831.3,253.5,253.5,225.5,229.8,372.0,372.0,538.5,512.7,3.1,1.6,1.4,231.3,122.8,108.5,235.7,125.1,110.5
Hoodsport,2,2,1.9,0.7,1990.5,1990.5,1989.1,1989.1,506.1,506.1,714.8,776.7,690.5,690.5,1328.1,1341.9,12.5,12.5,13.0,13.0,3.9,3.7,0.2,293.2,276.4,16.7,298.8,281.7,17.0
Vermilion,2,2,3.6,5.6,1991.0,1991.0,1991.0,1991.8,79.0,79.0,79.0,79.1,9.5,9.5,9.5,9.5,51.5,51.5,51.6,54.2,0.7,0.3,0.4,53.4,25.2,28.2,54.4,25.7,28.7
Big Port Walter,2,1,0.5,0.1,1976.0,1976.0,1976.0,1976.0,250.6,250.6,250.6,250.6,19.0,19.0,17.6,17.6,68.0,68.0,76.9,76.9,2.4,0.3,2.1,183.5,25.3,158.1,187.0,25.8,161.2
Lutz,2,2,21.4,29.1,1999.0,1999.0,2003.7,2007.6,1617.5,1617.5,608.9,503.5,140.0,140.0,89.1,46.1,15.0,15.0,13.1,11.6,5.0,4.4,0.6,375.8,334.0,41.8,383.0,340.4,42.6
Bothell,2,1,0.0,0.0,1970.0,1970.0,1970.0,1970.0,63.8,63.8,63.8,63.8,13.0,13.0,14.6,14.6,5.5,5.5,6.6,6.6,0.0,0.0,0.0,2.5,1.8,0.6,2.5,1.9,0.6
Delta,1,1,10.2,17.9,2015.0,2015.0,2015.0,2015.0,1109.0,1109.0,1109.0,1109.0,69.0,69.0,69.0,69.0,34.0,34.0,34.0,34.0,1.6,1.1,0.5,126.0,84.4,41.6,128.4,86.0,42.4
Crimora,1,1,9.0,15.8,2015.0,2015.0,2015.0,2015.0,979.8,979.8,979.8,979.8,68.0,68.0,68.0,68.0,23.0,23.0,23.0,23.0,1.4,1.1,0.4,108.9,81.3,27.5,110.9,82.9,28.0
Loup City,1,1,0.4,0.3,2020.0,2020.0,2020.0,2020.0,235.4,235.4,235.4,235.4,15.0,15.0,15.0,15.0,50.0,50.0,50.0,50.0,0.0,0.0,0.0,3.1,0.7,2.4,3.1,0.7,2.4
Portageville,1,1,0.2,0.0,2004.0,2004.0,2004.0,2004.0,659.6,659.6,659.6,659.6,91.0,91.0,91.0,91.0,103.0,103.0,103.0,103.0,0.3,0.1,0.2,22.3,10.5,11.9,22.8,10.7,12.1
Chenango Bridge,1,1,0.1,0.0,2004.0,2004.0,2004.0,2004.0,622.2,622.2,622.2,622.2,63.0,63.0,63.0,63.0,120.0,120.0,120.0,120.0,0.3,0.1,0.2,21.1,7.3,13.8,21.5,7.4,14.1
Hector,1,1,0.2,0.0,2004.0,2004.0,2004.0,2004.0,652.8,652.8,652.8,652.8,111.0,111.0,111.0,111.0,81.0,81.0,81.0,81.0,0.3,0.2,0.1,22.1,12.8,9.3,22.5,13.0,9.5
Spring Grove,1,1,14.5,25.5,2015.0,2015.0,2015.0,2015.0,1582.7,1582.7,1582.7,1582.7,112.0,112.0,112.0,112.0,35.0,35.0,35.0,35.0,2.3,1.8,0.6,179.5,136.7,42.8,182.9,139.3,43.6
Oak Grove,1,1,12.2,21.5,2015.0,2015.0,2015.0,2015.0,1335.1,1335.1,1335.1,1335.1,102.0,102.0,102.0,102.0,22.0,22.0,22.0,22.0,2.0,1.6,0.4,148.7,122.0,26.7,151.6,124.4,27.2
Peach Bottom,1,1,8.3,14.6,2015.0,2015.0,2015.0,2015.0,904.4,904.4,904.4,904.4,62.0,62.0,62.0,62.0,22.0,22.0,22.0,22.0,1.3,1.0,0.4,100.5,74.2,26.3,102.4,75.6,26.8
Delhi,1,1,0.2,0.0,2004.0,2004.0,2004.0,2004.0,911.2,911.2,911.2,911.2,213.0,213.0,213.0,213.0,55.0,55.0,55.0,55.0,0.4,0.3,0.1,30.8,24.5,6.3,31.4,25.0,6.5
Canaan,1,1,0.1,0.0,2004.0,2004.0,2004.0,2004.0,435.2,435.2,435.2,435.2,119.0,119.0,119.0,119.0,9.0,9.0,9.0,9.0,0.2,0.2,0.0,14.7,13.7,1.0,15.0,14.0,1.1
Marne,1,1,0.3,0.0,2004.0,2004.0,2004.0,2004.0,1312.4,1312.4,1312.4,1312.4,290.0,290.0,290.0,290.0,96.0,96.0,96.0,96.0,0.6,0.4,0.1,44.4,33.4,11.0,45.3,34.0,11.3
Autaugaville,1,1,23.7,41.6,2015.0,2015.0,2015.0,2015.0,2584.0,2584.0,2584.0,2584.0,211.0,211.0,211.0,211.0,29.0,29.0,29.0,29.0,3.8,3.4,0.5,291.4,256.7,34.7,297.0,261.6,35.4
Deep Gap,1,1,7.4,13.0,2015.0,2015.0,2015.0,2015.0,807.5,807.5,807.5,807.5,56.0,56.0,56.0,56.0,19.0,19.0,19.0,19.0,1.2,0.9,0.3,92.3,68.5,23.8,94.1,69.8,24.3
"Spring Valley, San Diego",1,1,19.6,34.2,2006.0,2006.0,2006.0,2006.0,470.5,470.5,470.5,470.5,25.0,25.0,25.0,25.0,33.0,33.0,33.0,33.0,2.2,0.4,1.7,162.7,32.5,130.2,165.8,33.1,132.7
Suttons Bay,1,1,1.3,1.1,2005.0,2005.0,2005.0,2005.0,375.2,375.2,375.2,375.2,54.0,54.0,54.0,54.0,118.0,118.0,118.0,118.0,1.2,1.0,0.2,87.4,71.9,15.5,89.1,73.3,15.8
Browns Mills,1,1,3.0,5.8,2005.0,2005.0,2005.0,2005.0,54.3,54.3,54.3,54.3,6.0,6.0,6.0,6.0,43.0,43.0,43.0,43.0,2.9,0.3,2.6,215.6,18.8,196.8,219.7,19.2,200.5
Woodfin,1,1,12.1,21.3,2015.0,2015.0,2015.0,2015.0,1324.3,1324.3,1324.3,1324.3,90.0,90.0,90.0,90.0,33.0,33.0,33.0,33.0,2.0,1.4,0.5,150.5,110.1,40.4,153.3,112.2,41.1
Frenchtown,1,1,5.7,10.1,2015.0,2015.0,2015.0,2015.0,624.5,624.5,624.5,624.5,37.0,37.0,37.0,37.0,21.0,21.0,21.0,21.0,0.9,0.6,0.3,69.4,44.3,25.1,70.7,45.1,25.6
Pine Bluffs,1,1,2.3,3.4,2003.0,2003.0,2003.0,2003.0,4560.8,4560.8,4560.8,4560.8,519.0,519.0,519.0,519.0,880.0,880.0,880.0,880.0,4.1,1.0,3.1,306.5,77.0,229.6,312.4,78.4,234.0
Webb City,1,1,1.3,2.0,2003.0,2003.0,2003.0,2003.0,2688.4,2688.4,2688.4,2688.4,305.0,305.0,305.0,305.0,18.0,18.0,18.0,18.0,0.6,0.6,0.0,48.2,45.2,3.0,49.2,46.1,3.1
Newfane,1,1,0.5,0.4,2005.0,2005.0,2005.0,2005.0,132.5,132.5,132.5,132.5,39.0,39.0,39.0,39.0,52.0,52.0,52.0,52.0,0.4,0.3,0.1,28.3,21.5,6.8,28.9,22.0,6.9
Port Clinton,1,1,0.2,0.0,2003.0,2003.0,2003.0,2003.0,83.4,83.4,83.4,83.4,15.0,15.0,15.0,15.0,0.0,0.0,0.0,0.0,0.1,0.1,0.0,5.7,5.7,0.0,5.8,5.8,0.0
Blairesville,1,1,4.8,8.5,2015.0,2015.0,2015.0,2015.0,527.6,527.6,527.6,527.6,40.0,40.0,40.0,40.0,9.0,9.0,9.0,9.0,0.8,0.6,0.1,59.9,48.9,11.0,61.1,49.9,11.2
Harbor Beach,1,1,0.4,0.1,2003.0,2003.0,2003.0,2003.0,216.6,216.6,216.6,216.6,12.0,12.0,12.0,12.0,49.0,49.0,49.0,49.0,0.2,0.1,0.1,17.9,8.0,9.9,18.3,8.2,10.1
Fairmount,1,1,11.8,20.8,2015.0,2015.0,2015.0,2015.0,1292.0,1292.0,1292.0,1292.0,81.0,81.0,81.0,81.0,39.0,39.0,39.0,39.0,1.9,1.3,0.6,146.8,99.1,47.7,149.6,101.0,48.6
"Tallassee, Elmore",1,1,0.5,0.7,2003.0,2003.0,2003.0,2003.0,957.2,957.2,957.2,957.2,97.0,97.0,97.0,97.0,18.0,18.0,18.0,18.0,0.2,0.2,0.0,17.1,14.4,2.7,17.4,14.7,2.7
Uwchland,1,1,5.2,9.2,2015.0,2015.0,2015.0,2015.0,570.6,570.6,570.6,570.6,28.0,28.0,28.0,28.0,25.0,25.0,25.0,25.0,0.8,0.4,0.4,63.4,33.5,29.9,64.6,34.1,30.5
Alachua,1,1,10.8,6.1,2019.0,2019.0,2019.0,2019.0,1418.3,1418.3,1418.3,1418.3,217.0,217.0,217.0,217.0,1533.0,1533.0,1533.0,1533.0,6.2,1.8,4.4,469.2,138.7,330.5,478.2,141.4,336.8
Short Hills,1,1,5.2,9.2,2015.0,2015.0,2015.0,2015.0,570.6,570.6,570.6,570.6,32.0,32.0,32.0,32.0,21.0,21.0,21.0,21.0,0.8,0.5,0.3,63.4,38.3,25.1,64.6,39.0,25.6
Satsop,1,1,4.7,5.5,2010.0,2010.0,2010.0,2010.0,650.8,650.8,650.8,650.8,48.0,48.0,48.0,48.0,7.0,7.0,7.0,7.0,1.2,1.0,0.2,90.0,78.3,11.7,91.7,79.8,11.9
Rogers,1,1,0.1,0.0,2004.0,2004.0,2004.0,2004.0,380.8,380.8,380.8,380.8,92.0,92.0,92.0,92.0,20.0,20.0,20.0,20.0,0.2,0.1,0.0,12.9,10.6,2.3,13.1,10.8,2.3
Buena Vista,1,1,3.1,5.8,2008.0,2008.0,2008.0,2008.0,52.4,52.4,52.4,52.4,7.0,7.0,7.0,7.0,38.0,38.0,38.0,38.0,2.5,0.2,2.3,184.5,14.4,170.1,188.0,14.7,173.4
Castle Island,1,1,1.2,0.7,2002.0,2002.0,2002.0,2002.0,640.8,640.8,640.8,640.8,48.0,48.0,48.0,48.0,103.0,103.0,103.0,103.0,1.1,0.9,0.3,84.2,64.6,19.6,85.8,65.8,20.0
El Campo,1,1,11.6,4.9,2010.0,2010.0,2010.0,2010.0,2349.7,2349.7,2349.7,2349.7,323.0,323.0,323.0,323.0,539.0,539.0,539.0,539.0,5.2,1.7,3.6,393.5,126.5,267.0,401.1,129.0,272.1
Premont,1,1,3.6,4.2,2010.0,2010.0,2010.0,2010.0,497.0,497.0,497.0,497.0,36.0,36.0,36.0,36.0,6.0,6.0,6.0,6.0,0.9,0.8,0.1,68.8,58.6,10.2,70.1,59.7,10.4
Dolores,1,1,31.2,36.9,2010.0,2010.0,2010.0,2010.0,4354.7,4354.7,4354.7,4354.7,357.0,357.0,357.0,357.0,11.0,11.0,11.0,11.0,8.0,7.7,0.2,613.9,596.0,17.9,625.6,607.4,18.2
Ogdensburg,1,1,12.5,16.1,2012.0,2012.0,2012.0,2012.0,1984.2,1984.2,1984.2,1984.2,199.0,199.0,199.0,199.0,12.0,12.0,12.0,12.0,1.8,1.8,0.0,135.5,133.2,2.3,138.1,135.7,2.3
Pound Ridge,1,1,2.0,3.5,2015.0,2015.0,2015.0,2015.0,215.3,215.3,215.3,215.3,12.0,12.0,12.0,12.0,8.0,8.0,8.0,8.0,0.3,0.2,0.1,23.9,14.4,9.6,24.4,14.6,9.8
Gallaway,1,1,10.4,17.7,2012.0,2012.0,2012.0,2012.0,295.7,295.7,295.7,295.7,60.0,60.0,60.0,60.0,4.0,4.0,4.0,4.0,0.8,0.7,0.1,58.1,49.7,8.4,59.2,50.6,8.5
Indian Mills,1,1,63.6,20.8,2007.0,2007.0,2007.0,2007.0,1029.4,1029.4,1029.4,1029.4,62.0,62.0,62.0,62.0,8.0,8.0,8.0,8.0,3.4,3.3,0.1,258.5,248.4,10.2,263.5,253.1,10.4
Ten Sleep,1,1,4.2,7.0,2009.0,2009.0,2009.0,2009.0,138.4,138.4,138.4,138.4,66.0,66.0,66.0,66.0,28.0,28.0,28.0,28.0,1.6,0.9,0.7,118.5,67.9,50.6,120.8,69.2,51.6
Clatskanie,1,1,2.1,3.8,2011.0,2011.0,2011.0,2011.0,64.1,64.1,64.1,64.1,55.0,55.0,55.0,55.0,4.0,4.0,4.0,4.0,0.2,0.2,0.0,17.3,16.3,1.0,17.6,16.6,1.0
Midway Park,1,1,32.8,55.2,2010.0,2010.0,2010.0,2010.0,1099.3,1099.3,1099.3,1099.3,154.0,154.0,154.0,154.0,27.0,27.0,27.0,27.0,4.1,3.4,0.7,308.8,258.8,50.0,314.7,263.8,50.9
Westampton,1,1,47.4,69.5,2011.0,2011.0,2011.0,2011.0,2021.8,2021.8,2021.8,2021.8,166.0,166.0,166.0,166.0,6.0,6.0,6.0,6.0,5.7,5.5,0.2,435.1,422.6,12.6,443.5,430.7,12.8
La Grange,1,1,9.3,14.2,2012.0,2012.0,2012.0,2012.0,2870.4,2870.4,2870.4,2870.4,482.0,482.0,482.0,482.0,707.0,707.0,707.0,707.0,5.3,2.0,3.4,401.6,147.9,253.7,409.3,150.8,258.6
Sunny Isles,1,1,0.9,0.5,2010.0,2010.0,2010.0,2010.0,839.7,839.7,839.7,839.7,107.0,107.0,107.0,107.0,105.0,105.0,105.0,105.0,2.4,2.3,0.1,177.3,172.3,5.0,180.7,175.7,5.1
Hercules,1,1,0.4,0.1,2008.0,2008.0,2008.0,2008.0,1218.2,1218.2,1218.2,1218.2,11.0,11.0,11.0,11.0,68.0,68.0,68.0,68.0,0.1,0.0,0.1,8.9,1.2,7.7,9.1,1.3,7.8
Youngstown,1,1,4.2,5.8,2011.0,2011.0,2011.0,2011.0,747.7,747.7,747.7,747.7,70.0,70.0,70.0,70.0,40.0,40.0,40.0,40.0,0.8,0.7,0.1,59.6,52.7,6.9,60.8,53.7,7.0
Smokey Point,1,1,0.4,0.1,2010.0,2010.0,2010.0,2010.0,1239.9,1239.9,1239.9,1239.9,321.0,321.0,321.0,321.0,6.0,6.0,6.0,6.0,0.6,0.6,0.0,45.6,44.7,0.8,46.5,45.6,0.9
Broad Brook,1,1,0.1,0.0,2004.0,2004.0,2004.0,2004.0,465.8,465.8,465.8,465.8,85.0,85.0,85.0,85.0,52.0,52.0,52.0,52.0,0.2,0.1,0.1,15.8,9.8,6.0,16.1,10.0,6.1
Council Grove,1,1,0.1,0.0,2010.0,2010.0,2010.0,2010.0,197.2,197.2,197.2,197.2,48.0,48.0,48.0,48.0,4.0,4.0,4.0,4.0,0.1,0.1,0.0,7.2,6.7,0.6,7.4,6.8,0.6
Florida City,1,1,58.8,99.3,2017.0,2017.0,2017.0,2017.0,1986.6,1986.6,1986.6,1986.6,134.0,134.0,134.0,134.0,22.0,22.0,22.0,22.0,5.8,5.1,0.8,446.4,389.8,56.7,455.0,397.2,57.8
Center Hill,1,1,4.6,2.1,2016.0,2016.0,2016.0,2016.0,972.8,972.8,972.8,972.8,104.0,104.0,104.0,104.0,181.0,181.0,181.0,181.0,1.7,1.3,0.5,129.2,94.0,35.2,131.7,95.8,35.9
New Caney,1,1,0.0,0.0,2013.0,2013.0,2013.0,2013.0,63.4,63.4,63.4,63.4,7.0,7.0,7.0,7.0,13.0,13.0,13.0,13.0,0.1,0.1,0.0,9.4,8.7,0.7,9.5,8.8,0.7
Van Alstyne,1,1,10.4,15.5,2015.0,2015.0,2015.0,2015.0,429.5,429.5,429.5,429.5,44.0,44.0,44.0,44.0,5.0,5.0,5.0,5.0,0.6,0.6,0.0,46.9,44.4,2.5,47.8,45.3,2.6
Pismo Beach,1,1,2.5,0.8,2013.0,2013.0,2013.0,2013.0,1126.4,1126.4,1126.4,1126.4,180.0,180.0,180.0,180.0,125.0,125.0,125.0,125.0,1.0,0.8,0.2,72.7,57.9,14.8,74.1,59.0,15.1
Glenwood,1,1,11.9,19.5,2015.0,2015.0,2015.0,2015.0,396.2,396.2,396.2,396.2,40.0,40.0,40.0,40.0,14.0,14.0,14.0,14.0,1.5,1.0,0.5,112.7,72.5,40.1,114.8,73.9,40.9
Sledge Island,1,1,2.3,1.7,2014.0,2014.0,2014.0,2014.0,1130.3,1130.3,1130.3,1130.3,232.0,232.0,232.0,232.0,25.0,25.0,25.0,25.0,1.2,1.2,0.0,92.5,89.3,3.3,94.3,91.0,3.3
East Keansburg,1,1,0.0,0.0,2014.0,2014.0,2014.0,2014.0,18.3,18.3,18.3,18.3,41.0,41.0,41.0,41.0,3.0,3.0,3.0,3.0,0.0,0.0,0.0,2.7,2.6,0.1,2.8,2.6,0.1
North Grosvenor Dale,1,1,3.9,6.9,2015.0,2015.0,2015.0,2015.0,430.7,430.7,430.7,430.7,28.0,28.0,28.0,28.0,12.0,12.0,12.0,12.0,0.6,0.4,0.2,47.8,33.5,14.4,48.8,34.1,14.6
South Glastonbury,1,1,7.4,13.0,2015.0,2015.0,2015.0,2015.0,807.5,807.5,807.5,807.5,55.0,55.0,55.0,55.0,20.0,20.0,20.0,20.0,1.2,0.9,0.3,90.3,65.8,24.5,92.0,67.1,25.0
Saint Paul,1,1,31.6,42.9,1978.0,1978.0,1978.0,1978.0,2625.8,2625.8,2625.8,2625.8,609.0,609.0,609.0,609.0,84.0,84.0,84.0,84.0,1.4,1.2,0.2,102.7,90.4,12.3,104.6,92.1,12.5
Williams,1,1,23.6,44.3,1963.0,1963.0,1963.0,1963.0,874.2,874.2,874.2,874.2,100.0,100.0,100.0,100.0,0.0,0.0,0.0,0.0,6.5,6.5,0.0,487.5,487.5,0.0,496.9,496.9,0.0
Stockett,1,1,4.8,7.8,2002.0,2002.0,2002.0,2002.0,243.7,243.7,243.7,243.7,21.0,21.0,21.0,21.0,36.0,36.0,36.0,36.0,0.6,0.5,0.1,44.7,38.2,6.4,45.5,39.0,6.6
Eleele,1,1,0.4,0.0,2002.0,2002.0,2002.0,2002.0,129.9,129.9,129.9,129.9,13.0,13.0,13.0,13.0,122.0,122.0,122.0,122.0,0.4,0.2,0.2,32.2,16.2,15.9,32.8,16.5,16.3
Jacksboro,1,1,0.6,0.9,1983.0,1983.0,1983.0,1983.0,108.5,108.5,108.5,108.5,8.0,8.0,8.0,8.0,11.0,11.0,11.0,11.0,0.0,0.0,0.0,2.3,1.0,1.3,2.3,1.0,1.4
Bronston,1,1,1.7,2.2,1983.0,1983.0,1983.0,1983.0,279.9,279.9,279.9,279.9,38.0,38.0,38.0,38.0,11.0,11.0,11.0,11.0,0.1,0.1,0.0,5.9,4.6,1.3,6.1,4.7,1.4
Markleville,1,1,1.9,2.5,1983.0,1983.0,1983.0,1983.0,314.2,314.2,314.2,314.2,44.0,44.0,44.0,44.0,11.0,11.0,11.0,11.0,0.1,0.1,0.0,6.7,5.3,1.3,6.8,5.4,1.4
Three Oaks,1,1,2.7,3.5,1983.0,1983.0,1983.0,1983.0,451.3,451.3,451.3,451.3,71.0,71.0,71.0,71.0,8.0,8.0,8.0,8.0,0.1,0.1,0.0,9.6,8.6,1.0,9.8,8.8,1.0
Depere,1,1,0.8,1.0,1983.0,1983.0,1983.0,1983.0,131.4,131.4,131.4,131.4,10.0,10.0,10.0,10.0,13.0,13.0,13.0,13.0,0.0,0.0,0.0,2.8,1.2,1.6,2.8,1.2,1.6
Mountain,1,1,1.6,2.2,1983.0,1983.0,1983.0,1983.0,274.2,274.2,274.2,274.2,36.0,36.0,36.0,36.0,12.0,12.0,12.0,12.0,0.1,0.1,0.0,5.8,4.4,1.5,5.9,4.4,1.5
White Pine,1,1,1.0,1.3,1983.0,1983.0,1983.0,1983.0,165.7,165.7,165.7,165.7,20.0,20.0,20.0,20.0,9.0,9.0,9.0,9.0,0.0,0.0,0.0,3.5,2.4,1.1,3.6,2.5,1.1
Ho-Ho-Kus,1,1,0.0,0.0,1972.0,1972.0,1972.0,1972.0,73.4,73.4,73.4,73.4,10.0,10.0,10.0,10.0,16.0,16.0,16.0,16.0,0.1,0.1,0.0,6.8,5.9,0.9,7.0,6.0,0.9
Vineburg,1,1,0.0,0.0,1958.0,1958.0,1958.0,1958.0,43.5,43.5,43.5,43.5,6.0,6.0,6.0,6.0,34.0,34.0,34.0,34.0,0.1,0.0,0.1,7.2,2.6,4.6,7.3,2.6,4.7
Freeland,1,1,0.0,0.0,1971.0,1971.0,1971.0,1971.0,148.0,148.0,148.0,148.0,449.0,449.0,449.0,449.0,7.0,7.0,7.0,7.0,0.4,0.4,0.0,29.7,29.3,0.4,30.3,29.9,0.4
Lake Waccamaw,1,1,0.2,0.1,1970.0,1970.0,1970.0,1970.0,500.0,500.0,500.0,500.0,222.0,222.0,222.0,222.0,178.0,178.0,178.0,178.0,0.3,0.2,0.1,22.4,12.4,10.0,22.8,12.7,10.2
Cape Carteret,1,1,0.8,1.4,1972.0,1972.0,1972.0,1972.0,569.9,569.9,569.9,569.9,11.0,11.0,11.0,11.0,30.0,30.0,30.0,30.0,0.0,0.0,0.0,1.7,0.4,1.2,1.7,0.5,1.2
Stookey,1,1,0.1,0.0,1971.0,1971.0,1971.0,1971.0,168.2,168.2,168.2,168.2,22.0,22.0,22.0,22.0,22.0,22.0,22.0,22.0,0.2,0.2,0.1,16.7,12.6,4.1,17.0,12.8,4.2
Dupo,1,1,0.4,0.1,1971.0,1971.0,1971.0,1971.0,597.2,597.2,597.2,597.2,76.0,76.0,76.0,76.0,2.0,2.0,2.0,2.0,1.1,1.1,0.0,83.0,82.9,0.1,84.6,84.5,0.1
Kewaunee,1,1,0.0,0.0,1985.0,1985.0,1985.0,1985.0,70.2,70.2,70.2,70.2,13.0,13.0,13.0,13.0,2.0,2.0,2.0,2.0,0.0,0.0,0.0,3.4,3.1,0.2,3.4,3.2,0.2
Clarkesville,1,1,1.7,2.2,1983.0,1983.0,1983.0,1983.0,285.6,285.6,285.6,285.6,37.0,37.0,37.0,37.0,13.0,13.0,13.0,13.0,0.1,0.1,0.0,6.4,4.5,1.9,6.5,4.6,1.9
Oviedo,1,1,1.5,2.0,1983.0,1983.0,1983.0,1983.0,257.1,257.1,257.1,257.1,34.0,34.0,34.0,34.0,11.0,11.0,11.0,11.0,0.1,0.1,0.0,5.8,4.1,1.6,5.9,4.2,1.7
Smackover,1,1,0.9,1.7,1982.0,1982.0,1982.0,1982.0,1507.5,1507.5,1507.5,1507.5,74.0,74.0,74.0,74.0,951.0,951.0,951.0,951.0,3.5,0.3,3.2,261.3,22.5,238.8,266.3,23.0,243.3
Stillmore,1,1,0.1,0.1,1980.0,1980.0,1980.0,1980.0,363.0,363.0,363.0,363.0,45.0,45.0,45.0,45.0,10.0,10.0,10.0,10.0,0.3,0.2,0.1,21.2,17.4,3.9,21.6,17.7,3.9
Four Oaks,1,1,0.1,0.1,1976.0,1976.0,1976.0,1976.0,295.0,295.0,295.0,295.0,41.0,41.0,41.0,41.0,9.0,9.0,9.0,9.0,0.2,0.2,0.0,18.2,14.9,3.3,18.5,15.2,3.3
King William,1,1,0.0,0.0,1976.0,1976.0,1976.0,1976.0,118.0,118.0,118.0,118.0,12.0,12.0,12.0,12.0,8.0,8.0,8.0,8.0,0.1,0.1,0.0,7.3,4.4,2.9,7.4,4.5,3.0
Indian River City,1,1,0.0,0.0,1966.0,1966.0,1966.0,1966.0,117.6,117.6,117.6,117.6,13.0,13.0,13.0,13.0,69.0,69.0,69.0,69.0,0.1,0.1,0.1,9.3,4.4,4.9,9.4,4.5,4.9
Clinchfield,1,1,0.8,1.4,1979.0,1979.0,1979.0,1979.0,2846.1,2846.1,2846.1,2846.1,230.0,230.0,230.0,230.0,510.0,510.0,510.0,510.0,5.9,1.6,4.3,445.3,119.0,326.3,453.9,121.3,332.6
Clover,1,1,0.0,0.0,1978.0,1978.0,1978.0,1978.0,157.8,157.8,157.8,157.8,514.0,514.0,514.0,514.0,41.0,41.0,41.0,41.0,0.5,0.4,0.0,34.2,31.9,2.2,34.8,32.5,2.3
York Beach,1,1,0.1,0.1,1979.0,1979.0,1979.0,1979.0,167.8,167.8,167.8,167.8,17.0,17.0,17.0,17.0,4.0,4.0,4.0,4.0,0.2,0.2,0.0,15.5,12.7,2.8,15.8,12.9,2.9
Concord,1,1,0.1,0.1,1980.0,1980.0,1980.0,1980.0,547.8,547.8,547.8,547.8,76.0,76.0,76.0,76.0,7.0,7.0,7.0,7.0,0.4,0.4,0.0,32.0,29.3,2.7,32.7,29.9,2.8
Mentor Harbor,1,1,0.1,0.1,1982.0,1982.0,1982.0,1982.0,112.4,112.4,112.4,112.4,13.0,13.0,13.0,13.0,5.0,5.0,5.0,5.0,0.3,0.3,0.0,22.3,22.0,0.3,22.7,22.4,0.3
Madisonville,1,1,0.0,0.0,1980.0,1980.0,1980.0,1980.0,171.6,171.6,171.6,171.6,22.0,22.0,22.0,22.0,4.0,4.0,4.0,4.0,0.1,0.1,0.0,10.0,8.5,1.5,10.2,8.7,1.6
North Miami,1,1,35.8,59.2,1980.0,1980.0,1980.0,1980.0,1590.3,1590.3,1590.3,1590.3,54.0,54.0,54.0,54.0,40.0,40.0,40.0,40.0,7.1,4.0,3.0,532.4,303.5,228.9,542.6,309.4,233.2
Placida,1,1,0.3,0.2,1976.0,1976.0,1976.0,1976.0,507.3,507.3,507.3,507.3,82.0,82.0,82.0,82.0,7.0,7.0,7.0,7.0,0.4,0.4,0.0,32.0,29.5,2.5,32.6,30.1,2.6
Richmond,1,1,0.1,0.1,1981.0,1981.0,1981.0,1981.0,331.7,331.7,331.7,331.7,87.0,87.0,87.0,87.0,58.0,58.0,58.0,58.0,0.5,0.5,0.1,39.9,36.0,3.9,40.6,36.7,3.9
Cedar Point,1,1,0.1,0.0,1981.0,1981.0,1981.0,1981.0,142.2,142.2,142.2,142.2,22.0,22.0,22.0,22.0,0.0,0.0,0.0,0.0,0.1,0.1,0.0,8.9,8.9,0.0,9.1,9.1,0.0
Walnut Grove,1,1,0.0,0.0,1950.0,1950.0,1950.0,1950.0,113.1,113.1,113.1,113.1,12.0,12.0,12.0,12.0,422.0,422.0,422.0,422.0,0.4,0.0,0.4,31.3,2.8,28.4,31.9,2.9,29.0
Kensington,1,1,0.0,0.0,1970.0,1970.0,1970.0,1970.0,20.1,20.1,20.1,20.1,708.0,708.0,708.0,708.0,0.0,0.0,0.0,0.0,0.5,0.5,0.0,38.1,38.1,0.0,38.9,38.9,0.0
Mannsville,1,1,0.2,0.1,1970.0,1970.0,1970.0,1970.0,106.0,106.0,106.0,106.0,11.0,11.0,11.0,11.0,11.0,11.0,11.0,11.0,0.3,0.2,0.0,19.8,17.2,2.6,20.1,17.5,2.7
New Baltimore,1,1,0.5,0.2,1970.0,1970.0,1970.0,1970.0,215.3,215.3,215.3,215.3,21.0,21.0,21.0,21.0,13.0,13.0,13.0,13.0,0.4,0.3,0.1,32.4,25.0,7.4,33.0,25.5,7.5
Peconic,1,1,0.2,0.0,1998.0,1998.0,1998.0,1998.0,203.5,203.5,203.5,203.5,74.0,74.0,74.0,74.0,0.0,0.0,0.0,0.0,0.2,0.2,0.0,16.1,16.1,0.0,16.4,16.4,0.0
York Harbor,1,1,0.3,0.1,1991.0,1991.0,1991.0,1991.0,326.6,326.6,326.6,326.6,53.0,53.0,53.0,53.0,40.0,40.0,40.0,40.0,0.4,0.3,0.1,30.1,24.7,5.4,30.7,25.2,5.5
Glennville,1,1,9.6,9.6,2000.0,2000.0,2000.0,2000.0,1669.0,1669.0,1669.0,1669.0,376.0,376.0,376.0,376.0,48.0,48.0,48.0,48.0,3.7,2.9,0.7,275.0,218.7,56.3,280.3,222.9,57.3
Kenai,1,1,0.0,0.0,1995.0,1995.0,1995.0,1995.0,81.9,81.9,81.9,81.9,12.0,12.0,12.0,12.0,29.0,29.0,29.0,29.0,0.1,0.1,0.0,7.6,5.9,1.7,7.7,6.0,1.7
Shelter Island,1,1,1.8,0.5,1996.0,1996.0,1996.0,1996.0,1357.2,1357.2,1357.2,1357.2,8.0,8.0,8.0,8.0,361.0,361.0,361.0,361.0,0.8,0.1,0.7,59.7,4.3,55.4,60.8,4.4,56.5
West Yarmouth,1,1,0.5,0.1,1996.0,1996.0,1996.0,1996.0,551.6,551.6,551.6,551.6,38.0,38.0,38.0,38.0,22.0,22.0,22.0,22.0,0.6,0.4,0.2,41.9,29.5,12.4,42.7,30.1,12.7
Shelter Island Heigh,1,1,0.1,0.0,1996.0,1996.0,1996.0,1996.0,64.8,64.8,64.8,64.8,40.0,40.0,40.0,40.0,16.0,16.0,16.0,16.0,0.1,0.1,0.0,10.1,7.9,2.1,10.3,8.1,2.2
North Haven,1,1,0.1,0.0,1998.0,1998.0,1998.0,1998.0,123.5,123.5,123.5,123.5,44.0,44.0,44.0,44.0,90.0,90.0,90.0,90.0,0.3,0.2,0.2,24.2,12.1,12.1,24.7,12.4,12.3
South Mills,1,1,0.0,0.0,1968.0,1968.0,1968.0,1968.0,50.7,50.7,50.7,50.7,9.0,9.0,9.0,9.0,7.0,7.0,7.0,7.0,0.0,0.0,0.0,2.7,2.3,0.4,2.7,2.4,0.4
Machias,1,1,0.2,0.0,1998.0,1998.0,1998.0,1998.0,212.5,212.5,212.5,212.5,28.0,28.0,28.0,28.0,115.0,115.0,115.0,115.0,0.4,0.2,0.2,32.3,15.8,16.5,33.0,16.1,16.9
Lubec,1,1,0.2,0.0,1998.0,1998.0,1998.0,1998.0,232.8,232.8,232.8,232.8,32.0,32.0,32.0,32.0,428.0,428.0,428.0,428.0,1.0,0.2,0.8,75.9,17.9,58.0,77.3,18.2,59.1
Friendship,1,1,0.1,0.0,1998.0,1998.0,1998.0,1998.0,76.7,76.7,76.7,76.7,10.0,10.0,10.0,10.0,10.0,10.0,10.0,10.0,0.1,0.1,0.0,7.1,5.7,1.3,7.2,5.8,1.4
Sandypoint,1,1,0.2,0.0,1998.0,1998.0,1998.0,1998.0,167.1,167.1,167.1,167.1,32.0,32.0,32.0,32.0,403.0,403.0,403.0,403.0,0.9,0.2,0.7,68.0,14.0,54.0,69.4,14.3,55.0
Cherryfield,1,1,0.1,0.0,1998.0,1998.0,1998.0,1998.0,151.0,151.0,151.0,151.0,36.0,36.0,36.0,36.0,21.0,21.0,21.0,21.0,0.1,0.1,0.0,8.4,5.3,3.1,8.6,5.4,3.2
Sarita,1,1,3.9,3.5,1999.0,1999.0,1999.0,1999.0,1038.6,1038.6,1038.6,1038.6,945.0,945.0,945.0,945.0,82.0,82.0,82.0,82.0,2.3,2.2,0.1,171.7,166.7,5.0,175.0,169.9,5.1
Carlisle,1,1,0.0,0.0,1980.0,1980.0,1980.0,1980.0,62.5,62.5,62.5,62.5,9.0,9.0,9.0,9.0,5.0,5.0,5.0,5.0,0.1,0.1,0.0,4.5,4.2,0.3,4.6,4.3,0.3
Saint Charles,1,1,0.1,0.0,2004.0,2004.0,2004.0,2004.0,497.9,497.9,497.9,497.9,57.0,57.0,57.0,57.0,93.0,93.0,93.0,93.0,0.2,0.1,0.1,18.4,7.9,10.5,18.8,8.1,10.7
Pennsauken,1,1,0.0,0.0,1967.0,1967.0,1967.0,1967.0,39.1,39.1,39.1,39.1,12.0,12.0,12.0,12.0,0.0,0.0,0.0,0.0,0.1,0.1,0.0,4.3,4.3,0.0,4.4,4.4,0.0
Whitehall,1,1,1.4,2.5,1950.0,1950.0,1950.0,1950.0,113.3,113.3,113.3,113.3,15.0,15.0,15.0,15.0,27.0,27.0,27.0,27.0,0.3,0.3,0.1,24.5,20.6,3.9,25.0,21.0,4.0
North Rose,1,1,0.1,0.0,1968.0,1968.0,1968.0,1968.0,116.9,116.9,116.9,116.9,24.0,24.0,24.0,24.0,0.0,0.0,0.0,0.0,0.1,0.1,0.0,7.4,7.4,0.0,7.5,7.5,0.0
Kauhako Bay,1,1,0.2,0.1,1967.0,1967.0,1967.0,1967.0,197.7,197.7,197.7,197.7,26.0,26.0,26.0,26.0,50.0,50.0,50.0,50.0,0.4,0.3,0.1,26.4,19.0,7.4,26.9,19.3,7.5
Edinboro,1,1,0.7,0.8,1965.0,1965.0,1965.0,1965.0,4715.9,4715.9,4715.9,4715.9,851.0,851.0,851.0,851.0,517.0,517.0,517.0,517.0,4.2,3.3,0.9,316.8,248.6,68.2,322.9,253.4,69.5
Winona,1,1,23.8,32.2,1978.0,1978.0,1978.0,1978.0,1974.1,1974.1,1974.1,1974.1,217.0,217.0,217.0,217.0,479.0,479.0,479.0,479.0,1.5,0.5,1.0,115.8,39.6,76.3,118.1,40.3,77.8
Brinnon,1,1,0.3,0.2,1991.0,1991.0,1991.0,1991.0,103.4,103.4,103.4,103.4,178.0,178.0,178.0,178.0,111.0,111.0,111.0,111.0,0.6,0.3,0.2,44.5,25.9,18.6,45.3,26.4,18.9
Castine,1,1,6.4,7.4,1990.0,1990.0,1990.0,1990.0,514.5,514.5,514.5,514.5,45.0,45.0,45.0,45.0,14.0,14.0,14.0,14.0,0.6,0.6,0.0,44.5,42.6,1.9,45.3,43.4,1.9
Bolton Landing,1,1,0.0,0.0,1958.0,1958.0,1958.0,1958.0,111.0,111.0,111.0,111.0,9.0,9.0,9.0,9.0,21.0,21.0,21.0,21.0,0.1,0.0,0.0,5.2,1.6,3.6,5.3,1.7,3.7
Tulalip,1,1,0.0,0.0,1964.0,1964.0,1964.0,1964.0,112.1,112.1,112.1,112.1,10.0,10.0,10.0,10.0,415.0,415.0,415.0,415.0,0.4,0.0,0.3,28.2,3.3,24.8,28.7,3.4,25.3
Carthage,1,1,0.2,0.1,1974.0,1974.0,1974.0,1974.0,492.2,492.2,492.2,492.2,79.0,79.0,79.0,79.0,17.0,17.0,17.0,17.0,0.4,0.3,0.0,27.7,25.8,1.9,28.2,26.3,1.9
Port Washington,1,1,0.7,0.4,1942.0,1942.0,1942.0,1942.0,84.4,84.4,84.4,84.4,9.0,9.0,9.0,9.0,46.0,46.0,46.0,46.0,0.3,0.2,0.1,25.1,16.2,8.9,25.6,16.6,9.0
Tri-Cities,1,1,0.0,0.0,1974.0,1974.0,1974.0,1974.0,114.3,114.3,114.3,114.3,13.0,13.0,13.0,13.0,18.0,18.0,18.0,18.0,0.1,0.1,0.0,6.9,4.3,2.6,7.1,4.4,2.7
Rogers City,1,1,4.4,6.0,1953.0,1953.0,1953.0,1953.0,310.3,310.3,310.3,310.3,34.0,34.0,34.0,34.0,12.0,12.0,12.0,12.0,0.8,0.8,0.0,61.4,59.6,1.8,62.6,60.8,1.8
Michigan City,1,1,1.2,2.4,1959.0,1959.0,1959.0,1959.0,96.8,96.8,96.8,96.8,11.0,11.0,11.0,11.0,5.0,5.0,5.0,5.0,0.2,0.2,0.0,13.1,12.4,0.7,13.3,12.6,0.7
Oglesby,1,1,0.0,0.0,1999.0,1999.0,1999.0,1999.0,56.4,56.4,56.4,56.4,13.0,13.0,13.0,13.0,5.0,5.0,5.0,5.0,0.0,0.0,0.0,2.2,1.8,0.3,2.2,1.9,0.3
Dequincy,1,1,12.2,21.7,2017.0,2017.0,2017.0,2017.0,341.6,341.6,341.6,341.6,32.0,32.0,32.0,32.0,118.0,118.0,118.0,118.0,1.4,0.7,0.7,103.1,50.0,53.0,105.1,51.0,54.1
