Domestic by Arr. Port,n_vys,n_imo,tps_mn_gtnm,tps_mn_dwtnm,aby_vys,aby_flt,aby_gtnm,aby_dwtnm,avd_vys,avd_flt,avd_gtnm,avd_dwtnm,avt_vys,avt_flt,avt_gtnm,avt_dwtnm,apt_vys,apt_flt,apt_gtnm,apt_dwtnm,ene_tj,ene_tj_voy,ene_tj_stop,co2_t,co2_t_voy,co2_t_stop,co2e_t,co2e_t_voy,co2e_t_stop
Brooklyn,2813,256,1538.1,1695.5,1994.0,1996.0,2006.5,2007.5,102.8,391.9,361.0,337.9,20.0,76.7,167.1,197.3,14.0,61.9,420.7,100.1,938.6,646.4,292.2,70561.0,48623.4,21937.5,71915.7,49557.0,22358.7
Norfolk,2268,742,47870.9,54219.9,2000.5,2004.9,2008.4,2008.3,313.1,540.9,449.7,455.5,31.0,138.9,83.8,93.1,20.0,65.1,26.8,28.2,5829.6,5102.4,727.2,438102.3,383502.9,54599.5,446513.9,390866.1,55647.8
Pasadena,2209,1008,13660.1,19083.3,2003.5,2008.1,2009.7,2009.6,86.1,429.0,394.8,358.4,21.0,81.3,188.9,192.2,41.0,65.8,71.5,78.0,3271.4,1754.1,1517.2,246600.0,132663.1,113936.9,251334.8,135210.3,116124.5
New York,1976,349,4845.2,4840.7,1993.9,2000.2,2010.9,2011.3,87.5,261.7,434.5,394.5,24.0,75.0,79.2,80.4,10.0,43.0,53.2,56.7,984.2,697.8,286.3,73927.1,52428.6,21498.5,75346.5,53435.2,21911.3
Savannah,1867,734,62615.5,62859.2,2006.3,2007.5,2008.5,2008.5,555.6,646.4,612.7,572.5,51.0,74.7,97.4,82.4,19.0,34.9,25.4,25.8,6593.5,5927.1,666.5,496814.7,446773.5,50041.2,506353.5,455351.5,51002.0
Fourchon,1736,465,2311.1,2985.0,2001.0,2001.3,2006.5,2007.2,416.6,1208.7,849.1,839.5,51.0,315.8,506.8,470.3,74.0,287.7,411.7,396.0,2877.8,1574.9,1302.9,215816.4,118131.1,97685.3,219960.1,120399.2,99560.9
Newark,1669,394,17448.9,13707.0,1995.5,2003.9,2007.0,2007.5,127.4,405.2,472.2,480.2,27.0,46.6,56.4,57.7,15.0,26.3,25.6,29.5,1729.1,1457.1,272.0,129926.4,109504.4,20422.0,132421.0,111606.9,20814.1
Baytown,1623,525,26681.6,35524.0,2001.6,2005.4,2006.3,2006.3,255.3,712.3,885.1,836.6,59.0,107.7,145.3,161.3,27.0,60.0,50.4,56.4,4434.3,3264.2,1170.1,333822.5,245974.5,87848.0,340231.9,250697.2,89534.7
Houston,1584,757,20507.0,34545.5,2003.1,2007.1,2008.3,2008.3,227.3,638.7,658.0,658.9,60.0,121.7,249.2,237.5,28.0,43.8,57.0,56.7,4150.0,2757.5,1392.6,312803.5,208243.5,104560.0,318809.3,212241.8,106567.6
Honolulu,1566,104,30938.9,22533.5,1984.7,1994.0,1992.3,1989.6,145.3,1646.2,1506.3,2112.1,18.0,219.2,132.4,142.8,22.5,104.0,41.3,42.3,8368.4,7929.6,438.9,640790.9,607800.1,32990.8,653094.1,619469.8,33624.2
Baltimore,1562,631,30026.7,23511.1,2002.1,2005.6,2007.8,2007.8,383.9,521.6,472.7,463.8,34.0,67.3,77.4,91.1,23.0,52.0,37.5,40.2,3080.3,2624.3,456.0,231534.7,197300.0,34234.7,235980.2,201088.2,34892.0
Oakland,1468,285,37305.3,39569.1,2001.5,2006.5,2003.6,2004.7,389.4,471.6,512.2,498.1,36.0,53.2,59.7,57.8,20.0,45.8,26.5,25.7,5449.9,4948.8,501.1,412995.8,375369.0,37626.8,420925.3,382576.1,38349.2
Charleston,1304,526,28666.2,27041.6,2004.9,2005.6,2006.6,2007.6,294.4,446.5,353.3,343.0,29.0,51.2,46.0,43.6,20.0,45.2,25.5,26.9,3136.7,2538.6,598.1,235634.2,190723.7,44910.5,240158.4,194385.5,45772.8
Carteret,1286,187,842.0,1357.5,1991.1,1998.2,2000.8,2001.2,73.9,353.8,309.1,322.4,26.0,81.9,148.5,157.8,10.0,20.4,29.0,29.5,486.9,386.8,100.1,36565.5,29052.0,7513.5,37267.6,29609.8,7657.8
Sault Ste Marie,1254,144,8801.3,16374.4,1974.6,1990.1,1977.3,1977.1,335.7,303.6,317.4,318.3,31.0,35.8,37.2,37.0,1.0,9.3,3.8,3.3,1183.1,1157.2,25.9,88856.3,86908.9,1947.4,90562.3,88577.6,1984.8
Howland Hook,1216,193,2101.1,2775.1,1990.9,1993.8,2008.5,2008.7,78.7,222.4,549.4,595.5,25.0,85.8,119.1,132.1,9.0,31.0,30.6,32.5,594.3,478.9,115.4,44641.8,35977.5,8664.3,45498.9,36668.3,8830.7
Meraux,1212,588,10479.8,16354.7,2002.3,2005.5,2009.0,2009.2,335.8,603.4,622.9,617.9,45.0,78.6,110.2,113.9,30.0,72.7,59.3,60.9,1767.4,1288.1,479.3,133123.0,97136.3,35986.8,135679.0,99001.3,36677.7
Perth Amboy,1188,184,542.8,864.1,1990.2,1998.3,2008.6,2009.3,79.3,175.3,228.7,235.2,24.0,45.7,104.7,105.6,13.0,23.7,46.6,46.4,343.5,237.1,106.4,25805.6,17814.1,7991.5,26301.1,18156.1,8144.9
Seattle,1113,254,17645.4,16864.8,1988.8,1990.1,2000.0,2002.0,432.8,1583.8,1204.1,1134.7,53.0,290.4,166.4,127.4,28.0,385.3,65.0,51.8,3971.4,3404.9,566.5,300924.5,258389.6,42534.9,306702.3,263350.7,43351.6
Gloucester,1111,225,6004.4,5257.6,1995.4,2002.9,2007.8,2007.3,114.3,373.7,373.5,339.0,25.0,42.2,52.0,51.4,13.0,29.2,19.3,21.2,777.8,660.8,117.0,58477.3,49696.3,8781.0,59600.1,50650.5,8949.6
Juneau,1067,96,19311.6,1906.4,1991.3,1988.2,2003.6,2002.6,189.4,453.4,507.8,475.6,17.0,62.6,51.5,52.6,10.0,28.2,8.7,10.9,4753.5,4355.3,398.2,356908.4,327007.0,29901.4,363761.0,333285.5,30475.5
Ketchikan,1030,137,17405.3,1778.1,1991.9,1985.3,2004.4,2002.3,332.0,585.0,495.9,467.3,35.0,164.3,39.9,45.2,6.0,63.3,8.3,21.5,4299.5,3926.2,373.3,322821.0,294795.9,28025.1,329019.2,300456.0,28563.2
Bolivar,1018,548,9652.3,14616.6,1999.9,2006.1,2008.4,2008.3,137.4,541.2,560.0,529.2,25.0,83.5,160.0,160.1,18.0,49.2,56.2,56.1,1648.8,1246.5,402.3,124492.1,94282.6,30209.6,126882.4,96092.8,30789.6
Boston,1000,276,9706.9,7412.8,1998.8,2001.7,2008.5,2009.8,254.9,549.5,415.6,477.6,31.0,78.2,53.3,56.6,21.0,60.5,22.1,25.6,1464.2,1219.3,244.9,109961.0,91574.2,18386.8,112072.3,93332.4,18739.8
Elizabethport,988,183,3910.6,4513.8,1991.9,1993.8,2008.2,2007.9,96.1,280.5,495.1,514.1,27.0,69.8,61.7,63.2,13.0,24.3,21.9,21.8,692.0,599.7,92.3,52015.8,45085.9,6929.9,53014.5,45951.6,7062.9
Texas City,986,393,9877.3,16983.1,2002.7,2006.7,2008.6,2008.7,226.9,629.9,682.5,694.5,59.0,129.6,217.3,221.8,32.0,42.9,56.0,56.2,2210.3,1504.8,705.5,166595.4,113623.4,52972.0,169794.0,115805.0,53989.0
Port Everglades,984,273,18064.1,23379.2,2006.5,2004.8,2006.7,2007.4,590.2,1149.9,651.7,706.6,55.0,109.4,100.2,90.3,23.0,51.0,41.4,46.2,3145.0,2565.0,580.0,236538.5,192976.5,43562.0,241080.1,196681.7,44398.4
Tampa,956,284,9143.2,14304.5,2004.3,2005.6,2010.9,2011.3,671.0,862.8,762.8,766.1,64.0,151.8,100.1,100.3,36.0,118.8,59.1,58.3,2058.6,1603.6,455.1,154794.5,120626.3,34168.2,157766.5,122942.3,34824.2
Marcus Hook,952,214,5243.3,8628.5,1997.6,2002.4,2010.3,2010.3,93.0,330.2,562.6,563.6,29.0,81.5,186.1,187.5,16.0,40.9,82.9,82.5,1152.8,821.4,331.4,86476.6,61575.8,24900.8,88137.0,62758.1,25378.9
Port Neches,949,279,15684.6,26745.1,2001.4,2006.0,2010.4,2010.2,160.5,767.8,763.4,732.4,52.0,165.2,393.1,354.8,29.0,53.3,63.7,64.0,2905.5,1756.0,1149.5,219131.8,132828.1,86303.7,223339.1,135378.4,87960.7
Freeport,913,364,7510.3,10278.2,1998.7,2004.9,2007.5,2007.7,151.6,578.7,573.9,545.5,25.0,106.3,141.3,141.1,16.0,54.3,53.8,60.7,1355.7,889.5,466.2,102067.5,67066.6,35001.0,104027.2,68354.3,35673.0
Galveston,896,525,14674.0,15617.9,2002.5,2004.9,2007.1,2007.9,330.6,802.9,895.9,741.1,58.5,162.5,358.6,509.8,28.0,85.5,73.2,83.6,2187.3,1727.6,459.8,164816.6,130293.3,34523.3,167981.0,132794.9,35186.2
Long Beach,883,376,38372.1,48552.5,2004.4,2007.7,2006.2,2007.5,440.9,1047.6,1074.6,958.5,63.0,130.4,205.9,210.5,27.0,60.6,48.6,57.9,4951.6,3863.1,1088.5,375543.5,293815.0,81728.5,382754.0,299456.2,83297.7
Wilmington,875,357,10232.2,11373.0,2002.1,2003.9,2007.8,2008.1,374.7,469.3,538.2,547.4,42.0,92.5,64.6,69.3,15.0,39.6,25.2,28.7,1509.2,1322.3,187.0,113404.7,99367.3,14037.4,115582.1,101275.2,14306.9
Beaumont,870,240,8250.6,11617.3,2002.1,2006.9,2009.4,2010.4,169.1,575.1,735.3,699.2,55.0,102.2,156.9,159.4,31.0,49.3,56.7,58.6,1484.4,1064.7,419.7,111770.7,80258.9,31511.8,113916.7,81799.9,32116.8
Dutch Harbor,864,211,11637.2,11675.0,1983.5,1983.3,1995.4,1997.2,511.7,2241.5,2010.0,2027.8,65.0,277.3,246.9,221.8,33.0,229.1,109.7,75.0,2580.8,2100.7,480.1,196909.9,160680.7,36229.2,200690.5,163765.7,36924.8
Port Arthur,834,318,7307.6,11878.2,2003.0,2005.9,2009.8,2010.1,139.1,657.4,747.7,763.4,46.0,133.8,183.7,186.7,29.0,53.3,61.7,62.7,1407.9,1001.1,406.8,106170.4,75629.1,30541.3,108208.9,77081.2,31127.7
Tacoma,832,169,25357.3,18463.0,1994.7,1999.6,2003.8,2004.1,817.7,1026.4,1185.1,1102.7,70.0,118.5,86.7,84.6,26.0,86.7,32.3,35.3,4347.6,4080.2,267.4,327482.0,307404.4,20077.5,333769.6,313306.6,20463.0
Southwest Pass,828,567,10400.0,16773.0,2004.8,2006.3,2008.8,2008.9,387.8,826.7,601.3,604.7,43.0,186.8,252.9,223.2,13.0,40.2,48.5,50.3,1913.0,1584.4,328.6,143880.7,119209.4,24671.2,146643.2,121498.2,25144.9
Paulsboro,813,184,2479.6,4387.5,1996.8,2001.7,2005.7,2005.7,89.9,279.8,396.8,407.7,23.0,60.6,338.1,343.9,20.0,39.9,98.7,99.8,602.5,376.1,226.3,45372.1,28362.2,17009.9,46243.2,28906.7,17336.5
Good Hope,795,313,5193.4,8845.2,1998.6,2004.6,2009.5,2009.5,214.5,491.3,548.8,543.1,44.0,85.7,140.9,141.0,29.0,55.6,66.0,67.5,1122.9,730.3,392.7,84504.5,55021.3,29483.2,86127.0,56077.8,30049.3
Taft,792,473,9554.4,16281.5,2002.0,2006.1,2009.8,2009.8,418.2,615.1,647.8,646.9,53.0,85.8,109.5,107.9,29.0,67.5,68.9,69.7,1409.6,946.1,463.5,106017.9,71214.5,34803.4,108053.4,72581.8,35471.6
Waggaman,784,399,12118.7,15707.1,2003.2,2004.8,2006.6,2007.0,455.2,534.8,478.8,486.4,36.0,82.5,71.9,78.1,18.0,51.5,31.7,35.2,1626.7,1340.4,286.4,122296.7,100795.3,21501.4,124644.8,102730.6,21914.2
New Haven,761,133,784.7,1252.5,1993.5,1998.3,2009.4,2009.9,96.0,302.7,493.3,528.9,17.0,47.1,132.6,138.3,19.0,35.3,80.3,83.2,231.7,172.8,58.9,17411.6,12990.6,4420.9,17745.9,13240.0,4505.8
Corpus Christi,756,406,14423.3,24878.1,2004.6,2007.4,2010.0,2010.0,476.4,741.3,807.9,802.8,85.5,133.7,217.1,222.3,33.5,57.9,56.0,56.3,2643.3,1831.8,811.5,199307.7,138381.5,60926.2,203134.4,141038.4,62096.0
Los Angeles,755,200,22942.7,24522.4,2000.5,2003.1,2005.7,2004.9,438.1,1317.0,1453.2,1429.8,59.0,219.1,277.6,275.6,32.0,82.0,36.9,41.0,3452.7,3046.6,406.1,263270.8,232778.6,30492.3,268325.6,237247.9,31077.7
Anacortes,745,127,9808.6,16334.4,1997.5,1995.9,2006.5,2007.0,156.6,758.4,1016.6,1017.2,38.0,145.0,205.5,170.1,27.0,173.3,71.0,71.0,1862.7,1183.7,679.0,140197.8,89215.5,50982.3,142889.6,90928.4,51961.2
St Rose,729,447,7992.2,13593.5,2003.3,2006.3,2010.1,2010.1,260.8,557.7,629.6,629.5,50.0,89.7,171.9,172.2,28.0,61.6,64.7,64.9,1513.0,966.3,546.7,114066.3,73022.0,41044.3,116256.4,74424.0,41832.4
Treasure Island,704,159,12399.7,12512.8,2001.1,2005.5,2008.6,2009.3,382.4,506.0,428.1,415.2,30.0,72.9,62.8,63.8,20.0,37.4,29.4,33.8,1413.1,1156.8,256.3,106492.2,87245.7,19246.4,108536.8,88920.8,19616.0
Kihei,676,56,2506.7,336.6,1984.9,1996.6,2003.8,2003.6,105.2,243.9,244.8,222.3,16.0,26.3,64.9,65.2,10.0,12.9,15.6,15.2,795.4,569.9,225.5,60227.8,43297.3,16930.4,61384.1,44128.6,17255.5
Port Sulphur,657,462,9019.3,14503.9,2005.2,2006.6,2008.7,2009.0,421.6,650.8,655.5,655.1,38.0,66.8,123.6,127.1,21.0,54.7,61.0,63.3,1197.2,876.8,320.4,90259.6,66187.3,24072.3,91992.6,67458.1,24534.5
Romeville,653,413,6478.3,11267.5,1999.7,2005.8,2009.4,2009.5,283.3,468.3,483.7,481.3,46.0,80.4,106.4,106.5,41.0,86.0,99.4,101.6,1100.8,615.6,485.2,82725.9,46298.0,36427.8,84314.2,47187.0,37127.2
Port Richmond,649,119,1441.6,2183.7,1994.1,1998.0,1991.4,1991.0,99.1,364.2,554.8,568.1,30.0,53.1,103.9,103.3,12.0,26.2,49.7,50.4,461.9,368.4,93.5,34700.4,27679.0,7021.4,35366.7,28210.4,7156.2
Charleston Heights,646,230,11702.8,13279.1,2003.7,2003.5,2006.2,2006.2,549.2,630.5,513.7,515.8,47.0,109.7,58.5,56.4,15.0,76.3,22.8,21.5,1721.6,1537.4,184.1,129301.9,115475.8,13826.2,131784.5,117692.9,14091.6
Rouge River,631,101,1311.0,2502.8,1971.1,1982.9,1972.4,1972.1,132.1,178.2,169.8,170.5,16.0,22.1,26.9,26.8,6.0,19.0,10.8,10.6,262.9,246.1,16.8,19738.2,18477.4,1260.8,20117.2,18832.2,1285.0
Port Angeles,613,163,8241.1,14035.7,1996.2,2000.7,2007.6,2007.9,125.2,621.9,706.3,717.8,35.0,139.1,245.6,249.9,13.0,82.8,83.3,82.7,1669.7,930.1,739.6,125729.0,70196.4,55532.6,128143.0,71544.2,56598.8
Lake Charles,604,331,8719.7,14726.2,2001.2,2004.9,2008.4,2008.5,300.2,627.9,702.5,704.0,64.0,116.5,192.0,196.4,39.0,65.6,66.9,66.3,1580.8,1061.2,519.6,119114.9,80105.1,39009.9,121402.0,81643.1,39758.9
Port Allen,601,221,1903.6,3265.1,1988.3,2002.7,2008.5,2008.9,131.1,257.7,279.4,280.2,32.0,72.1,142.7,141.0,29.0,74.9,80.9,82.2,646.1,313.9,332.2,48953.1,23606.1,25347.0,49893.0,24059.3,25833.7
Benicia,598,127,8054.8,9424.0,2000.3,2003.1,2005.5,2006.2,187.5,596.2,668.9,757.1,37.5,91.6,135.7,172.0,20.0,33.6,30.9,37.1,1032.5,809.7,222.8,77799.9,61073.6,16726.3,79293.7,62246.2,17047.5
Blount Island,597,313,17189.6,12586.4,2003.9,2005.3,2007.9,2007.5,665.3,727.6,675.5,634.2,54.0,93.8,82.9,79.8,19.0,51.9,23.8,28.7,1622.2,1273.7,348.6,122150.1,95978.8,26171.4,124495.4,97821.5,26673.9
Delaware City,595,150,1275.8,2254.5,1995.1,1997.6,2006.1,2006.3,91.5,286.6,383.8,400.4,26.0,82.3,282.2,286.7,20.0,32.5,25.9,24.7,383.3,275.1,108.2,28860.0,20736.4,8123.6,29414.2,21134.6,8279.6
Skagway,592,45,9586.0,870.3,1996.6,1997.6,2003.5,2002.6,102.9,365.4,289.2,271.8,10.0,113.6,78.5,76.8,10.0,58.2,17.5,17.8,2311.2,1821.6,489.7,173534.6,136770.0,36764.5,176866.4,139396.0,37470.4
Venice,591,260,2951.7,4756.4,1994.5,2001.5,2008.1,2008.6,254.2,711.6,666.0,675.6,36.0,157.3,159.6,158.0,16.0,80.9,48.4,49.5,658.5,497.8,160.7,49582.1,37513.1,12069.0,50534.1,38233.4,12300.7
Port Newark,591,227,5947.1,6203.0,2000.2,2001.5,2008.1,2008.1,118.1,329.9,402.5,392.4,26.0,82.0,62.8,68.0,16.0,34.0,27.2,30.0,757.1,596.5,160.7,56907.9,44842.8,12065.1,58000.5,45703.8,12296.7
Welcome,588,351,3618.1,6045.8,2001.9,2006.9,2009.5,2009.8,193.9,406.3,385.3,378.5,44.0,79.9,120.0,118.7,47.0,87.1,89.3,89.1,720.6,434.6,286.0,54193.3,32716.9,21476.4,55233.8,33345.1,21888.7
Albany,570,124,426.1,576.1,1997.0,1999.7,2006.6,2007.3,133.7,286.3,353.8,342.7,20.0,73.9,98.4,92.7,17.0,39.7,77.3,80.4,180.9,144.3,36.6,13616.9,10869.5,2747.4,13878.3,11078.2,2800.1
Atreco,562,116,2382.1,4155.5,1997.2,2003.1,2008.8,2008.8,109.8,463.0,622.2,628.9,30.0,101.9,192.4,194.4,16.0,50.1,104.5,106.0,542.1,295.5,246.6,40728.1,22215.3,18512.8,41510.1,22641.9,18868.3
Afognak,546,105,1196.8,771.5,1978.5,1981.2,1990.8,1989.4,255.3,960.1,283.9,299.5,20.0,209.4,92.9,82.5,10.0,91.8,29.5,37.5,566.8,462.4,104.4,42718.1,34856.2,7862.0,43538.3,35525.4,8012.9
Valdez,546,88,27282.3,46602.2,1992.4,1988.6,2006.0,2006.2,458.1,1041.7,1522.3,1540.3,78.0,171.8,139.5,138.5,20.0,237.2,27.6,25.4,2674.9,2211.9,463.0,202558.9,167794.3,34764.5,206448.0,171016.0,35432.0
Bellingham,535,109,4984.2,7595.6,1993.3,1989.5,2003.4,2006.1,228.6,817.0,733.3,751.2,41.0,136.4,127.3,125.2,20.0,73.3,52.9,55.0,823.1,702.9,120.2,61922.9,52901.7,9021.2,63111.8,53917.4,9194.4
Sitka,502,98,2924.3,349.8,1982.1,1979.6,1999.7,1995.8,222.7,391.6,386.5,367.9,23.0,81.6,36.1,48.4,8.0,40.1,7.8,14.6,907.6,785.5,122.1,68194.9,59024.4,9170.5,69504.3,60157.7,9346.6
Akutan,475,88,515.1,472.0,1983.0,1982.1,1988.1,1991.1,231.4,1821.0,914.0,975.2,45.0,411.4,441.1,350.2,17.0,126.8,135.2,110.3,385.4,285.5,100.0,29001.8,21495.9,7506.0,29558.7,21908.6,7650.1
Tottenville (Staten),468,133,194.4,283.7,1987.9,1992.7,2003.6,2004.6,93.5,258.4,271.7,276.3,27.5,72.3,103.3,78.3,11.0,44.1,47.3,42.6,158.1,114.5,43.6,11868.5,8595.6,3272.9,12096.4,8760.7,3335.7
Nawiliwili,443,45,1557.9,191.8,1985.3,1995.2,2004.0,2003.8,103.3,188.7,197.5,205.6,15.0,39.6,17.5,22.8,9.0,9.7,22.0,20.6,586.2,392.7,193.5,44016.5,29486.0,14530.5,44861.7,30052.2,14809.5
Miami Beach,439,185,16021.2,16546.6,2004.9,2004.3,2006.4,2006.5,478.0,591.1,575.5,602.8,40.0,63.4,50.1,51.0,13.0,33.1,18.0,18.3,1956.0,1784.4,171.6,147290.4,134394.1,12896.4,150118.4,136974.4,13144.0
Destrehan,439,283,2907.6,4879.2,2000.5,2005.3,2009.0,2009.2,186.5,407.9,395.1,389.2,50.0,92.5,165.2,160.5,34.0,68.7,56.4,55.0,575.4,430.7,144.7,43306.5,32444.6,10862.0,44138.0,33067.5,11070.5
Petersburg,438,55,136.6,36.5,1988.2,1976.8,1988.0,1987.0,134.9,272.7,176.3,171.3,17.0,62.7,140.3,128.3,8.0,47.2,10.7,19.2,172.7,112.1,60.7,12969.8,8415.3,4554.5,13218.9,8576.9,4642.0
River Ridge,434,283,3399.6,5727.2,1999.2,2003.3,2009.6,2009.6,253.2,556.4,522.8,516.4,44.0,103.5,105.0,103.4,26.0,79.2,69.6,68.9,578.8,405.1,173.7,43560.3,30522.0,13038.4,44396.7,31108.0,13288.7
Cleveland,428,53,794.7,1551.8,1978.1,1981.2,1974.2,1973.5,92.6,266.3,237.7,239.8,15.0,31.4,40.0,40.1,10.0,22.5,14.2,13.6,181.3,161.1,20.2,13611.6,12096.6,1515.0,13873.0,12328.9,1544.1
Naknek,427,83,70.0,57.9,1974.1,1976.0,1971.5,1973.6,94.1,578.8,398.7,393.5,24.0,230.9,431.6,404.2,9.0,103.8,281.7,319.6,214.3,131.5,82.9,16101.3,9879.5,6221.8,16410.4,10069.2,6341.2
Jacksonville,426,249,6587.5,6406.4,2000.1,2002.5,2006.9,2006.7,455.9,738.3,522.0,498.2,47.0,161.2,90.0,75.9,19.0,44.0,21.5,24.1,1048.7,890.1,158.6,78780.2,66872.3,11907.8,80292.7,68156.3,12136.5
New Iberia,426,136,257.1,354.7,1988.9,1994.4,1999.4,2001.2,190.7,1606.1,1061.0,1297.6,38.0,441.4,2447.8,2732.7,14.0,160.8,172.5,117.6,622.9,476.9,146.0,46770.5,35810.0,10960.5,47668.5,36497.6,11170.9
Port Eads,423,196,1703.4,2376.6,2003.1,2003.7,2008.9,2009.2,287.8,1265.2,648.4,622.7,36.0,397.7,1052.0,895.2,15.0,39.4,54.5,56.4,875.4,797.8,77.6,65743.0,59912.5,5830.5,67005.3,61062.8,5942.4
Providence,423,119,847.8,1157.9,1993.8,2000.5,2009.7,2009.6,182.2,351.5,427.0,463.4,31.0,57.1,129.1,148.1,19.0,60.6,101.5,116.7,245.9,187.7,58.3,18497.4,14121.8,4375.6,18852.6,14392.9,4459.6
San Francisco,403,179,6697.9,7073.6,1998.7,2004.4,2006.0,2007.3,260.7,557.9,609.6,628.8,38.0,86.1,111.7,130.0,13.0,87.2,26.7,29.7,1197.7,908.5,289.2,90432.8,68719.8,21712.9,92169.1,70039.2,22129.8
Newport News,400,244,5425.1,5087.5,2002.5,2005.7,2008.9,2009.9,394.1,502.6,482.7,401.8,56.0,129.6,104.0,147.0,25.0,57.2,32.3,47.4,563.0,487.1,75.9,42307.9,36605.4,5702.4,43120.2,37308.3,5811.9
Hampton Roads Pt,397,234,4420.7,5530.4,1998.8,2002.8,2007.4,2008.1,315.8,606.8,635.9,611.2,56.0,147.7,119.4,129.5,15.0,78.1,71.9,60.0,667.0,537.8,129.2,50120.4,40419.1,9701.3,51082.7,41195.1,9887.6
Violet,395,229,3602.4,5850.2,2006.9,2008.7,2010.9,2011.0,361.0,590.5,615.3,618.1,43.0,79.9,129.7,132.4,21.0,61.4,61.5,62.5,551.6,419.6,131.9,41595.4,31688.9,9906.4,42394.0,32297.4,10096.6
Hilo,389,49,4895.9,549.9,1989.4,1994.6,2002.5,2002.6,202.0,468.6,582.6,459.2,27.0,103.6,95.8,91.2,10.0,15.7,8.8,10.3,1183.1,1090.4,92.7,90395.8,83438.5,6957.3,92131.4,85040.5,7090.9
Pascagoula,388,191,5693.9,9261.1,2003.8,2003.9,2009.6,2009.9,658.1,915.0,1107.0,1122.3,60.0,149.3,168.5,166.9,42.0,127.6,135.3,129.9,979.9,721.9,258.0,73642.9,54273.8,19369.2,75056.9,55315.8,19741.0
Point San Pablo,387,80,7115.0,12460.2,2004.3,2004.4,2011.0,2011.2,440.3,644.3,622.2,621.7,51.0,96.0,101.8,102.0,23.0,41.6,36.5,36.9,1121.5,720.1,401.4,84337.9,54198.3,30139.6,85957.2,55238.9,30718.3
Houma,369,133,393.5,536.3,1990.6,1997.9,2005.8,2006.7,140.9,2238.3,1024.8,1156.0,37.0,634.0,2453.7,2593.2,13.0,257.3,485.3,433.5,590.5,428.9,161.6,44338.2,32201.4,12136.8,45189.5,32819.7,12369.8
Hackberry,366,174,732.6,1092.7,1993.8,1996.6,2006.7,2008.1,406.0,1094.0,1054.6,1054.8,82.0,365.2,541.7,464.0,24.0,130.3,105.9,96.2,600.4,457.7,142.6,45124.1,34413.9,10710.2,45990.5,35074.6,10915.9
Key West,363,75,5431.8,1293.6,2000.2,1999.5,2000.7,1999.9,329.6,867.4,347.5,684.7,17.0,178.5,65.1,300.7,8.0,68.7,11.8,23.8,1363.3,1074.2,289.1,102786.4,81079.3,21707.2,104759.9,82636.0,22123.9
Vancouver,362,105,1490.2,1894.6,1997.6,2004.6,2009.4,2009.7,82.4,459.8,485.3,559.2,23.5,90.8,177.8,236.3,15.0,94.3,64.7,80.2,215.1,158.5,56.7,16222.1,11965.5,4256.5,16533.6,12195.3,4338.3
Martinez,359,109,6419.0,11470.4,2006.4,2007.3,2010.8,2010.8,471.0,754.4,887.7,894.2,56.0,122.4,247.3,249.9,32.0,50.1,96.1,97.1,1317.4,856.6,460.8,99238.0,64638.4,34599.6,101143.4,65879.5,35263.9
Mobile,348,240,9245.6,13241.8,2005.6,2006.7,2008.0,2008.8,584.1,892.7,822.9,844.7,47.5,112.7,200.4,225.1,26.0,93.3,82.9,97.5,1064.9,858.5,206.4,80133.8,64637.6,15496.2,81672.3,65878.6,15793.7
Anchorage,339,59,12925.8,6729.2,1994.3,1998.0,1999.2,1996.2,1457.1,615.1,1344.6,1235.0,77.0,85.6,77.9,83.0,17.0,96.1,14.0,16.3,2998.8,2913.6,85.2,225281.5,218885.4,6396.1,229606.9,223088.0,6518.9
Warwick,338,50,103.7,150.3,1988.9,2000.2,2006.0,2007.0,107.2,183.5,198.5,193.8,21.0,23.3,38.7,32.7,14.0,46.7,67.7,69.9,72.0,55.2,16.7,5402.4,4146.0,1256.4,5506.1,4225.6,1280.5
Port Ingleside,329,173,7157.2,13300.4,2005.9,2005.5,2008.8,2008.9,319.8,674.1,791.2,800.8,74.0,149.8,301.6,307.9,36.0,74.6,72.1,71.4,1142.0,685.7,456.4,86076.1,51811.9,34264.2,87728.8,52806.7,34922.0
Linnton,328,59,470.2,726.6,1992.0,1997.8,2008.5,2009.4,118.0,409.1,425.8,444.6,32.0,78.7,125.3,126.2,18.0,75.6,57.2,45.2,150.3,108.2,42.2,11297.9,8130.1,3167.8,11514.8,8286.2,3228.6
Kawaihae,323,24,26.5,19.0,1985.7,1986.9,1989.0,1994.9,145.8,308.7,189.0,184.8,21.0,62.9,187.9,153.1,9.0,9.1,7.9,8.2,62.4,59.9,2.5,4683.7,4495.8,187.9,4773.6,4582.1,191.5
Hueneme,312,136,14276.7,5240.1,2002.2,2004.9,2007.6,2007.3,102.5,1334.9,1747.5,1565.6,14.0,115.7,293.5,291.9,10.0,23.5,16.8,18.7,985.8,942.4,43.4,75737.7,72480.0,3257.7,77191.8,73871.6,3320.2
Loop Terminal,307,184,3912.6,6615.3,2002.2,2002.7,2007.9,2008.0,461.5,985.1,700.2,704.9,52.0,201.3,183.2,162.9,30.0,71.6,101.4,90.0,718.2,506.3,211.9,53994.1,38080.8,15913.3,55030.8,38812.0,16218.8
Alabama Pt.,307,189,5555.8,7776.4,2001.0,2004.5,2006.8,2007.3,584.9,808.8,824.5,847.2,57.0,179.0,124.2,123.0,30.0,70.2,72.2,75.2,870.7,644.2,226.4,65353.1,48351.8,17001.3,66607.9,49280.1,17327.7
Barber'S Point,304,35,164.4,160.4,1988.0,1990.7,2001.5,2004.6,153.9,1131.9,573.9,463.5,24.0,288.7,346.6,281.0,21.0,106.1,91.5,126.1,217.6,195.2,22.4,16364.0,14684.9,1679.1,16678.1,14966.8,1711.3
Longview,303,89,1019.6,1653.4,1993.4,2001.9,2008.3,2009.1,96.4,635.8,522.6,512.3,42.0,148.1,210.2,211.0,24.0,90.1,102.0,98.7,239.0,193.7,45.4,18000.5,14592.1,3408.4,18346.1,14872.3,3473.9
Brunswick,302,172,11675.9,5083.1,2006.8,2007.2,2008.1,2006.7,732.8,723.2,750.2,802.9,53.0,53.9,89.9,94.9,18.0,35.8,24.1,38.2,739.1,656.5,82.6,55725.4,49522.6,6202.8,56795.3,50473.4,6321.9
Astoria,296,96,1298.3,1333.9,1998.1,2000.0,2006.8,2010.8,89.8,735.6,535.8,812.7,14.0,165.1,156.0,209.6,13.0,51.4,32.5,43.2,362.5,281.3,81.3,27301.6,21200.2,6101.4,27825.7,21607.2,6218.5
Portland Me,296,86,1463.7,534.3,2001.4,1999.7,2005.8,2005.9,248.3,305.1,270.3,344.3,26.0,48.7,47.9,106.2,14.0,38.4,14.4,31.1,333.2,255.9,77.3,25024.4,19220.1,5804.3,25504.9,19589.1,5915.8
Port Morris,292,78,64.3,93.9,1997.6,1990.3,2008.5,2010.2,86.8,171.2,147.7,134.4,25.0,62.5,121.6,106.9,15.5,26.8,55.9,58.8,77.1,56.7,20.4,5786.6,4256.0,1530.6,5897.7,4337.7,1560.0
Big Stone,289,43,1231.7,2017.9,2007.2,2000.3,2005.7,2004.4,83.8,445.2,788.4,918.2,10.0,53.7,147.6,152.0,8.0,37.2,52.3,54.6,252.9,198.7,54.2,19034.1,14966.5,4067.6,19399.6,15253.8,4145.7
Duluth,286,77,2827.8,4987.6,1977.3,1985.3,1976.7,1976.5,373.4,596.6,463.1,461.3,37.0,44.1,47.0,47.0,17.0,68.4,37.2,33.7,463.1,407.2,56.0,34779.2,30577.1,4202.1,35446.9,31164.2,4282.7
Bridgeport,284,68,484.8,125.8,1990.0,1989.7,1999.0,1997.0,113.0,233.2,1776.0,1079.2,33.5,51.0,596.6,515.8,16.0,18.9,194.7,193.9,295.5,208.3,87.2,22185.3,15638.4,6547.0,22611.3,15938.6,6672.7
Cordova,281,42,120.2,41.3,1975.3,1980.0,1983.9,1982.5,173.3,511.9,421.6,388.7,20.0,172.9,204.6,261.1,14.0,53.4,101.9,111.8,149.1,102.7,46.4,11197.2,7712.1,3485.1,11412.2,7860.2,3552.0
Amelia,281,118,248.7,322.5,1992.7,1995.3,2001.5,2003.0,357.8,1250.5,1133.2,1163.7,54.0,380.6,1063.4,1013.6,74.0,410.5,495.6,431.0,464.9,293.3,171.6,34903.6,22022.6,12881.0,35573.7,22445.4,13128.3
Calcite,280,32,720.1,1511.4,1970.2,1968.2,1968.2,1968.4,229.5,228.3,251.9,253.9,23.0,35.7,27.8,27.8,17.0,18.2,20.3,20.6,163.7,153.1,10.6,12290.9,11498.0,792.9,12526.9,11718.7,808.1
Homer,277,56,536.7,618.6,1991.6,1990.1,2006.7,2010.6,189.6,715.9,294.3,397.3,28.0,309.0,149.5,170.4,29.0,146.3,51.1,51.3,327.1,217.7,109.3,24574.9,16365.6,8209.3,25046.8,16679.9,8366.9
Camden,277,101,459.0,731.4,1991.2,1999.1,2007.6,2008.2,124.7,297.8,315.7,308.1,34.0,88.2,76.4,59.5,12.0,42.9,81.5,81.4,122.9,93.0,29.9,9237.4,6990.4,2247.0,9414.8,7124.6,2290.2
Port Jefferson,274,28,11.9,6.2,2005.8,2000.1,2003.8,2004.5,81.1,127.2,107.5,107.7,17.5,36.6,53.4,42.1,10.0,15.4,19.7,39.0,39.1,26.3,12.8,2935.4,1973.6,961.9,2991.8,2011.5,980.3
Cape Canaveral,271,137,8235.3,4491.1,2003.2,2001.0,2010.3,2011.3,826.4,928.3,925.7,1266.3,48.0,111.5,179.2,446.2,27.0,73.4,30.2,56.5,1418.9,1221.0,197.9,106784.5,91929.2,14855.4,108834.8,93694.2,15140.6
Indiana Harbor,262,37,1835.2,3630.7,1970.6,1976.2,1973.7,1974.0,387.4,407.5,408.3,409.1,37.0,59.7,41.8,41.7,17.0,61.3,20.8,20.3,292.7,267.6,25.2,21979.3,20090.3,1889.0,22401.3,20476.0,1925.2
Rivergate,261,100,1762.4,1163.3,1994.2,2003.2,2006.0,2008.2,99.0,415.4,489.2,427.7,33.0,66.5,79.6,123.1,9.0,71.6,106.5,157.1,171.9,137.2,34.8,12923.5,10311.2,2612.3,13171.6,10509.2,2662.5
Bethany Beach,259,161,8697.2,14928.4,2004.8,2006.4,2006.7,2006.4,256.9,697.9,928.8,1022.7,31.0,100.8,217.2,226.8,11.0,35.7,29.8,30.4,909.6,823.3,86.3,68858.0,62379.5,6478.5,70180.0,63577.1,6602.9
Coeymans,257,77,317.1,463.2,1990.5,1995.3,2006.9,2007.9,146.9,291.6,400.1,378.6,24.0,67.3,69.1,64.9,32.0,79.0,102.2,109.7,100.6,65.9,34.7,7567.3,4963.9,2603.3,7712.6,5059.2,2653.3
Chester,255,76,400.8,593.1,1991.3,1994.9,2005.9,2006.2,89.0,268.0,503.5,543.4,27.0,54.9,141.3,154.4,6.0,27.5,15.6,13.6,99.3,85.8,13.4,7469.2,6461.0,1008.3,7612.6,6585.0,1027.6
Dillingham,254,64,22.6,14.7,1976.7,1977.2,1975.8,1980.6,80.8,332.8,197.7,185.1,11.0,122.8,406.4,422.9,22.0,69.1,118.0,157.7,86.9,53.9,33.0,6521.6,4047.2,2474.4,6646.8,4124.9,2521.9
Point Comfort,254,150,1800.7,2755.4,2003.7,2006.5,2007.7,2007.6,381.1,599.8,615.7,627.1,53.0,78.9,106.4,107.5,36.5,41.0,44.7,45.3,472.9,346.0,126.9,35541.0,26015.1,9526.0,36223.4,26514.6,9708.9
Detroit,246,93,517.7,854.2,1980.3,1986.6,1984.1,1981.2,164.8,249.6,229.4,230.7,21.0,51.1,39.9,35.9,13.0,58.1,36.9,35.0,141.9,111.4,30.5,10651.5,8365.0,2286.5,10856.0,8525.6,2330.4
"Webster, Harris",246,151,1718.4,2800.2,2007.9,2007.4,2007.3,2007.3,117.5,314.7,380.7,378.3,62.0,78.8,155.6,155.6,23.0,29.8,34.6,34.6,360.2,306.6,53.6,27131.7,23110.6,4021.1,27652.6,23554.4,4098.3
Philadelphia,245,98,82.0,122.5,1990.3,1993.8,2004.0,2006.8,203.0,255.0,146.3,138.0,33.0,94.4,125.0,91.2,16.0,37.6,53.5,57.2,120.7,84.8,36.0,9065.6,6364.9,2700.6,9239.6,6487.2,2752.5
Rainier,235,16,11.4,12.0,1990.9,1985.2,1995.5,2000.9,67.9,340.4,97.3,98.2,25.0,49.3,77.8,61.1,9.0,67.1,153.5,204.0,30.6,21.3,9.3,2300.4,1599.4,701.0,2344.6,1630.1,714.5
Lenard Harbour,234,72,102.4,65.0,1982.6,1980.7,1982.4,1985.2,316.4,932.2,345.4,323.5,49.0,351.5,401.0,403.3,13.0,99.9,88.9,101.5,200.0,159.3,40.7,15030.4,11971.6,3058.8,15318.9,12201.4,3117.5
Brusly,232,121,1067.2,1783.7,1990.8,2000.7,2010.8,2011.1,148.2,392.5,467.2,468.2,35.0,79.9,102.2,99.9,18.5,72.6,106.9,109.4,182.7,121.9,60.7,13747.8,9183.9,4563.9,14011.7,9360.2,4651.5
Hoboken,230,86,1050.3,147.8,1995.8,1993.3,2004.4,1991.0,175.6,362.0,506.3,496.4,31.0,77.1,50.1,87.5,14.0,105.4,38.4,71.2,378.5,246.2,132.4,28428.7,18490.5,9938.2,28974.5,18845.5,10129.1
Toledo,229,67,506.5,892.1,1974.8,1981.0,1977.6,1976.4,121.6,579.8,232.4,225.5,16.0,82.3,49.3,44.9,11.0,194.0,134.1,158.1,209.6,110.3,99.3,15738.1,8280.2,7457.9,16040.3,8439.2,7601.1
Newburgh,227,48,14.3,13.8,1992.7,1991.8,1998.8,2004.3,73.8,96.5,96.9,95.8,12.0,19.8,19.2,16.9,14.0,16.8,12.4,9.2,29.2,24.6,4.6,2195.7,1849.1,346.6,2237.9,1884.6,353.3
Sand Point,224,81,209.8,165.3,1980.2,1978.3,1988.1,1990.8,468.7,732.9,744.0,947.4,85.5,216.5,179.8,188.7,7.0,43.2,14.4,15.4,237.0,218.6,18.4,17820.2,16440.8,1379.4,18162.3,16756.5,1405.8
Sabine,223,151,7458.2,7902.9,1997.9,1999.9,2014.9,2013.7,394.9,1258.8,2901.0,1950.5,80.0,266.2,1159.3,966.5,37.0,131.2,48.3,59.5,920.1,752.7,167.3,63647.1,51079.3,12567.8,64869.1,52060.0,12809.1
Moss Point,223,11,58.1,52.1,1970.6,1976.6,1991.3,2006.6,171.2,626.0,386.6,586.8,18.0,191.6,114.9,113.1,46.0,49.0,47.2,23.5,46.9,19.4,27.5,3522.6,1458.2,2064.5,3590.3,1486.2,2104.1
Empire,217,111,1444.2,2260.3,1989.8,2001.0,2007.7,2008.3,218.4,542.8,605.9,618.8,28.0,70.6,113.5,116.6,10.0,29.1,28.5,29.1,206.3,170.0,36.3,15533.1,12807.2,2725.8,15831.3,13053.1,2778.2
Hunts Point,217,27,39.7,63.0,1997.8,1986.5,2008.6,2010.5,128.6,212.7,117.8,112.4,29.0,264.5,127.9,125.0,21.0,26.1,53.1,54.6,55.7,39.9,15.8,4180.3,2993.5,1186.8,4260.6,3051.0,1209.6
Seward,211,72,3042.7,383.1,1986.2,1983.8,2002.8,2001.9,581.3,592.0,662.0,665.3,41.0,266.7,53.5,90.5,16.0,132.1,16.1,24.5,950.1,839.6,110.5,71354.0,63060.4,8293.5,72723.9,64271.2,8452.7
Burns Harbor,211,52,1732.8,3048.0,1974.5,1987.3,1979.6,1979.0,379.1,438.2,430.5,426.3,36.0,46.3,45.0,44.3,24.0,51.4,39.7,38.4,222.0,192.3,29.8,16671.1,14436.7,2234.4,16991.2,14713.8,2277.3
Selby,205,74,1895.9,3324.6,2003.3,2006.5,2010.0,2010.2,167.6,512.9,629.8,635.3,49.0,91.2,133.0,132.8,14.0,32.3,36.4,36.3,413.7,288.5,125.2,31110.0,21707.8,9402.2,31707.3,22124.6,9582.7
Thenard,203,106,5668.4,6663.6,2007.8,2008.0,2009.3,2009.8,420.2,731.5,636.3,630.1,51.0,100.4,157.1,169.0,22.0,28.9,31.9,39.4,807.4,636.1,171.3,60844.9,47983.8,12861.0,62013.1,48905.1,13107.9
New Orleans,202,143,1999.4,3402.4,1999.3,2002.3,2009.7,2009.8,265.2,590.5,587.0,582.8,36.0,121.1,124.3,122.0,17.0,42.1,49.6,49.8,268.0,206.3,61.7,20198.9,15559.4,4639.4,20586.7,15858.2,4728.5
Milwaukee,201,60,423.2,548.1,1980.7,1993.2,1994.7,1994.4,244.4,275.1,333.1,293.2,25.0,29.3,57.2,49.8,17.0,55.3,54.0,56.6,152.9,116.8,36.1,11479.4,8766.7,2712.7,11699.8,8935.0,2764.8
Nikiski,200,32,936.7,1567.6,1998.0,1994.9,2014.3,2014.6,134.1,486.9,439.8,453.7,24.5,187.4,132.6,134.7,23.0,22.5,50.5,50.4,251.3,150.7,100.6,18910.9,11360.8,7550.1,19274.0,11579.0,7695.0
Portland,198,75,1054.5,1442.5,1995.4,1994.6,2004.1,2006.4,403.5,572.2,652.5,642.3,44.0,85.0,113.6,119.6,23.0,241.2,237.6,187.0,377.4,234.2,143.2,28365.7,17611.2,10754.4,28910.3,17949.4,10960.9
Port Aransas,196,128,2160.4,3678.7,2001.7,2002.0,2008.4,2008.5,459.0,834.4,798.3,787.7,107.0,210.2,206.4,177.7,33.5,102.8,129.7,131.4,527.2,331.8,195.4,39653.5,24983.0,14670.5,40414.8,25462.6,14952.2
Paducah,196,21,122.9,63.9,1983.7,1981.3,1997.6,1998.6,160.3,322.1,748.1,928.1,31.5,220.8,327.1,353.3,13.0,118.7,14.1,10.6,46.2,38.2,8.0,3468.5,2868.6,599.9,3535.1,2923.7,611.4
Pleasant Island,196,36,73.2,15.0,1986.0,1979.8,1996.0,1991.3,161.9,320.1,240.5,246.9,19.0,41.2,76.8,106.9,11.0,15.3,11.1,15.0,108.4,85.3,23.2,8142.4,6402.6,1739.8,8298.8,6525.5,1773.2
Newport,193,79,773.7,186.6,1996.8,1993.8,2005.5,2004.4,276.1,640.6,267.8,335.1,31.0,201.3,84.6,131.2,23.0,99.3,43.8,66.0,324.0,239.6,84.4,24326.5,17991.2,6335.3,24793.5,18336.6,6457.0
Saint Louis,193,127,779.3,1237.0,1999.5,2002.5,2008.2,2008.5,136.1,318.2,363.3,371.3,23.0,45.6,70.6,71.2,29.0,44.3,47.3,48.7,193.5,102.3,91.2,14547.8,7699.0,6848.9,14827.1,7846.8,6980.4
Manistique,193,28,447.9,955.9,1966.4,1970.1,1966.3,1967.1,193.7,190.7,193.8,196.5,19.0,22.8,22.9,21.9,11.0,13.6,12.8,12.7,96.1,89.1,7.0,7215.7,6693.3,522.3,7354.2,6821.8,532.4
Kake,192,28,69.7,16.1,1984.0,1981.8,1974.9,1972.3,117.1,133.4,160.7,157.2,16.0,31.8,39.3,34.7,8.0,13.6,5.3,4.7,87.2,61.0,26.2,6546.7,4582.5,1964.2,6672.4,4670.5,2001.9
Deer Park,186,137,4740.2,2911.2,2008.6,2008.3,2009.7,2009.5,232.2,495.5,983.1,599.8,44.5,58.9,138.5,134.2,36.0,67.3,35.3,55.9,472.9,351.5,121.4,35892.3,26776.6,9115.7,36581.5,27290.7,9290.8
Patterson,185,35,82.4,136.4,1979.4,1988.9,2004.1,2004.6,91.3,1197.5,554.5,632.2,26.0,328.9,322.6,290.9,9.0,63.6,42.6,40.8,75.3,64.8,10.5,5655.6,4867.3,788.4,5764.2,4960.7,803.5
Pilottown,182,111,1244.5,1927.0,1999.6,2000.5,2006.9,2007.9,438.4,1223.3,1007.2,992.5,90.0,374.0,428.6,419.5,12.5,49.4,40.6,38.5,334.6,299.3,35.4,25170.9,22516.3,2654.5,25654.1,22948.6,2705.5
Prescott,180,57,655.6,1116.8,1999.6,2002.8,2011.0,2011.1,74.2,536.8,495.2,546.2,16.0,93.9,196.9,207.5,9.0,101.9,66.3,66.4,106.9,80.8,26.1,8060.8,6100.9,1959.9,8215.6,6218.1,1997.5
Duluth Superior,177,44,1595.0,3049.1,1973.6,1985.2,1975.6,1975.8,353.0,420.0,421.8,420.0,38.0,47.7,46.4,46.2,10.0,24.9,15.0,14.6,216.6,206.5,10.1,16268.4,15513.7,754.7,16580.8,15811.6,769.2
Hoonah,174,45,1819.4,206.3,1987.4,1982.0,2001.8,1998.4,237.0,469.4,299.9,290.1,20.0,95.1,35.6,67.3,8.0,25.5,8.1,10.4,561.0,490.4,70.6,42121.3,36820.5,5300.8,42930.0,37527.5,5402.6
Yonkers,172,60,28.5,22.4,1989.9,1992.2,1992.2,1998.1,111.2,195.5,278.9,255.4,29.0,50.1,135.2,156.6,20.0,35.5,81.3,85.1,70.3,57.6,12.7,5279.7,4325.5,954.2,5381.0,4408.5,972.5
Davisville,172,91,4211.1,1313.9,2005.9,2005.3,2011.0,2010.7,400.8,615.4,632.1,628.5,46.5,167.5,84.1,86.6,10.0,109.4,12.7,14.5,277.8,252.5,25.3,20958.1,19057.7,1900.5,21360.5,19423.6,1937.0
Brownsville,172,92,2007.4,3237.4,1998.0,2003.9,2005.9,2005.8,377.0,724.1,810.9,811.2,68.0,161.5,191.7,182.6,39.5,41.9,49.2,49.2,341.0,250.5,90.5,25752.9,18958.7,6794.2,26247.4,19322.7,6924.7
South Chicago,169,47,387.4,576.9,1978.8,1989.5,1997.1,1997.8,260.5,416.2,429.0,443.4,33.0,49.9,50.0,50.7,16.0,46.4,50.3,51.2,101.6,83.2,18.4,7630.8,6247.4,1383.4,7777.3,6367.3,1410.0
Alpena,163,15,201.7,214.2,1963.9,1971.6,1957.4,1965.2,269.5,247.4,272.1,276.6,26.0,28.8,30.6,32.9,4.0,9.2,8.5,8.4,95.4,92.9,2.5,7159.2,6973.6,185.5,7296.6,7107.5,189.1
Quincy,161,62,251.3,341.8,1995.3,1998.5,2007.0,2009.1,280.3,1025.5,402.9,351.2,52.0,145.1,362.1,132.9,24.0,48.2,38.1,33.5,134.0,102.5,31.5,10071.5,7705.4,2366.2,10264.9,7853.3,2411.6
Port Manatee,157,66,1137.3,1764.8,2003.3,2002.1,2009.3,2009.8,627.7,752.3,818.0,800.9,73.0,103.3,111.2,108.4,24.0,71.1,111.3,107.0,291.2,211.0,80.2,21878.7,15857.5,6021.2,22298.8,16161.9,6136.8
Presque Isle,156,26,278.4,522.6,1956.7,1970.3,1964.6,1963.6,208.1,239.8,238.8,240.8,23.0,24.7,24.5,24.5,13.5,18.2,17.4,17.1,72.3,67.8,4.5,5426.1,5086.9,339.3,5530.3,5184.5,345.8
Baton Rouge,154,67,619.4,1020.6,1987.9,1997.0,2007.7,2008.0,137.7,359.4,512.0,520.1,42.0,67.9,90.2,90.7,11.5,29.3,37.0,37.9,124.6,79.8,44.8,9398.3,6001.6,3396.7,9578.8,6116.9,3461.9
Chatham,153,37,22.1,5.7,1984.8,1977.5,1998.0,1989.5,123.6,181.6,154.9,154.7,20.0,75.8,55.6,99.0,7.0,14.2,7.2,7.1,47.8,35.3,12.5,3591.5,2652.8,938.8,3660.5,2703.7,956.8
Jersey City,152,63,304.3,84.3,1994.2,1992.3,1999.7,1986.6,298.7,682.3,643.3,480.6,39.0,142.8,300.9,295.0,15.5,77.8,67.6,77.1,165.2,114.4,50.8,12404.0,8591.1,3812.9,12642.1,8756.0,3886.1
Kalaupapa,148,17,54.0,10.9,1982.8,1988.0,2002.3,1996.7,83.0,178.3,358.6,190.1,12.0,32.8,62.4,80.4,11.0,18.4,64.8,37.7,29.8,15.7,14.0,2235.0,1181.3,1053.7,2277.9,1204.0,1073.9
Lakeside Marblehead,143,17,58.5,115.4,1979.8,1972.0,1972.5,1972.2,67.1,112.9,96.7,98.9,16.0,15.3,42.2,35.3,12.0,13.5,16.8,16.3,24.5,20.8,3.7,1841.9,1562.8,279.1,1877.3,1592.8,284.5
San Diego,143,90,9612.8,3580.5,2006.0,2004.8,2008.5,2009.3,550.7,1076.9,1423.3,1456.6,83.0,100.6,203.3,192.8,13.0,27.7,21.4,21.0,848.0,823.1,24.9,65328.9,63406.2,1922.8,66583.3,64623.5,1959.7
Wrangell,143,37,216.9,31.8,1981.0,1978.4,1995.0,1987.9,155.3,324.0,187.5,183.2,17.0,88.4,31.3,47.0,7.0,52.8,7.2,10.7,99.7,80.1,19.6,7484.6,6015.1,1469.5,7628.3,6130.6,1497.7
Marquette,141,20,514.0,996.9,1956.3,1967.9,1957.1,1958.0,178.8,274.7,250.4,260.2,21.0,29.8,32.6,33.5,8.0,17.0,14.4,15.3,90.6,85.1,5.5,6804.5,6390.2,414.3,6935.2,6512.9,422.3
Haines,140,25,1401.8,177.1,1985.7,1986.4,2004.0,2003.5,145.1,221.4,527.8,514.7,19.5,29.1,51.3,52.8,11.0,11.6,12.6,12.7,368.9,320.9,48.0,27695.9,24093.8,3602.1,28227.7,24556.4,3671.2
Drummond Island,140,70,464.5,791.3,1975.4,1985.3,1979.1,1978.5,253.5,222.5,214.2,212.4,23.0,25.7,28.1,27.5,9.0,9.3,10.6,10.8,73.7,69.7,4.1,5536.8,5229.8,307.0,5643.1,5330.2,312.9
New London,139,38,599.7,278.8,1978.5,1993.0,1977.9,1972.8,373.7,1717.8,2317.6,1251.0,39.0,307.8,2144.6,1625.5,12.0,102.3,44.4,64.5,340.2,303.3,36.9,25541.3,22772.9,2768.4,26031.7,23210.2,2821.5
New Bedford,138,38,121.4,40.8,1993.0,1992.6,1995.9,1992.5,284.7,1308.9,1024.4,636.2,51.0,331.5,2236.9,1163.4,30.5,200.3,787.2,951.3,172.5,104.9,67.6,12953.5,7876.2,5077.3,13202.2,8027.4,5174.8
Tiburon,136,27,425.6,688.5,1997.7,1995.3,2010.0,2011.1,129.0,539.5,838.4,894.6,35.5,78.1,154.0,163.1,17.0,35.0,31.5,29.5,93.4,67.1,26.3,7027.7,5054.8,1972.9,7162.6,5151.9,2010.8
Palacios,136,27,21.5,30.1,1988.6,1994.6,2003.7,2004.3,101.4,304.8,204.1,208.1,21.0,97.4,75.6,50.4,7.5,45.1,35.9,33.6,24.8,18.7,6.1,1863.7,1406.8,456.9,1899.5,1433.8,465.7
El Segundo,135,39,3015.7,5308.8,2007.0,2004.7,2009.2,2009.6,231.6,591.7,418.7,414.6,49.0,154.7,233.7,233.4,38.0,99.0,72.4,73.2,982.2,464.1,518.1,73913.7,35015.6,38898.1,75332.8,35687.9,39645.0
Guttenberg,133,72,327.4,43.2,1998.0,1995.9,2007.1,2007.2,111.6,246.8,436.0,304.6,23.0,48.6,42.5,44.3,13.0,20.1,42.9,41.0,124.1,83.0,41.1,9318.2,6234.5,3083.7,9497.1,6354.2,3142.9
Ashtabula,132,23,490.6,1053.4,1975.8,1979.0,1974.7,1974.5,138.7,292.8,278.0,281.4,33.0,58.7,123.0,118.9,9.5,45.1,25.4,23.6,87.5,77.3,10.2,6570.5,5801.1,769.3,6696.6,5912.5,784.1
Fruitland,129,2,3.9,2.3,1971.9,1971.5,1969.9,1969.8,114.4,115.8,138.0,138.1,21.0,21.0,40.3,40.3,22.0,21.5,33.0,33.1,18.5,14.2,4.3,1391.9,1067.5,324.3,1418.6,1088.0,330.6
Egegik,127,31,10.7,12.0,1970.7,1978.7,1992.5,1997.0,57.7,270.9,255.7,249.3,9.0,64.2,230.3,191.5,25.0,27.7,157.1,205.2,32.7,22.1,10.6,2458.8,1662.3,796.5,2506.0,1694.2,811.8
Green Bay,127,26,283.2,516.0,1966.5,1972.9,1965.2,1968.3,253.3,258.6,291.9,299.7,26.0,28.6,36.6,37.9,16.0,19.2,12.0,9.3,73.5,67.8,5.6,5515.0,5092.5,422.5,5620.9,5190.2,430.6
Morgan City,126,52,26.8,37.2,1988.8,1997.1,2004.9,2006.1,132.4,375.9,389.5,387.6,31.0,131.0,318.1,321.4,14.0,78.4,72.1,61.2,60.6,45.8,14.8,4549.6,3436.7,1112.9,4636.9,3502.7,1134.3
Uyak,126,38,30.4,20.5,1980.7,1981.8,1990.8,1989.9,167.6,805.3,517.5,598.4,26.5,175.9,285.8,338.5,14.5,42.9,71.5,67.5,52.4,42.1,10.3,3934.7,3162.9,771.8,4010.3,3223.7,786.6
Pensacola,126,26,671.4,1114.3,1988.9,1996.9,2008.7,2009.1,426.0,847.5,1139.2,1210.1,76.5,157.6,284.4,240.1,25.5,76.5,102.0,101.3,185.3,139.0,46.2,13915.9,10443.7,3472.2,14183.0,10644.2,3538.8
Palm Beach,125,67,424.1,530.9,1994.3,1998.9,2004.3,2004.6,519.8,750.4,607.7,606.7,51.0,94.1,84.5,77.5,22.0,22.8,28.6,30.7,174.1,156.1,17.9,13097.2,11749.9,1347.4,13348.7,11975.4,1373.2
Burlison,125,14,21.7,8.0,1975.4,1981.9,1986.2,1993.4,97.7,123.6,170.4,233.8,15.0,17.9,42.5,49.7,8.0,7.6,7.9,6.3,15.3,13.0,2.3,1149.5,979.0,170.5,1171.6,997.8,173.8
Memphis,125,14,20.0,4.4,1975.6,1979.5,1973.4,1978.1,166.2,194.4,198.7,207.6,35.0,36.6,56.3,54.5,5.0,8.9,8.7,10.4,24.1,22.8,1.2,1805.9,1715.0,90.9,1840.6,1748.0,92.6
Stevenson,124,12,48.8,4.9,1994.2,1989.6,2004.6,2001.0,119.4,104.7,133.7,128.1,21.0,35.0,28.5,33.1,8.0,5.5,15.5,13.2,58.6,34.4,24.2,4400.4,2582.3,1818.1,4484.9,2631.8,1853.0
Cape Henry,121,90,1988.4,1961.7,1999.5,2002.0,2006.7,2006.4,387.8,686.5,392.5,392.9,34.0,131.5,86.1,115.5,10.0,62.3,40.2,39.6,241.2,197.5,43.6,18112.4,14836.0,3276.5,18460.2,15120.8,3339.4
Cumberland City,121,3,11.7,3.8,1984.8,1981.3,1984.8,1984.7,179.5,213.4,189.0,189.5,35.0,53.2,42.5,43.2,14.0,14.3,38.4,38.1,13.3,8.2,5.0,997.6,618.9,378.6,1016.7,630.8,385.9
Port Ewen,121,55,30.8,37.1,1999.5,1998.1,2007.5,2009.3,103.0,305.8,200.8,194.5,18.0,26.1,32.7,27.5,7.0,61.2,118.2,65.6,32.6,17.9,14.7,2446.0,1341.2,1104.8,2493.0,1366.9,1126.0
Mackinac Island,119,38,234.8,398.0,1978.3,1977.0,1974.9,1969.6,250.8,261.0,202.8,189.3,24.0,59.0,27.2,25.0,11.0,15.9,14.4,14.5,67.1,57.4,9.7,5034.4,4308.3,726.1,5131.1,4391.0,740.0
Scott,119,12,17.2,3.4,1974.0,1976.7,1972.9,1974.7,138.8,145.8,178.0,174.9,24.0,24.2,40.2,39.8,9.0,7.9,11.4,11.9,19.9,16.9,3.0,1495.8,1269.7,226.1,1524.5,1294.1,230.5
Coronado,118,83,3942.9,1535.2,2001.0,2001.5,2005.2,2006.1,592.4,1427.4,1014.6,1298.5,66.0,226.4,207.5,277.0,33.0,106.6,101.2,172.4,729.6,628.0,101.6,55568.1,47840.0,7728.0,56635.0,48758.6,7876.4
Seldovia,118,7,108.0,29.2,1970.2,1989.0,1972.8,1969.8,162.9,703.4,179.7,186.9,18.0,114.7,31.3,39.8,2.0,14.3,3.5,4.3,56.1,53.2,2.9,4211.4,3995.6,215.8,4292.2,4072.3,219.9
De Tour Village,117,52,385.0,712.2,1975.4,1978.2,1975.7,1975.0,255.8,249.0,241.0,238.3,25.0,69.3,29.9,28.8,10.0,10.0,10.0,10.4,71.7,67.4,4.3,5383.9,5064.2,319.7,5487.2,5161.4,325.8
Cape Charles,115,40,263.8,413.5,1978.1,1991.4,2002.5,2006.6,329.6,510.8,372.6,337.8,44.0,101.8,165.6,117.3,63.0,76.1,149.4,140.1,129.6,75.0,54.6,9732.1,5632.2,4099.9,9919.0,5740.3,4178.7
Ingleside,115,68,642.0,986.6,2002.9,2003.1,2009.1,2009.4,403.3,790.1,844.6,808.4,83.0,343.6,318.0,247.6,37.0,95.1,107.7,79.5,215.8,180.5,35.2,16253.7,13608.7,2644.9,16565.7,13870.0,2695.7
Berwick,114,39,109.7,173.0,1985.3,1990.4,2009.9,2010.1,121.0,1092.8,1487.3,1658.5,34.5,387.6,1738.8,1749.7,9.0,50.3,16.4,17.0,103.8,94.1,9.7,7793.7,7064.1,729.6,7943.3,7199.7,743.6
Orange,112,45,79.9,42.3,1982.5,1990.0,1997.2,1995.5,134.2,1019.9,1176.9,810.5,44.5,165.9,1243.0,1110.3,12.5,150.1,289.6,265.7,68.9,44.8,24.1,5171.5,3360.5,1811.1,5270.8,3425.0,1845.8
Bay City,112,26,102.4,189.4,1970.5,1977.0,1974.2,1975.3,165.3,192.6,170.1,166.6,20.0,21.9,19.2,18.5,8.0,13.3,12.4,11.1,36.5,34.0,2.5,2740.9,2550.1,190.8,2793.5,2599.1,194.4
Morehead City,110,88,796.4,1163.8,1998.4,1999.9,2004.6,2004.6,425.1,722.3,622.1,628.6,40.5,134.4,114.7,112.9,26.5,86.3,82.5,86.3,199.9,156.4,43.5,15076.2,11812.6,3263.6,15365.6,12039.4,3326.2
Gulfport,108,38,1440.2,1822.5,2004.7,2004.8,2006.1,2006.2,888.8,922.9,813.1,772.1,73.0,208.8,125.0,112.2,19.0,117.1,41.0,37.5,264.7,228.0,36.7,19983.8,17223.5,2760.3,20367.5,17554.2,2813.3
Crystal River,107,8,79.2,81.1,2010.0,2005.2,2008.8,2008.3,434.8,2114.6,607.8,604.5,43.0,227.1,362.6,432.9,77.0,166.6,206.1,254.3,157.3,127.7,29.6,11814.3,9587.1,2227.2,12041.1,9771.2,2269.9
Point Wells,106,20,47.1,67.1,1978.9,1988.6,2010.5,2014.5,78.6,563.4,657.7,883.9,14.0,63.5,108.1,102.0,16.0,367.9,188.4,92.4,44.5,20.2,24.3,3338.7,1514.5,1824.2,3402.8,1543.6,1859.2
Avalon,105,31,1397.3,2182.7,2001.7,2002.0,2011.9,2013.5,476.0,1041.1,424.5,415.0,36.0,86.9,77.6,80.9,17.0,76.4,20.2,4.3,208.6,155.3,53.3,15665.4,11664.4,4001.0,15966.2,11888.3,4077.8
Lewes,104,42,842.4,1397.7,2003.5,1997.4,2007.2,2007.6,118.0,626.2,827.3,884.6,14.0,102.8,207.7,211.3,10.0,22.2,24.5,24.8,141.8,122.9,19.0,10712.5,9287.9,1424.6,10918.2,9466.3,1451.9
North Beach,104,27,70.5,33.0,1985.7,1990.0,2010.3,2008.4,118.0,312.2,351.8,258.9,24.0,81.4,118.7,111.8,17.5,136.9,56.8,69.3,63.3,38.2,25.1,4740.7,2852.5,1888.2,4831.7,2907.2,1924.4
Togiak,103,58,233.9,291.4,1984.2,1984.5,1997.1,2002.7,268.7,1270.2,1137.1,1030.8,51.0,324.8,925.7,890.2,28.0,114.1,256.9,278.3,177.8,112.0,65.8,13455.9,8490.6,4965.3,13714.3,8653.7,5060.6
Dana Point,103,26,1471.3,2698.1,2003.8,2004.5,2012.8,2012.9,285.7,257.5,272.4,271.0,42.0,62.8,77.2,74.4,12.0,16.5,13.5,13.6,144.1,132.9,11.2,10831.5,9989.4,842.2,11039.5,10181.1,858.4
Ohioview,103,11,3.0,2.2,1974.6,1974.0,1973.0,1974.7,100.5,111.3,114.4,126.7,25.0,55.8,51.7,62.9,8.0,55.1,83.6,69.8,9.1,5.1,4.0,686.9,386.0,300.8,700.0,393.4,306.6
Cairo,102,14,11.1,2.5,1977.4,1978.2,1976.8,1978.2,141.3,146.4,144.7,150.8,24.0,49.2,35.0,43.1,12.0,16.5,22.9,24.4,14.4,11.6,2.8,1079.5,868.1,211.3,1100.2,884.8,215.4
Hampton,102,31,60.5,71.7,1979.4,1991.8,2000.5,2002.5,102.0,570.7,443.8,494.1,16.0,163.0,189.4,125.1,17.5,21.0,34.2,42.3,48.0,40.9,7.0,3600.2,3072.9,527.3,3669.3,3131.9,537.4
Olympia,102,22,61.7,95.4,1975.5,1979.4,2004.4,2005.8,77.1,265.3,549.8,654.1,21.0,101.0,190.0,179.4,3.0,28.5,124.4,128.5,31.3,28.4,2.9,2347.2,2130.0,217.2,2392.2,2170.9,221.4
Gary Harbor,101,13,571.8,1180.6,1968.1,1974.5,1967.7,1967.7,388.9,396.4,419.9,419.4,36.0,50.1,45.0,43.8,10.0,12.9,13.0,12.7,137.7,133.8,3.9,10340.4,10047.3,293.1,10539.0,10240.2,298.7
Tenakee Springs,100,23,25.5,11.7,1980.0,1976.9,1979.1,1975.5,214.9,173.4,228.6,268.3,18.0,90.1,37.3,54.9,9.5,9.8,25.4,29.6,50.6,31.3,19.3,3801.8,2349.3,1452.5,3874.8,2394.4,1480.4
Sea Cliff,97,10,3.2,3.2,1990.7,1984.8,1982.5,1980.0,68.1,486.9,148.0,159.8,20.0,127.3,124.6,112.2,11.0,68.1,102.6,123.3,18.7,12.9,5.8,1402.4,968.6,433.8,1429.3,987.2,442.1
Richland,95,4,48.9,6.2,2001.0,1998.2,2002.9,1999.6,143.5,146.6,143.5,142.4,29.0,27.0,32.0,29.0,11.0,11.1,16.7,11.3,57.9,35.2,22.7,4354.4,2651.5,1703.0,4438.1,2702.4,1735.7
Stockton,95,82,1259.3,2049.7,2008.0,2008.9,2009.7,2009.5,406.0,483.9,561.1,567.5,41.0,64.7,232.0,236.3,46.0,64.5,61.5,61.5,203.1,140.9,62.2,15365.1,10693.4,4671.7,15660.1,10898.7,4761.4
Stamford,94,20,12.6,14.5,1983.5,1991.8,2010.1,2012.4,87.2,129.1,284.8,330.6,20.0,32.2,36.9,35.3,4.5,20.5,165.6,183.0,10.4,8.4,2.0,780.8,627.1,153.7,795.8,639.1,156.7
Sandusky,93,26,135.6,229.3,1974.0,1975.0,1975.9,1975.1,86.1,97.6,141.7,127.6,11.0,33.0,47.9,43.8,13.0,14.7,20.6,19.5,33.1,27.6,5.5,2486.9,2074.4,412.5,2534.6,2114.2,420.4
Shelton,93,2,3.6,1.7,1970.0,1970.0,1970.0,1970.0,68.0,73.8,114.0,114.0,15.0,19.5,98.8,98.8,11.0,9.8,17.1,17.1,3.8,2.5,1.3,282.5,185.9,96.6,287.9,189.4,98.5
Poughkeepsie,93,56,60.3,92.7,1994.8,1996.7,2012.6,2013.2,90.0,132.6,189.0,183.8,15.0,22.8,49.8,50.5,9.0,17.3,20.8,21.6,17.3,13.5,3.8,1300.8,1017.7,283.1,1325.8,1037.2,288.6
Corolla,92,71,2030.3,1590.0,2000.5,2002.9,2008.3,2008.6,471.5,499.9,481.1,447.3,37.5,83.5,59.3,56.0,7.0,22.8,19.5,26.6,174.2,155.7,18.6,13088.3,11694.1,1394.2,13339.6,11918.6,1421.0
Cape Coral,91,7,105.1,35.7,2005.6,2006.0,2005.5,2005.8,938.7,1471.7,1046.1,555.7,29.0,205.9,120.1,71.5,2.0,203.3,31.9,19.0,170.4,131.2,39.2,12793.5,9849.2,2944.2,13039.1,10038.3,3000.8
Redwood City,90,27,595.8,996.3,1989.9,2000.1,2008.3,2008.4,56.6,844.9,261.2,265.0,26.0,144.4,794.3,795.0,19.0,44.4,94.6,95.1,75.9,66.2,9.7,5773.0,5043.1,729.9,5883.9,5140.0,743.9
Lyle,90,10,9.7,7.2,1971.0,1986.2,1996.1,2001.3,94.5,166.4,172.7,299.3,16.5,22.2,36.5,44.0,0.0,8.8,8.4,7.2,11.4,9.1,2.3,859.6,684.7,175.0,876.1,697.8,178.3
Sea Venture Custom,90,32,1512.6,140.4,2001.9,2003.0,2002.7,2001.9,190.9,695.9,258.7,253.5,15.0,21.0,28.8,28.5,9.0,76.1,13.6,15.0,309.3,234.5,74.8,23223.3,17609.9,5613.4,23669.2,17948.0,5721.1
Richmond Va,89,7,1.8,2.0,1984.7,1979.6,1984.0,1984.0,112.3,175.7,145.1,145.0,24.0,91.5,61.8,63.2,9.0,12.1,13.2,12.4,10.5,9.4,1.1,787.5,707.1,80.5,802.6,720.6,82.0
Sabine Pass,89,63,3993.5,3691.9,1997.1,1997.2,2015.3,2014.9,367.9,983.7,3636.1,2937.3,81.0,256.3,1298.8,1205.6,34.0,67.8,31.4,33.7,411.1,377.2,33.9,27040.7,24495.4,2545.3,27559.9,24965.7,2594.2
Lemay,88,9,11.9,2.6,1980.7,1975.1,1980.2,1980.8,176.9,174.1,179.1,181.6,40.5,47.6,52.0,57.1,5.5,33.0,24.0,34.8,12.8,10.1,2.7,957.8,756.1,201.7,976.2,770.6,205.6
Berkeley,88,74,2745.8,1064.8,2007.2,2006.7,2008.0,2007.1,666.7,666.9,630.9,629.7,53.0,62.3,61.3,78.9,20.0,25.2,18.5,20.7,178.0,162.8,15.3,13400.4,12254.8,1145.6,13657.7,12490.1,1167.6
Chenega,87,32,87.2,18.0,1983.0,1978.5,1995.6,1990.6,141.5,249.5,335.3,347.3,16.0,99.1,36.1,68.5,19.0,31.2,11.7,56.3,50.9,42.9,8.0,3825.5,3223.9,601.6,3898.9,3285.8,613.2
Portsmouth,86,44,232.1,329.3,2003.0,2001.0,2009.6,2010.6,284.0,457.9,392.2,375.0,40.0,107.2,152.7,158.0,22.0,73.2,99.3,72.9,78.1,60.1,17.9,5877.7,4529.1,1348.6,5990.6,4616.0,1374.5
Panama City,86,53,1192.0,1552.4,1990.2,2001.0,2007.4,2008.2,410.0,825.4,1004.3,943.1,59.5,153.2,820.0,530.6,36.0,88.6,89.7,88.5,244.4,219.0,25.4,18366.2,16455.9,1910.3,18718.8,16771.8,1947.0
Everett,85,38,109.8,109.3,1986.0,1985.7,1994.7,2005.4,559.4,1194.9,913.5,796.4,73.0,297.2,457.6,197.3,59.0,298.4,425.7,133.7,141.3,101.8,39.5,10608.8,7641.1,2967.7,10812.5,7787.8,3024.7
Troy,85,8,7.1,2.6,1977.5,1986.0,1998.1,1981.8,150.0,183.7,211.0,167.6,26.0,37.7,51.2,41.2,13.0,23.0,19.2,26.0,21.0,14.0,7.0,1574.4,1049.0,525.4,1604.6,1069.2,535.4
Muskegon,84,14,139.1,122.8,1981.0,1971.1,1987.3,1967.2,138.3,1066.6,372.0,205.6,15.5,85.4,193.8,104.8,10.0,101.9,69.5,21.1,115.9,87.2,28.7,8699.5,6548.0,2151.6,8866.6,6673.7,2192.9
Ludington,84,7,74.9,70.6,1964.9,1966.6,1955.5,1958.0,207.1,216.4,349.6,268.7,35.5,29.3,63.9,53.0,17.0,12.8,25.3,20.5,38.1,28.7,9.4,2860.0,2152.3,707.7,2914.9,2193.6,721.3
Charlevoix,84,14,53.2,98.3,1968.4,1971.9,1969.8,1970.0,246.5,241.6,266.2,285.6,29.5,24.9,32.4,32.9,8.0,21.2,9.4,7.8,30.2,28.8,1.5,2270.4,2158.7,111.6,2313.9,2200.2,113.8
Groves,83,61,774.9,1372.2,1999.0,2003.1,2007.7,2007.7,158.4,495.3,574.7,582.4,63.0,139.4,137.5,133.3,32.0,44.6,29.4,28.7,91.3,76.7,14.6,6872.5,5773.9,1098.5,7004.4,5884.8,1119.6
Baldwin,83,16,2.4,1.8,1980.8,1982.2,1984.1,1983.2,119.3,152.4,152.0,139.3,33.0,37.3,54.7,50.5,11.0,9.6,18.5,17.5,7.2,5.6,1.6,540.6,418.5,122.1,551.0,426.5,124.4
Fair View,82,45,16.0,7.3,1990.7,1995.1,2002.2,2000.0,108.5,594.3,343.9,167.9,43.0,94.0,518.8,266.8,19.5,30.7,18.9,29.0,24.5,21.1,3.4,1839.0,1586.6,252.4,1874.3,1617.1,257.2
Adak,82,30,72.5,51.7,1982.3,1981.7,1993.6,1992.1,441.1,1133.7,1115.8,1119.2,106.0,331.0,485.9,579.0,29.5,66.5,226.4,199.4,84.2,68.0,16.1,6324.6,5113.7,1210.9,6446.1,5211.9,1234.2
Villard Junction,82,9,5.4,2.4,1972.6,1987.2,1982.0,1974.5,137.0,146.3,158.3,156.0,21.0,24.4,34.5,37.6,3.0,5.2,7.6,8.2,12.4,10.6,1.8,933.6,795.8,137.9,951.6,811.0,140.5
Hannibal,82,11,3.2,1.8,1974.0,1974.5,1972.5,1975.5,83.4,126.8,110.4,133.3,24.0,46.0,71.8,123.3,5.0,7.5,36.3,50.8,7.1,5.3,1.8,536.4,401.6,134.8,546.6,409.3,137.3
Hickman,80,12,11.1,2.3,1975.5,1976.8,1973.1,1975.7,157.3,210.4,164.1,172.2,33.5,138.1,51.2,77.0,8.0,10.0,13.6,15.7,13.8,12.4,1.4,1035.4,929.6,105.8,1055.3,947.5,107.8
Port Lavaca,79,9,6.0,9.0,1980.5,1982.9,1989.9,1995.1,120.8,999.9,394.8,750.1,25.0,208.9,849.8,1100.7,19.0,24.8,46.6,32.5,18.4,13.8,4.6,1381.4,1033.0,348.3,1407.9,1052.9,355.0
Rockland,79,15,167.5,33.4,1992.5,1995.9,1999.7,1996.0,266.5,617.8,439.6,627.6,22.0,54.7,182.5,525.5,40.0,41.9,45.5,72.6,110.2,74.5,35.7,8274.5,5594.0,2680.4,8433.4,5701.4,2731.9
Riverside,78,38,168.8,276.8,2001.7,2001.5,2007.8,2007.8,173.2,285.9,356.6,364.7,29.5,81.3,37.8,36.0,15.0,40.3,47.0,47.3,64.5,33.9,30.7,4844.8,2542.6,2302.2,4937.8,2591.4,2346.4
Coos Bay,78,35,143.4,211.8,1975.7,1983.5,2003.2,2004.4,381.8,665.7,461.0,498.9,56.5,119.4,111.8,126.2,27.5,154.9,126.7,131.1,64.9,50.7,14.2,4871.8,3808.1,1063.7,4965.3,3881.3,1084.1
Sandwich,77,46,67.8,25.1,1995.6,1996.2,2003.1,2004.2,97.9,760.5,293.2,151.4,15.0,83.8,957.2,462.8,6.0,50.4,192.5,344.7,58.8,51.6,7.2,4413.5,3873.0,540.5,4498.2,3947.3,550.9
Havre De Grace,77,19,6.4,7.7,1983.1,1985.1,1993.6,1997.1,131.0,252.0,176.2,172.4,12.0,86.0,60.6,50.5,16.0,32.2,117.9,85.7,18.4,10.8,7.6,1380.6,813.4,567.2,1407.1,829.0,578.1
Port Costa,77,24,158.4,269.5,1995.8,1995.8,2006.3,2006.5,140.2,450.4,654.3,675.3,36.0,149.9,91.1,85.3,11.0,60.2,138.4,138.2,62.2,42.8,19.4,4669.5,3213.6,1455.8,4759.1,3275.3,1483.8
White Salmon,75,9,9.9,4.3,1986.9,1987.3,1995.6,1990.5,155.7,154.7,119.8,134.2,32.0,24.3,28.8,30.9,5.0,7.4,14.6,12.8,30.6,20.0,10.5,2299.2,1508.7,790.5,2343.3,1537.6,805.7
North Wildwood,75,64,398.8,510.6,2001.1,2002.7,2005.9,2005.9,215.2,448.5,231.6,219.4,25.0,94.9,60.5,52.9,6.0,30.7,26.7,29.6,96.2,78.0,18.2,7210.0,5842.6,1367.4,7348.4,5954.8,1393.6
Kailua,75,18,1128.2,117.2,2003.1,2000.9,2004.2,2004.1,170.1,642.8,222.3,221.7,14.0,104.7,54.2,55.9,9.0,8.5,9.1,9.0,307.7,250.1,57.6,23231.6,18903.1,4328.4,23677.6,19266.1,4411.5
Cobbs Creek,74,29,17.8,13.1,1976.3,1983.7,1976.1,1975.2,158.4,445.4,311.7,275.6,25.0,212.6,465.4,460.7,14.5,151.3,1049.4,1326.1,45.2,31.6,13.6,3393.7,2374.4,1019.3,3458.9,2420.0,1038.9
Manchester,74,32,321.4,361.9,1993.7,1992.1,1999.7,2004.8,199.4,843.7,810.4,790.6,50.5,150.2,376.3,263.1,18.0,65.0,65.4,66.3,130.2,109.6,20.6,9777.4,8229.5,1547.8,9965.1,8387.5,1577.6
Searsport,74,32,308.5,472.8,1999.5,2000.4,1993.2,1992.1,206.0,422.3,510.7,506.3,26.0,51.4,76.1,73.7,22.5,57.8,63.8,64.6,112.0,84.3,27.7,8422.1,6342.9,2079.2,8583.8,6464.7,2119.1
Vallejo,74,19,846.1,449.8,1994.0,1993.2,1977.2,1976.9,626.3,4814.4,18977.4,22238.1,35.5,244.4,101.3,125.1,42.5,379.6,4187.4,4180.0,1666.2,56.6,1609.6,125102.0,4248.5,120853.5,127504.0,4330.1,123173.9
Yakutat,74,34,474.2,69.5,1991.3,1985.6,1999.6,1997.0,333.4,727.2,492.0,523.6,36.5,124.0,54.6,71.8,1.0,71.4,15.7,139.9,166.4,139.5,26.9,12496.4,10479.5,2016.9,12736.3,10680.7,2055.6
Barnegat,74,47,782.2,658.1,1999.4,2003.3,2009.3,2008.6,218.1,277.9,322.3,350.5,27.5,40.8,40.6,43.8,7.0,16.3,20.8,22.8,63.3,55.1,8.2,4761.8,4143.3,618.5,4853.2,4222.9,630.3
Ocean Beach,74,23,1519.1,2673.4,1998.7,2003.4,2011.9,2012.3,135.2,653.8,611.4,600.6,35.5,85.8,330.4,346.4,6.0,42.2,28.7,28.8,118.7,108.5,10.2,9012.1,8238.0,774.1,9185.1,8396.2,788.9
Ventnor City,74,36,152.6,182.0,1991.2,1992.1,2005.7,2005.7,142.5,359.5,292.5,296.3,26.0,79.5,42.3,41.8,10.0,24.8,16.8,16.7,33.2,27.1,6.1,2490.9,2032.3,458.7,2538.8,2071.3,467.5
Atlantic Highlands,73,15,29.2,14.6,2000.6,1990.2,2007.2,2005.7,428.8,287.9,486.6,300.3,33.0,75.2,150.0,181.2,31.0,22.9,44.4,40.6,31.2,23.3,7.9,2342.8,1748.3,594.5,2387.7,1781.8,605.9
Friday Harbor,72,26,773.7,170.6,1993.4,1980.1,1995.1,1989.9,120.4,3512.0,3419.9,3719.7,69.0,631.2,3214.3,2640.4,23.0,196.4,398.8,394.4,397.5,291.2,106.3,29846.5,21863.4,7983.0,30419.5,22283.2,8136.3
Lynnhaven Roads,72,47,293.5,271.9,1990.4,1992.0,2000.2,2000.2,503.7,821.4,544.2,591.0,100.0,221.6,451.9,588.8,9.5,71.4,71.2,48.9,109.0,85.6,23.5,8187.5,6424.6,1762.9,8344.7,6548.0,1796.8
Sewickley,71,8,2.5,2.2,1976.0,1974.1,1974.7,1975.7,104.9,126.8,164.5,185.3,33.0,36.1,648.9,725.4,19.0,44.6,69.8,71.5,10.9,7.4,3.5,816.5,552.8,263.8,832.2,563.4,268.8
Aberdeen,70,48,1433.4,598.2,1994.0,2001.3,2007.3,2008.0,653.5,718.4,712.9,615.0,54.0,84.5,69.2,77.6,24.0,67.3,29.5,55.0,110.7,94.1,16.6,8323.7,7078.4,1245.4,8483.6,7214.3,1269.3
Fort Pierce,69,35,258.0,386.7,1983.6,1988.6,1993.6,1992.7,368.0,871.2,2007.9,2215.7,34.0,159.9,237.1,241.1,56.0,71.3,12.3,9.8,79.8,65.9,14.0,5997.0,4948.6,1048.4,6112.1,5043.6,1068.5
Fairport Harbor,69,16,212.1,436.3,1966.8,1968.7,1967.3,1968.5,345.9,299.2,304.3,307.2,32.0,32.2,33.8,33.7,8.0,7.9,14.6,14.3,48.8,46.3,2.5,3664.5,3477.2,187.2,3734.8,3544.0,190.8
Vicksburg,67,13,9.4,2.2,1975.4,1977.4,1973.8,1975.9,187.1,184.5,184.8,194.9,29.0,37.2,47.7,56.5,3.0,6.2,4.0,6.5,13.8,13.4,0.4,1035.6,1005.5,30.1,1055.5,1024.8,30.7
San Juan Cannery,66,25,5.5,4.6,1971.1,1981.2,1978.5,1973.0,160.3,394.8,293.3,323.6,37.5,140.0,372.7,302.2,14.5,23.2,23.6,35.1,26.3,22.5,3.7,1973.7,1692.8,280.9,2011.6,1725.3,286.3
Roseton,66,22,3.9,3.5,1983.3,1990.5,1993.6,1994.7,74.8,100.9,122.8,129.6,13.0,19.4,19.2,16.8,6.0,8.8,9.4,10.3,5.6,4.8,0.8,421.8,359.0,62.7,429.9,365.9,64.0
Edgemere,65,45,425.7,451.2,1993.0,2000.0,2010.2,2011.1,358.0,702.3,553.5,474.8,68.0,415.9,186.6,233.4,39.0,65.4,75.8,118.4,86.0,74.4,11.7,6459.2,5584.0,875.1,6583.2,5691.3,891.9
Taconite Harbor,64,19,399.0,774.3,1977.1,1976.5,1976.9,1976.8,207.9,254.2,288.7,288.2,24.0,25.3,39.4,39.4,15.5,18.2,17.0,17.0,55.5,50.4,5.2,4168.7,3781.1,387.6,4248.7,3853.7,395.0
Manitowoc,63,12,98.5,80.2,1963.0,1975.8,1958.4,1955.6,202.5,724.9,652.8,559.5,20.0,92.5,95.2,60.7,13.0,54.8,91.2,49.3,50.8,32.9,17.9,3816.4,2471.9,1344.5,3889.7,2519.4,1370.3
Sausalito,63,11,41.0,29.1,1984.5,1992.3,1999.8,2003.3,69.0,983.5,787.6,471.5,28.0,117.7,291.0,102.7,13.0,97.1,81.5,89.1,36.5,28.7,7.7,2738.0,2158.2,579.8,2790.6,2199.7,590.9
Louisville,63,9,3.3,1.1,1972.7,1974.3,1971.9,1972.4,94.0,90.6,103.7,102.2,20.0,16.6,35.1,33.7,7.0,8.0,7.5,8.2,3.6,3.1,0.6,273.0,229.7,43.3,278.3,234.1,44.1
Point Conception,62,7,11.2,7.3,2003.2,2001.4,2007.2,2005.9,91.9,351.1,244.7,183.5,13.0,79.1,94.2,76.1,5.0,23.6,15.9,15.5,12.0,10.3,1.7,903.1,777.3,125.8,920.5,792.2,128.3
Grand Haven,62,11,133.1,267.5,1956.5,1957.2,1955.0,1955.4,177.5,247.0,205.6,211.8,22.0,27.0,30.9,31.9,5.0,10.8,8.1,8.0,29.0,28.1,0.9,2174.4,2106.4,68.1,2216.2,2146.8,69.4
Natchez,62,11,9.2,2.6,1975.3,1977.5,1974.9,1979.5,147.9,283.0,185.1,246.9,23.0,51.0,50.1,94.2,6.0,8.4,12.8,17.3,12.1,10.6,1.5,906.9,793.3,113.6,924.3,808.6,115.8
Yes Bay,61,26,4.0,1.4,1975.5,1974.5,1978.8,1973.5,117.8,133.1,142.1,136.7,15.0,33.0,40.4,56.5,14.0,12.0,11.7,12.7,16.8,10.7,6.1,1264.5,806.4,458.1,1288.8,821.9,466.9
Cheboygan,61,12,37.6,34.9,1984.1,1982.6,2002.4,2001.4,193.4,177.6,550.1,447.3,22.0,26.9,23.5,22.7,14.0,26.2,427.2,411.6,48.5,24.5,24.0,3642.2,1838.6,1803.6,3712.1,1873.9,1838.2
St Clair,61,12,462.9,918.1,1979.4,1981.5,1979.6,1979.5,252.0,191.2,272.5,273.4,25.0,20.5,28.5,28.7,12.0,16.1,11.1,11.0,59.9,54.9,5.0,4495.9,4123.5,372.4,4582.2,4202.6,379.6
Lake Providence,60,11,8.5,1.8,1975.8,1979.1,1972.6,1976.4,136.1,176.9,177.5,179.2,27.5,30.9,40.9,40.7,5.0,5.8,8.5,11.3,9.6,8.7,0.9,720.4,656.0,64.3,734.2,668.6,65.6
Wilma,59,5,2.1,1.7,1974.5,1976.2,1975.2,1975.7,225.4,163.6,180.6,189.1,35.0,25.2,35.0,34.8,15.0,12.4,15.5,15.9,9.6,8.7,0.9,722.3,653.3,69.0,736.1,665.8,70.3
Ship Island,59,26,106.8,120.4,1999.7,1991.3,2005.1,2004.9,169.3,304.6,321.9,337.5,22.0,92.9,74.2,46.6,14.0,12.3,12.2,11.7,27.5,21.2,6.3,2065.7,1594.7,470.9,2105.3,1625.3,480.0
Buzzards Bay,58,16,44.5,20.1,1999.8,1994.9,1974.2,1977.0,260.4,372.9,674.2,620.8,49.0,310.7,167.0,192.1,19.0,29.1,218.6,201.2,45.9,39.5,6.4,3446.4,2963.9,482.5,3512.6,3020.8,491.8
Cut Off,58,36,159.4,272.3,1988.5,1991.6,2005.1,2005.3,112.4,396.2,621.7,606.5,26.0,68.5,102.8,99.9,12.5,161.7,73.2,74.5,38.5,20.6,18.0,2893.5,1543.4,1350.1,2949.0,1573.0,1376.0
Cataumet,58,28,7.0,4.9,1988.6,1994.1,1992.5,1993.3,183.3,262.2,227.3,206.5,30.0,73.6,83.7,75.5,4.0,11.9,13.6,13.7,16.3,15.8,0.5,1226.5,1187.8,38.8,1250.1,1210.6,39.5
Port Laudania,57,15,529.3,658.1,2004.1,2005.1,1999.9,2000.1,365.9,2346.3,1057.8,1029.5,38.0,323.3,1095.5,1063.1,13.0,15.4,13.8,13.8,155.4,148.4,7.0,11727.1,11199.2,527.8,11952.3,11414.3,538.0
St Petersburg,57,24,411.6,598.7,1994.5,1997.8,2000.3,2000.4,430.2,1191.3,3511.6,3666.6,119.0,520.2,1209.4,1213.6,30.0,46.8,53.3,51.5,108.9,95.8,13.1,8177.9,7193.9,984.0,8335.0,7332.0,1002.9
Asotin,56,7,26.0,3.5,2001.6,1997.7,2003.7,2000.9,136.3,189.8,138.8,140.4,18.0,32.0,21.3,22.5,27.0,42.9,41.8,35.6,47.4,13.4,34.0,3563.5,1009.1,2554.4,3632.0,1028.5,2603.5
Decatur,54,5,23.4,11.9,1970.9,1987.6,1995.7,1997.9,78.6,262.7,228.1,262.8,20.5,61.3,50.8,53.1,12.0,83.4,146.7,156.2,13.6,4.4,9.2,1023.7,330.0,693.6,1043.3,336.4,706.9
New Madrid,53,11,4.4,1.0,1975.3,1976.7,1973.2,1975.8,86.6,108.8,108.3,109.6,20.0,25.5,30.5,31.6,7.0,5.9,8.1,8.0,4.7,4.1,0.6,352.5,306.2,46.3,359.3,312.1,47.2
Port Townsend,52,27,144.1,157.8,1980.2,1983.1,2009.6,2009.7,69.8,670.6,1106.9,1073.9,17.0,204.2,462.9,204.4,11.5,60.9,152.3,58.7,45.5,36.7,8.8,3420.1,2758.2,661.8,3485.7,2811.2,674.5
Southport,51,46,652.6,787.5,2001.4,2001.8,2008.0,2007.7,533.1,651.2,709.4,711.2,43.0,149.9,81.0,84.3,15.0,43.5,26.7,27.5,106.4,89.1,17.2,7995.0,6701.0,1293.9,8148.5,6829.7,1318.8
Jamesport,51,26,55.6,93.2,1998.4,1998.2,2007.5,2007.9,99.5,154.8,236.4,240.5,19.0,33.7,74.9,80.4,20.0,25.1,35.7,35.3,22.2,16.0,6.2,1667.1,1200.0,467.1,1699.1,1223.0,476.1
Eureka,50,16,19.9,15.8,1995.0,1981.8,1987.7,1985.3,270.7,1399.1,391.1,445.9,42.5,442.2,545.4,609.8,24.5,23.8,19.0,18.7,33.2,31.6,1.6,2491.8,2369.8,121.9,2539.6,2415.3,124.3
Ceredo,50,9,2.2,0.9,1972.6,1973.9,1971.8,1973.5,111.8,135.8,99.7,108.5,20.5,30.4,31.8,34.5,9.0,13.3,14.6,19.8,3.9,3.2,0.7,296.4,241.1,55.3,302.1,245.8,56.3
Mukilteo,49,22,369.4,72.9,1983.3,1984.1,2013.4,2008.4,810.3,2305.6,6114.2,3314.8,117.0,339.9,1723.4,1394.0,59.0,143.0,58.7,105.8,152.1,112.6,39.5,11420.9,8456.6,2964.3,11640.2,8619.0,3021.2
Saint Pete Beach,49,23,499.8,764.6,1987.3,1990.9,2002.7,2003.2,551.0,1249.1,2646.4,2608.0,85.0,172.8,429.6,424.8,24.0,43.3,62.0,61.1,104.3,87.1,17.1,7848.3,6561.1,1287.2,7999.0,6687.1,1311.9
Nome,48,27,163.8,140.2,1991.6,1989.1,2004.0,2006.0,1059.2,1474.6,1167.8,913.4,232.5,319.5,321.1,321.8,30.5,98.9,368.0,267.1,145.4,117.4,28.0,11028.7,8913.3,2115.4,11240.5,9084.5,2156.0
Buffington,48,11,214.5,480.7,1968.0,1968.3,1968.2,1968.5,356.8,349.9,348.0,349.9,32.0,32.4,32.7,32.8,9.0,7.9,9.3,9.3,45.0,43.8,1.2,3379.6,3289.5,90.1,3444.4,3352.6,91.8
Warrenton,47,19,84.7,125.4,1988.1,1991.3,1997.6,1998.3,250.9,628.8,642.3,679.7,41.0,158.3,226.7,212.5,7.0,53.1,98.1,103.4,35.8,25.7,10.1,2686.7,1929.2,757.6,2738.3,1966.2,772.1
Melvindale,47,6,209.9,412.6,1952.5,1960.5,1951.3,1951.8,289.2,280.1,331.4,330.1,30.0,29.9,34.8,34.8,7.0,6.7,8.7,8.7,35.0,34.0,1.0,2625.5,2550.4,75.1,2675.9,2599.3,76.5
Tierra Verde,46,22,134.5,202.4,1990.8,1996.7,2009.5,2010.7,601.4,803.1,1124.8,1156.3,77.5,97.0,170.8,170.6,17.0,35.0,40.5,39.4,61.2,50.4,10.9,4605.3,3788.8,816.4,4693.7,3861.6,832.1
Crockett,46,20,171.4,262.4,1998.3,1997.0,2007.9,2009.1,140.2,754.2,1586.1,2077.2,42.5,126.7,390.8,415.1,13.5,48.8,97.3,67.0,39.8,34.1,5.7,3020.4,2591.7,428.7,3078.4,2641.4,436.9
Orange Beach,45,21,85.3,136.6,1990.4,1989.9,2006.6,2004.8,296.3,755.2,1262.3,1391.7,37.0,139.3,498.7,484.6,24.0,35.0,40.9,50.2,45.6,32.8,12.8,3421.3,2462.8,958.5,3487.0,2510.1,976.9
Alitak,44,21,17.4,9.4,1973.5,1973.9,1978.4,1978.8,199.4,661.3,521.4,566.1,50.5,175.7,195.0,171.6,12.0,25.1,13.7,16.6,25.1,22.8,2.2,1890.2,1722.6,167.6,1926.5,1755.7,170.8
Marine City,44,15,43.0,76.1,1964.7,1974.1,1965.3,1964.1,167.4,136.3,160.0,162.9,19.0,17.8,21.1,22.1,4.0,5.7,8.3,8.1,11.6,11.3,0.3,870.0,844.8,25.2,886.7,861.0,25.7
Nyack,44,18,5.7,2.0,1985.5,1985.2,1998.4,1991.0,130.7,281.8,456.0,274.3,22.0,70.7,173.4,151.2,15.5,19.5,22.4,27.9,11.1,8.6,2.5,834.0,645.2,188.8,850.0,657.6,192.4
Block Island,44,21,51.8,26.1,1991.6,1993.2,1999.4,1999.5,572.4,852.8,450.5,391.5,28.5,170.4,199.2,123.4,25.0,49.6,38.6,26.9,50.2,40.0,10.2,3768.9,2999.7,769.2,3841.3,3057.3,784.0
Golden Meadow,44,38,419.1,694.1,1998.0,1998.4,2004.0,2004.0,631.9,3727.5,1097.6,1156.1,72.0,355.3,397.9,636.2,36.5,120.0,38.2,43.4,167.0,142.9,24.2,12540.3,10726.5,1813.8,12781.1,10932.4,1848.7
Benton Harbor,43,8,10.6,18.0,1974.9,1971.8,1972.7,1973.5,77.6,178.3,154.2,193.8,9.0,31.7,33.0,37.2,10.0,16.9,8.2,6.1,8.4,7.4,1.0,633.0,558.5,74.5,645.2,569.2,75.9
Lind,43,10,4.0,0.8,1982.1,1990.4,2000.1,1985.7,67.2,72.1,69.3,84.4,10.0,9.6,12.2,20.9,0.0,2.9,1.2,2.3,4.0,3.7,0.3,303.1,281.7,21.4,308.9,287.1,21.8
Monroe,43,13,70.5,125.4,1966.9,1975.1,1977.1,1977.9,120.3,261.0,98.3,95.3,16.0,80.9,24.9,16.6,8.0,10.0,8.4,8.3,21.5,19.6,1.9,1611.3,1471.6,139.7,1642.2,1499.8,142.4
Tarrytown,42,12,4.6,5.5,1979.8,1985.4,1994.5,2003.3,106.0,142.0,218.2,240.6,16.0,62.7,162.2,173.3,7.5,16.2,21.0,20.6,14.7,12.6,2.1,1103.2,942.4,160.7,1124.4,960.5,163.8
Tybee Island,42,38,1011.8,1176.1,2002.9,2002.9,2008.0,2008.0,677.2,1023.0,656.8,670.8,53.0,156.4,144.5,140.8,14.5,41.6,27.7,29.4,142.0,126.0,16.0,10691.4,9487.3,1204.1,10896.7,9669.5,1227.2
Clute,42,13,2.2,2.9,1977.3,1980.8,1997.3,1999.7,91.3,263.4,295.4,320.8,19.5,302.1,386.8,362.3,3.0,7.9,17.9,19.1,9.3,8.9,0.3,696.5,670.9,25.6,709.9,683.8,26.1
Eddyville,42,5,42.2,22.5,1986.9,1987.6,1999.0,1999.5,165.9,141.6,537.2,578.9,28.0,28.4,166.6,169.2,5.0,11.3,0.7,0.6,9.1,8.7,0.4,683.4,650.7,32.8,696.5,663.1,33.4
"Coxsackie, Greene",41,22,56.3,90.0,1989.3,1992.9,2012.8,2014.9,137.7,288.4,531.1,569.0,20.0,52.0,98.2,89.4,11.0,30.2,138.1,142.9,12.8,9.6,3.3,965.5,717.6,247.9,984.1,731.4,252.7
Poulsbo,41,6,26.4,21.1,2006.7,1989.5,2009.2,2008.2,126.7,682.9,245.1,421.7,73.0,253.7,859.2,1234.0,3.0,234.8,68.2,88.6,61.8,56.3,5.4,4639.6,4230.6,409.0,4728.7,4311.9,416.8
City Island,41,26,5.6,3.6,1990.7,1990.8,1996.0,1993.0,142.4,409.5,404.4,274.0,25.0,42.6,201.5,120.1,8.0,63.7,293.6,367.8,13.9,9.7,4.1,1040.6,730.5,310.1,1060.6,744.6,316.0
Edgewater,41,25,2.7,2.6,1990.8,1994.5,1996.8,2003.7,71.4,128.0,98.1,81.5,27.0,38.2,39.8,37.0,26.0,35.9,46.0,42.5,7.4,5.7,1.7,552.2,424.4,127.8,562.8,432.6,130.2
Cathlamet,41,7,5.0,3.8,1967.2,1972.4,1975.3,1973.4,267.9,796.8,375.3,348.9,26.0,50.3,45.3,45.4,151.0,455.6,449.7,452.7,30.7,10.4,20.2,2302.5,782.3,1520.2,2346.7,797.3,1549.4
Boutte,41,37,777.9,1274.2,2007.4,2007.9,2008.1,2007.8,393.5,744.6,734.4,711.7,36.0,62.5,164.7,158.8,12.0,22.9,23.9,24.3,82.8,67.8,15.0,6218.4,5092.3,1126.1,6337.8,5190.1,1147.7
Fernandina Beach,40,28,234.6,272.7,1993.9,1993.6,1996.8,1996.7,814.8,845.4,1081.5,1064.2,72.5,241.4,154.1,151.2,32.5,48.3,49.3,45.0,104.9,81.6,23.3,7911.5,6163.3,1748.2,8063.4,6281.6,1781.8
Atka,40,19,20.6,15.7,1980.2,1980.3,1980.6,1981.5,313.7,1043.8,777.1,831.3,53.0,228.1,511.9,495.5,17.5,63.7,149.7,179.6,33.9,23.4,10.5,2543.7,1756.7,787.0,2592.5,1790.4,802.1
Little Hocking,40,8,1.5,0.8,1974.6,1973.2,1972.9,1974.6,102.7,128.2,115.4,117.2,21.5,34.3,42.5,39.6,4.5,6.4,10.3,14.4,2.5,2.0,0.5,186.9,146.5,40.4,190.4,149.3,41.1
Belle Harbor,40,19,19.4,16.0,1989.9,1987.7,2003.3,2007.4,321.2,472.7,360.9,216.4,55.0,101.1,168.8,62.2,12.0,11.7,26.5,17.3,17.5,14.4,3.2,1316.7,1078.7,238.0,1342.0,1099.4,242.6
Seal Beach,39,21,718.6,1321.5,2007.2,2008.5,2012.4,2012.5,441.5,519.9,485.9,481.0,66.0,123.8,121.3,122.2,22.0,65.4,55.6,53.2,131.6,62.6,69.0,9887.1,4704.2,5182.9,10076.9,4794.5,5282.4
Paterson,39,8,2.9,1.1,1973.2,1987.2,1987.3,1975.9,150.7,144.3,118.1,156.0,28.0,27.2,36.8,45.1,0.0,1.6,7.5,4.1,6.3,5.8,0.5,475.4,437.9,37.6,484.6,446.3,38.3
Craig,39,19,5.2,2.7,1972.6,1972.5,1975.6,1973.6,148.1,241.8,389.8,338.9,18.0,53.5,93.3,96.5,21.0,27.3,15.0,19.7,9.8,7.3,2.5,734.8,549.4,185.4,748.9,559.9,189.0
Fairhope,39,32,1215.1,1643.5,2004.2,2003.9,2008.4,2008.8,794.5,943.5,940.0,988.9,55.0,269.2,93.9,99.5,13.0,37.8,16.6,18.4,144.4,119.2,25.2,10851.1,8960.2,1890.9,11059.4,9132.2,1927.2
Jobstown,38,34,133.0,217.1,2004.5,2006.9,2010.1,2010.1,131.6,174.6,184.2,183.6,15.0,24.7,38.6,37.5,67.5,88.0,112.4,114.0,27.0,13.2,13.7,2025.1,994.5,1030.6,2063.9,1013.6,1050.4
Brevort,38,16,69.1,109.3,1975.8,1973.8,1977.9,1974.9,227.3,194.8,199.5,197.7,23.0,22.9,23.6,23.5,10.5,10.6,14.4,14.8,21.1,20.2,0.8,1582.3,1518.6,63.7,1612.7,1547.8,64.9
Davenport,38,25,699.4,822.0,2007.9,2007.2,2009.0,2009.5,333.3,362.4,308.4,302.5,33.0,54.3,39.1,41.4,4.0,28.9,6.9,6.6,57.2,51.7,5.4,4291.5,3882.4,409.1,4373.9,3956.9,416.9
Guntersville,36,1,1.9,0.4,1964.0,1964.0,1964.0,1964.0,60.1,60.1,68.5,68.5,14.0,14.0,18.1,18.1,10.0,10.0,10.8,10.8,0.7,0.4,0.3,54.3,30.8,23.5,55.3,31.3,24.0
Manasquan,36,9,49.8,59.6,1992.2,1995.2,2000.7,1999.1,148.3,233.5,330.1,329.1,20.0,45.3,86.7,93.8,11.0,24.9,37.6,35.3,20.1,16.9,3.2,1507.8,1266.1,241.7,1536.7,1290.4,246.4
Ghent,36,9,3.6,2.8,1973.2,1974.9,1977.2,1980.8,76.9,121.3,149.9,207.7,14.5,22.4,34.2,36.6,8.0,5.9,10.0,10.5,2.3,1.9,0.4,170.0,143.1,26.9,173.2,145.8,27.4
Conneaut,36,10,178.2,350.9,1971.2,1974.3,1968.7,1968.7,437.4,386.7,407.7,407.1,41.0,39.4,47.4,46.8,10.0,19.4,14.1,14.4,49.9,48.5,1.4,3745.0,3639.6,105.4,3816.9,3709.5,107.4
Vineyard Haven,36,15,143.7,50.4,1998.3,1995.0,2002.7,1989.4,266.8,2133.2,2084.1,2726.0,33.0,419.1,2315.7,2648.0,33.5,66.7,63.3,66.2,108.2,88.7,19.5,8123.4,6661.9,1461.5,8279.4,6789.8,1489.6
Millwood,36,9,1.9,0.7,1972.0,1973.9,1970.7,1972.0,94.9,105.1,121.2,121.2,27.0,30.3,50.1,52.5,2.0,8.1,6.1,7.9,3.1,2.8,0.3,230.3,209.4,21.0,234.7,213.4,21.4
Port Monmouth,35,7,35.7,32.6,2012.4,1999.7,2011.8,2009.8,590.6,530.8,786.7,592.1,42.0,420.0,439.0,299.5,9.0,12.0,10.6,10.2,32.2,29.5,2.8,2420.0,2212.5,207.6,2466.5,2255.0,211.6
Monterey,35,18,283.6,146.0,2005.1,2006.9,2007.4,2010.8,165.4,270.4,187.7,249.7,27.0,45.4,23.4,31.1,10.0,15.6,8.5,7.4,60.0,43.7,16.3,4506.6,3280.7,1225.9,4593.2,3343.7,1249.5
Mccord,35,22,24.3,12.4,1975.1,1976.7,1971.8,1972.1,693.0,1164.2,1055.9,1225.0,131.0,242.0,521.7,619.8,42.0,76.8,353.1,320.2,39.2,28.9,10.3,2942.7,2172.3,770.4,2999.2,2214.0,785.2
Tomkins Cove,35,17,9.8,11.6,1986.3,1988.0,2005.6,2013.1,104.8,343.0,120.0,89.6,33.0,48.1,56.1,20.9,12.0,48.3,206.2,293.7,12.5,7.8,4.7,936.7,583.7,353.0,954.7,594.9,359.8
Smyrna,35,9,60.3,19.0,1982.1,1988.1,1990.2,1993.0,393.5,965.8,626.8,600.6,30.0,341.9,79.6,120.0,36.0,14.0,237.1,193.3,31.0,15.3,15.7,2327.4,1152.0,1175.4,2372.1,1174.1,1198.0
Rhinebeck,34,15,5.2,6.3,1984.3,1988.9,2001.9,2002.8,115.0,237.7,238.8,252.2,18.0,49.2,42.8,38.0,6.5,12.3,10.6,10.5,4.7,3.9,0.8,354.0,293.5,60.5,360.8,299.1,61.7
Santa Rosa Island,34,19,59.1,51.2,1993.9,1997.4,2005.1,2007.7,150.4,356.0,230.0,168.9,32.0,193.1,471.2,322.3,14.0,22.7,27.5,26.2,23.1,20.1,3.0,1734.2,1511.8,222.5,1767.5,1540.8,226.7
Bucksport,34,14,61.4,83.9,2001.1,1995.9,2006.0,2005.9,200.2,290.7,203.4,199.9,27.5,205.6,52.3,40.9,20.0,18.8,17.7,17.2,35.4,23.8,11.5,2655.5,1788.6,866.9,2706.5,1822.9,883.6
Triangle,34,8,5.4,1.4,1987.5,1988.0,1983.5,1987.0,242.6,252.5,386.0,294.4,44.5,40.6,129.1,129.1,19.0,19.2,32.0,17.0,18.6,17.7,0.8,1394.6,1332.5,62.1,1421.4,1358.1,63.3
Sunny Point,34,25,255.3,245.9,1996.3,1997.2,2007.3,2006.9,443.2,559.7,401.1,472.1,45.0,475.2,62.5,58.1,9.5,37.7,21.0,20.1,58.8,48.9,10.0,4417.6,3668.4,749.2,4502.5,3738.9,763.6
Kitty Hawk,33,25,117.8,81.4,1985.7,1986.9,2003.1,2003.7,464.0,1791.0,464.2,469.2,175.0,506.1,397.3,230.3,7.0,33.6,17.7,10.1,63.7,60.8,3.0,4786.6,4561.7,224.9,4878.5,4649.3,229.2
Rose Inlet,33,16,81.6,135.0,1984.7,1990.6,2009.4,2009.4,118.3,328.2,629.7,651.2,18.0,64.8,122.4,123.1,22.0,128.2,70.6,71.0,14.6,11.2,3.4,1096.9,845.2,251.6,1118.0,861.5,256.5
Nantucket,33,16,183.9,37.2,1988.4,1994.5,1989.1,1988.1,342.7,4419.2,3828.9,3099.5,106.0,401.2,1559.7,1555.5,9.0,18.1,15.2,15.9,124.4,121.6,2.8,9339.7,9127.4,212.3,9519.0,9302.6,216.4
Sturgeon Bay,33,21,93.7,171.1,1969.0,1973.4,1972.3,1972.7,301.6,287.8,289.0,285.6,26.0,175.0,81.4,45.4,157.0,534.8,899.3,902.4,90.0,22.5,67.4,6754.7,1690.7,5064.0,6884.4,1723.2,5161.2
Westport,33,22,111.5,174.1,1991.4,1997.1,2010.0,2010.4,315.8,580.7,424.9,418.8,32.0,323.0,157.4,103.3,41.0,65.5,79.0,86.7,33.9,27.0,6.9,2549.9,2033.1,516.8,2598.8,2072.1,526.7
Wellfleet,32,15,69.0,46.9,1999.1,1997.6,2001.2,2001.1,399.9,1854.5,497.2,572.0,48.0,120.3,446.3,175.4,4.0,8.8,12.4,27.7,37.8,36.4,1.4,2840.3,2733.0,107.3,2894.8,2785.5,109.3
Uniontown,32,9,2.1,0.7,1973.3,1975.3,1974.2,1974.3,108.0,134.1,132.1,138.8,31.0,29.5,44.1,43.3,7.5,8.9,11.1,10.4,2.7,2.3,0.4,201.1,171.1,30.0,205.0,174.4,30.6
Fairhaven,32,24,72.1,34.2,1997.8,1996.5,1990.3,1987.5,809.9,3031.4,2412.0,2591.3,286.0,745.0,1748.9,2083.0,74.5,190.3,244.1,181.7,132.2,97.3,34.9,9926.5,7307.9,2618.6,10117.0,7448.2,2668.9
Cape May,32,18,23.6,34.4,1987.8,1991.1,2002.0,2004.7,187.1,221.0,258.6,245.3,23.5,61.5,72.0,52.5,25.5,114.3,90.6,50.5,24.1,9.4,14.7,1810.2,708.1,1102.1,1844.9,721.7,1123.2
New Castle,32,13,2.5,1.0,1994.0,1993.9,1998.5,1997.9,82.5,134.6,228.6,195.7,30.5,64.3,104.5,88.7,11.0,18.0,19.8,29.6,6.8,5.5,1.3,509.0,412.8,96.2,518.8,420.8,98.0
Buffalo,32,14,118.6,245.7,1982.1,1981.5,1980.8,1980.0,224.4,275.3,511.7,545.6,41.5,40.2,58.1,60.2,18.5,17.2,39.3,41.0,25.4,22.0,3.4,1906.1,1653.2,252.9,1942.7,1684.9,257.8
Roosevelt,32,5,1.8,1.0,1971.8,1980.6,1974.7,1972.7,166.3,188.0,202.5,196.7,28.0,51.8,59.0,58.4,1.0,2.6,12.5,11.6,5.2,4.6,0.6,387.5,343.4,44.1,395.0,350.0,45.0
Ship Bottom,32,18,100.6,93.7,2003.6,2000.6,2011.0,2012.0,106.2,217.6,158.3,155.1,17.0,23.6,20.2,20.1,8.0,9.0,16.2,19.0,11.9,9.7,2.3,896.9,725.4,171.5,914.1,739.3,174.8
Garrison,31,18,9.7,1.8,1988.3,1988.7,2010.1,2000.0,149.9,408.6,436.4,315.6,27.0,73.5,411.6,292.0,6.0,6.4,5.7,7.5,11.8,10.5,1.3,883.5,785.8,97.7,900.5,800.9,99.6
Tunica,31,11,7.7,3.3,1978.8,1977.9,1990.0,1995.1,114.1,172.4,266.1,336.8,22.0,28.2,57.9,63.1,8.0,6.9,4.8,4.2,4.6,4.1,0.4,342.2,308.9,33.3,348.7,314.8,33.9
Franklin Furnace,31,8,2.0,0.9,1973.1,1973.1,1971.7,1973.2,128.6,142.3,153.5,167.2,35.0,31.3,59.2,75.2,2.0,6.9,31.6,21.9,3.3,2.8,0.6,250.0,207.9,42.1,254.8,211.9,42.9
Ocean Gate,31,8,29.0,37.0,1995.3,1990.4,2004.3,2001.1,156.7,136.7,260.7,255.3,26.0,71.1,109.2,111.9,17.0,16.1,67.3,62.5,11.8,8.4,3.3,882.6,634.1,248.5,899.5,646.3,253.2
Belhaven,31,6,57.8,15.3,1981.9,1988.5,1975.2,1977.4,775.6,787.9,2022.2,1894.9,96.0,112.8,706.2,674.1,4.0,12.8,10.2,10.9,46.7,43.4,3.2,3504.1,3261.4,242.7,3571.4,3324.0,247.4
Tamms,31,6,3.5,0.8,1979.4,1976.0,1981.0,1981.0,154.3,144.8,153.6,155.1,29.0,32.5,41.6,41.8,7.0,7.1,7.7,7.6,4.1,3.7,0.3,307.3,281.3,26.0,313.2,286.7,26.5
Metlakatla,30,10,22.8,2.4,1981.5,1976.9,1992.0,1987.7,255.5,1003.5,393.6,315.1,26.5,94.2,112.3,116.0,12.5,48.6,40.9,48.8,17.7,10.8,6.9,1332.2,813.0,519.1,1357.7,828.7,529.1
Alameda,30,10,3.0,3.7,1972.5,1989.5,2002.7,2003.7,74.4,371.0,121.4,91.2,27.5,58.2,76.4,36.7,7.0,42.3,33.1,25.5,5.8,3.9,1.8,432.5,296.2,136.3,440.8,301.9,138.9
Sacramento,29,25,166.8,273.5,2003.0,2009.0,2012.0,2012.0,101.1,250.7,273.5,275.7,15.0,48.0,83.0,81.3,101.0,105.1,111.0,111.0,27.4,15.7,11.7,2072.4,1178.9,893.5,2112.2,1201.5,910.7
Mckees Rocks,29,8,0.8,0.7,1975.0,1974.0,1974.9,1975.5,110.1,144.5,118.7,148.9,37.0,58.5,96.0,107.1,6.0,13.2,18.5,17.6,2.5,2.1,0.4,188.7,156.9,31.8,192.3,159.9,32.4
Hyannis,29,11,76.6,34.4,1987.4,1987.8,1994.6,1986.1,790.9,1531.9,1378.8,1917.0,62.0,325.4,1053.7,1576.9,45.0,99.3,104.5,148.6,81.7,64.4,17.3,6134.5,4838.2,1296.2,6252.3,4931.1,1321.1
South Vallejo,28,9,59.8,7.0,1988.0,1984.4,2000.0,1992.7,827.7,6599.1,5054.3,1674.6,91.5,815.9,2331.6,1833.0,19.0,86.8,29.4,87.0,59.5,54.7,4.8,4465.0,4104.7,360.4,4550.7,4183.5,367.3
Melville,28,19,13.5,14.6,1997.7,1994.7,1999.4,1999.8,175.2,316.8,421.1,421.3,24.0,72.7,70.9,56.0,8.5,11.4,8.0,7.7,11.8,11.2,0.6,886.7,839.9,46.8,903.8,856.0,47.7
Falmouth,28,14,16.7,8.8,1994.7,1988.8,2007.6,2007.7,188.2,554.5,710.4,439.4,55.0,134.8,258.3,237.8,6.0,106.1,375.3,378.9,24.1,16.9,7.2,1806.6,1269.7,536.9,1841.3,1294.1,547.2
Westover,28,13,6.1,3.4,1981.1,1981.1,1985.9,1980.7,147.1,255.7,288.4,313.8,25.0,113.8,155.5,152.5,3.0,4.7,10.2,9.7,8.8,8.1,0.7,661.4,606.5,54.9,674.1,618.2,56.0
Annapolis,27,23,66.9,91.7,1995.3,1995.1,2002.1,2002.1,186.0,413.6,411.5,411.1,47.0,180.8,75.0,70.6,13.0,39.1,22.8,23.0,25.4,20.0,5.4,1905.2,1498.9,406.3,1941.7,1527.7,414.1
Klawock,27,10,2.6,1.3,1982.3,1982.0,1998.7,1988.6,84.0,240.4,292.0,208.6,16.0,57.8,178.1,186.8,10.0,21.9,20.1,24.2,8.3,6.4,1.9,625.9,479.6,146.3,637.9,488.8,149.1
Jefferson Hills,27,5,0.7,0.7,1977.4,1976.2,1978.3,1978.5,143.1,116.9,139.0,151.0,26.0,25.6,44.4,45.8,37.0,30.9,51.0,51.3,2.6,1.4,1.2,198.3,106.7,91.6,202.1,108.8,93.3
Cherokee,27,3,6.2,3.1,1972.1,1989.3,1994.5,1997.6,46.4,78.3,105.0,113.6,11.0,16.7,66.3,71.0,6.0,5.0,2.8,1.6,3.8,3.6,0.2,286.9,269.4,17.6,292.4,274.5,17.9
Holland,27,4,27.8,57.6,1969.0,1976.5,1973.0,1973.0,197.0,154.2,201.6,202.8,20.0,17.9,20.3,20.3,8.0,9.5,5.5,5.2,6.4,5.7,0.7,480.0,425.2,54.8,489.2,433.4,55.9
Stratton,27,10,11.4,13.9,1975.9,1978.0,2011.5,2012.8,99.8,313.4,867.8,1334.6,27.0,477.2,4076.6,4215.1,1.0,7.6,56.7,58.4,17.9,17.6,0.3,1342.2,1320.6,21.6,1368.0,1346.0,22.0
Santa Barbara,26,15,382.0,44.2,1996.0,1999.3,2001.7,1999.6,228.1,244.8,256.7,264.5,37.0,43.8,30.4,120.1,10.0,15.2,10.5,19.7,94.9,77.4,17.5,7130.1,5815.9,1314.2,7267.0,5927.6,1339.4
Hawesville,26,8,1.6,0.5,1972.3,1975.8,1971.0,1971.7,93.7,115.9,113.9,113.5,27.5,31.9,45.4,44.7,1.5,11.2,7.0,7.9,2.0,1.8,0.1,148.1,136.9,11.2,150.9,139.5,11.4
Cheshire,26,7,1.4,0.5,1972.2,1973.0,1969.6,1971.7,84.1,119.7,124.9,125.2,20.0,32.4,70.5,70.1,5.5,12.7,10.6,12.1,2.2,1.9,0.3,162.0,139.8,22.3,165.1,142.4,22.7
Pearl Harbor,25,17,357.2,487.2,1993.1,1991.2,2003.8,2006.3,798.5,1574.5,1318.7,1744.5,94.0,240.2,284.8,229.7,78.0,137.6,92.6,84.6,203.5,180.0,23.5,15484.7,13719.1,1765.6,15782.0,13982.5,1799.5
Salem Nj,25,6,4.6,2.7,1978.0,1978.3,1979.0,1981.6,205.3,378.0,353.6,229.7,51.0,170.8,285.9,235.5,10.0,10.6,29.1,25.1,9.6,8.8,0.8,717.8,659.1,58.7,731.5,671.7,59.8
Woodmere,25,21,117.3,165.2,1999.2,2002.8,2008.0,2008.9,259.5,391.9,301.8,286.2,33.0,76.6,63.7,57.4,10.0,54.5,43.9,38.9,25.8,17.7,8.1,1944.8,1337.6,607.2,1982.2,1363.3,618.9
Tatoosh Island,24,17,63.5,29.3,1991.1,1992.6,2003.4,2005.1,325.6,461.4,424.3,471.3,42.0,150.1,57.4,65.8,13.5,80.8,17.8,16.6,22.0,17.2,4.8,1653.1,1289.3,363.8,1684.8,1314.0,370.8
South Dartmouth,24,18,119.0,23.1,1992.3,1991.1,1996.6,1996.0,195.1,4004.9,4878.1,1715.6,52.5,518.0,4998.7,4161.4,9.0,49.0,236.1,221.4,84.4,76.9,7.6,6340.6,5773.3,567.3,6462.3,5884.1,578.2
Freedom,24,5,0.6,0.7,1975.3,1974.2,1976.1,1975.9,116.8,130.8,151.7,166.0,56.0,39.6,110.8,122.4,7.5,27.6,108.1,99.8,2.5,1.5,1.0,188.0,114.4,73.6,191.6,116.6,75.0
Erie,24,15,72.5,141.5,1977.5,1979.2,1967.1,1967.8,399.8,318.2,357.9,357.8,38.0,36.9,49.0,46.8,19.0,126.3,24.2,18.8,17.6,14.3,3.3,1320.1,1070.8,249.3,1345.4,1091.3,254.1
Amelia City,24,16,263.7,210.7,1998.1,1996.2,2004.9,2003.1,747.4,1276.8,954.1,938.5,87.5,280.5,150.7,180.7,15.0,37.7,20.8,25.1,51.5,44.4,7.1,3867.0,3334.2,532.8,3941.2,3398.2,543.0
Barbers Point Terminal,23,18,2120.6,3575.7,2001.7,2001.9,2004.0,2004.0,983.7,1439.2,1909.6,1871.5,196.0,130.0,214.1,213.9,57.0,434.4,63.6,63.8,262.5,173.7,88.8,20021.7,13354.5,6667.2,20406.1,13610.9,6795.3
Tiverton,23,11,7.0,2.6,1986.5,1989.6,1996.5,1993.5,187.1,505.2,722.0,422.8,33.0,198.9,307.1,411.2,11.0,38.0,16.7,35.7,15.1,14.1,1.0,1137.2,1059.8,77.4,1159.1,1080.2,78.9
Little Port Walter,23,17,4.3,2.1,1978.8,1976.8,1971.0,1970.9,109.5,272.8,486.0,492.2,17.0,81.5,594.3,557.8,16.0,27.8,170.1,157.6,7.5,4.7,2.8,566.4,353.5,212.9,577.3,360.3,217.0
Port Huron,23,12,27.1,32.0,1997.3,1992.1,1999.4,1998.1,142.2,133.9,134.4,120.6,15.0,14.2,21.9,17.5,62.0,132.5,117.9,116.1,14.1,5.3,8.8,1059.2,398.0,661.1,1079.5,405.7,673.8
Evansville,23,8,1.6,0.5,1974.7,1974.8,1973.0,1974.3,107.6,118.5,145.6,140.1,24.0,43.8,53.7,49.1,10.0,21.1,34.1,33.2,2.2,1.5,0.7,163.3,110.6,52.7,166.5,112.8,53.7
Bethel,23,12,5.2,2.9,1985.3,1985.8,1981.3,1979.1,503.7,729.0,717.8,676.2,82.0,228.6,534.3,526.7,43.0,76.5,75.9,63.0,19.6,17.9,1.7,1473.0,1345.2,127.8,1501.2,1371.0,130.2
Pittsburg,22,15,94.9,160.0,1999.3,1996.7,2009.9,2009.9,97.2,313.0,608.6,620.0,33.5,78.8,122.3,121.3,2.5,20.2,55.3,55.7,12.9,11.8,1.1,967.3,887.5,79.9,985.9,904.5,81.4
Princetown,22,12,390.4,630.1,2005.0,1999.9,2010.7,2011.0,360.3,326.3,379.7,390.7,37.5,55.2,70.8,76.1,13.0,16.1,16.4,16.9,33.6,30.5,3.1,2524.3,2292.6,231.7,2572.7,2336.6,236.1
Port Isabel,22,18,103.6,134.3,2001.3,1999.6,2005.6,2008.2,384.5,777.5,891.2,770.7,45.5,268.4,739.3,419.9,130.0,193.0,126.8,105.6,35.9,21.2,14.7,2694.5,1592.9,1101.6,2746.3,1623.5,1122.7
Goldendale,22,9,1.6,0.4,1973.7,1988.2,1992.7,1977.1,94.1,107.8,100.5,102.7,16.5,19.7,25.9,25.2,0.0,0.1,0.1,0.2,2.5,2.4,0.0,184.1,183.9,0.2,187.6,187.4,0.2
West Homestead,21,6,0.6,0.6,1976.8,1974.5,1977.6,1978.3,85.3,91.1,125.5,164.4,37.0,46.2,92.4,98.2,8.0,9.0,65.8,71.6,2.1,1.4,0.6,154.0,108.5,45.4,156.9,110.6,46.3
Olmsted,21,9,1.9,0.5,1979.0,1980.0,1977.4,1980.9,165.2,162.7,155.1,157.0,39.0,46.2,155.6,140.0,4.0,16.1,20.0,19.6,2.9,2.6,0.3,219.5,196.1,23.4,223.7,199.9,23.8
Lawrence,21,8,0.4,0.4,1980.9,1979.4,1984.8,1983.9,85.5,103.6,122.4,125.1,27.0,47.1,114.4,110.2,8.0,19.2,53.4,49.1,2.9,2.4,0.4,216.1,182.5,33.6,220.3,186.0,34.3
Berlin,21,13,13.6,13.6,1969.7,1978.4,1999.7,2003.8,198.7,311.1,203.6,184.7,31.0,68.3,53.8,35.4,2.0,5.3,6.3,7.3,7.3,6.8,0.5,551.6,512.6,38.9,562.1,522.5,39.7
Eudora,20,10,2.5,0.6,1977.2,1979.0,1971.1,1975.6,155.7,188.1,170.8,177.0,27.0,35.4,42.5,44.4,3.5,3.2,3.4,3.4,3.3,3.1,0.2,246.6,230.8,15.8,251.3,235.2,16.1
South Padre Island,20,18,130.4,196.7,1990.8,1992.2,1991.4,1990.2,456.8,735.7,623.7,622.3,70.0,225.3,153.3,147.8,20.0,82.8,107.8,106.4,36.1,29.4,6.7,2717.5,2213.8,503.7,2769.7,2256.3,513.4
Mackinaw City,20,14,23.4,28.5,1982.4,1982.8,1992.8,1988.5,272.0,707.6,274.6,227.3,35.0,89.9,112.0,57.8,17.0,32.4,27.5,19.3,13.7,10.9,2.7,1025.3,822.1,203.2,1045.0,837.9,207.1
Ulupalakua,20,2,2.1,0.2,1998.2,2000.0,1998.6,1998.3,106.1,106.1,128.6,131.7,43.0,43.0,71.4,73.6,3.0,13.0,6.6,5.3,2.2,2.0,0.2,163.6,151.0,12.6,166.8,153.9,12.8
Coal Center,20,4,0.6,0.6,1977.7,1976.2,1977.4,1977.7,120.6,106.9,179.0,184.0,25.0,31.0,60.2,61.3,20.5,16.4,45.1,46.4,2.0,1.3,0.8,153.2,94.0,59.2,156.1,95.8,60.3
Chicago,20,7,3.6,1.4,1985.0,1988.4,2005.9,1997.8,135.7,141.5,121.1,146.1,19.0,20.7,15.7,20.5,16.0,39.1,32.9,50.6,10.4,2.9,7.4,777.3,221.1,556.1,792.2,225.4,566.8
New Johnsonville,20,3,1.3,0.4,1964.4,1966.0,1964.2,1964.7,86.9,118.3,101.3,109.2,31.0,220.2,38.8,48.1,2.0,125.8,4.4,10.5,2.4,1.6,0.8,179.2,122.4,56.8,182.7,124.7,57.9
Rochester,20,4,13.8,20.9,2004.0,1991.8,1999.9,2001.4,62.3,123.4,81.5,79.1,8.0,7.8,10.0,10.0,40.0,25.8,38.0,37.8,3.9,1.7,2.2,290.2,124.7,165.4,295.7,127.1,168.6
Duquesne,20,7,0.5,0.4,1974.6,1974.6,1973.6,1975.2,70.5,108.4,85.3,109.7,32.5,39.8,54.7,63.1,5.0,8.2,11.4,11.9,1.4,1.1,0.2,103.8,86.1,17.7,105.8,87.7,18.0
Manhattan/New York,19,15,3.3,4.3,1982.2,1984.4,2004.4,2006.0,105.7,185.8,323.6,330.6,39.0,54.6,246.1,260.0,1.0,10.1,31.6,33.4,4.1,3.4,0.6,304.3,255.9,48.5,310.2,260.8,49.4
Newportville,19,15,73.1,121.5,2002.3,1999.5,2011.9,2011.9,112.8,129.1,135.9,134.8,14.0,18.0,16.0,15.8,33.0,87.5,82.3,84.9,12.7,5.1,7.6,954.6,384.1,570.4,972.9,391.5,581.4
Kiska,19,15,29.7,24.3,1985.9,1986.9,1991.7,1991.8,702.8,780.4,699.7,634.6,84.0,112.5,107.7,97.5,20.0,75.4,93.0,119.4,23.3,12.9,10.5,1760.8,974.8,785.9,1794.6,993.5,801.0
Cannelton,19,6,0.8,0.3,1975.3,1975.5,1975.2,1975.4,90.3,96.3,90.2,92.4,17.0,40.0,36.8,34.8,5.0,7.5,7.7,8.3,1.2,0.9,0.2,86.5,69.1,17.4,88.2,70.5,17.7
Eastport,19,14,524.9,717.3,2007.2,2005.5,2008.2,2007.9,991.3,780.9,951.3,978.0,79.0,65.1,83.3,83.6,25.0,30.9,31.4,31.4,55.5,50.5,5.1,4169.2,3789.7,379.4,4249.2,3862.5,386.7
Pinole Point,19,4,87.8,148.9,2008.4,2009.8,2011.2,2011.5,849.5,810.3,739.2,718.0,35.0,40.9,49.0,40.9,29.0,26.9,28.8,29.4,10.2,6.9,3.2,763.0,521.7,241.3,777.6,531.7,245.9
Bainbridge Island,19,14,762.4,243.4,1983.2,1983.2,1984.1,1981.8,5558.9,9657.1,9605.2,11874.5,1033.0,1754.2,4127.0,5121.5,412.0,959.1,991.8,1112.9,454.8,322.8,132.0,34147.7,24236.5,9911.2,34803.3,24701.9,10101.5
Tavernier,19,14,271.3,328.4,1993.7,1991.9,2001.6,2000.0,304.7,953.5,1288.1,2373.1,48.0,271.4,320.2,375.5,6.0,9.7,21.0,20.8,53.4,44.0,9.4,4014.2,3308.3,705.9,4091.3,3371.9,719.4
Manistee,19,5,64.1,130.4,1976.9,1972.0,1977.1,1977.4,210.4,269.0,265.8,268.4,22.0,26.4,32.7,33.1,7.0,5.7,7.3,7.5,10.1,9.7,0.4,760.1,730.9,29.2,774.7,744.9,29.8
Calabash,18,14,20.5,22.2,1983.5,1984.6,2000.0,2003.3,294.3,700.8,719.0,581.8,63.5,181.5,155.4,117.2,7.0,11.2,16.4,16.2,14.8,14.3,0.6,1113.2,1071.7,41.5,1134.6,1092.3,42.3
Long Reach,18,7,0.3,0.2,1976.8,1974.3,1976.1,1977.0,70.1,72.0,73.7,76.0,17.0,16.3,22.1,23.0,5.0,4.2,4.6,5.0,0.6,0.5,0.1,44.9,38.0,6.9,45.8,38.7,7.0
Waterproof,18,7,2.7,0.5,1971.0,1973.4,1970.7,1971.0,154.4,161.5,157.7,156.3,30.0,30.0,31.8,31.7,4.0,4.6,4.3,4.4,2.6,2.5,0.2,198.9,184.3,14.7,202.7,187.8,14.9
Georgetown,18,12,7.4,5.4,1985.5,1986.5,1992.8,1984.7,160.3,336.5,353.9,260.9,32.5,88.6,162.8,119.4,6.0,31.1,18.0,12.9,7.8,6.8,0.9,583.1,513.2,69.9,594.3,523.1,71.3
Wood River,18,4,2.0,0.5,1989.6,1988.2,1987.2,1988.6,157.8,138.1,184.9,171.8,36.0,32.8,78.8,73.3,40.5,44.5,66.3,60.9,2.3,1.6,0.7,171.7,122.7,49.1,175.0,125.0,50.0
North Bend,18,6,1.1,0.5,1972.8,1973.8,1972.0,1973.4,136.9,142.1,140.8,152.5,27.0,29.8,52.2,63.5,10.0,19.3,22.2,29.5,2.2,1.8,0.4,165.9,135.5,30.4,169.1,138.1,31.0
Wadmalaw Island,18,11,208.3,245.8,1991.2,1992.6,2005.2,2005.2,412.1,518.7,1071.9,1105.9,72.5,279.0,70.4,69.8,21.0,29.1,37.1,37.4,23.5,18.1,5.5,1767.6,1357.1,410.6,1801.6,1383.1,418.5
Rosiclare,18,4,1.4,0.4,1984.0,1981.5,1984.3,1984.2,123.3,119.9,156.5,150.9,21.5,23.9,51.0,50.0,7.0,13.6,11.2,10.8,1.7,1.4,0.2,125.0,108.2,16.7,127.4,110.3,17.0
Diberville,18,4,3.1,4.5,1999.1,1999.5,2004.4,2007.5,187.3,634.1,699.5,824.5,30.0,404.2,898.2,1040.4,49.5,209.4,198.7,145.3,12.7,7.1,5.6,953.6,534.2,419.3,971.9,544.5,427.4
Silver Grove,18,6,1.0,0.3,1973.0,1972.3,1972.6,1972.8,103.0,99.8,109.9,108.2,23.0,23.6,36.2,34.9,4.5,6.0,5.2,6.1,1.1,1.0,0.1,80.6,73.2,7.4,82.2,74.6,7.6
Washington,17,8,3.2,1.0,1989.6,1987.6,1996.0,1992.2,210.9,418.0,605.0,416.7,59.0,109.4,232.7,185.3,3.0,3.9,8.8,7.4,6.2,6.1,0.2,467.8,454.5,13.3,476.8,463.2,13.6
Marblehead,17,9,47.7,11.6,1997.9,2001.3,2008.4,2009.6,646.5,1379.0,417.0,433.0,31.0,142.7,178.3,136.5,11.0,17.6,10.8,9.0,22.6,20.5,2.1,1695.9,1537.1,158.7,1728.4,1566.6,161.8
Stony Point,17,10,0.7,0.4,1987.4,1983.5,1989.7,1988.7,96.2,140.0,112.1,145.1,23.0,32.6,45.0,61.5,8.0,13.0,17.8,21.5,2.3,1.8,0.5,174.1,136.0,38.1,177.5,138.7,38.8
Port Madison,17,10,21.0,10.1,1983.4,1978.0,1971.0,1968.6,79.9,1272.3,1502.7,1729.9,12.0,183.2,326.1,321.9,7.0,108.5,79.1,99.7,14.6,10.8,3.8,1096.5,809.1,287.4,1117.5,824.6,292.9
Wurtland,17,7,0.7,0.4,1974.8,1973.4,1974.0,1974.7,114.1,122.9,123.2,124.9,52.0,54.4,69.7,75.6,8.0,8.7,18.5,20.4,1.7,1.4,0.2,124.0,106.2,17.8,126.4,108.2,18.2
Estero,17,3,31.5,20.2,2005.9,2006.3,2006.9,2008.7,591.6,1796.2,988.7,630.7,7.0,18.3,69.0,43.5,9.0,62.5,47.9,18.9,34.5,22.1,12.4,2592.3,1660.5,931.9,2642.1,1692.3,949.7
Port Orford,17,14,67.8,28.0,1980.5,1980.3,1983.2,1980.6,1027.3,1083.6,635.0,708.7,104.0,241.4,127.4,141.4,11.0,53.8,77.2,93.7,23.9,18.4,5.5,1794.8,1378.6,416.3,1829.3,1405.0,424.3
Cedar Grove,17,7,0.6,0.2,1971.2,1974.0,1969.7,1971.9,72.1,87.1,71.1,77.5,18.0,21.9,20.3,22.1,3.0,3.1,4.0,3.7,0.9,0.8,0.1,64.0,59.8,4.2,65.2,61.0,4.3
Oswego,17,7,3.4,2.6,1995.1,1992.0,2005.8,2009.5,122.3,143.4,130.5,125.1,14.0,19.7,17.0,14.6,19.0,31.2,52.0,62.3,10.1,2.4,7.6,755.6,182.1,573.5,770.1,185.6,584.5
Cadiz,17,2,0.8,0.2,1985.0,1985.0,1985.0,1985.0,88.2,87.4,86.7,86.7,19.0,18.2,23.9,23.9,9.0,6.5,18.1,18.1,0.9,0.7,0.2,70.5,53.7,16.8,71.8,54.7,17.1
Rockport,16,11,8.9,12.6,1972.9,1977.9,1981.3,1981.2,118.1,135.1,263.4,326.1,19.5,19.5,33.3,35.0,6.0,9.6,7.7,8.0,3.0,2.8,0.2,224.6,210.6,14.0,229.0,214.7,14.3
Bremerton,15,12,155.2,47.3,1989.5,1987.9,1970.5,1972.3,338.8,4009.7,4726.9,4266.7,163.0,528.4,1437.8,1220.9,18.0,88.4,241.3,224.1,112.9,91.9,21.0,8475.3,6899.8,1575.5,8638.0,7032.3,1605.8
Saint Helens,15,8,1.3,0.6,1986.2,1984.6,1976.6,1976.9,129.2,304.7,299.2,239.9,28.0,56.9,94.7,79.7,22.0,354.3,430.7,377.0,5.8,2.8,3.0,437.3,213.7,223.6,445.7,217.8,227.9
Leonia,15,10,0.6,0.5,1987.1,1987.0,1984.1,1984.2,107.2,131.6,126.0,132.0,22.0,19.8,21.8,21.8,5.0,24.0,19.0,21.3,1.6,1.3,0.3,122.1,98.3,23.8,124.4,100.1,24.3
Port Armstrong,15,12,3.2,1.9,1974.5,1978.2,1994.6,1989.5,150.0,285.8,475.0,453.1,64.0,220.2,93.3,112.7,9.0,14.3,9.3,7.2,8.2,7.7,0.6,618.5,576.9,41.6,630.4,588.0,42.4
Oregon,15,13,26.9,40.8,1984.4,1989.4,1984.7,1986.0,57.3,113.3,112.6,107.1,9.0,18.5,24.8,24.1,29.0,59.9,47.2,49.1,5.0,3.0,2.0,376.6,223.2,153.4,383.8,227.5,156.3
Hoquiam,15,8,1.9,1.2,1973.9,1980.1,1983.0,1978.6,160.5,469.9,370.8,342.6,23.0,197.1,304.1,281.5,18.0,59.2,21.9,20.1,6.8,6.2,0.5,508.4,468.1,40.3,518.2,477.1,41.1
Kotzebue,14,11,17.9,22.0,1987.0,1984.2,1993.0,2000.8,1039.6,1130.9,489.3,402.2,157.0,306.5,187.8,69.3,56.5,97.1,289.2,371.3,20.1,14.8,5.2,1518.6,1115.8,402.8,1547.8,1137.2,410.6
Racine,14,3,4.1,8.3,1971.2,1971.7,1980.3,1980.7,82.5,180.0,275.9,294.0,18.0,21.5,31.8,30.4,13.0,23.2,45.0,46.0,2.3,2.0,0.3,171.6,152.5,19.0,174.9,155.5,19.4
Apalachicola,14,6,7.7,9.5,1988.9,1986.8,2005.8,2006.2,249.3,2951.4,2756.7,3745.2,45.5,357.8,1738.4,1790.1,16.5,16.4,22.4,23.2,21.3,20.5,0.7,1598.8,1542.8,56.0,1629.5,1572.4,57.1
Mount Vernon,14,6,1.4,0.7,1975.2,1978.0,1977.9,1979.3,102.7,197.7,175.7,234.3,31.5,38.9,47.7,52.9,6.5,8.5,7.2,4.0,2.5,2.4,0.1,188.7,179.7,9.0,192.3,183.2,9.1
Bear Island,14,11,3.2,2.5,1980.7,1980.6,1979.3,1972.1,311.8,542.6,447.8,533.0,48.5,139.8,142.7,209.3,13.5,40.2,38.6,66.4,13.3,9.8,3.5,997.8,736.4,261.4,1017.0,750.5,266.4
Crescent City,14,9,19.6,12.1,1982.0,1983.1,1953.5,1949.0,212.3,736.7,1313.2,1863.8,28.0,101.9,425.3,454.4,6.5,8.4,2.1,1.8,7.5,7.2,0.3,564.0,540.6,23.4,574.8,551.0,23.8
Lighthouse Point,14,13,492.0,408.5,1998.9,1997.5,2003.2,2003.5,836.4,1778.2,2868.7,1654.0,81.0,108.8,234.3,171.3,11.5,70.7,500.2,305.4,97.5,52.1,45.4,7476.0,3973.6,3502.4,7619.5,4049.9,3569.6
Wintersville,14,6,1.4,1.4,1976.7,1976.0,1978.0,1978.6,277.3,408.7,368.9,596.9,41.0,105.6,407.1,480.4,9.0,12.8,153.2,182.5,6.1,4.5,1.6,459.7,338.5,121.2,468.5,345.0,123.6
"Springville, Suffolk",13,10,72.0,28.1,1988.2,1990.8,2013.2,2012.4,195.1,233.6,332.6,356.8,41.0,95.6,34.4,36.3,5.0,5.4,0.7,0.5,6.4,6.1,0.3,480.6,460.6,20.0,489.8,469.4,20.4
Bayonne,13,12,0.3,0.3,1981.5,1982.1,1983.9,1980.5,19.4,97.3,95.8,107.3,11.0,35.6,129.3,125.1,4.0,23.1,54.7,80.8,1.0,0.7,0.2,71.9,54.1,17.8,73.3,55.2,18.1
Warsaw,13,8,0.7,0.3,1972.3,1973.1,1970.8,1971.8,115.0,119.5,120.4,116.9,30.0,32.6,40.0,38.3,1.0,2.1,1.6,1.7,1.0,1.0,0.0,73.8,71.8,2.0,75.2,73.2,2.0
Beaufort,13,10,9.9,13.5,1986.3,1991.1,1994.3,1992.2,305.2,348.1,249.8,248.3,50.0,133.6,100.9,95.8,21.0,26.0,31.8,31.4,5.9,4.8,1.2,445.0,357.6,87.4,453.5,364.5,89.0
New Martinsville,13,7,0.5,0.3,1973.7,1974.9,1972.1,1974.8,102.3,139.0,112.7,120.3,31.0,60.7,57.9,86.6,2.0,4.4,3.2,5.0,0.9,0.8,0.0,64.7,61.6,3.1,65.9,62.8,3.2
Pensacola Beach,13,8,24.5,42.6,1977.1,1982.1,2006.9,2005.9,366.9,545.1,360.5,348.5,96.0,139.6,133.1,129.7,31.0,64.4,81.8,88.4,14.9,11.0,3.9,1118.6,826.5,292.1,1140.1,842.4,297.7
Orca,13,5,32.2,6.6,1983.6,1995.0,1985.4,1980.9,380.3,858.0,1102.5,851.1,37.0,152.0,215.3,152.3,52.0,39.6,86.9,84.5,21.2,15.0,6.3,1594.6,1122.6,472.0,1625.2,1144.2,481.0
Menemsha,13,11,5.9,3.1,2000.3,1999.2,2006.3,2008.6,130.5,267.5,71.0,89.3,38.0,78.3,130.7,138.0,13.0,16.5,25.7,29.6,4.6,3.9,0.7,343.3,291.2,52.1,349.9,296.8,53.1
Chickasaw,13,6,2.2,3.0,1999.2,1997.3,2003.6,2003.6,179.8,203.3,131.8,130.3,26.0,52.3,79.5,82.3,9.0,15.4,12.3,11.1,2.2,1.9,0.3,167.9,142.4,25.4,171.1,145.2,25.9
Escanaba,13,9,20.0,36.2,1975.2,1975.6,1973.1,1970.6,197.1,283.5,242.3,255.1,38.0,32.8,31.2,33.2,13.0,79.8,35.5,23.4,6.5,4.4,2.1,486.8,330.1,156.7,496.1,336.4,159.7
Kittery,13,11,9.8,10.2,1999.2,1997.2,1997.1,2000.5,296.0,918.2,307.2,227.3,62.0,469.8,447.1,262.6,19.0,79.4,100.8,59.1,11.9,10.3,1.6,897.0,776.6,120.3,914.2,791.6,122.6
Ooltewah,13,1,0.9,0.2,1964.0,1964.0,1964.0,1964.0,91.9,91.9,94.8,94.8,20.0,20.0,22.4,22.4,7.0,7.0,8.9,8.9,0.3,0.2,0.1,21.9,15.2,6.7,22.3,15.5,6.8
Iuka,13,5,2.1,1.2,1991.5,1987.6,1994.0,1997.0,177.8,233.1,167.0,184.9,43.0,42.1,33.2,38.9,7.0,6.3,4.0,5.4,1.7,1.5,0.1,125.6,115.0,10.6,128.0,117.2,10.8
Butler,12,6,0.6,0.2,1972.2,1974.5,1970.1,1971.8,114.7,108.6,110.6,107.8,18.0,19.9,23.5,22.0,4.5,5.2,4.2,5.1,0.8,0.7,0.1,62.0,55.3,6.7,63.2,56.3,6.9
Henderson,12,6,0.9,0.3,1973.2,1974.7,1973.6,1972.6,140.0,131.1,144.1,144.3,32.5,27.8,45.3,42.6,11.5,18.5,31.4,34.7,1.2,0.9,0.3,89.8,66.5,23.4,91.6,67.8,23.8
St. James,12,12,318.5,585.0,2008.1,2008.1,2008.7,2008.8,473.2,709.2,1069.6,1149.5,19.5,49.9,175.9,182.8,20.5,27.5,13.8,13.4,34.2,28.4,5.8,2580.7,2145.7,435.0,2630.2,2186.9,443.3
Mauckport,12,6,0.9,0.3,1973.5,1972.5,1972.9,1973.0,134.9,184.5,155.3,167.4,32.0,39.2,46.6,53.5,8.5,11.7,10.1,11.9,1.1,0.9,0.2,84.8,70.3,14.5,86.4,71.7,14.8
Dickson,12,2,1.1,0.3,1985.0,1985.0,1985.0,1985.0,171.7,172.8,172.1,172.1,42.0,42.5,43.9,43.9,12.0,10.5,13.6,13.6,1.1,0.9,0.2,81.7,64.2,17.5,83.3,65.5,17.8
Vanceburg,12,7,0.5,0.2,1972.9,1973.6,1973.2,1975.4,85.5,114.1,91.1,112.9,17.5,21.4,30.6,36.4,6.5,6.4,6.7,6.1,0.8,0.7,0.1,60.7,53.1,7.6,61.8,54.1,7.7
Edmonds,12,10,222.3,60.1,1982.6,1982.0,1984.1,1978.4,3343.1,4401.7,5149.6,5378.4,258.5,621.6,1099.6,1602.1,114.5,126.2,219.4,232.2,109.8,90.9,18.9,8245.4,6828.5,1416.9,8403.7,6959.6,1444.1
Somerset,12,7,15.4,17.9,1999.0,1996.7,2012.1,2013.0,402.6,636.1,506.4,419.3,31.5,72.5,135.8,124.4,26.5,76.2,54.5,56.7,8.3,6.1,2.2,625.8,458.1,167.7,637.9,466.9,170.9
Waukegan,12,5,43.6,102.6,1974.4,1976.0,1973.4,1973.3,426.6,264.4,351.7,359.9,37.0,87.0,44.1,44.1,9.5,29.8,21.6,21.6,9.0,8.5,0.5,677.0,639.7,37.2,690.0,652.0,37.9
Linden Hill,12,10,12.9,19.2,1985.2,1985.2,1996.7,1997.4,176.2,178.0,203.0,206.1,40.0,51.9,192.8,190.1,25.0,37.8,59.2,60.2,4.6,4.0,0.6,346.8,299.2,47.5,353.4,305.0,48.4
West Sayville,12,10,29.5,14.8,1991.8,1990.1,2005.8,2005.4,74.1,172.7,181.9,108.0,18.0,28.1,23.8,19.8,5.5,5.4,1.5,2.6,2.5,2.3,0.2,188.4,175.7,12.7,192.0,179.0,13.0
Perryman,12,9,1.8,0.8,1997.5,1998.6,1992.7,1999.1,244.4,361.1,445.7,326.8,57.0,80.4,178.6,127.1,14.0,53.2,153.5,93.3,4.3,3.3,1.1,326.5,245.7,80.7,332.7,250.5,82.3
Oleum,12,5,0.5,0.6,1999.3,1994.0,1998.4,1991.8,106.5,151.3,110.0,136.1,28.0,42.5,52.0,62.6,0.0,16.8,18.5,29.3,1.9,1.4,0.5,143.5,107.5,36.0,146.2,109.6,36.6
Tawas City,12,5,18.7,36.0,1980.7,1978.6,1976.0,1974.6,173.2,382.3,155.8,150.1,16.5,194.6,27.5,21.5,12.5,18.3,14.1,13.4,4.4,3.8,0.6,332.4,285.3,47.2,338.8,290.7,48.1
Gales Ferry,12,4,6.7,5.3,2003.2,1995.8,2005.0,2006.4,202.3,2175.1,521.0,417.4,40.0,74.5,81.7,66.7,24.0,312.0,265.2,95.2,19.8,16.2,3.6,1487.0,1218.3,268.6,1515.5,1241.7,273.8
Bath,12,10,3.0,0.9,1983.8,1986.9,1998.8,1990.9,127.3,637.3,520.7,388.9,31.5,176.4,519.5,479.9,46.5,289.1,100.5,207.0,11.6,8.5,3.1,871.2,639.0,232.2,888.0,651.3,236.7
Puget Sound,11,11,57.4,39.0,1980.2,1980.2,1948.1,1949.0,965.1,2738.8,5015.1,4839.6,96.0,616.1,1563.9,1538.4,71.0,568.0,1143.6,1148.9,36.4,20.3,16.1,2732.3,1524.5,1207.8,2784.7,1553.8,1231.0
Mosier,11,3,1.9,0.3,1978.7,1969.3,1983.3,1981.3,96.0,102.1,148.3,139.5,31.0,28.3,59.7,56.5,9.0,17.2,11.4,12.3,6.0,4.4,1.6,449.7,330.2,119.5,458.3,336.6,121.8
Coupeville,11,7,2.5,2.1,1972.3,1976.4,1974.6,1974.5,72.3,1258.3,485.5,697.6,21.0,172.4,687.0,719.0,6.0,192.0,930.9,977.0,9.0,5.5,3.5,677.3,411.3,266.0,690.3,419.2,271.1
Tanaga Bay,11,8,5.2,2.9,1980.2,1980.2,1980.6,1981.1,360.8,872.2,721.1,717.3,65.0,288.8,299.3,424.9,23.0,28.3,32.8,28.7,8.6,7.9,0.6,642.8,595.4,47.3,655.1,606.9,48.2
Annisquam Harbour,11,7,4.7,1.1,1995.5,1995.4,2001.1,1997.6,121.5,274.6,287.8,316.6,47.0,69.9,102.8,136.8,7.0,6.7,3.0,4.1,4.1,3.8,0.3,308.0,285.3,22.7,313.9,290.8,23.1
Gulf Breeze,11,7,54.8,52.4,1992.9,1993.1,2007.8,2000.2,556.2,2389.5,980.8,839.9,47.0,289.5,266.9,323.7,15.0,110.9,326.3,171.8,32.8,29.8,3.0,2463.7,2235.3,228.5,2511.0,2278.2,232.8
Edgartown,11,7,11.7,7.6,1995.4,1993.7,2006.6,2010.0,233.4,321.5,446.8,529.7,122.0,228.9,633.3,741.9,11.0,18.4,24.8,28.4,8.2,7.7,0.5,613.4,577.6,35.8,625.2,588.7,36.5
Lorain,10,8,14.6,20.9,1970.1,1974.4,1984.7,1982.7,132.2,1309.7,168.0,162.8,23.0,458.6,354.5,195.0,8.0,10.2,10.1,9.1,10.5,10.3,0.2,792.0,776.4,15.5,807.2,791.4,15.8
Corralitos,10,2,3.5,2.4,2000.9,1999.5,1998.7,1999.9,443.9,527.2,627.5,559.2,435.5,293.5,525.7,536.6,54.5,88.0,121.8,107.6,12.6,10.9,1.7,946.9,821.7,125.2,965.0,837.5,127.6
Powells Point,10,2,0.5,0.5,1969.3,1974.5,1968.4,1968.2,361.2,243.5,328.1,334.4,35.5,35.5,39.9,39.9,29.5,25.0,54.6,55.1,2.2,1.3,0.9,163.6,93.9,69.6,166.7,95.7,71.0
Kuluk Bay,10,8,18.5,21.2,1990.3,1989.8,1991.8,1992.0,468.0,422.8,456.5,455.7,29.5,117.8,82.2,88.1,394.0,438.1,696.7,675.4,86.1,13.2,72.9,6471.6,996.6,5475.0,6595.9,1015.7,5580.1
Meredoisa,10,2,0.6,0.2,1986.2,1991.0,1984.0,1985.2,93.7,84.8,104.5,100.3,22.5,19.8,27.1,26.2,11.5,6.8,17.4,16.0,0.6,0.5,0.1,45.5,34.5,11.0,46.3,35.1,11.2
Point Roberts,10,9,29.0,46.1,1984.7,1983.9,2006.7,2007.0,159.0,290.0,471.2,470.2,33.5,56.7,62.0,61.6,25.5,39.3,30.0,29.8,6.3,5.2,1.1,475.8,389.7,86.0,484.9,397.2,87.7
Saint Johns,10,9,2.1,1.3,1985.2,1986.6,1989.3,1988.5,663.7,538.1,456.7,591.3,116.0,308.6,468.2,730.7,156.5,497.1,797.1,810.1,16.3,10.1,6.2,1224.9,760.1,464.8,1248.4,774.7,473.7
Bodega Bay,10,7,96.4,170.0,2000.1,1998.6,2005.9,2006.1,215.6,465.5,696.7,744.3,46.0,56.0,64.2,64.3,3.0,10.9,10.5,11.1,9.5,9.1,0.4,711.8,684.9,26.9,725.4,698.0,27.4
Algonac,10,8,34.1,78.4,1981.4,1978.2,1973.4,1974.4,161.0,219.6,240.6,269.8,18.0,40.6,109.0,118.1,9.5,9.4,4.2,2.6,5.1,4.8,0.4,386.5,360.2,26.3,393.9,367.1,26.8
Bandon,10,8,14.1,2.1,1980.5,1983.4,1979.7,1978.7,397.8,488.0,751.2,524.1,32.5,58.9,154.8,129.6,2.0,17.2,4.0,14.3,5.7,5.1,0.6,426.9,382.7,44.1,435.0,390.1,45.0
Brewster,10,1,0.7,0.6,1965.0,1965.0,1965.0,1965.0,124.1,124.1,208.1,208.1,12.0,12.0,39.7,39.7,25.5,25.5,78.9,78.9,1.6,0.8,0.7,116.8,61.5,55.3,119.1,62.7,56.4
Port St Joe,10,8,2.4,1.8,1971.9,1976.8,1991.8,1975.7,218.3,530.2,896.3,432.7,51.5,66.9,160.9,113.0,16.0,18.9,40.5,35.8,4.7,4.1,0.6,349.6,306.3,43.3,356.3,312.2,44.1
Fleming Island,10,7,9.7,3.7,1983.6,1985.4,1992.8,1981.8,257.5,1071.1,588.9,363.4,49.5,60.8,75.9,45.7,37.5,217.4,454.8,169.8,25.3,5.8,19.4,1896.8,438.2,1458.5,1933.2,446.6,1486.5
Chinook,10,9,108.0,41.6,1995.2,1997.4,2008.0,2009.0,232.8,386.4,697.7,416.4,65.5,204.2,148.1,114.0,9.5,65.0,4.6,7.0,12.8,11.0,1.7,957.7,826.4,131.2,976.0,842.3,133.8
Port Gamble,10,5,1.8,0.8,1972.0,1980.6,2005.7,2002.0,74.8,138.0,224.1,152.8,9.5,26.7,36.7,54.1,12.5,20.8,11.8,10.4,2.1,1.7,0.4,160.1,129.2,30.9,163.2,131.6,31.5
Houghton,9,7,11.9,14.9,1979.9,1986.1,1989.0,1990.4,351.8,941.2,218.4,172.4,70.0,235.9,107.2,81.5,19.0,90.7,104.1,31.0,6.1,3.4,2.7,457.7,254.1,203.6,466.5,259.0,207.5
Barrow,9,8,37.7,40.7,1994.8,1997.4,2001.8,2003.8,755.6,805.9,680.8,547.7,182.0,236.4,149.7,118.5,59.0,101.8,64.4,86.8,28.1,23.3,4.7,2137.2,1779.2,358.0,2178.2,1813.3,364.9
Goodnews,9,7,0.7,0.4,1998.3,1995.1,2002.0,2000.4,162.3,329.2,367.9,335.2,20.0,68.4,222.3,203.3,19.0,56.1,112.9,114.4,2.3,1.7,0.7,174.1,124.4,49.7,177.5,126.8,50.7
Madison Park,9,7,4.8,3.8,1967.2,1966.4,1972.9,1976.5,372.8,785.9,785.0,1044.3,151.0,338.6,455.7,350.7,48.0,468.6,650.7,1094.9,13.4,7.2,6.2,1005.0,542.5,462.5,1024.3,552.9,471.4
Blawnox,9,2,0.1,0.2,1975.0,1975.0,1975.0,1975.0,86.5,87.2,110.3,115.8,36.0,27.2,159.2,171.0,5.0,5.5,7.4,7.1,0.6,0.6,0.1,46.1,42.2,3.9,47.0,43.0,4.0
Tonawanda,9,4,1.3,0.6,1969.6,1969.2,1966.8,1968.5,247.1,316.9,387.2,340.2,41.0,56.2,89.7,79.4,30.0,28.6,36.1,36.5,4.2,4.0,0.2,313.8,297.5,16.3,319.8,303.2,16.6
Beacon,9,7,1.1,0.6,2000.9,1999.3,1995.5,1993.8,91.9,219.2,163.1,202.8,24.0,231.4,562.0,867.5,8.0,19.9,41.4,59.7,2.5,2.4,0.1,187.5,176.8,10.7,191.1,180.2,10.9
Amagansett,9,8,58.0,73.0,2004.3,2007.1,2011.9,2012.7,276.4,443.8,354.6,404.2,69.0,123.7,116.9,114.6,0.0,1.4,2.6,2.7,9.8,9.7,0.1,740.3,733.0,7.3,754.5,747.1,7.5
"Stony Point, Rockland",9,8,0.5,0.3,1991.6,1994.0,1987.8,1994.6,88.5,155.9,158.6,150.2,15.0,23.1,35.5,30.4,4.0,12.6,10.9,14.2,1.3,1.0,0.3,93.9,73.7,20.2,95.7,75.1,20.6
Marinette,9,7,20.1,31.4,1976.8,1977.9,1992.6,1996.3,157.2,206.5,271.8,283.6,11.0,35.3,76.5,83.2,17.0,33.4,63.1,66.6,4.5,3.7,0.8,336.7,277.7,59.0,343.1,283.0,60.1
Wauna Range,9,5,5.8,5.0,1975.1,1977.6,1976.4,1978.2,1383.4,868.5,458.9,353.9,90.0,84.0,141.2,121.6,3.0,19.0,41.7,31.4,11.1,8.8,2.4,836.8,658.3,178.5,852.9,671.0,181.9
Winchester Bay,9,6,1.6,1.1,1974.0,1974.8,1977.2,1976.1,513.6,731.3,522.5,525.3,55.0,140.7,233.5,254.3,31.0,143.0,105.9,85.7,6.7,3.6,3.1,503.0,269.4,233.6,512.6,274.5,238.1
Florence,9,6,7.8,3.2,1975.0,1979.0,1994.3,1989.7,201.9,962.1,1154.6,1038.7,27.0,229.8,674.2,631.6,6.0,16.5,6.3,6.3,8.7,8.3,0.4,652.1,625.1,27.1,664.7,637.1,27.6
Noank,8,7,1.5,0.6,1985.4,1985.9,1993.8,1987.4,170.5,755.8,510.4,350.6,36.0,75.9,161.2,98.0,10.0,12.9,23.1,14.0,3.0,2.4,0.5,223.7,182.7,41.0,228.0,186.2,41.8
Columbia,8,4,47.7,47.6,1981.5,1992.5,2008.6,2008.2,102.2,352.1,515.4,507.8,15.5,25.2,29.5,28.7,6.5,29.1,77.7,79.9,7.3,5.0,2.4,551.2,374.7,176.5,561.8,381.9,179.9
Capitan,8,4,18.0,17.5,1998.4,2002.8,2016.6,2016.6,99.5,357.7,123.2,114.1,11.5,56.8,41.0,28.5,20.5,30.0,1.2,2.0,4.1,2.9,1.2,305.3,215.1,90.2,311.1,219.2,91.9
Oak Bluffs,8,7,48.6,10.0,1993.9,1992.4,1977.7,1976.4,188.2,3000.5,1040.0,1553.3,25.0,511.6,2642.1,2718.4,8.5,77.2,7.1,25.1,35.7,33.4,2.2,2678.4,2511.0,167.5,2729.9,2559.2,170.7
Alpine,8,3,0.4,0.3,1970.8,1977.0,1973.2,1973.6,196.6,365.9,253.2,254.9,25.0,63.7,82.1,85.6,11.0,27.0,36.7,38.0,2.2,1.9,0.3,162.1,139.4,22.8,165.2,142.1,23.2
Capitola,8,4,5.3,2.5,2006.0,2006.5,2008.9,2007.2,404.6,419.6,517.5,582.4,86.0,84.1,136.7,196.7,10.5,13.4,21.2,28.2,4.4,3.9,0.6,332.7,290.1,42.6,339.1,295.7,43.4
Port Hadlock,8,2,2.6,2.9,1974.9,1989.5,1995.2,1997.6,317.4,463.0,658.1,665.5,27.5,33.5,145.8,128.7,26.0,26.0,75.6,68.0,4.6,3.1,1.5,347.3,234.9,112.3,353.9,239.5,114.5
Bunola,8,4,0.2,0.2,1978.4,1976.2,1977.4,1977.5,136.0,175.4,155.8,159.7,19.0,49.0,71.1,74.6,14.5,18.5,30.8,30.9,0.9,0.6,0.3,66.2,42.7,23.5,67.5,43.5,24.0
Monmouth Beach,8,6,71.9,43.7,1990.4,1993.2,2001.9,2001.9,649.0,660.9,604.8,397.9,77.5,136.9,108.7,94.0,67.5,107.1,13.4,18.6,11.1,8.1,3.0,832.8,609.4,223.4,848.8,621.1,227.7
Laurel,8,2,0.2,0.2,1984.0,1984.0,1984.0,1984.0,146.2,148.9,184.0,184.0,36.5,42.2,52.4,52.4,13.5,12.2,11.0,11.0,1.1,1.1,0.1,84.3,78.9,5.4,85.9,80.4,5.5
Atlantic Beach,8,7,154.3,100.3,1988.5,1989.6,1991.3,1990.3,322.3,1650.0,2491.6,1728.8,65.5,242.2,967.7,772.3,3.0,15.0,7.3,7.8,33.4,32.8,0.6,2510.3,2464.0,46.3,2558.4,2511.3,47.2
South Kingstown,8,6,5.8,1.6,1981.5,1982.3,1998.5,1994.1,410.3,4113.2,3379.6,1260.6,100.0,314.8,889.7,751.1,30.5,75.8,224.9,196.8,14.3,8.6,5.7,1073.6,642.8,430.8,1094.2,655.1,439.1
Greenport,8,6,15.1,25.3,1980.6,1980.7,2000.6,2003.0,199.5,559.6,251.8,233.0,22.0,152.8,171.7,93.9,24.0,38.4,45.6,46.8,7.7,5.1,2.7,578.5,379.3,199.2,589.6,386.6,203.1
Indialantic,7,7,41.6,56.2,1992.4,1992.4,2004.3,2005.1,474.6,848.4,517.8,530.0,31.0,268.6,147.6,140.0,33.0,50.6,15.8,15.9,13.7,12.2,1.5,1026.6,913.7,112.9,1046.3,931.2,115.1
George Inlet,7,4,1.9,0.8,1980.1,1987.2,1979.3,1969.7,597.3,715.1,577.6,687.3,89.0,166.2,279.4,430.0,2.0,4.8,15.2,28.4,4.7,4.6,0.1,353.2,345.6,7.5,359.9,352.3,7.7
Aransas Pass,7,5,1.1,1.5,1990.9,1994.4,1996.6,1999.0,122.9,609.0,274.7,225.4,17.0,318.0,461.0,355.6,9.0,476.6,286.4,280.2,8.9,3.1,5.8,668.6,234.2,434.4,681.5,238.7,442.8
St Louis,7,3,1.2,0.6,1976.7,1977.7,1976.3,1977.6,221.8,504.4,318.8,501.2,46.0,169.3,163.0,341.9,21.0,31.7,21.1,30.4,2.7,2.5,0.2,203.1,188.6,14.5,207.0,192.3,14.7
Bradwood,7,5,5.3,7.9,1984.4,1985.4,1982.7,1982.8,207.1,239.3,310.5,337.5,13.0,65.2,168.7,187.3,38.0,34.2,5.2,4.2,2.7,1.9,0.8,200.0,139.8,60.3,203.9,142.4,61.4
Catalina Island,7,6,273.3,84.3,1986.9,1987.2,2006.8,2006.5,178.4,1096.0,3840.9,3351.3,160.0,212.9,288.6,288.6,10.0,13.4,0.1,0.3,21.3,21.1,0.2,1639.5,1622.0,17.5,1671.0,1653.1,17.9
Port Mackenzie,7,4,0.9,0.8,1988.7,1990.5,1997.8,1988.2,137.6,243.5,175.0,327.0,24.0,183.1,143.3,508.3,1.0,4.4,6.9,5.9,2.6,2.5,0.1,194.7,190.7,4.0,198.4,194.4,4.1
Beaver,7,5,0.1,0.1,1975.3,1975.4,1974.5,1974.6,108.6,127.7,124.0,120.3,39.0,58.2,51.8,53.0,10.0,22.9,21.0,21.8,0.6,0.5,0.1,42.1,33.8,8.3,42.9,34.5,8.4
Flagler Beach,7,7,3.3,2.1,1986.6,1986.6,2013.4,2011.6,187.1,470.0,350.5,374.8,71.0,80.9,123.2,126.4,4.0,9.9,13.3,14.4,5.4,4.5,0.9,407.9,340.0,67.9,415.7,346.5,69.2
Vienna,7,4,0.8,0.2,1992.4,1998.8,2006.3,1995.2,153.8,187.4,254.1,194.0,27.0,25.6,23.0,33.6,8.0,11.9,13.3,10.8,1.0,0.9,0.2,77.9,65.2,12.7,79.4,66.5,12.9
Dayton,7,4,0.5,0.1,1974.7,1976.5,1977.2,1976.5,119.2,143.0,126.2,120.5,32.0,27.2,23.6,25.3,6.0,12.8,27.6,24.7,0.5,0.3,0.2,40.8,23.4,17.4,41.6,23.9,17.7
Fort Lauderdale,7,6,32.8,53.4,1999.6,2005.2,2015.8,2015.9,370.2,444.9,522.6,527.2,47.0,67.3,103.7,105.2,1.0,16.2,1.4,0.6,8.1,8.1,0.1,609.5,604.8,4.7,621.2,616.4,4.8
Shalimar,7,5,5.9,7.6,1987.0,1996.2,2009.3,2008.1,199.1,524.7,545.4,455.5,40.0,207.6,88.7,55.7,8.0,19.2,20.6,17.6,5.5,4.9,0.6,410.3,366.4,43.9,418.2,373.5,44.7
Cedar River,7,6,3.6,4.3,1974.1,1972.8,1958.3,1966.0,87.1,102.9,91.1,71.7,13.0,14.9,14.5,12.1,20.0,24.6,19.2,18.1,1.4,1.2,0.2,105.0,88.4,16.7,107.0,90.1,17.0
Millport,7,3,0.2,0.3,1993.3,1991.3,1986.9,1985.8,229.8,226.9,226.6,247.7,58.0,48.8,65.7,67.5,9.0,12.8,15.1,15.1,0.8,0.7,0.1,62.8,54.0,8.8,64.0,55.0,9.0
Miami,7,7,2.9,3.6,1982.9,1982.9,1982.5,1981.4,259.4,1018.2,435.0,396.7,76.0,239.4,274.0,263.3,121.0,283.0,143.6,111.8,8.1,5.8,2.3,606.0,434.5,171.5,617.6,442.8,174.8
Summerland Key,7,6,30.6,25.5,1992.9,1991.7,1998.4,1998.7,421.2,495.2,276.8,459.2,46.0,63.0,20.5,20.7,6.0,8.5,15.2,16.5,8.0,5.3,2.6,599.1,401.5,197.6,610.6,409.2,201.4
Jakolof Bay,7,5,0.4,0.3,1978.7,1979.4,1978.5,1978.1,159.3,208.0,243.3,226.9,19.0,26.8,58.6,60.1,16.0,16.4,13.4,16.2,1.8,1.5,0.2,133.5,114.8,18.6,136.0,117.0,19.0
Kingston,7,2,143.9,15.9,1980.9,1988.0,1998.0,1997.9,81.6,5707.3,10441.6,6543.8,39.0,1034.5,2037.8,2028.4,9.0,6.8,4.0,4.1,42.5,42.2,0.3,3189.4,3170.5,18.8,3250.6,3231.4,19.2
Rye,6,4,0.1,0.1,1984.5,1985.8,1982.9,1985.2,95.7,91.9,83.5,82.0,18.5,20.0,18.4,18.8,1.5,1.2,1.7,1.6,0.6,0.6,0.0,44.9,44.4,0.5,45.7,45.2,0.5
Darien,6,4,46.9,14.6,1994.8,1987.2,2007.1,2006.8,339.4,374.6,715.8,733.7,35.5,39.8,59.1,58.4,4.5,4.2,3.4,3.1,4.0,3.7,0.3,299.4,280.1,19.4,305.2,285.5,19.7
Neptune City,6,6,106.0,104.0,2004.8,2004.8,2013.8,2014.8,324.9,440.9,600.6,699.6,45.0,97.2,59.9,65.6,1.5,20.0,2.9,2.3,6.8,6.5,0.3,510.1,484.8,25.4,519.9,494.1,25.8
East Setauket,6,6,0.9,0.9,1993.3,1993.3,2009.8,2010.9,63.3,226.9,267.8,304.6,26.0,115.8,150.4,144.7,14.5,14.8,14.3,14.4,0.9,0.9,0.1,71.0,66.5,4.4,72.3,67.8,4.5
Santa Cruz,6,4,2.3,1.0,1994.8,1992.5,2004.8,2002.6,351.2,356.1,469.1,408.4,105.0,239.2,379.6,440.5,15.5,27.4,7.1,11.8,4.9,4.6,0.3,369.7,346.5,23.2,376.8,353.2,23.6
Navarre,6,5,2.1,7.4,1969.8,1971.0,1970.1,1968.8,609.8,1908.4,1700.2,2118.4,115.0,260.5,616.1,801.1,29.0,64.1,25.3,21.0,11.8,10.1,1.8,888.4,755.8,132.7,905.5,770.3,135.2
Mount Desert,6,4,1.7,0.4,1992.5,1989.8,1978.6,1978.3,170.8,990.9,456.9,398.6,34.0,259.2,682.0,679.8,18.5,15.2,17.3,16.9,4.4,4.1,0.3,330.1,311.1,19.1,336.5,317.0,19.4
Longboat Key,6,6,196.3,291.1,1988.5,1988.5,1999.4,1999.4,611.7,1433.9,4673.7,4732.0,81.0,172.8,497.3,497.7,13.5,23.3,7.7,7.7,34.8,34.0,0.8,2614.7,2556.5,58.2,2664.9,2605.6,59.3
Duxbury,6,5,6.6,1.4,1990.5,1989.4,1997.4,1996.6,358.3,1345.9,890.5,980.7,79.5,92.3,342.6,349.6,17.0,25.0,22.6,22.6,8.6,7.9,0.7,646.3,590.8,55.6,658.7,602.1,56.6
New Harbor,6,3,8.8,10.3,2003.3,2004.7,2004.8,2005.8,189.8,174.5,161.8,135.1,12.0,12.0,23.6,13.8,12.0,16.2,15.4,18.2,2.5,1.9,0.6,185.2,141.2,44.0,188.8,144.0,44.8
Belden,6,4,0.7,1.0,1999.5,1997.5,2000.9,2000.7,477.2,551.7,582.7,710.4,92.0,193.6,142.6,144.8,5.5,9.2,14.0,14.9,1.5,1.4,0.1,112.1,107.9,4.2,114.3,109.9,4.3
Lake Park,6,5,1.9,0.9,1983.8,1987.4,1996.0,1994.3,337.5,552.4,704.2,467.3,91.0,208.6,133.3,244.8,4.0,9.1,2.8,9.4,4.4,4.2,0.2,332.9,316.1,16.8,339.2,322.1,17.1
Fort Bragg,6,4,34.6,16.7,2001.8,2002.2,2002.0,2000.2,329.2,469.8,555.8,616.2,134.5,125.0,107.2,125.2,4.0,21.8,27.8,40.8,6.8,6.6,0.2,513.6,496.9,16.7,523.5,506.4,17.1
Youngstown,5,4,29.0,45.0,1987.0,1994.0,1979.5,1979.5,278.7,415.0,400.1,398.8,29.0,39.8,50.2,50.0,5.0,5.0,4.1,4.1,3.6,3.5,0.1,272.5,264.8,7.7,277.7,269.9,7.8
John F Kennedy Space Center/Cape Canaveral,5,5,8.1,13.2,1988.6,1988.6,1981.3,1980.7,330.6,296.4,329.9,335.8,36.0,57.2,19.1,22.0,9.0,21.4,6.1,7.6,3.4,2.8,0.5,252.0,212.1,39.9,256.9,216.2,40.7
Port Chicago,5,4,16.7,17.5,2002.8,2003.5,2014.6,2014.8,158.7,488.5,813.0,867.5,47.0,60.9,66.1,66.3,34.0,19.4,3.7,3.3,4.1,3.8,0.2,306.2,288.4,17.8,312.1,293.9,18.2
Croxton,5,4,0.1,0.1,1977.8,1978.8,1972.6,1971.3,72.0,83.3,73.2,91.6,27.0,21.9,24.7,26.5,2.0,5.1,8.0,11.1,0.3,0.3,0.0,24.5,22.2,2.3,25.0,22.7,2.4
Fairton,5,5,26.4,42.9,1988.4,1988.4,2012.8,2012.9,213.1,294.3,583.3,593.9,18.0,136.8,59.1,59.0,36.0,152.8,13.6,10.6,4.6,3.6,1.0,346.0,269.3,76.6,352.6,274.5,78.1
La Pointe,5,5,33.4,63.7,1978.4,1978.4,1977.1,1976.9,307.3,294.4,300.4,297.9,24.0,31.6,41.8,38.2,29.0,30.6,36.1,34.4,4.0,3.5,0.5,300.9,261.7,39.2,306.7,266.7,39.9
Frankfort,5,4,4.6,10.0,1984.0,1984.8,1977.7,1976.5,92.4,123.2,145.5,161.5,13.0,15.9,17.7,18.5,11.0,21.4,16.1,17.6,0.9,0.7,0.2,68.2,52.9,15.3,69.5,53.9,15.6
St Helens,5,5,0.1,0.1,1976.0,1976.0,1975.8,1975.8,77.6,83.9,93.6,88.7,22.0,200.4,77.2,77.4,18.0,35.0,21.3,20.7,2.3,2.0,0.4,172.8,146.5,26.4,176.2,149.3,26.9
Ellwood,5,1,0.1,0.2,1999.0,1999.0,1999.0,1999.0,40.1,40.1,57.5,57.5,7.0,7.0,40.0,40.0,1.0,1.0,1.4,1.4,0.5,0.5,0.0,37.0,35.5,1.6,37.8,36.2,1.6
Trinidad Bay,5,3,4.6,1.6,2006.8,2008.0,2008.7,2010.4,333.9,403.4,394.2,416.0,194.0,180.7,181.3,171.9,5.0,9.3,9.9,10.8,3.5,3.4,0.1,262.5,253.9,8.6,267.5,258.8,8.8
Port San Luis,5,4,19.4,18.3,2013.2,2014.2,2013.8,2013.9,191.6,245.5,199.6,195.7,40.0,33.6,21.4,18.9,2.0,4.5,12.2,13.2,3.1,2.7,0.3,229.5,204.9,24.6,233.9,208.9,25.1
"Fairmont, Will",5,1,0.1,0.1,1999.0,1999.0,1999.0,1999.0,62.7,62.7,70.1,70.1,364.0,364.0,443.0,443.0,4.0,4.0,9.9,9.9,1.4,1.4,0.0,104.1,102.0,2.1,106.1,104.0,2.2
Quinhagak,5,3,2.4,0.5,1997.8,1992.3,2001.1,1995.8,285.9,321.3,518.2,443.6,52.0,77.2,138.9,123.1,10.0,17.0,24.5,22.1,1.7,1.5,0.1,124.6,113.8,10.8,127.0,116.0,11.0
Clifton,5,2,5.5,2.9,1978.4,1982.0,1998.2,1999.3,131.2,215.9,279.8,291.6,34.0,25.8,13.6,12.8,9.0,14.0,32.1,33.0,1.1,0.4,0.7,82.8,31.0,51.8,84.4,31.6,52.8
Traverse City,5,3,10.4,1.4,1993.8,1995.7,1996.9,1997.5,106.9,171.3,277.3,179.2,20.0,20.7,21.8,22.1,4.0,62.2,7.7,22.5,4.4,3.5,0.9,328.6,264.3,64.2,334.9,269.4,65.5
Santa Rosa Beach,5,3,0.3,0.3,1986.0,1978.0,1980.5,1985.1,201.7,169.7,215.1,167.4,44.0,42.0,66.1,68.9,3.0,3.3,1.4,2.7,0.8,0.7,0.0,58.9,56.3,2.6,60.0,57.4,2.7
Gideon,5,4,0.5,0.1,1974.6,1976.0,1976.0,1977.4,92.5,127.5,118.4,121.9,33.0,32.5,45.4,47.1,5.0,10.2,10.1,10.8,0.7,0.6,0.0,49.5,47.1,2.4,50.5,48.0,2.4
West Portsmouth,5,4,0.3,0.1,1968.8,1969.5,1967.8,1968.2,143.0,149.8,136.8,149.3,43.0,39.5,41.9,41.7,3.0,2.2,2.7,2.6,0.4,0.4,0.0,32.6,31.9,0.6,33.2,32.5,0.7
Sagaponack,5,4,30.4,31.8,2001.0,2005.8,2013.1,2013.0,293.1,277.3,285.4,286.6,59.0,141.9,38.7,35.8,3.0,2.9,1.2,1.2,3.7,3.6,0.1,274.8,270.2,4.6,280.1,275.4,4.7
Lincoln City,5,4,12.4,1.5,1992.6,1990.0,1984.1,1986.6,496.5,677.0,929.9,706.2,90.0,114.0,214.5,170.8,3.0,17.8,18.6,22.3,3.5,3.2,0.2,262.0,243.5,18.5,267.0,248.2,18.9
Gansevoort,5,1,0.4,0.3,1958.0,1958.0,1958.0,1958.0,145.6,145.6,571.9,571.9,36.0,36.0,572.7,572.7,1.0,1.0,1.6,1.6,2.3,2.3,0.0,176.4,175.4,1.0,179.8,178.8,1.0
Vashon Island,5,2,0.2,0.2,1947.2,1953.5,1957.8,1961.2,81.7,634.8,236.8,424.1,12.0,468.5,654.7,803.8,7.0,9.0,10.2,11.2,1.5,1.5,0.1,114.3,110.4,3.9,116.4,112.5,4.0
Carrabelle,5,3,1.3,0.7,2003.0,2006.3,2007.7,2005.0,351.1,350.8,360.6,411.7,58.0,63.7,85.8,133.0,23.0,28.0,22.0,24.4,1.7,1.6,0.1,131.1,121.8,9.3,133.6,124.1,9.4
Captiva,5,5,8.8,7.5,1995.8,1995.8,2006.7,2007.4,553.7,1196.5,798.3,569.5,40.0,54.4,29.5,40.3,17.0,37.0,48.7,13.2,2.7,2.2,0.5,200.3,161.9,38.5,204.2,165.0,39.2
Owensboro,5,3,0.3,0.1,1970.6,1970.3,1969.7,1970.5,127.4,124.8,103.8,109.4,28.0,29.0,31.4,32.6,32.0,41.0,34.8,39.2,0.5,0.4,0.1,37.3,26.4,11.0,38.1,26.9,11.2
Marina Del Rey,4,3,7.5,4.1,2001.2,2000.7,2008.0,2005.6,133.3,674.8,249.7,175.9,29.0,97.3,137.4,89.3,26.5,17.8,12.2,18.2,2.0,1.9,0.1,153.3,145.0,8.2,156.2,147.8,8.4
Point Arena,4,4,3.3,1.2,2004.2,2004.2,2007.2,2005.7,270.6,388.5,395.8,403.8,42.0,51.5,71.3,66.0,10.5,19.0,14.5,20.5,1.3,1.1,0.2,98.7,82.7,16.0,100.6,84.3,16.3
Southhaven,4,4,0.4,0.1,1984.8,1984.8,1976.3,1979.9,114.6,140.8,151.0,140.8,19.5,23.2,33.5,29.5,2.0,2.2,1.1,1.6,0.6,0.6,0.0,43.5,43.0,0.4,44.3,43.9,0.4
Ashland,4,4,23.5,23.0,2005.2,2005.2,2005.4,2007.2,229.5,245.4,377.9,379.3,39.5,38.5,58.7,58.2,25.0,100.2,229.0,184.7,7.7,6.7,1.0,578.8,504.1,74.6,589.9,513.8,76.1
Ventura,4,4,0.4,0.2,2006.0,2006.0,2008.9,2010.7,87.3,85.2,69.3,67.3,89.0,107.5,82.8,58.2,0.0,0.2,0.3,0.1,0.9,0.9,0.0,65.5,65.3,0.1,66.7,66.6,0.1
Sandypoint,4,4,24.7,39.2,2003.8,2003.8,2006.1,2006.1,228.5,280.6,345.3,347.8,34.5,35.8,47.2,47.3,14.0,14.0,13.7,13.7,5.3,3.6,1.7,400.1,269.6,130.6,407.8,274.7,133.1
Little Deer Isle,4,2,13.2,1.6,2000.5,2000.5,2002.9,2002.8,4362.5,6907.5,4791.2,3162.3,105.0,373.2,872.9,856.8,10.5,94.0,112.7,110.7,21.1,16.8,4.2,1581.4,1262.7,318.7,1611.8,1287.0,324.8
Aurora,4,3,0.2,0.1,1974.2,1975.3,1972.4,1973.6,92.1,101.6,112.7,106.5,24.0,27.2,44.4,38.0,2.0,3.0,1.1,1.9,0.2,0.2,0.0,14.4,13.5,0.9,14.7,13.7,1.0
Jonesport,4,3,0.6,0.1,1991.2,1989.0,1998.6,1994.2,162.8,157.0,158.8,157.0,16.5,42.5,20.3,30.2,6.0,4.5,5.9,5.6,0.7,0.6,0.1,54.9,46.6,8.2,55.9,47.5,8.4
Carpinteria,4,1,0.3,2.1,1979.0,1979.0,1979.0,1979.0,494.8,494.8,509.6,509.6,67.0,67.0,64.5,64.5,29.0,29.0,38.6,38.6,3.0,1.9,1.2,226.1,139.5,86.6,230.4,142.1,88.3
Alexandria Bay,4,2,0.3,0.1,1997.2,1997.5,1997.2,1997.2,84.4,84.4,93.1,93.2,13.0,13.0,12.7,12.7,10.5,10.5,14.8,14.8,1.6,0.5,1.2,122.9,35.1,87.8,125.3,35.8,89.5
Marseilles,4,1,0.1,0.0,1999.0,1999.0,1999.0,1999.0,50.9,50.9,54.6,54.6,62.5,62.5,181.9,181.9,2.0,2.0,3.5,3.5,0.4,0.4,0.0,29.0,28.3,0.7,29.6,28.9,0.7
Marcy,4,2,0.5,0.3,1997.2,1997.5,1997.1,1997.1,187.9,139.3,162.9,163.5,12.0,16.5,12.3,12.3,12.0,7.0,14.2,14.2,0.8,0.5,0.4,61.7,33.9,27.7,62.9,34.6,28.3
Washington Harbor,4,2,3.5,0.9,1969.5,1981.0,1961.3,1960.3,178.8,178.8,894.6,1031.7,33.5,33.5,2023.9,2068.6,15.0,9.0,35.8,36.5,5.2,5.2,0.1,393.7,388.9,4.9,401.3,396.3,5.0
Lanesville,4,3,0.2,0.1,1971.0,1971.0,1972.2,1971.4,84.8,85.1,89.1,85.2,18.0,15.5,18.9,17.4,3.5,4.0,3.8,3.8,0.2,0.1,0.0,13.1,11.1,2.0,13.3,11.3,2.0
Norwood,4,2,0.5,0.7,1968.5,1971.0,1966.3,1966.1,27.5,27.5,24.9,24.8,12.0,25.0,13.2,12.8,0.0,0.0,0.0,0.0,0.2,0.2,0.0,14.3,14.3,0.0,14.6,14.6,0.0
Starlight,4,3,0.1,0.1,1972.0,1973.7,1974.1,1974.2,72.2,58.3,49.5,57.4,16.0,17.7,18.1,18.6,8.5,44.5,58.5,69.5,0.4,0.1,0.2,26.6,8.6,18.0,27.1,8.7,18.4
Stonington,4,3,2.7,0.8,1989.8,1987.7,1995.1,1992.1,210.1,601.6,998.7,444.4,31.0,98.2,421.7,319.0,6.0,6.3,2.7,3.1,2.9,2.8,0.1,220.0,213.7,6.2,224.2,217.9,6.3
Tarpon Springs,4,4,38.8,69.5,1994.0,1994.0,2009.6,2009.9,606.9,626.3,591.6,593.0,75.0,75.8,100.1,100.7,47.0,52.0,19.8,19.4,7.7,7.3,0.4,580.8,550.7,30.1,592.0,561.3,30.7
Huron,4,1,0.2,0.1,1981.0,1981.0,1981.0,1981.0,110.4,110.4,165.6,165.6,53.0,53.0,91.4,91.4,39.0,39.0,49.7,49.7,0.8,0.7,0.2,61.8,49.5,12.3,63.0,50.4,12.6
Kenmore,4,1,0.4,0.3,1978.0,1978.0,1978.0,1978.0,307.1,307.1,327.8,327.8,68.0,68.0,92.8,92.8,0.0,0.0,5.3,5.3,1.5,1.5,0.0,114.1,113.3,0.8,116.3,115.5,0.8
Waianae,4,4,662.0,534.1,1997.0,1997.0,2014.8,2014.8,1236.8,2242.5,4416.0,3239.6,553.0,463.0,451.7,448.1,27.0,102.5,2.2,2.0,80.4,79.8,0.6,4965.1,4921.0,44.1,5060.4,5015.5,44.9
Harbor Beach,4,4,11.3,19.2,1984.2,1984.2,1978.7,1977.7,176.3,162.8,183.3,191.1,23.5,20.5,23.4,23.7,16.5,17.2,18.4,18.7,1.5,1.4,0.2,116.3,101.5,14.8,118.5,103.5,15.1
Patchogue,4,4,8.3,5.3,1993.8,1993.8,2004.9,2006.9,545.6,600.7,147.4,189.0,107.0,106.2,45.9,36.1,5.5,206.5,17.8,24.1,2.6,1.9,0.7,196.1,142.0,54.0,199.8,144.8,55.1
Hasbrouck Heights,4,2,0.1,0.1,1973.5,1973.0,1973.1,1973.7,157.5,139.2,147.8,181.7,31.0,31.0,36.0,38.4,2.0,2.0,2.7,2.0,0.2,0.2,0.0,18.3,15.6,2.7,18.7,15.9,2.7
Perdue Hill,4,3,0.2,0.2,1997.8,1995.7,1993.8,1993.9,340.7,351.0,349.0,375.4,70.5,54.5,69.7,74.4,6.5,13.7,8.7,7.0,0.8,0.7,0.1,59.8,52.9,6.9,60.9,53.9,7.0
Wading River,4,3,0.1,0.1,1977.5,1977.3,1978.0,1978.3,108.2,140.9,124.1,126.7,18.5,20.8,22.1,22.7,11.5,12.2,13.3,13.6,0.5,0.4,0.1,39.0,31.3,7.7,39.7,31.9,7.8
Tern Island,4,3,3.3,2.9,1983.5,1984.3,1984.3,1983.0,760.3,745.5,746.2,734.6,75.0,119.7,126.9,102.3,5.0,11.5,12.9,21.2,2.6,2.3,0.3,197.5,171.8,25.7,201.3,175.1,26.2
Huger,4,4,7.6,11.7,1981.8,1981.8,2009.7,2011.1,721.8,743.7,1377.8,1401.1,113.5,106.8,184.4,185.0,39.0,34.5,45.4,45.0,4.3,3.7,0.6,325.2,278.9,46.3,331.4,284.3,47.1
Freeland,3,3,1.0,0.5,1981.7,1981.7,1973.4,1972.5,604.5,1071.9,728.1,1001.3,61.0,187.3,405.9,387.8,10.0,8.3,4.4,5.0,2.3,2.2,0.0,171.0,167.9,3.1,174.3,171.1,3.2
Laurence Harbor,3,1,0.0,0.0,1980.0,1980.0,1980.0,1980.0,26.4,26.4,28.7,28.7,29.0,29.0,30.7,30.7,22.0,22.0,34.5,34.5,0.6,0.3,0.3,46.4,22.0,24.4,47.3,22.4,24.9
Port Chester,3,3,0.1,0.1,1978.0,1978.0,1977.5,1977.2,125.7,140.3,119.9,134.2,19.0,26.7,28.5,32.7,1.0,37.3,43.9,54.8,0.6,0.5,0.1,42.3,36.2,6.0,43.1,36.9,6.2
Grand Marais,3,2,1.1,1.4,1984.3,1984.0,1983.2,1983.1,165.7,221.1,171.8,168.7,20.0,322.0,106.6,63.4,9.0,10.8,9.6,9.3,2.2,2.2,0.1,168.7,163.8,4.9,172.0,167.0,5.0
Havelock,3,3,1.9,0.5,1997.0,1997.0,1999.9,1999.8,1527.2,1598.3,1942.3,1525.7,391.0,625.3,1067.2,1049.2,10.0,42.7,46.5,45.9,7.1,6.6,0.5,534.1,494.2,39.9,544.3,503.6,40.7
Port Orchard,3,3,0.3,0.1,1990.0,1990.0,1993.6,1989.3,180.3,344.1,236.4,306.7,61.0,329.7,454.9,671.5,0.0,0.3,0.0,0.1,1.2,1.2,0.0,86.7,86.6,0.1,88.3,88.3,0.1
Palatine Bridge,3,2,0.4,0.2,1997.3,1997.5,1997.1,1997.1,204.3,131.3,160.5,161.5,18.0,12.8,18.7,18.7,9.0,9.0,8.2,8.2,0.6,0.3,0.3,46.1,24.4,21.7,47.0,24.9,22.1
Mentone,3,1,0.1,0.0,1964.0,1964.0,1964.0,1964.0,31.8,31.8,39.4,39.4,6.0,6.0,6.5,6.5,7.0,7.0,11.5,11.5,0.0,0.0,0.0,2.5,1.0,1.5,2.6,1.0,1.5
Peoria,3,1,0.1,0.1,1999.0,1999.0,1999.0,1999.0,68.2,68.2,106.5,106.5,16.0,16.0,24.6,24.6,11.0,11.0,11.2,11.2,0.2,0.1,0.1,12.4,8.5,3.9,12.6,8.6,4.0
Herculaneum,3,2,0.4,0.1,1979.7,1977.5,1980.9,1980.5,173.8,164.6,174.7,173.0,29.0,35.0,39.4,39.0,13.0,11.8,10.6,10.7,0.3,0.2,0.1,25.2,18.4,6.8,25.7,18.8,6.9
Bolinas,3,3,3.2,1.2,2002.3,2002.3,2002.4,2002.1,496.1,412.5,434.5,481.4,45.0,37.3,43.5,44.5,38.0,31.3,41.2,42.4,1.5,1.1,0.4,108.9,79.3,29.6,111.0,80.8,30.2
Eleanor,3,1,0.1,0.1,1976.0,1976.0,1976.0,1976.0,121.3,121.3,143.2,143.2,87.0,87.0,155.2,155.2,1.0,1.0,2.6,2.6,0.4,0.4,0.0,29.5,29.1,0.4,30.1,29.7,0.4
Lynn,3,2,1.2,0.2,1996.7,1998.0,1994.2,1994.2,2221.6,1572.4,512.1,440.6,185.0,147.2,312.8,311.2,4.0,6.0,10.3,10.2,2.3,2.1,0.2,171.6,157.7,13.8,174.8,160.8,14.1
Daphne,3,3,13.6,18.3,1984.0,1984.0,1994.1,1999.7,950.1,903.5,508.8,456.4,97.0,100.0,76.6,68.1,24.0,54.3,25.5,16.2,4.0,3.6,0.4,302.8,269.3,33.5,308.6,274.4,34.2
Bal Harbour,3,3,5.9,6.8,1999.7,1999.7,1997.3,1997.1,381.8,545.2,851.7,911.9,36.0,36.0,36.6,36.4,56.0,507.7,83.3,63.4,4.5,1.1,3.4,336.7,80.2,256.5,343.2,81.8,261.4
Newburyport,3,2,0.2,0.1,1992.0,1989.0,1994.3,1992.4,102.8,123.8,88.3,94.3,30.0,61.8,42.8,49.7,17.0,9.2,14.2,12.5,1.7,1.0,0.7,124.8,75.6,49.2,127.2,77.1,50.2
New Smyrna Beach,3,3,1.9,0.7,1991.0,1991.0,2007.7,2007.6,336.5,391.0,747.5,666.9,64.0,85.7,185.0,184.7,6.0,10.0,19.5,19.5,0.9,0.9,0.0,67.8,64.5,3.3,69.1,65.7,3.3
Baraga,3,3,3.1,2.8,1983.3,1983.3,2007.1,2006.3,389.2,565.2,266.2,270.0,48.0,1199.3,183.7,238.1,103.0,107.7,99.7,99.9,3.8,3.1,0.7,285.5,236.4,49.0,290.9,241.0,50.0
Boca Grande,3,3,0.9,0.5,1982.7,1982.7,1972.5,1972.1,823.4,748.8,706.1,773.3,124.0,119.7,136.9,142.2,9.0,7.0,3.8,3.9,1.7,1.6,0.1,127.4,122.4,5.0,129.9,124.7,5.1
Sag Harbor,3,3,0.8,0.3,1986.3,1986.3,1993.1,1989.7,364.7,404.6,444.3,283.2,71.0,125.0,85.1,88.4,36.0,48.7,25.3,33.3,7.5,6.1,1.4,563.9,457.3,106.6,574.7,466.1,108.6
Kiska Island,3,2,0.8,0.7,1975.7,1974.0,1975.4,1975.4,1282.3,1313.5,1321.8,1321.5,288.0,288.0,287.7,287.7,107.0,98.8,112.9,112.9,3.4,2.7,0.8,257.1,199.3,57.8,262.1,203.2,58.9
Haiku,3,3,0.2,0.2,1976.7,1976.7,1979.1,1980.1,157.5,250.9,259.4,258.8,19.0,280.0,515.2,546.1,10.0,9.3,10.9,11.9,1.2,1.1,0.0,86.9,83.5,3.4,88.5,85.1,3.4
Beulaville,3,2,9.5,3.4,1982.7,1979.5,1988.7,1988.5,515.0,1377.6,2124.1,2077.2,222.0,233.2,406.0,404.7,178.0,229.8,478.7,476.6,6.7,5.3,1.4,504.1,400.3,103.8,513.8,407.9,105.8
Hamilton,3,2,0.4,0.1,2009.0,2009.0,2009.0,2009.0,731.0,739.9,790.3,791.6,275.0,240.8,294.0,294.6,50.0,47.2,40.7,40.7,1.9,1.6,0.3,139.0,119.5,19.5,141.6,121.8,19.9
Rocky River,3,2,1.8,2.6,1988.3,1991.5,1995.2,1997.9,191.6,194.4,88.6,77.2,23.0,18.8,15.0,11.3,15.0,14.5,13.7,14.3,1.9,1.3,0.6,138.9,95.5,43.5,141.6,97.3,44.3
Tri-City Port,3,2,0.1,0.0,1988.3,1991.0,1988.1,1991.7,98.1,91.7,66.4,79.2,27.0,32.0,31.8,36.5,1.0,0.8,1.3,0.9,0.1,0.1,0.0,9.5,9.3,0.2,9.7,9.5,0.2
Ferriday,3,1,0.1,0.2,1976.0,1976.0,1976.0,1976.0,323.7,323.7,380.6,380.6,57.0,57.0,128.9,128.9,32.0,32.0,40.1,40.1,0.7,0.5,0.2,54.8,39.9,15.0,55.9,40.6,15.2
Halls,3,1,0.2,0.0,1964.0,1964.0,1964.0,1964.0,110.1,110.1,99.2,99.2,23.0,23.0,22.5,22.5,4.0,4.0,2.9,2.9,0.1,0.1,0.0,4.3,3.8,0.5,4.4,3.9,0.5
Bromley,3,2,0.1,0.1,1971.7,1974.0,1973.1,1971.7,270.9,270.4,270.3,270.2,44.0,44.8,45.8,44.4,8.0,16.2,12.3,13.1,0.6,0.5,0.1,46.3,38.5,7.8,47.2,39.3,7.9
St Joseph,3,2,3.4,6.6,1975.0,1974.5,1973.2,1973.1,194.2,225.3,296.6,316.8,10.0,18.8,27.8,28.6,4.0,5.2,4.3,4.1,1.0,0.8,0.2,75.5,60.0,15.6,77.0,61.1,15.9
Camas,2,2,3.2,3.9,1972.5,1972.5,1985.1,1994.6,2339.4,2339.4,378.2,737.9,266.5,266.5,370.8,449.6,440.0,440.0,621.7,759.0,4.4,1.3,3.1,328.3,98.8,229.6,334.6,100.7,234.0
Forest City,2,1,0.1,0.0,1983.0,1983.0,1983.0,1983.0,85.0,85.0,85.0,85.0,20.5,20.5,19.5,19.5,13.0,13.0,13.5,13.5,0.1,0.1,0.0,9.1,5.5,3.6,9.3,5.6,3.7
Belfast,2,2,0.5,0.1,2010.0,2010.0,2010.0,2010.0,237.9,237.9,181.2,247.0,27.0,27.0,23.5,30.5,4.5,4.5,4.7,4.3,0.6,0.5,0.1,46.7,37.5,9.2,47.6,38.2,9.4
Hewlett,2,2,0.0,0.1,1978.0,1978.0,1979.6,1979.7,180.2,180.2,178.4,181.8,20.5,20.5,20.7,20.7,12.0,12.0,16.8,17.2,0.2,0.1,0.1,14.5,8.4,6.1,14.8,8.5,6.3
York Harbor,2,2,5.8,9.2,1998.0,1998.0,2004.9,2005.0,146.0,146.0,237.7,243.0,14.0,14.0,16.0,16.0,3.5,3.5,6.0,6.0,0.8,0.6,0.2,61.6,43.3,18.3,62.8,44.1,18.7
Big Port Walter,2,1,0.4,0.1,1976.0,1976.0,1976.0,1976.0,224.9,224.9,224.9,224.9,38.5,38.5,61.9,61.9,2.0,2.0,2.8,2.8,0.9,0.8,0.1,66.0,60.9,5.1,67.3,62.1,5.2
Fishkill,2,2,0.1,0.1,1981.5,1981.5,1981.3,1981.4,131.2,131.2,127.4,129.0,19.5,19.5,18.6,19.1,10.5,10.5,8.2,9.4,0.1,0.1,0.0,7.9,5.8,2.1,8.1,5.9,2.1
Kewaunee,2,2,1.9,2.6,1983.0,1983.0,1981.0,1981.0,106.2,106.2,84.1,83.9,21.0,21.0,18.1,18.0,0.0,0.0,0.0,0.0,0.2,0.2,0.0,17.5,17.5,0.0,17.8,17.8,0.0
South Bend,2,1,0.8,0.5,1999.0,1999.0,1999.0,1999.0,1416.9,1416.9,1416.9,1416.9,279.0,279.0,406.0,406.0,8.5,8.5,7.6,7.6,2.6,2.6,0.0,193.5,192.7,0.8,197.2,196.4,0.8
North Miami,2,2,39.8,65.9,1994.5,1994.5,1980.0,1980.0,895.8,895.8,1730.8,1738.1,162.5,162.5,316.9,316.9,127.0,127.0,247.9,247.9,7.0,5.9,1.0,522.8,446.4,76.4,532.8,454.9,77.9
Newport Beach,2,2,0.3,0.1,1988.5,1988.5,1984.9,1986.4,104.5,104.5,108.4,106.4,30.5,30.5,31.7,31.2,5.5,5.5,6.2,5.9,0.2,0.2,0.0,18.3,16.7,1.6,18.6,17.0,1.6
Depue,2,1,0.0,0.0,1999.0,1999.0,1999.0,1999.0,80.8,80.8,80.8,80.8,23.5,23.5,26.3,26.3,0.0,0.0,0.0,0.0,0.1,0.1,0.0,6.4,6.4,0.0,6.5,6.5,0.0
Susitna,2,1,0.1,0.0,1978.0,1978.0,1978.0,1978.0,126.4,126.4,126.4,126.4,125.0,125.0,186.6,186.6,4.5,4.5,4.2,4.2,0.7,0.7,0.0,53.7,52.5,1.2,54.7,53.5,1.2
Rogers City,2,2,3.0,4.4,1959.5,1959.5,1960.5,1960.9,91.3,91.3,91.5,91.6,17.0,17.0,18.0,18.5,1.0,1.0,1.0,1.0,0.4,0.3,0.0,26.3,25.9,0.4,26.8,26.4,0.4
Upper Brookville,2,1,0.0,0.0,1984.0,1984.0,1984.0,1984.0,53.2,53.2,53.2,53.2,10.0,10.0,10.0,10.0,16.5,16.5,16.6,16.6,0.1,0.1,0.0,6.8,5.0,1.8,6.9,5.1,1.8
Manheim Center,2,2,0.1,0.1,1997.5,1997.5,1997.6,1997.6,66.9,66.9,67.2,67.1,10.0,10.0,10.6,10.5,5.5,5.5,5.7,5.7,0.3,0.2,0.1,24.0,13.4,10.6,24.4,13.7,10.8
Cazenovia,2,1,0.1,0.0,1998.0,1998.0,1998.0,1998.0,61.0,61.0,61.0,61.0,11.5,11.5,12.3,12.3,8.5,8.5,8.7,8.7,0.4,0.2,0.3,32.7,11.4,21.2,33.3,11.7,21.6
West Point,2,2,0.4,0.4,1984.5,1984.5,1974.5,1971.0,1287.6,1287.6,953.3,1245.7,324.5,324.5,476.1,528.2,6.0,6.0,2.7,1.6,2.4,2.4,0.0,182.7,182.1,0.6,186.2,185.6,0.6
Saint Albans,2,1,0.1,0.1,1976.0,1976.0,1976.0,1976.0,193.6,193.6,193.6,193.6,62.5,62.5,74.2,74.2,30.0,30.0,30.0,30.0,0.2,0.2,0.1,16.6,11.6,5.0,16.9,11.8,5.1
Tuckahoe,2,2,0.4,0.1,1997.0,1997.0,1996.4,1996.3,182.5,182.5,199.8,208.8,21.0,21.0,23.6,23.8,7.0,7.0,6.4,6.3,0.4,0.4,0.0,28.6,26.7,1.9,29.2,27.2,1.9
Coconut Grove,2,2,0.8,1.0,1996.0,1996.0,2005.2,2006.3,996.9,996.9,1077.0,1427.5,122.0,122.0,200.1,209.2,52.0,52.0,29.3,26.7,2.5,2.1,0.3,184.7,160.6,24.1,188.2,163.7,24.5
Hudson,2,2,24.8,11.5,2013.0,2013.0,2016.0,2015.9,2737.3,2737.3,4573.0,4348.6,334.5,334.5,604.6,602.7,15.5,15.5,24.8,24.8,8.2,7.8,0.4,613.3,583.1,30.1,625.0,594.3,30.7
Hoodsport,2,2,0.9,0.3,1990.5,1990.5,1989.3,1989.2,266.2,266.2,341.5,363.9,60.5,60.5,92.5,94.7,23.0,23.0,33.0,33.7,1.1,0.8,0.2,79.8,61.3,18.5,81.4,62.5,18.9
Gardiner,2,2,0.7,0.4,1979.0,1979.0,1969.1,1969.1,1220.0,1220.0,994.3,952.7,161.0,161.0,285.8,284.8,57.5,57.5,15.5,15.8,2.1,1.9,0.2,160.2,146.0,14.2,163.3,148.8,14.4
Lewisport,2,2,0.0,0.0,1974.0,1974.0,1974.8,1973.3,67.1,67.1,65.7,67.1,11.5,11.5,11.2,11.7,31.5,31.5,35.0,28.5,0.1,0.1,0.0,7.5,4.1,3.4,7.6,4.1,3.5
Bothell,2,1,0.1,0.0,1970.0,1970.0,1970.0,1970.0,94.6,94.6,94.6,94.6,22.5,22.5,27.5,27.5,1.0,1.0,1.0,1.0,0.0,0.0,0.0,3.1,2.9,0.1,3.1,3.0,0.1
Samoa,2,2,0.3,0.1,1989.0,1989.0,1977.1,1984.4,256.6,256.6,272.8,194.8,65.5,65.5,83.0,72.3,0.0,0.0,0.0,0.0,0.3,0.3,0.0,24.3,24.3,0.0,24.8,24.8,0.0
Haleiwa,2,2,1.7,0.3,1989.0,1989.0,1989.4,1988.6,496.0,496.0,491.5,494.6,39.0,39.0,40.3,37.8,642.5,642.5,613.8,667.5,4.1,0.3,3.8,308.8,25.0,283.8,314.7,25.4,289.2
Lubec,2,2,43.1,57.8,2003.5,2003.5,2009.0,2009.0,627.7,627.7,1131.8,1152.7,51.5,51.5,74.9,75.0,10.5,10.5,10.0,10.0,4.3,3.8,0.5,320.1,283.0,37.1,326.2,288.4,37.8
Sarasota,2,2,12.1,20.9,2007.0,2007.0,2001.1,2001.0,366.5,366.5,424.3,425.2,29.5,29.5,36.9,36.9,8.0,8.0,5.1,5.0,1.6,1.2,0.3,117.8,92.8,24.9,120.1,94.6,25.4
Lutz,2,2,90.1,154.4,1999.0,1999.0,2008.8,2009.0,1532.5,1532.5,2566.8,2674.8,196.5,196.5,369.1,371.4,12.0,12.0,9.0,9.0,7.0,6.6,0.4,527.2,493.6,33.6,537.3,503.0,34.2
Hollister,2,2,0.5,0.6,2006.5,2006.5,2003.9,2003.1,531.4,531.4,606.4,814.5,71.0,71.0,88.2,93.1,7.0,7.0,9.2,9.9,0.3,0.3,0.0,22.7,20.6,2.0,23.1,21.0,2.1
Tenants Harbour,2,1,0.8,0.2,1998.0,1998.0,1998.0,1998.0,452.7,452.7,452.7,452.7,363.0,363.0,469.9,469.9,1.0,1.0,1.3,1.3,2.0,2.0,0.0,148.9,148.6,0.3,151.7,151.4,0.3
Ogdensburg,2,2,0.2,0.1,1991.5,1991.5,1971.7,1970.9,72.2,72.2,99.1,102.3,8.5,8.5,10.8,10.9,15.0,15.0,11.3,11.2,0.3,0.3,0.1,23.9,18.9,5.1,24.4,19.2,5.2
Middle Island,2,2,0.1,0.1,1980.0,1980.0,1980.6,1980.6,215.7,215.7,217.8,215.7,145.0,145.0,106.2,109.8,89.5,89.5,118.4,115.7,0.6,0.5,0.2,47.7,36.3,11.4,48.6,37.0,11.6
New Bern,2,2,4.4,3.1,1994.0,1994.0,2007.6,1995.7,662.6,662.6,711.0,656.6,18.5,18.5,23.1,19.1,31.5,31.5,32.4,31.6,2.1,0.9,1.2,161.2,70.8,90.4,164.3,72.1,92.2
Rogers Haven,2,2,0.4,0.2,1989.5,1989.5,1990.0,1985.2,177.4,177.4,154.7,195.2,47.5,47.5,45.1,67.4,4.5,4.5,4.2,7.1,0.5,0.5,0.0,39.6,37.6,1.9,40.3,38.4,2.0
Cayucos,2,2,0.3,0.1,1984.0,1984.0,1992.0,1986.2,221.0,221.0,230.8,221.6,64.0,64.0,80.5,68.5,740.0,740.0,371.1,639.8,3.1,0.5,2.7,236.1,36.8,199.3,240.6,37.5,203.1
Norwell,2,2,0.4,0.2,2005.5,2005.5,2003.4,2007.2,164.0,164.0,156.0,169.1,68.5,68.5,36.5,94.4,14.5,14.5,13.0,15.7,0.6,0.5,0.1,43.5,38.6,4.8,44.3,39.4,4.9
Croton-On-Hudson,2,2,0.1,0.1,1997.0,1997.0,1992.5,1990.8,153.4,153.4,133.5,143.6,29.5,29.5,33.8,35.5,5.5,5.5,4.2,3.6,0.3,0.3,0.0,22.6,22.1,0.5,23.0,22.5,0.5
Harbor Springs,1,1,0.1,0.0,2004.0,2004.0,2004.0,2004.0,67.0,67.0,67.0,67.0,12.0,12.0,12.0,12.0,15.0,15.0,15.0,15.0,0.1,0.1,0.0,5.9,3.9,2.0,6.0,4.0,2.0
Saint Paul,1,1,23.8,32.2,1978.0,1978.0,1978.0,1978.0,1974.1,1974.1,1974.1,1974.1,217.0,217.0,217.0,217.0,479.0,479.0,479.0,479.0,1.5,0.5,1.0,115.8,39.6,76.3,118.1,40.3,77.8
Cottrellville,1,1,0.1,0.0,2003.0,2003.0,2003.0,2003.0,45.2,45.2,45.2,45.2,11.0,11.0,11.0,11.0,14.0,14.0,14.0,14.0,0.1,0.0,0.0,4.6,2.8,1.8,4.7,2.8,1.9
Indian Mills,1,1,15.5,5.1,2007.0,2007.0,2007.0,2007.0,251.6,251.6,251.6,251.6,17.0,17.0,17.0,17.0,4.0,4.0,4.0,4.0,0.8,0.6,0.2,62.1,45.7,16.4,63.3,46.6,16.7
"Tallassee, Elmore",1,1,0.7,1.0,2003.0,2003.0,2003.0,2003.0,1365.0,1365.0,1365.0,1365.0,148.0,148.0,148.0,148.0,16.0,16.0,16.0,16.0,0.3,0.3,0.0,24.3,21.9,2.4,24.8,22.4,2.4
Four Oaks,1,1,8.5,6.0,1976.0,1976.0,1976.0,1976.0,25282.2,25282.2,25282.2,25282.2,3986.0,3986.0,3986.0,3986.0,9.0,9.0,9.0,9.0,34.3,34.2,0.0,2573.6,2570.2,3.4,2623.0,2619.5,3.4
Webb City,1,1,0.2,0.3,2003.0,2003.0,2003.0,2003.0,416.2,416.2,416.2,416.2,34.0,34.0,34.0,34.0,16.0,16.0,16.0,16.0,0.1,0.1,0.0,7.4,5.0,2.4,7.6,5.1,2.4
Pine Bluffs,1,1,1.3,2.0,2003.0,2003.0,2003.0,2003.0,2688.4,2688.4,2688.4,2688.4,305.0,305.0,305.0,305.0,18.0,18.0,18.0,18.0,0.6,0.6,0.0,48.2,45.2,3.0,49.2,46.1,3.1
Browns Mills,1,1,22.1,41.9,2005.0,2005.0,2005.0,2005.0,393.7,393.7,393.7,393.7,158.0,158.0,158.0,158.0,10.0,10.0,10.0,10.0,6.9,6.4,0.5,519.7,481.5,38.2,529.7,490.8,38.9
Rogers,1,1,0.1,0.0,2004.0,2004.0,2004.0,2004.0,465.8,465.8,465.8,465.8,85.0,85.0,85.0,85.0,52.0,52.0,52.0,52.0,0.2,0.1,0.1,15.8,9.8,6.0,16.1,10.0,6.1
Marne,1,1,0.1,0.0,2004.0,2004.0,2004.0,2004.0,384.2,384.2,384.2,384.2,22.0,22.0,22.0,22.0,91.0,91.0,91.0,91.0,0.2,0.0,0.1,13.0,2.5,10.5,13.3,2.6,10.7
Grand Blanc,1,1,0.3,0.0,2004.0,2004.0,2004.0,2004.0,1312.4,1312.4,1312.4,1312.4,290.0,290.0,290.0,290.0,96.0,96.0,96.0,96.0,0.6,0.4,0.1,44.4,33.4,11.0,45.3,34.0,11.3
Portageville,1,1,0.1,0.0,2004.0,2004.0,2004.0,2004.0,595.0,595.0,595.0,595.0,69.0,69.0,69.0,69.0,106.0,106.0,106.0,106.0,0.3,0.1,0.2,20.1,7.9,12.2,20.5,8.1,12.4
Hector,1,1,0.2,0.0,2004.0,2004.0,2004.0,2004.0,659.6,659.6,659.6,659.6,91.0,91.0,91.0,91.0,103.0,103.0,103.0,103.0,0.3,0.1,0.2,22.3,10.5,11.9,22.8,10.7,12.1
Chenango Bridge,1,1,0.2,0.0,2004.0,2004.0,2004.0,2004.0,652.8,652.8,652.8,652.8,111.0,111.0,111.0,111.0,81.0,81.0,81.0,81.0,0.3,0.2,0.1,22.1,12.8,9.3,22.5,13.0,9.5
Delhi,1,1,0.1,0.0,2004.0,2004.0,2004.0,2004.0,622.2,622.2,622.2,622.2,63.0,63.0,63.0,63.0,120.0,120.0,120.0,120.0,0.3,0.1,0.2,21.1,7.3,13.8,21.5,7.4,14.1
Clayton,1,1,31.3,48.4,2009.0,2009.0,2009.0,2009.0,3780.9,3780.9,3780.9,3780.9,320.0,320.0,320.0,320.0,0.0,0.0,0.0,0.0,10.7,10.7,0.0,815.1,815.1,0.0,830.7,830.7,0.0
Buena Vista,1,1,15.6,28.8,2008.0,2008.0,2008.0,2008.0,260.4,260.4,260.4,260.4,127.0,127.0,127.0,127.0,139.0,139.0,139.0,139.0,6.3,4.8,1.5,475.4,361.5,113.9,484.6,368.4,116.1
Canaan,1,1,0.2,0.0,2004.0,2004.0,2004.0,2004.0,911.2,911.2,911.2,911.2,213.0,213.0,213.0,213.0,55.0,55.0,55.0,55.0,0.4,0.3,0.1,30.8,24.5,6.3,31.4,25.0,6.5
Broad Brook,1,1,0.1,0.0,2004.0,2004.0,2004.0,2004.0,435.2,435.2,435.2,435.2,119.0,119.0,119.0,119.0,9.0,9.0,9.0,9.0,0.2,0.2,0.0,14.7,13.7,1.0,15.0,14.0,1.1
Cape Carteret,1,1,15.7,26.4,1972.0,1972.0,1972.0,1972.0,10542.6,10542.6,10542.6,10542.6,754.0,754.0,754.0,754.0,30.0,30.0,30.0,30.0,0.4,0.4,0.0,31.6,30.4,1.2,32.2,30.9,1.2
Sunny Isles,1,1,0.5,0.3,2010.0,2010.0,2010.0,2010.0,438.6,438.6,438.6,438.6,52.0,52.0,52.0,52.0,8.0,8.0,8.0,8.0,1.2,1.2,0.0,92.8,92.3,0.4,94.5,94.1,0.4
Westampton,1,1,3.0,4.4,2011.0,2011.0,2011.0,2011.0,128.2,128.2,128.2,128.2,14.0,14.0,14.0,14.0,176.0,176.0,176.0,176.0,0.7,0.3,0.4,55.9,24.5,31.4,57.0,25.0,32.0
Crimora,1,1,12.2,21.5,2015.0,2015.0,2015.0,2015.0,1335.1,1335.1,1335.1,1335.1,102.0,102.0,102.0,102.0,22.0,22.0,22.0,22.0,2.0,1.6,0.4,148.7,122.0,26.7,151.6,124.4,27.2
South Glastonbury,1,1,3.9,6.9,2015.0,2015.0,2015.0,2015.0,430.7,430.7,430.7,430.7,28.0,28.0,28.0,28.0,12.0,12.0,12.0,12.0,0.6,0.4,0.2,47.8,33.5,14.4,48.8,34.1,14.6
Pound Ridge,1,1,7.4,13.0,2015.0,2015.0,2015.0,2015.0,807.5,807.5,807.5,807.5,55.0,55.0,55.0,55.0,20.0,20.0,20.0,20.0,1.2,0.9,0.3,90.3,65.8,24.5,92.0,67.1,25.0
Short Hills,1,1,3.5,6.2,2015.0,2015.0,2015.0,2015.0,387.6,387.6,387.6,387.6,27.0,27.0,27.0,27.0,9.0,9.0,9.0,9.0,0.6,0.4,0.1,43.1,32.3,10.8,43.9,32.9,11.0
Frenchtown,1,1,5.2,9.2,2015.0,2015.0,2015.0,2015.0,570.6,570.6,570.6,570.6,32.0,32.0,32.0,32.0,21.0,21.0,21.0,21.0,0.8,0.5,0.3,63.4,38.3,25.1,64.6,39.0,25.6
Uwchland,1,1,5.7,10.1,2015.0,2015.0,2015.0,2015.0,624.5,624.5,624.5,624.5,37.0,37.0,37.0,37.0,21.0,21.0,21.0,21.0,0.9,0.6,0.3,69.4,44.3,25.1,70.7,45.1,25.6
Peach Bottom,1,1,5.2,9.2,2015.0,2015.0,2015.0,2015.0,570.6,570.6,570.6,570.6,28.0,28.0,28.0,28.0,25.0,25.0,25.0,25.0,0.8,0.4,0.4,63.4,33.5,29.9,64.6,34.1,30.5
Oak Grove,1,1,8.3,14.6,2015.0,2015.0,2015.0,2015.0,904.4,904.4,904.4,904.4,62.0,62.0,62.0,62.0,22.0,22.0,22.0,22.0,1.3,1.0,0.4,100.5,74.2,26.3,102.4,75.6,26.8
Spring Grove,1,1,9.0,15.8,2015.0,2015.0,2015.0,2015.0,979.8,979.8,979.8,979.8,68.0,68.0,68.0,68.0,23.0,23.0,23.0,23.0,1.4,1.1,0.4,108.9,81.3,27.5,110.9,82.9,28.0
Port Ludlow,1,1,1.2,1.4,2009.0,2009.0,2009.0,2009.0,480.8,480.8,480.8,480.8,7.0,7.0,7.0,7.0,59.0,59.0,59.0,59.0,0.6,0.1,0.5,48.5,8.5,40.0,49.4,8.7,40.8
Deep Gap,1,1,14.5,25.5,2015.0,2015.0,2015.0,2015.0,1582.7,1582.7,1582.7,1582.7,112.0,112.0,112.0,112.0,35.0,35.0,35.0,35.0,2.3,1.8,0.6,179.5,136.7,42.8,182.9,139.3,43.6
Woodfin,1,1,7.4,13.0,2015.0,2015.0,2015.0,2015.0,807.5,807.5,807.5,807.5,56.0,56.0,56.0,56.0,19.0,19.0,19.0,19.0,1.2,0.9,0.3,92.3,68.5,23.8,94.1,69.8,24.3
Blairesville,1,1,12.1,21.3,2015.0,2015.0,2015.0,2015.0,1324.3,1324.3,1324.3,1324.3,90.0,90.0,90.0,90.0,33.0,33.0,33.0,33.0,2.0,1.4,0.5,150.5,110.1,40.4,153.3,112.2,41.1
Fairmount,1,1,4.8,8.5,2015.0,2015.0,2015.0,2015.0,527.6,527.6,527.6,527.6,40.0,40.0,40.0,40.0,9.0,9.0,9.0,9.0,0.8,0.6,0.1,59.9,48.9,11.0,61.1,49.9,11.2
Delta,1,1,11.8,20.8,2015.0,2015.0,2015.0,2015.0,1292.0,1292.0,1292.0,1292.0,81.0,81.0,81.0,81.0,39.0,39.0,39.0,39.0,1.9,1.3,0.6,146.8,99.1,47.7,149.6,101.0,48.6
Autaugaville,1,1,10.2,17.9,2015.0,2015.0,2015.0,2015.0,1109.0,1109.0,1109.0,1109.0,69.0,69.0,69.0,69.0,34.0,34.0,34.0,34.0,1.6,1.1,0.5,126.0,84.4,41.6,128.4,86.0,42.4
Loup City,1,1,0.1,0.1,2020.0,2020.0,2020.0,2020.0,84.8,84.8,84.8,84.8,21.0,21.0,21.0,21.0,10.0,10.0,10.0,10.0,0.0,0.0,0.0,1.5,1.0,0.5,1.5,1.0,0.5
North Grosvenor Dale,1,1,9.9,17.3,2015.0,2015.0,2015.0,2015.0,1076.7,1076.7,1076.7,1076.7,76.0,76.0,76.0,76.0,24.0,24.0,24.0,24.0,1.6,1.2,0.4,119.8,91.1,28.7,122.1,92.9,29.3
Alachua,1,1,47.5,26.9,2019.0,2019.0,2019.0,2019.0,6211.2,6211.2,6211.2,6211.2,1005.0,1005.0,1005.0,1005.0,124.0,124.0,124.0,124.0,9.6,8.6,1.1,723.3,644.0,79.3,737.2,656.4,80.8
East Keansburg,1,1,0.0,0.0,2014.0,2014.0,2014.0,2014.0,67.5,67.5,67.5,67.5,8.0,8.0,8.0,8.0,0.0,0.0,0.0,0.0,0.1,0.1,0.0,7.7,7.7,0.0,7.8,7.8,0.0
Sledge Island,1,1,2.4,1.8,2014.0,2014.0,2014.0,2014.0,1193.2,1193.2,1193.2,1193.2,149.0,149.0,149.0,149.0,8.0,8.0,8.0,8.0,1.3,1.3,0.0,100.6,96.9,3.7,102.6,98.7,3.8
Midway Park,1,1,5.9,9.9,2010.0,2010.0,2010.0,2010.0,196.5,196.5,196.5,196.5,59.0,59.0,59.0,59.0,74.0,74.0,74.0,74.0,1.4,0.8,0.6,107.7,59.4,48.4,109.8,60.5,49.3
Gallaway,1,1,13.9,23.6,2012.0,2012.0,2012.0,2012.0,393.4,393.4,393.4,393.4,35.0,35.0,35.0,35.0,5.0,5.0,5.0,5.0,0.9,0.9,0.0,66.6,65.2,1.4,67.9,66.4,1.4
Dolores,1,1,29.4,34.7,2010.0,2010.0,2010.0,2010.0,4094.3,4094.3,4094.3,4094.3,337.0,337.0,337.0,337.0,9.0,9.0,9.0,9.0,7.5,7.3,0.2,578.2,563.1,15.0,589.3,573.9,15.3
Premont,1,1,31.2,36.9,2010.0,2010.0,2010.0,2010.0,4354.7,4354.7,4354.7,4354.7,357.0,357.0,357.0,357.0,11.0,11.0,11.0,11.0,8.0,7.7,0.2,613.9,596.0,17.9,625.6,607.4,18.2
El Campo,1,1,37.4,15.6,2010.0,2010.0,2010.0,2010.0,7543.9,7543.9,7543.9,7543.9,3261.0,3261.0,3261.0,3261.0,40.0,40.0,40.0,40.0,17.9,17.8,0.1,1345.1,1337.5,7.6,1371.0,1363.2,7.7
La Grange,1,1,0.7,1.0,2012.0,2012.0,2012.0,2012.0,208.6,208.6,208.6,208.6,21.0,21.0,21.0,21.0,61.0,61.0,61.0,61.0,0.4,0.2,0.2,29.1,16.8,12.4,29.7,17.1,12.6
Newfane,1,1,0.3,0.3,2005.0,2005.0,2005.0,2005.0,89.7,89.7,89.7,89.7,10.0,10.0,10.0,10.0,16.0,16.0,16.0,16.0,0.4,0.4,0.0,32.3,30.2,2.1,32.9,30.8,2.1
Hercules,1,1,0.2,0.0,2008.0,2008.0,2008.0,2008.0,737.9,737.9,737.9,737.9,12.0,12.0,12.0,12.0,20.0,20.0,20.0,20.0,0.0,0.0,0.0,3.6,1.4,2.3,3.7,1.4,2.3
Council Grove,1,1,0.4,0.1,2010.0,2010.0,2010.0,2010.0,1239.9,1239.9,1239.9,1239.9,321.0,321.0,321.0,321.0,6.0,6.0,6.0,6.0,0.6,0.6,0.0,45.6,44.7,0.8,46.5,45.6,0.9
Beggs,1,1,9.6,6.5,2014.0,2014.0,2014.0,2014.0,185.7,185.7,185.7,185.7,520.0,520.0,520.0,520.0,602.0,602.0,602.0,602.0,4.5,3.0,1.5,339.1,224.8,114.3,345.6,229.1,116.5
Center Hill,1,1,2.9,1.4,2016.0,2016.0,2016.0,2016.0,621.3,621.3,621.3,621.3,30.0,30.0,30.0,30.0,46.0,46.0,46.0,46.0,0.9,0.4,0.6,68.7,27.1,41.6,70.0,27.6,42.4
Van Alstyne,1,1,1.7,2.5,2015.0,2015.0,2015.0,2015.0,70.3,70.3,70.3,70.3,20.0,20.0,20.0,20.0,47.0,47.0,47.0,47.0,0.3,0.2,0.2,25.8,12.3,13.6,26.3,12.5,13.8
Ravena,1,1,0.1,0.0,2012.0,2012.0,2012.0,2012.0,166.7,166.7,166.7,166.7,47.0,47.0,47.0,47.0,9.0,9.0,9.0,9.0,0.2,0.2,0.0,11.9,11.5,0.4,12.1,11.7,0.4
Pismo Beach,1,1,0.7,0.2,2013.0,2013.0,2013.0,2013.0,326.8,326.8,326.8,326.8,52.0,52.0,52.0,52.0,0.0,0.0,0.0,0.0,0.2,0.2,0.0,17.4,17.4,0.0,17.7,17.7,0.0
Glenwood,1,1,38.8,63.8,2015.0,2015.0,2015.0,2015.0,1297.7,1297.7,1297.7,1297.7,139.0,139.0,139.0,139.0,15.0,15.0,15.0,15.0,5.2,5.1,0.2,394.7,380.9,13.8,402.3,388.2,14.1
Port Clinton,1,1,0.2,0.0,2003.0,2003.0,2003.0,2003.0,84.5,84.5,84.5,84.5,16.0,16.0,16.0,16.0,7.0,7.0,7.0,7.0,0.1,0.1,0.0,5.8,4.1,1.7,5.9,4.2,1.7
Tulalip,1,1,0.0,0.0,1964.0,1964.0,1964.0,1964.0,67.6,67.6,67.6,67.6,703.0,703.0,703.0,703.0,8.0,8.0,8.0,8.0,0.6,0.5,0.0,41.4,40.9,0.5,42.2,41.7,0.5
Suttons Bay,1,1,0.7,0.6,2005.0,2005.0,2005.0,2005.0,200.2,200.2,200.2,200.2,109.0,109.0,109.0,109.0,11.0,11.0,11.0,11.0,0.8,0.8,0.0,62.6,61.2,1.4,63.8,62.4,1.5
King William,1,1,0.1,0.1,1976.0,1976.0,1976.0,1976.0,295.0,295.0,295.0,295.0,41.0,41.0,41.0,41.0,9.0,9.0,9.0,9.0,0.2,0.2,0.0,18.2,14.9,3.3,18.5,15.2,3.3
Walnut Grove,1,1,0.0,0.0,1950.0,1950.0,1950.0,1950.0,85.6,85.6,85.6,85.6,23.0,23.0,23.0,23.0,8.0,8.0,8.0,8.0,0.1,0.0,0.0,4.1,3.7,0.4,4.2,3.7,0.4
Bolton Landing,1,1,0.0,0.0,1958.0,1958.0,1958.0,1958.0,52.5,52.5,52.5,52.5,11.0,11.0,11.0,11.0,1.0,1.0,1.0,1.0,0.0,0.0,0.0,2.6,2.5,0.1,2.6,2.6,0.1
Carthage,1,1,0.1,0.0,1974.0,1974.0,1974.0,1974.0,184.5,184.5,184.5,184.5,43.0,43.0,43.0,43.0,18.0,18.0,18.0,18.0,0.1,0.1,0.0,7.6,5.2,2.4,7.7,5.3,2.4
Mentor Harbor,1,1,0.4,0.3,1982.0,1982.0,1982.0,1982.0,433.8,433.8,433.8,433.8,53.0,53.0,53.0,53.0,11.0,11.0,11.0,11.0,1.1,1.1,0.0,82.0,81.4,0.6,83.6,82.9,0.6
Norton Shores,1,1,1.2,2.1,1950.0,1950.0,1950.0,1950.0,97.5,97.5,97.5,97.5,12.0,12.0,12.0,12.0,7.0,7.0,7.0,7.0,0.3,0.3,0.0,21.1,19.8,1.4,21.5,20.1,1.4
Whitehall,1,1,2.0,3.5,1950.0,1950.0,1950.0,1950.0,160.5,160.5,160.5,160.5,18.0,18.0,18.0,18.0,16.0,16.0,16.0,16.0,0.5,0.4,0.0,35.3,32.2,3.1,35.9,32.8,3.1
Smackover,1,1,0.3,0.5,1982.0,1982.0,1982.0,1982.0,457.1,457.1,457.1,457.1,197.0,197.0,197.0,197.0,5.0,5.0,5.0,5.0,0.7,0.7,0.0,53.4,52.3,1.1,54.5,53.4,1.1
Oviedo,1,1,3.9,5.1,1983.0,1983.0,1983.0,1983.0,654.1,654.1,654.1,654.1,108.0,108.0,108.0,108.0,9.0,9.0,9.0,9.0,0.2,0.2,0.0,15.4,13.9,1.4,15.6,14.2,1.4
Keyport,1,1,5.6,3.2,1981.0,1981.0,1981.0,1981.0,3705.2,3705.2,3705.2,3705.2,1655.0,1655.0,1655.0,1655.0,193.0,193.0,193.0,193.0,8.7,8.5,0.2,653.9,640.9,13.0,666.5,653.2,13.2
Clarkesville,1,1,4.4,5.9,1983.0,1983.0,1983.0,1983.0,748.3,748.3,748.3,748.3,120.0,120.0,120.0,120.0,11.0,11.0,11.0,11.0,0.2,0.2,0.0,15.9,14.5,1.3,16.2,14.8,1.4
Castine,1,1,6.6,7.5,1990.0,1990.0,1990.0,1990.0,523.9,523.9,523.9,523.9,43.0,43.0,43.0,43.0,1824.0,1824.0,1824.0,1824.0,3.8,0.6,3.3,289.1,44.6,244.4,294.6,45.5,249.1
Brinnon,1,1,0.9,0.7,1991.0,1991.0,1991.0,1991.0,290.4,290.4,290.4,290.4,44.0,44.0,44.0,44.0,2.0,2.0,2.0,2.0,0.3,0.3,0.0,24.9,24.6,0.3,25.4,25.1,0.3
Edinboro,1,1,0.8,0.8,1965.0,1965.0,1965.0,1965.0,5037.2,5037.2,5037.2,5037.2,561.0,561.0,561.0,561.0,2142.0,2142.0,2142.0,2142.0,7.6,6.0,1.5,569.0,453.0,116.1,579.9,461.7,118.3
Jacksboro,1,1,1.7,2.2,1983.0,1983.0,1983.0,1983.0,285.6,285.6,285.6,285.6,37.0,37.0,37.0,37.0,13.0,13.0,13.0,13.0,0.1,0.1,0.0,6.4,4.5,1.9,6.5,4.6,1.9
Bronston,1,1,0.6,0.9,1983.0,1983.0,1983.0,1983.0,108.5,108.5,108.5,108.5,8.0,8.0,8.0,8.0,11.0,11.0,11.0,11.0,0.0,0.0,0.0,2.3,1.0,1.3,2.3,1.0,1.4
Winona,1,1,31.6,42.9,1978.0,1978.0,1978.0,1978.0,2625.8,2625.8,2625.8,2625.8,609.0,609.0,609.0,609.0,84.0,84.0,84.0,84.0,1.4,1.2,0.2,102.7,90.4,12.3,104.6,92.1,12.5
Markleville,1,1,1.2,1.6,1983.0,1983.0,1983.0,1983.0,199.9,199.9,199.9,199.9,26.0,26.0,26.0,26.0,9.0,9.0,9.0,9.0,0.1,0.0,0.0,4.2,3.2,1.1,4.3,3.2,1.1
Three Oaks,1,1,1.9,2.5,1983.0,1983.0,1983.0,1983.0,314.2,314.2,314.2,314.2,44.0,44.0,44.0,44.0,11.0,11.0,11.0,11.0,0.1,0.1,0.0,6.7,5.3,1.3,6.8,5.4,1.4
Depere,1,1,2.7,3.5,1983.0,1983.0,1983.0,1983.0,451.3,451.3,451.3,451.3,71.0,71.0,71.0,71.0,8.0,8.0,8.0,8.0,0.1,0.1,0.0,9.6,8.6,1.0,9.8,8.8,1.0
Mountain,1,1,0.8,1.0,1983.0,1983.0,1983.0,1983.0,131.4,131.4,131.4,131.4,10.0,10.0,10.0,10.0,13.0,13.0,13.0,13.0,0.0,0.0,0.0,2.8,1.2,1.6,2.8,1.2,1.6
White Pine,1,1,1.6,2.2,1983.0,1983.0,1983.0,1983.0,274.2,274.2,274.2,274.2,36.0,36.0,36.0,36.0,12.0,12.0,12.0,12.0,0.1,0.1,0.0,5.8,4.4,1.5,5.9,4.4,1.5
Kauhako Bay,1,1,0.1,0.0,1967.0,1967.0,1967.0,1967.0,79.7,79.7,79.7,79.7,9.0,9.0,9.0,9.0,35.0,35.0,35.0,35.0,0.2,0.1,0.1,11.4,6.2,5.2,11.7,6.3,5.3
Ho-Ho-Kus,1,1,0.1,0.0,1972.0,1972.0,1972.0,1972.0,117.3,117.3,117.3,117.3,52.0,52.0,52.0,52.0,5.0,5.0,5.0,5.0,0.2,0.1,0.0,11.3,8.3,3.1,11.6,8.5,3.1
Vineburg,1,1,0.8,1.5,1958.0,1958.0,1958.0,1958.0,8832.3,8832.3,8832.3,8832.3,293.0,293.0,293.0,293.0,841.0,841.0,841.0,841.0,5.9,1.6,4.3,441.8,116.7,325.1,450.2,118.9,331.3
Pennsauken,1,1,0.0,0.0,1967.0,1967.0,1967.0,1967.0,128.2,128.2,128.2,128.2,28.0,28.0,28.0,28.0,5.0,5.0,5.0,5.0,0.2,0.2,0.0,12.6,12.3,0.3,12.8,12.5,0.3
Kensington,1,1,0.0,0.1,1970.0,1970.0,1970.0,1970.0,222.2,222.2,222.2,222.2,155.0,155.0,155.0,155.0,43.0,43.0,43.0,43.0,0.1,0.1,0.0,10.7,8.3,2.3,10.9,8.5,2.4
Lake Waccamaw,1,1,0.3,0.1,1970.0,1970.0,1970.0,1970.0,762.5,762.5,762.5,762.5,390.0,390.0,390.0,390.0,220.0,220.0,220.0,220.0,0.5,0.3,0.2,34.2,21.9,12.3,34.8,22.3,12.6
Stookey,1,1,0.1,0.0,1971.0,1971.0,1971.0,1971.0,185.4,185.4,185.4,185.4,66.0,66.0,66.0,66.0,5.0,5.0,5.0,5.0,0.3,0.2,0.0,19.3,15.6,3.6,19.6,15.9,3.7
Dupo,1,1,0.2,0.0,1971.0,1971.0,1971.0,1971.0,280.8,280.8,280.8,280.8,43.0,43.0,43.0,43.0,67.0,67.0,67.0,67.0,0.4,0.4,0.0,31.4,27.8,3.6,32.0,28.3,3.7
Tri-Cities,1,1,0.0,0.0,1974.0,1974.0,1974.0,1974.0,72.7,72.7,72.7,72.7,12.0,12.0,12.0,12.0,6.0,6.0,6.0,6.0,0.1,0.1,0.0,5.1,4.8,0.3,5.2,4.9,0.3
Port Washington,1,1,1.7,1.0,1942.0,1942.0,1942.0,1942.0,215.3,215.3,215.3,215.3,21.0,21.0,21.0,21.0,20.0,20.0,20.0,20.0,0.6,0.5,0.1,43.3,39.5,3.9,44.2,40.2,3.9
Cedar Point,1,1,0.1,0.0,1981.0,1981.0,1981.0,1981.0,154.5,154.5,154.5,154.5,26.0,26.0,26.0,26.0,5.0,5.0,5.0,5.0,0.1,0.1,0.0,9.3,8.5,0.8,9.5,8.7,0.8
Shelter Island,1,1,0.4,0.1,1996.0,1996.0,1996.0,1996.0,272.6,272.6,272.6,272.6,30.0,30.0,30.0,30.0,14.0,14.0,14.0,14.0,0.2,0.2,0.0,18.3,16.5,1.9,18.7,16.8,1.9
Castle Island,1,1,2.5,1.4,2002.0,2002.0,2002.0,2002.0,1300.5,1300.5,1300.5,1300.5,141.0,141.0,141.0,141.0,0.0,0.0,0.0,0.0,1.5,1.5,0.0,115.1,115.1,0.0,117.3,117.3,0.0
Eleele,1,1,0.5,0.0,2002.0,2002.0,2002.0,2002.0,166.9,166.9,166.9,166.9,28.0,28.0,28.0,28.0,53.0,53.0,53.0,53.0,0.4,0.2,0.1,26.7,18.4,8.3,27.3,18.8,8.5
Florida City,1,1,134.9,67.2,2003.0,2003.0,2003.0,2003.0,5464.0,5464.0,5464.0,5464.0,387.0,387.0,387.0,387.0,7.0,7.0,7.0,7.0,22.9,22.6,0.3,1758.3,1735.2,23.0,1792.0,1768.6,23.4
Sarita,1,1,1.1,1.0,1999.0,1999.0,1999.0,1999.0,295.5,295.5,295.5,295.5,112.0,112.0,112.0,112.0,107.0,107.0,107.0,107.0,0.6,0.5,0.1,43.9,38.6,5.2,44.7,39.4,5.3
Vermilion,1,1,1.5,2.2,1979.0,1979.0,1979.0,1979.0,65.5,65.5,65.5,65.5,13.0,13.0,13.0,13.0,3.0,3.0,3.0,3.0,0.2,0.1,0.0,11.7,11.1,0.6,11.9,11.3,0.6
Jamaica,1,1,0.1,0.0,1999.0,1999.0,1999.0,1999.0,95.1,95.1,95.1,95.1,36.0,36.0,36.0,36.0,13.0,13.0,13.0,13.0,0.2,0.1,0.0,12.3,10.6,1.7,12.6,10.8,1.8
Cherryfield,1,1,6.0,1.3,1998.0,1998.0,1998.0,1998.0,6688.6,6688.6,6688.6,6688.6,2517.0,2517.0,2517.0,2517.0,7.0,7.0,7.0,7.0,5.0,5.0,0.0,373.2,372.2,1.0,380.4,379.3,1.1
Friendship,1,1,0.2,0.0,1998.0,1998.0,1998.0,1998.0,207.0,207.0,207.0,207.0,140.0,140.0,140.0,140.0,0.0,0.0,0.0,0.0,0.4,0.4,0.0,33.4,33.4,0.0,34.1,34.1,0.0
Machias,1,1,0.1,0.0,1998.0,1998.0,1998.0,1998.0,126.4,126.4,126.4,126.4,16.0,16.0,16.0,16.0,7.0,7.0,7.0,7.0,0.2,0.1,0.0,11.9,10.7,1.2,12.2,10.9,1.3
North Haven,1,1,0.1,0.0,1998.0,1998.0,1998.0,1998.0,121.4,121.4,121.4,121.4,36.0,36.0,36.0,36.0,22.0,22.0,22.0,22.0,0.2,0.1,0.0,12.7,9.1,3.6,12.9,9.2,3.7
Peconic,1,1,1.5,0.3,1998.0,1998.0,1998.0,1998.0,1630.3,1630.3,1630.3,1630.3,183.0,183.0,183.0,183.0,6.0,6.0,6.0,6.0,1.7,1.7,0.0,126.0,125.2,0.8,128.4,127.6,0.8
Shelter Island Heigh,1,1,3.9,0.9,1996.0,1996.0,1996.0,1996.0,4268.8,4268.8,4268.8,4268.8,427.0,427.0,427.0,427.0,10.0,10.0,10.0,10.0,4.3,4.3,0.0,324.1,322.7,1.4,330.3,328.9,1.4
West Yarmouth,1,1,0.1,0.0,1996.0,1996.0,1996.0,1996.0,128.0,128.0,128.0,128.0,24.0,24.0,24.0,24.0,13.0,13.0,13.0,13.0,0.2,0.1,0.1,12.5,8.4,4.2,12.8,8.6,4.2
Indian River City,1,1,0.0,0.0,1966.0,1966.0,1966.0,1966.0,137.2,137.2,137.2,137.2,178.0,178.0,178.0,178.0,4.0,4.0,4.0,4.0,0.2,0.2,0.0,13.4,12.7,0.7,13.7,13.0,0.7
Richmond,1,1,0.1,0.1,1981.0,1981.0,1981.0,1981.0,216.3,216.3,216.3,216.3,39.0,39.0,39.0,39.0,17.0,17.0,17.0,17.0,0.3,0.3,0.0,22.6,21.4,1.1,23.0,21.8,1.2
Clinchfield,1,1,1.3,2.5,1979.0,1979.0,1979.0,1979.0,4850.1,4850.1,4850.1,4850.1,1598.0,1598.0,1598.0,1598.0,5.0,5.0,5.0,5.0,10.9,10.9,0.0,820.0,819.0,1.1,835.8,834.7,1.1
Kenai,1,1,0.0,0.0,1995.0,1995.0,1995.0,1995.0,79.8,79.8,79.8,79.8,15.0,15.0,15.0,15.0,8.0,8.0,8.0,8.0,0.1,0.1,0.0,5.2,4.6,0.6,5.3,4.7,0.7
Clover,1,1,0.0,0.0,1978.0,1978.0,1978.0,1978.0,203.5,203.5,203.5,203.5,718.0,718.0,718.0,718.0,48.0,48.0,48.0,48.0,0.6,0.6,0.0,45.7,43.1,2.6,46.6,43.9,2.6
Carlisle,1,1,0.0,0.0,1980.0,1980.0,1980.0,1980.0,159.5,159.5,159.5,159.5,27.0,27.0,27.0,27.0,70.0,70.0,70.0,70.0,0.1,0.1,0.1,10.1,5.1,5.0,10.3,5.2,5.1
South Mills,1,1,0.1,0.1,1968.0,1968.0,1968.0,1968.0,388.7,388.7,388.7,388.7,67.0,67.0,67.0,67.0,5.0,5.0,5.0,5.0,0.3,0.3,0.0,19.1,18.8,0.3,19.4,19.2,0.3
Saint Charles,1,1,0.2,0.0,2004.0,2004.0,2004.0,2004.0,738.8,738.8,738.8,738.8,18.0,18.0,18.0,18.0,93.0,93.0,93.0,93.0,0.2,0.0,0.2,13.9,2.2,11.7,14.2,2.3,11.9
York Beach,1,1,0.2,0.2,1979.0,1979.0,1979.0,1979.0,541.8,541.8,541.8,541.8,75.0,75.0,75.0,75.0,7.0,7.0,7.0,7.0,0.5,0.5,0.1,40.6,34.1,6.4,41.3,34.8,6.6
Stillmore,1,1,0.1,0.1,1980.0,1980.0,1980.0,1980.0,435.6,435.6,435.6,435.6,52.0,52.0,52.0,52.0,14.0,14.0,14.0,14.0,0.3,0.3,0.1,25.5,20.1,5.4,26.0,20.5,5.5
Concord,1,1,0.1,0.1,1980.0,1980.0,1980.0,1980.0,363.0,363.0,363.0,363.0,45.0,45.0,45.0,45.0,10.0,10.0,10.0,10.0,0.3,0.2,0.1,21.2,17.4,3.9,21.6,17.7,3.9
Michigan City,1,1,4.5,9.0,1959.0,1959.0,1959.0,1959.0,365.6,365.6,365.6,365.6,33.0,33.0,33.0,33.0,11.0,11.0,11.0,11.0,0.7,0.7,0.0,53.5,51.3,2.1,54.5,52.3,2.2
Madisonville,1,1,0.1,0.1,1980.0,1980.0,1980.0,1980.0,508.2,508.2,508.2,508.2,70.0,70.0,70.0,70.0,7.0,7.0,7.0,7.0,0.4,0.4,0.0,29.7,27.0,2.7,30.3,27.5,2.8
Oglesby,1,1,0.0,0.0,1999.0,1999.0,1999.0,1999.0,44.5,44.5,44.5,44.5,14.0,14.0,14.0,14.0,6.0,6.0,6.0,6.0,0.0,0.0,0.0,1.5,1.2,0.3,1.6,1.3,0.3
Miami Gardens,1,1,0.3,0.2,1976.0,1976.0,1976.0,1976.0,507.3,507.3,507.3,507.3,82.0,82.0,82.0,82.0,7.0,7.0,7.0,7.0,0.4,0.4,0.0,32.0,29.5,2.5,32.6,30.1,2.6
Dequincy,1,1,37.9,67.2,2017.0,2017.0,2017.0,2017.0,1057.9,1057.9,1057.9,1057.9,144.0,144.0,144.0,144.0,31.0,31.0,31.0,31.0,2.5,1.8,0.7,191.8,136.8,55.1,195.5,139.4,56.1
