alpha-3,country-code,Inventory,n_vys,n_imo,tps_mn_gtnm,tps_mn_dwtnm,aby_vys,aby_flt,aby_gtnm,aby_dwtnm,avd_vys,avd_flt,avd_gtnm,avd_dwtnm,avt_vys,avt_flt,avt_gtnm,avt_dwtnm,apt_vys,apt_flt,apt_gtnm,apt_dwtnm,ene_tj,ene_tj_voy,ene_tj_stop,co2_t,co2_t_voy,co2_t_stop,co2e_t,co2e_t_voy,co2e_t_stop,ene_tj_pc,ene_tj_voy_pc,ene_tj_stop_pc,co2e_t_pc,co2e_t_voy_pc,co2e_t_stop_pc
THA,764,All Global Voyages,2739872.0,58539.0,81475141.7,114361946.3,2002.6,2002.5,2008.8,2009.1,358.8,1354.1,1507.6,1784.2,41.0,231.2,403.1,445.6,19.0,89.0,69.9,77.7,9402364.3,8131271.3,1271093.0,715428735.4,618723859.3,96704876.1,729164967.1,630603357.4,98561609.7,100.0,100.0,100.0,100.0,100.0,100.0
THA,764,All International Voyages,1244079.0,43111.0,72080717.8,102661963.7,2003.7,2003.9,2009.1,2009.4,663.1,1807.6,2057.2,2437.2,67.0,235.5,428.7,472.1,22.0,85.3,69.1,76.9,7421794.7,6689478.0,732316.7,564552047.5,508802890.5,55749157.0,575391446.8,518571906.0,56819540.9,78.93540883115962,82.26853776235458,57.613148683849246,78.91101091820406,82.23424438114164,57.64875499999063
THA,764,All Domestic Voyages,1495793.0,55373.0,9394423.9,11699982.6,2001.6,2002.7,2006.1,2006.6,222.5,777.4,494.4,532.4,27.0,173.3,206.5,213.1,17.0,86.5,76.1,84.0,1980569.6,1441793.3,538776.3,150876687.9,109920968.8,40955719.1,153773520.3,112031451.4,41742068.9,21.064591168840373,17.731462237645424,42.38685131615075,21.088989081795948,17.765755618858368,42.35124510146875
THA,764,Int. Arr. Inventory,11606.0,4090.0,596992.4,791325.5,2006.3,2007.3,2007.4,2007.5,1293.2,2263.8,2042.0,2199.2,100.0,216.9,311.1,345.3,28.0,98.9,74.6,86.6,72355.2,63293.6,9061.6,5536207.7,4842258.3,693949.4,5642502.9,4935229.7,707273.2,0.76954261387213,0.7783973460582971,0.7128982694421259,0.7738307728141538,0.7826202702675304,0.7175950171195306
THA,764,Int. Dep. Inventory,11628.0,4117.0,450220.0,577325.7,2006.3,2007.3,2007.2,2007.3,1053.0,1779.9,1536.6,1596.5,94.0,189.3,271.4,308.9,18.0,79.3,61.4,70.0,59244.7,52574.2,6670.5,4541164.0,4032510.4,508653.6,4628354.4,4109934.6,518419.8,0.6301042813242197,0.6465680219032908,0.5247845751648385,0.6347472257763109,0.6517463872925457,0.5259855247676621
THA,764,Domestic Inventory,13689.0,1411.0,37479.4,55959.8,1999.4,2005.1,2003.1,2003.1,271.5,698.0,453.4,473.6,29.0,96.2,280.1,261.2,20.0,101.6,138.8,124.8,16497.5,9893.6,6603.9,1250439.0,750952.1,499486.9,1274447.4,765370.4,509077.1,0.17546118692720722,0.12167347066626592,0.5195449900203998,0.1747817651016163,0.12137112671833042,0.5165064790941619
GRC,300,All Global Voyages,2739872.0,58539.0,81475141.7,114361946.3,2002.6,2002.5,2008.8,2009.1,358.8,1354.1,1507.6,1784.2,41.0,231.2,403.1,445.6,19.0,89.0,69.9,77.7,9402364.3,8131271.3,1271093.0,715428735.4,618723859.3,96704876.1,729164967.1,630603357.4,98561609.7,100.0,100.0,100.0,100.0,100.0,100.0
GRC,300,All International Voyages,1244079.0,43111.0,72080717.8,102661963.7,2003.7,2003.9,2009.1,2009.4,663.1,1807.6,2057.2,2437.2,67.0,235.5,428.7,472.1,22.0,85.3,69.1,76.9,7421794.7,6689478.0,732316.7,564552047.5,508802890.5,55749157.0,575391446.8,518571906.0,56819540.9,78.93540883115962,82.26853776235458,57.613148683849246,78.91101091820406,82.23424438114164,57.64875499999063
GRC,300,All Domestic Voyages,1495793.0,55373.0,9394423.9,11699982.6,2001.6,2002.7,2006.1,2006.6,222.5,777.4,494.4,532.4,27.0,173.3,206.5,213.1,17.0,86.5,76.1,84.0,1980569.6,1441793.3,538776.3,150876687.9,109920968.8,40955719.1,153773520.3,112031451.4,41742068.9,21.064591168840373,17.731462237645424,42.38685131615075,21.088989081795948,17.765755618858368,42.35124510146875
GRC,300,Int. Arr. Inventory,16654.0,5228.0,636920.8,741598.1,2001.1,2002.5,2009.2,2009.4,649.1,1275.8,1447.5,1529.6,61.0,148.1,254.4,282.2,16.0,46.7,35.1,38.5,76020.1,64873.8,11146.3,5844447.9,4986966.4,857481.5,5956661.3,5082716.1,873945.1,0.8085211078239118,0.7978309615619393,0.8769067251570105,0.8169154538088339,0.8060084108902018,0.8866992966735201
GRC,300,Int. Dep. Inventory,16656.0,5196.0,494676.3,561275.9,2001.1,2002.6,2008.8,2009.0,553.5,1028.5,1125.9,1160.9,52.0,111.1,217.1,245.6,19.0,63.1,49.6,59.2,63386.0,54150.1,9235.9,4881280.3,4172828.0,708452.3,4975000.9,4252946.3,722054.6,0.6741495859716901,0.665948755147304,0.7266108774102288,0.6822874280132156,0.6744249376557474,0.7325921341968504
GRC,300,Domestic Inventory,31270.0,2483.0,116122.4,68057.6,1992.6,1998.2,1999.0,2001.1,249.7,846.7,411.5,393.8,24.0,109.3,191.4,159.8,14.0,65.2,59.8,68.7,46037.3,31770.7,14266.6,3514217.3,2428448.8,1085768.4,3581690.2,2475075.0,1106615.2,0.4896353569282569,0.390722419998457,1.1223883696944283,0.4912043723445638,0.39249315293924564,1.1227649420177843
CPV,132,All Global Voyages,2739872.0,58539.0,81475141.7,114361946.3,2002.6,2002.5,2008.8,2009.1,358.8,1354.1,1507.6,1784.2,41.0,231.2,403.1,445.6,19.0,89.0,69.9,77.7,9402364.3,8131271.3,1271093.0,715428735.4,618723859.3,96704876.1,729164967.1,630603357.4,98561609.7,100.0,100.0,100.0,100.0,100.0,100.0
CPV,132,All International Voyages,1244079.0,43111.0,72080717.8,102661963.7,2003.7,2003.9,2009.1,2009.4,663.1,1807.6,2057.2,2437.2,67.0,235.5,428.7,472.1,22.0,85.3,69.1,76.9,7421794.7,6689478.0,732316.7,564552047.5,508802890.5,55749157.0,575391446.8,518571906.0,56819540.9,78.93540883115962,82.26853776235458,57.613148683849246,78.91101091820406,82.23424438114164,57.64875499999063
CPV,132,All Domestic Voyages,1495793.0,55373.0,9394423.9,11699982.6,2001.6,2002.7,2006.1,2006.6,222.5,777.4,494.4,532.4,27.0,173.3,206.5,213.1,17.0,86.5,76.1,84.0,1980569.6,1441793.3,538776.3,150876687.9,109920968.8,40955719.1,153773520.3,112031451.4,41742068.9,21.064591168840373,17.731462237645424,42.38685131615075,21.088989081795948,17.765755618858368,42.35124510146875
CPV,132,Int. Arr. Inventory,642.0,420.0,24484.0,36745.3,2000.4,2001.6,2006.4,2007.7,1713.9,2949.4,2301.0,2542.4,168.5,373.1,457.2,487.3,18.0,56.8,25.0,20.9,3677.5,3461.7,215.8,281454.0,265079.6,16374.4,286857.9,270169.2,16688.8,0.039112502798897074,0.04257267864128454,0.016977514627175196,0.03934060369642792,0.04284296885349885,0.016932353327829223
CPV,132,Int. Dep. Inventory,658.0,433.0,28337.0,42717.0,2000.5,2001.6,2007.0,2008.5,1967.6,3914.8,2611.6,2887.5,204.0,517.1,459.3,471.2,48.5,203.5,110.3,100.5,4351.9,3806.9,545.0,332379.7,291114.2,41265.6,338761.4,296703.6,42057.9,0.046285166806395696,0.0468180172514967,0.04287648504082707,0.04645881457351217,0.047050748543953115,0.04267168538340137
CPV,132,Domestic Inventory,625.0,71.0,660.9,663.7,2000.2,2000.2,2003.0,2004.1,250.8,571.5,241.2,238.4,26.0,97.0,163.0,114.1,41.0,91.2,94.7,91.0,562.7,313.1,249.6,42433.9,23662.5,18771.4,43248.6,24116.8,19131.8,0.005984664942199697,0.003850566392982116,0.019636643424202634,0.005931250396190352,0.0038244008245427712,0.019411006027836818
MMR,104,All Global Voyages,2739872.0,58539.0,81475141.7,114361946.3,2002.6,2002.5,2008.8,2009.1,358.8,1354.1,1507.6,1784.2,41.0,231.2,403.1,445.6,19.0,89.0,69.9,77.7,9402364.3,8131271.3,1271093.0,715428735.4,618723859.3,96704876.1,729164967.1,630603357.4,98561609.7,100.0,100.0,100.0,100.0,100.0,100.0
MMR,104,All International Voyages,1244079.0,43111.0,72080717.8,102661963.7,2003.7,2003.9,2009.1,2009.4,663.1,1807.6,2057.2,2437.2,67.0,235.5,428.7,472.1,22.0,85.3,69.1,76.9,7421794.7,6689478.0,732316.7,564552047.5,508802890.5,55749157.0,575391446.8,518571906.0,56819540.9,78.93540883115962,82.26853776235458,57.613148683849246,78.91101091820406,82.23424438114164,57.64875499999063
MMR,104,All Domestic Voyages,1495793.0,55373.0,9394423.9,11699982.6,2001.6,2002.7,2006.1,2006.6,222.5,777.4,494.4,532.4,27.0,173.3,206.5,213.1,17.0,86.5,76.1,84.0,1980569.6,1441793.3,538776.3,150876687.9,109920968.8,40955719.1,153773520.3,112031451.4,41742068.9,21.064591168840373,17.731462237645424,42.38685131615075,21.088989081795948,17.765755618858368,42.35124510146875
MMR,104,Int. Arr. Inventory,1181.0,374.0,26899.6,34089.9,2003.1,2005.2,2004.2,2004.0,1242.9,1938.5,1595.1,1586.2,111.0,210.3,220.4,227.6,47.0,139.0,129.1,143.9,5186.4,4068.1,1118.3,398496.9,313253.4,85243.5,406148.0,319267.9,86880.2,0.055160594022080164,0.05003030706895734,0.0879794004057925,0.055700426971322055,0.050628956578403404,0.08814811392026199
MMR,104,Int. Dep. Inventory,1214.0,381.0,23037.2,30696.3,2003.2,2005.5,2004.9,2005.0,1031.0,1586.4,1320.8,1371.7,100.0,225.5,326.6,392.9,20.0,118.3,80.2,80.8,4248.4,3558.6,689.8,325983.9,273510.6,52473.4,332242.8,278762.0,53480.8,0.04518437984794951,0.043764374212922896,0.05426825574525231,0.045564833061217974,0.04420560035540337,0.05426128911934765
MMR,104,Domestic Inventory,19.0,12.0,142.4,210.1,2003.2,2001.3,1997.2,1996.3,2096.5,2683.2,2142.6,2149.2,248.0,395.3,374.6,309.3,137.0,262.8,116.1,79.9,52.0,35.7,16.3,3931.4,2703.8,1227.6,4006.9,2755.7,1251.2,0.0005530523849198227,0.00043904573691939177,0.0012823609287440022,0.0005495189951234288,0.00043699418464275997,0.0012694597864304157
SWE,752,All Global Voyages,2739872.0,58539.0,81475141.7,114361946.3,2002.6,2002.5,2008.8,2009.1,358.8,1354.1,1507.6,1784.2,41.0,231.2,403.1,445.6,19.0,89.0,69.9,77.7,9402364.3,8131271.3,1271093.0,715428735.4,618723859.3,96704876.1,729164967.1,630603357.4,98561609.7,100.0,100.0,100.0,100.0,100.0,100.0
SWE,752,All International Voyages,1244079.0,43111.0,72080717.8,102661963.7,2003.7,2003.9,2009.1,2009.4,663.1,1807.6,2057.2,2437.2,67.0,235.5,428.7,472.1,22.0,85.3,69.1,76.9,7421794.7,6689478.0,732316.7,564552047.5,508802890.5,55749157.0,575391446.8,518571906.0,56819540.9,78.93540883115962,82.26853776235458,57.613148683849246,78.91101091820406,82.23424438114164,57.64875499999063
SWE,752,All Domestic Voyages,1495793.0,55373.0,9394423.9,11699982.6,2001.6,2002.7,2006.1,2006.6,222.5,777.4,494.4,532.4,27.0,173.3,206.5,213.1,17.0,86.5,76.1,84.0,1980569.6,1441793.3,538776.3,150876687.9,109920968.8,40955719.1,153773520.3,112031451.4,41742068.9,21.064591168840373,17.731462237645424,42.38685131615075,21.088989081795948,17.765755618858368,42.35124510146875
SWE,752,Int. Arr. Inventory,31806.0,3706.0,246302.2,224478.0,1999.4,2003.5,2003.9,2007.2,263.0,835.2,397.1,718.7,22.0,98.9,169.1,230.6,8.0,37.1,22.9,28.2,46630.6,39513.7,7116.8,3497834.9,2963521.4,534313.4,3564993.3,3020421.1,544572.3,0.4959454719277363,0.48594738193030157,0.559896089428547,0.4889145064358372,0.4789732031325211,0.5525196896211001
SWE,752,Int. Dep. Inventory,31788.0,3710.0,249556.4,227058.9,1999.3,2003.4,2003.5,2006.5,261.2,941.9,402.8,729.9,23.0,100.5,159.0,233.2,10.0,69.9,75.9,140.4,49703.7,40995.8,8707.8,3731046.2,3077621.3,653424.9,3802682.3,3136711.6,665970.6,0.528629804314219,0.5041745440224089,0.6850639567679154,0.5215119309864605,0.4974143513813142,0.6756896544476789
SWE,752,Domestic Inventory,12615.0,1371.0,37580.3,26803.6,1997.1,2000.4,2001.9,2002.6,220.0,417.7,468.1,391.2,28.0,71.0,184.3,99.6,14.0,42.8,36.4,48.2,12464.0,9663.6,2800.4,930360.1,720450.9,209909.2,948223.0,734283.5,213939.4,0.13256240241616674,0.118844884686113,0.22031432790519653,0.13004231453565676,0.11644141937770154,0.21706159289725965
NIC,558,All Global Voyages,2739872.0,58539.0,81475141.7,114361946.3,2002.6,2002.5,2008.8,2009.1,358.8,1354.1,1507.6,1784.2,41.0,231.2,403.1,445.6,19.0,89.0,69.9,77.7,9402364.3,8131271.3,1271093.0,715428735.4,618723859.3,96704876.1,729164967.1,630603357.4,98561609.7,100.0,100.0,100.0,100.0,100.0,100.0
NIC,558,All International Voyages,1244079.0,43111.0,72080717.8,102661963.7,2003.7,2003.9,2009.1,2009.4,663.1,1807.6,2057.2,2437.2,67.0,235.5,428.7,472.1,22.0,85.3,69.1,76.9,7421794.7,6689478.0,732316.7,564552047.5,508802890.5,55749157.0,575391446.8,518571906.0,56819540.9,78.93540883115962,82.26853776235458,57.613148683849246,78.91101091820406,82.23424438114164,57.64875499999063
NIC,558,All Domestic Voyages,1495793.0,55373.0,9394423.9,11699982.6,2001.6,2002.7,2006.1,2006.6,222.5,777.4,494.4,532.4,27.0,173.3,206.5,213.1,17.0,86.5,76.1,84.0,1980569.6,1441793.3,538776.3,150876687.9,109920968.8,40955719.1,153773520.3,112031451.4,41742068.9,21.064591168840373,17.731462237645424,42.38685131615075,21.088989081795948,17.765755618858368,42.35124510146875
NIC,558,Int. Arr. Inventory,591.0,273.0,11595.9,13429.2,2006.1,2007.7,2007.3,2008.1,308.6,1004.1,732.6,827.8,32.0,101.9,229.9,246.1,28.0,61.3,52.4,65.1,1909.6,1599.9,309.7,147359.3,123584.1,23775.3,150188.6,125956.9,24231.7,0.020309785273901797,0.01967589004194215,0.02436485764613604,0.020597341723276,0.019974029399292253,0.0245853330457528
NIC,558,Int. Dep. Inventory,588.0,273.0,12912.0,15406.1,2006.0,2007.4,2008.6,2009.0,627.9,1217.2,820.0,957.3,56.0,148.1,245.8,257.2,33.0,80.5,79.7,103.2,2068.1,1601.7,466.4,159308.2,123604.5,35703.7,162367.0,125977.7,36389.2,0.021995531485628564,0.019698026801786825,0.03669283050099403,0.02226752618762778,0.01997732782765549,0.0369202574011938
NIC,558,Domestic Inventory,62.0,8.0,56.3,69.9,1992.9,1994.9,2003.6,2002.6,66.6,820.6,317.0,269.4,8.0,133.1,184.4,142.7,18.0,176.9,61.0,39.1,48.6,19.9,28.7,3664.9,1512.1,2152.8,3735.2,1541.1,2194.1,0.0005168912674442959,0.00024473417828279817,0.0022578993039848384,0.0005122571939866308,0.00024438499762418167,0.002226120298439079
ABW,533,All Global Voyages,2739872.0,58539.0,81475141.7,114361946.3,2002.6,2002.5,2008.8,2009.1,358.8,1354.1,1507.6,1784.2,41.0,231.2,403.1,445.6,19.0,89.0,69.9,77.7,9402364.3,8131271.3,1271093.0,715428735.4,618723859.3,96704876.1,729164967.1,630603357.4,98561609.7,100.0,100.0,100.0,100.0,100.0,100.0
ABW,533,All International Voyages,1244079.0,43111.0,72080717.8,102661963.7,2003.7,2003.9,2009.1,2009.4,663.1,1807.6,2057.2,2437.2,67.0,235.5,428.7,472.1,22.0,85.3,69.1,76.9,7421794.7,6689478.0,732316.7,564552047.5,508802890.5,55749157.0,575391446.8,518571906.0,56819540.9,78.93540883115962,82.26853776235458,57.613148683849246,78.91101091820406,82.23424438114164,57.64875499999063
ABW,533,All Domestic Voyages,1495793.0,55373.0,9394423.9,11699982.6,2001.6,2002.7,2006.1,2006.6,222.5,777.4,494.4,532.4,27.0,173.3,206.5,213.1,17.0,86.5,76.1,84.0,1980569.6,1441793.3,538776.3,150876687.9,109920968.8,40955719.1,153773520.3,112031451.4,41742068.9,21.064591168840373,17.731462237645424,42.38685131615075,21.088989081795948,17.765755618858368,42.35124510146875
ABW,533,Int. Arr. Inventory,1140.0,468.0,46538.2,61930.9,2003.0,2005.4,2008.0,2009.7,352.2,1134.9,891.0,1562.0,40.0,173.3,589.1,812.2,15.0,103.1,76.3,95.2,6577.0,5498.2,1078.8,507361.6,424363.7,82997.8,517102.9,432511.5,84591.4,0.06995049106957066,0.0676179627655518,0.08487183864595273,0.07091713443894554,0.06858693264546835,0.08582591158715622
ABW,533,Int. Dep. Inventory,1145.0,471.0,70724.2,101839.9,2003.1,2005.4,2008.7,2009.8,423.4,1475.7,1342.6,2534.4,40.0,247.8,662.7,857.5,23.0,103.7,57.5,70.9,8757.3,7244.1,1513.3,675593.3,559776.0,115817.3,688564.7,570523.7,118041.0,0.09313933943189161,0.0890893899948954,0.11905501800419009,0.09443195039094192,0.09047267086434323,0.1197636689977883
ABW,533,Domestic Inventory,22.0,17.0,64.0,115.3,2004.0,2003.9,2006.7,2006.8,76.0,162.0,66.8,65.0,39.5,77.1,37.4,35.9,26.5,66.4,52.1,50.5,23.1,10.2,12.9,1775.9,782.9,993.1,1810.0,797.9,1012.1,0.00024568288637784433,0.0001254416391198262,0.0010148746000489344,0.000248229150009585,0.00012652961495317278,0.0010268704042888618
SOM,706,All Global Voyages,2739872.0,58539.0,81475141.7,114361946.3,2002.6,2002.5,2008.8,2009.1,358.8,1354.1,1507.6,1784.2,41.0,231.2,403.1,445.6,19.0,89.0,69.9,77.7,9402364.3,8131271.3,1271093.0,715428735.4,618723859.3,96704876.1,729164967.1,630603357.4,98561609.7,100.0,100.0,100.0,100.0,100.0,100.0
SOM,706,All International Voyages,1244079.0,43111.0,72080717.8,102661963.7,2003.7,2003.9,2009.1,2009.4,663.1,1807.6,2057.2,2437.2,67.0,235.5,428.7,472.1,22.0,85.3,69.1,76.9,7421794.7,6689478.0,732316.7,564552047.5,508802890.5,55749157.0,575391446.8,518571906.0,56819540.9,78.93540883115962,82.26853776235458,57.613148683849246,78.91101091820406,82.23424438114164,57.64875499999063
SOM,706,All Domestic Voyages,1495793.0,55373.0,9394423.9,11699982.6,2001.6,2002.7,2006.1,2006.6,222.5,777.4,494.4,532.4,27.0,173.3,206.5,213.1,17.0,86.5,76.1,84.0,1980569.6,1441793.3,538776.3,150876687.9,109920968.8,40955719.1,153773520.3,112031451.4,41742068.9,21.064591168840373,17.731462237645424,42.38685131615075,21.088989081795948,17.765755618858368,42.35124510146875
SOM,706,Int. Arr. Inventory,521.0,163.0,6923.1,9357.9,1991.4,1992.1,1996.3,1996.2,990.2,1582.3,1221.8,1233.1,138.0,239.2,222.9,231.5,74.0,230.4,143.3,150.6,1863.7,1345.0,518.7,142549.6,103335.2,39214.5,145286.6,105319.2,39967.4,0.019821610187982185,0.016541078883937868,0.04080739961592111,0.019925065870598106,0.01670133829198671,0.040550677004618764
SOM,706,Int. Dep. Inventory,512.0,158.0,8545.0,11549.3,1991.5,1992.3,1995.8,1995.7,1151.2,1486.1,1503.8,1520.2,135.0,235.0,228.6,238.2,42.5,120.2,83.6,87.4,1823.0,1528.2,294.9,139815.4,117488.4,22327.0,142499.9,119744.2,22755.7,0.019388740340554555,0.018794109108129255,0.023200505391816333,0.019542888979807105,0.018988830077548206,0.023087792568793647
SOM,706,Domestic Inventory,101.0,30.0,317.5,422.1,1994.4,1992.1,1994.5,1994.9,262.2,334.4,325.4,332.6,33.0,77.1,95.5,91.5,63.0,117.7,116.0,123.5,146.3,71.2,75.1,11148.2,5430.6,5717.6,11362.2,5534.8,5827.4,0.0015559916137263476,0.0008756318338560418,0.005908300966176353,0.0015582482034469096,0.0008776991011941606,0.00591244402129524
SXM,534,All Global Voyages,2739872.0,58539.0,81475141.7,114361946.3,2002.6,2002.5,2008.8,2009.1,358.8,1354.1,1507.6,1784.2,41.0,231.2,403.1,445.6,19.0,89.0,69.9,77.7,9402364.3,8131271.3,1271093.0,715428735.4,618723859.3,96704876.1,729164967.1,630603357.4,98561609.7,100.0,100.0,100.0,100.0,100.0,100.0
SXM,534,All International Voyages,1244079.0,43111.0,72080717.8,102661963.7,2003.7,2003.9,2009.1,2009.4,663.1,1807.6,2057.2,2437.2,67.0,235.5,428.7,472.1,22.0,85.3,69.1,76.9,7421794.7,6689478.0,732316.7,564552047.5,508802890.5,55749157.0,575391446.8,518571906.0,56819540.9,78.93540883115962,82.26853776235458,57.613148683849246,78.91101091820406,82.23424438114164,57.64875499999063
SXM,534,All Domestic Voyages,1495793.0,55373.0,9394423.9,11699982.6,2001.6,2002.7,2006.1,2006.6,222.5,777.4,494.4,532.4,27.0,173.3,206.5,213.1,17.0,86.5,76.1,84.0,1980569.6,1441793.3,538776.3,150876687.9,109920968.8,40955719.1,153773520.3,112031451.4,41742068.9,21.064591168840373,17.731462237645424,42.38685131615075,21.088989081795948,17.765755618858368,42.35124510146875
SXM,534,Int. Arr. Inventory,1496.0,215.0,41363.7,10115.7,1999.3,2000.1,2010.0,2009.7,146.1,657.0,669.6,835.7,21.0,79.8,85.3,129.6,9.0,23.6,15.7,15.3,7254.9,6494.3,760.5,559861.8,501241.4,58620.3,570611.1,510865.3,59745.8,0.0771603797568235,0.0798681996995968,0.059830397933117396,0.07825541897184216,0.08101214400543565,0.06061771939587144
SXM,534,Int. Dep. Inventory,1494.0,214.0,33304.1,5847.3,1999.3,2000.1,2008.4,2007.0,187.6,594.7,537.7,481.4,18.0,70.1,71.0,68.1,9.0,37.1,11.9,23.2,6245.8,5511.1,734.6,480628.5,424967.9,55660.6,489856.6,433127.3,56729.3,0.06642797280254287,0.06777660954443865,0.057792781488057915,0.06718049030087583,0.06868458515441453,0.057557197140622594
SXM,534,Domestic Inventory,5.0,4.0,4.3,5.2,2008.6,2008.0,2011.0,2010.8,352.5,524.2,247.3,223.5,20.0,209.9,29.4,22.7,11.0,54.5,17.1,13.8,3.6,2.3,1.3,273.9,175.8,98.1,279.1,179.2,99.9,3.8288242032910807e-05,2.8285859801529434e-05,0.00010227418450105539,3.8276660645124406e-05,2.841722897557158e-05,0.00010135792252589397
CCK,166,All Global Voyages,2739872.0,58539.0,81475141.7,114361946.3,2002.6,2002.5,2008.8,2009.1,358.8,1354.1,1507.6,1784.2,41.0,231.2,403.1,445.6,19.0,89.0,69.9,77.7,9402364.3,8131271.3,1271093.0,715428735.4,618723859.3,96704876.1,729164967.1,630603357.4,98561609.7,100.0,100.0,100.0,100.0,100.0,100.0
CCK,166,All International Voyages,1244079.0,43111.0,72080717.8,102661963.7,2003.7,2003.9,2009.1,2009.4,663.1,1807.6,2057.2,2437.2,67.0,235.5,428.7,472.1,22.0,85.3,69.1,76.9,7421794.7,6689478.0,732316.7,564552047.5,508802890.5,55749157.0,575391446.8,518571906.0,56819540.9,78.93540883115962,82.26853776235458,57.613148683849246,78.91101091820406,82.23424438114164,57.64875499999063
CCK,166,All Domestic Voyages,1495793.0,55373.0,9394423.9,11699982.6,2001.6,2002.7,2006.1,2006.6,222.5,777.4,494.4,532.4,27.0,173.3,206.5,213.1,17.0,86.5,76.1,84.0,1980569.6,1441793.3,538776.3,150876687.9,109920968.8,40955719.1,153773520.3,112031451.4,41742068.9,21.064591168840373,17.731462237645424,42.38685131615075,21.088989081795948,17.765755618858368,42.35124510146875
CCK,166,Int. Arr. Inventory,13.0,4.0,128.0,204.7,2008.9,2011.5,2012.6,2013.3,1592.1,1798.7,1568.4,1581.2,140.0,163.1,143.1,142.3,51.0,27.6,23.1,18.8,23.3,22.0,1.3,1768.5,1670.4,98.0,1802.4,1702.5,99.9,0.00024781001093522826,0.0002705603981015859,0.00010227418450105539,0.00024718686186589835,0.0002699795330965994,0.00010135792252589397
CCK,166,Int. Dep. Inventory,13.0,4.0,198.3,342.0,2008.9,2011.5,2014.6,2015.0,603.1,3822.8,2430.5,2642.3,71.0,221.4,326.5,337.6,25.0,224.2,151.5,138.2,24.0,19.3,4.7,1836.5,1480.9,355.6,1871.8,1509.3,362.5,0.000255254946886072,0.0002373552583345731,0.00036976051319612336,0.0002567045983358791,0.0002393422081073113,0.00036779025941578145
CCK,166,Domestic Inventory,,,,,,,,,,,,,,,,,,,,,,,,,,,,,,,,,,,
CUB,192,All Global Voyages,2739872.0,58539.0,81475141.7,114361946.3,2002.6,2002.5,2008.8,2009.1,358.8,1354.1,1507.6,1784.2,41.0,231.2,403.1,445.6,19.0,89.0,69.9,77.7,9402364.3,8131271.3,1271093.0,715428735.4,618723859.3,96704876.1,729164967.1,630603357.4,98561609.7,100.0,100.0,100.0,100.0,100.0,100.0
CUB,192,All International Voyages,1244079.0,43111.0,72080717.8,102661963.7,2003.7,2003.9,2009.1,2009.4,663.1,1807.6,2057.2,2437.2,67.0,235.5,428.7,472.1,22.0,85.3,69.1,76.9,7421794.7,6689478.0,732316.7,564552047.5,508802890.5,55749157.0,575391446.8,518571906.0,56819540.9,78.93540883115962,82.26853776235458,57.613148683849246,78.91101091820406,82.23424438114164,57.64875499999063
CUB,192,All Domestic Voyages,1495793.0,55373.0,9394423.9,11699982.6,2001.6,2002.7,2006.1,2006.6,222.5,777.4,494.4,532.4,27.0,173.3,206.5,213.1,17.0,86.5,76.1,84.0,1980569.6,1441793.3,538776.3,150876687.9,109920968.8,40955719.1,153773520.3,112031451.4,41742068.9,21.064591168840373,17.731462237645424,42.38685131615075,21.088989081795948,17.765755618858368,42.35124510146875
CUB,192,Int. Arr. Inventory,1170.0,409.0,39965.2,50159.2,2001.2,2002.3,2004.6,2005.9,836.4,2424.8,1328.4,2221.9,67.0,249.0,365.4,407.6,27.0,98.6,103.5,125.1,6872.1,5716.4,1155.7,529046.5,440240.2,88806.3,539204.2,448692.8,90511.4,0.07308906335399065,0.07030142998672298,0.09092175002143824,0.07394817693237472,0.07115293547595057,0.09183230699609808
CUB,192,Int. Dep. Inventory,1175.0,407.0,32688.8,36251.6,2001.3,2002.2,2003.5,2005.3,770.6,1414.1,1077.0,1585.1,75.0,219.5,297.9,394.1,22.0,75.8,53.2,65.4,6148.6,5141.3,1007.3,473069.1,396161.0,76908.1,482152.0,403767.2,78384.8,0.06539419026765428,0.06322873521634927,0.07924675849839469,0.06612385698089582,0.0640287107992489,0.07952873358966661
CUB,192,Domestic Inventory,1701.0,225.0,15505.7,22244.5,1999.2,2001.7,2000.6,2001.2,483.9,817.2,643.4,660.8,48.0,170.4,176.5,186.9,41.0,129.1,84.7,88.9,4149.4,2699.9,1449.4,318641.7,207813.0,110828.7,324759.6,211803.0,112956.6,0.044131453192044465,0.033203909947021444,0.11402784847371515,0.04453856324058166,0.03358735685665729,0.11460506818406803
KAZ,398,All Global Voyages,2739872.0,58539.0,81475141.7,114361946.3,2002.6,2002.5,2008.8,2009.1,358.8,1354.1,1507.6,1784.2,41.0,231.2,403.1,445.6,19.0,89.0,69.9,77.7,9402364.3,8131271.3,1271093.0,715428735.4,618723859.3,96704876.1,729164967.1,630603357.4,98561609.7,100.0,100.0,100.0,100.0,100.0,100.0
KAZ,398,All International Voyages,1244079.0,43111.0,72080717.8,102661963.7,2003.7,2003.9,2009.1,2009.4,663.1,1807.6,2057.2,2437.2,67.0,235.5,428.7,472.1,22.0,85.3,69.1,76.9,7421794.7,6689478.0,732316.7,564552047.5,508802890.5,55749157.0,575391446.8,518571906.0,56819540.9,78.93540883115962,82.26853776235458,57.613148683849246,78.91101091820406,82.23424438114164,57.64875499999063
KAZ,398,All Domestic Voyages,1495793.0,55373.0,9394423.9,11699982.6,2001.6,2002.7,2006.1,2006.6,222.5,777.4,494.4,532.4,27.0,173.3,206.5,213.1,17.0,86.5,76.1,84.0,1980569.6,1441793.3,538776.3,150876687.9,109920968.8,40955719.1,153773520.3,112031451.4,41742068.9,21.064591168840373,17.731462237645424,42.38685131615075,21.088989081795948,17.765755618858368,42.35124510146875
KAZ,398,Int. Arr. Inventory,1348.0,243.0,2772.6,2687.4,1997.7,1996.5,1998.3,1999.8,306.6,519.3,382.2,383.2,42.0,207.5,135.9,130.8,52.0,109.7,95.8,107.0,1044.6,600.6,444.0,79112.4,45554.1,33558.3,80631.3,46428.7,34202.6,0.011109971563216284,0.007386298868173297,0.03493056762959122,0.011058032631584449,0.0073625836994314735,0.03470174655639781
KAZ,398,Int. Dep. Inventory,1320.0,230.0,3468.7,3548.3,1997.6,1995.9,1998.7,2000.1,398.8,579.6,484.7,512.8,59.0,200.3,179.0,187.1,34.0,94.6,76.0,84.8,1121.6,762.8,358.8,84970.2,57836.4,27133.8,86601.7,58946.9,27654.8,0.011928914517809098,0.009381066894176806,0.02822767492229129,0.011876832254356394,0.009347698407924779,0.02805838914783876
KAZ,398,Domestic Inventory,106.0,36.0,105.2,132.0,2011.2,2004.4,2013.8,2014.4,204.2,561.2,363.2,339.4,132.0,765.6,487.1,319.6,64.0,107.5,90.5,91.5,128.0,85.8,42.2,9614.0,6445.8,3168.2,9798.6,6569.6,3229.0,0.0013613597167257175,0.001055185552596185,0.0033199773738034903,0.0013438111322010605,0.0010417959122651509,0.003276123441802919
NGA,566,All Global Voyages,2739872.0,58539.0,81475141.7,114361946.3,2002.6,2002.5,2008.8,2009.1,358.8,1354.1,1507.6,1784.2,41.0,231.2,403.1,445.6,19.0,89.0,69.9,77.7,9402364.3,8131271.3,1271093.0,715428735.4,618723859.3,96704876.1,729164967.1,630603357.4,98561609.7,100.0,100.0,100.0,100.0,100.0,100.0
NGA,566,All International Voyages,1244079.0,43111.0,72080717.8,102661963.7,2003.7,2003.9,2009.1,2009.4,663.1,1807.6,2057.2,2437.2,67.0,235.5,428.7,472.1,22.0,85.3,69.1,76.9,7421794.7,6689478.0,732316.7,564552047.5,508802890.5,55749157.0,575391446.8,518571906.0,56819540.9,78.93540883115962,82.26853776235458,57.613148683849246,78.91101091820406,82.23424438114164,57.64875499999063
NGA,566,All Domestic Voyages,1495793.0,55373.0,9394423.9,11699982.6,2001.6,2002.7,2006.1,2006.6,222.5,777.4,494.4,532.4,27.0,173.3,206.5,213.1,17.0,86.5,76.1,84.0,1980569.6,1441793.3,538776.3,150876687.9,109920968.8,40955719.1,153773520.3,112031451.4,41742068.9,21.064591168840373,17.731462237645424,42.38685131615075,21.088989081795948,17.765755618858368,42.35124510146875
NGA,566,Int. Arr. Inventory,4112.0,1845.0,527234.5,755037.6,2006.0,2007.5,2009.5,2009.5,949.5,3149.5,3639.1,3759.2,147.5,359.0,538.1,556.3,42.5,126.6,76.1,80.7,52402.7,48029.6,4373.1,3756007.1,3423522.1,332485.0,3828122.4,3489253.7,338868.7,0.5573353502161152,0.5906776225754514,0.3440424894165887,0.5250008671185925,0.5533198735868323,0.3438140884990031
NGA,566,Int. Dep. Inventory,4021.0,1771.0,503989.5,683039.3,2005.9,2007.2,2009.6,2009.6,603.1,2591.0,3514.5,3455.1,129.0,334.7,504.8,525.2,31.0,84.3,53.9,60.5,54895.4,50201.8,4693.6,3867014.2,3508578.1,358436.1,3941260.9,3575942.8,365318.0,0.58384676713707,0.6173917724280089,0.3692570095185797,0.5405170404270784,0.5670668825398804,0.3706493847979433
NGA,566,Domestic Inventory,9489.0,838.0,25618.4,38617.3,2005.9,2004.3,2004.8,2004.6,194.7,664.3,415.5,421.7,50.0,231.5,483.0,472.1,24.0,135.2,124.5,116.5,12790.0,8092.2,4697.9,972742.6,615740.2,357002.4,991419.3,627562.5,363856.8,0.13602961544470255,0.09951949334171153,0.3695953010519293,0.1359663923437004,0.09951778604342712,0.36916686030950646
TUV,798,All Global Voyages,2739872.0,58539.0,81475141.7,114361946.3,2002.6,2002.5,2008.8,2009.1,358.8,1354.1,1507.6,1784.2,41.0,231.2,403.1,445.6,19.0,89.0,69.9,77.7,9402364.3,8131271.3,1271093.0,715428735.4,618723859.3,96704876.1,729164967.1,630603357.4,98561609.7,100.0,100.0,100.0,100.0,100.0,100.0
TUV,798,All International Voyages,1244079.0,43111.0,72080717.8,102661963.7,2003.7,2003.9,2009.1,2009.4,663.1,1807.6,2057.2,2437.2,67.0,235.5,428.7,472.1,22.0,85.3,69.1,76.9,7421794.7,6689478.0,732316.7,564552047.5,508802890.5,55749157.0,575391446.8,518571906.0,56819540.9,78.93540883115962,82.26853776235458,57.613148683849246,78.91101091820406,82.23424438114164,57.64875499999063
TUV,798,All Domestic Voyages,1495793.0,55373.0,9394423.9,11699982.6,2001.6,2002.7,2006.1,2006.6,222.5,777.4,494.4,532.4,27.0,173.3,206.5,213.1,17.0,86.5,76.1,84.0,1980569.6,1441793.3,538776.3,150876687.9,109920968.8,40955719.1,153773520.3,112031451.4,41742068.9,21.064591168840373,17.731462237645424,42.38685131615075,21.088989081795948,17.765755618858368,42.35124510146875
TUV,798,Int. Arr. Inventory,144.0,83.0,1874.5,2068.1,1997.6,1996.0,1997.1,1997.0,4076.9,6715.0,4186.3,4063.8,357.5,714.2,951.3,981.7,97.5,275.8,353.7,334.0,1068.7,754.4,314.3,80805.9,57202.6,23603.4,82357.4,58300.8,24056.6,0.011366290072381048,0.009277762014901655,0.024726750914370547,0.011294755469060438,0.00924524097689176,0.02440767766803224
TUV,798,Int. Dep. Inventory,144.0,80.0,1718.6,1851.8,1997.0,1995.4,1994.7,1994.5,3684.2,6232.6,3777.2,3571.1,399.0,668.5,1117.3,957.5,90.0,192.2,258.8,224.6,923.5,744.6,178.9,69902.0,56462.2,13439.8,71244.1,57546.3,13697.8,0.009821997643720314,0.009157239655747312,0.014074501236337546,0.009770642202319268,0.00912559365958111,0.01389770321496687
TUV,798,Domestic Inventory,,,,,,,,,,,,,,,,,,,,,,,,,,,,,,,,,,,
GRD,308,All Global Voyages,2739872.0,58539.0,81475141.7,114361946.3,2002.6,2002.5,2008.8,2009.1,358.8,1354.1,1507.6,1784.2,41.0,231.2,403.1,445.6,19.0,89.0,69.9,77.7,9402364.3,8131271.3,1271093.0,715428735.4,618723859.3,96704876.1,729164967.1,630603357.4,98561609.7,100.0,100.0,100.0,100.0,100.0,100.0
GRD,308,All International Voyages,1244079.0,43111.0,72080717.8,102661963.7,2003.7,2003.9,2009.1,2009.4,663.1,1807.6,2057.2,2437.2,67.0,235.5,428.7,472.1,22.0,85.3,69.1,76.9,7421794.7,6689478.0,732316.7,564552047.5,508802890.5,55749157.0,575391446.8,518571906.0,56819540.9,78.93540883115962,82.26853776235458,57.613148683849246,78.91101091820406,82.23424438114164,57.64875499999063
GRD,308,All Domestic Voyages,1495793.0,55373.0,9394423.9,11699982.6,2001.6,2002.7,2006.1,2006.6,222.5,777.4,494.4,532.4,27.0,173.3,206.5,213.1,17.0,86.5,76.1,84.0,1980569.6,1441793.3,538776.3,150876687.9,109920968.8,40955719.1,153773520.3,112031451.4,41742068.9,21.064591168840373,17.731462237645424,42.38685131615075,21.088989081795948,17.765755618858368,42.35124510146875
GRD,308,Int. Arr. Inventory,730.0,157.0,3932.5,1432.4,1996.4,1998.6,2006.7,2007.3,145.6,352.4,225.3,252.1,15.0,43.2,55.5,173.2,10.0,29.6,11.9,21.9,1010.8,747.6,263.1,77693.6,57611.1,20082.5,79185.3,58717.2,20468.1,0.0107504875130184,0.009194134255488437,0.02069872149402129,0.01085972359793038,0.009311272975471158,0.020766807748270773
GRD,308,Int. Dep. Inventory,724.0,155.0,5227.4,2299.9,1996.5,1999.1,2007.0,2008.1,148.6,849.1,299.6,410.4,17.0,89.5,84.8,183.1,11.0,30.3,14.6,20.2,1349.2,1091.4,257.8,103602.3,83929.7,19672.6,105591.4,85541.2,20050.3,0.014349582264112018,0.013422255385821404,0.020281757511055445,0.014481140038851984,0.013564976937752026,0.020342910450659977
GRD,308,Domestic Inventory,,,,,,,,,,,,,,,,,,,,,,,,,,,,,,,,,,,
TCA,796,All Global Voyages,2739872.0,58539.0,81475141.7,114361946.3,2002.6,2002.5,2008.8,2009.1,358.8,1354.1,1507.6,1784.2,41.0,231.2,403.1,445.6,19.0,89.0,69.9,77.7,9402364.3,8131271.3,1271093.0,715428735.4,618723859.3,96704876.1,729164967.1,630603357.4,98561609.7,100.0,100.0,100.0,100.0,100.0,100.0
TCA,796,All International Voyages,1244079.0,43111.0,72080717.8,102661963.7,2003.7,2003.9,2009.1,2009.4,663.1,1807.6,2057.2,2437.2,67.0,235.5,428.7,472.1,22.0,85.3,69.1,76.9,7421794.7,6689478.0,732316.7,564552047.5,508802890.5,55749157.0,575391446.8,518571906.0,56819540.9,78.93540883115962,82.26853776235458,57.613148683849246,78.91101091820406,82.23424438114164,57.64875499999063
TCA,796,All Domestic Voyages,1495793.0,55373.0,9394423.9,11699982.6,2001.6,2002.7,2006.1,2006.6,222.5,777.4,494.4,532.4,27.0,173.3,206.5,213.1,17.0,86.5,76.1,84.0,1980569.6,1441793.3,538776.3,150876687.9,109920968.8,40955719.1,153773520.3,112031451.4,41742068.9,21.064591168840373,17.731462237645424,42.38685131615075,21.088989081795948,17.765755618858368,42.35124510146875
TCA,796,Int. Arr. Inventory,673.0,79.0,17618.9,2641.6,1997.3,1998.7,2005.8,2005.7,534.2,721.0,587.8,714.1,47.0,103.6,57.2,203.4,8.0,19.5,7.4,16.7,3956.8,3689.2,267.6,304610.0,283997.6,20612.3,310458.5,289450.4,21008.1,0.04208303224328375,0.04537051912165321,0.021052747517294173,0.042577264954834666,0.04590054851490393,0.021314688410572904
TCA,796,Int. Dep. Inventory,670.0,81.0,16158.8,2309.0,1997.4,1999.0,2005.0,2004.9,525.3,613.4,537.7,620.6,41.0,65.8,52.4,125.7,9.0,37.0,10.0,27.5,3844.6,3522.0,322.6,296180.8,271699.6,24481.2,301867.5,276916.2,24951.2,0.040889715366591355,0.043314260096081164,0.02537973224618498,0.04139906792293834,0.04391289655382352,0.025315333298579438
TCA,796,Domestic Inventory,108.0,14.0,25.5,35.6,1996.6,1994.7,1998.0,1997.3,113.2,150.5,138.8,138.2,14.0,25.9,25.1,23.0,6.0,32.3,27.7,30.1,20.9,11.1,9.8,1572.9,837.1,735.8,1603.1,853.1,749.9,0.00022228451624662106,0.00013651001904216382,0.0007709900062387253,0.00021985422672948378,0.00013528313637868367,0.0007608439049266055
ISL,352,All Global Voyages,2739872.0,58539.0,81475141.7,114361946.3,2002.6,2002.5,2008.8,2009.1,358.8,1354.1,1507.6,1784.2,41.0,231.2,403.1,445.6,19.0,89.0,69.9,77.7,9402364.3,8131271.3,1271093.0,715428735.4,618723859.3,96704876.1,729164967.1,630603357.4,98561609.7,100.0,100.0,100.0,100.0,100.0,100.0
ISL,352,All International Voyages,1244079.0,43111.0,72080717.8,102661963.7,2003.7,2003.9,2009.1,2009.4,663.1,1807.6,2057.2,2437.2,67.0,235.5,428.7,472.1,22.0,85.3,69.1,76.9,7421794.7,6689478.0,732316.7,564552047.5,508802890.5,55749157.0,575391446.8,518571906.0,56819540.9,78.93540883115962,82.26853776235458,57.613148683849246,78.91101091820406,82.23424438114164,57.64875499999063
ISL,352,All Domestic Voyages,1495793.0,55373.0,9394423.9,11699982.6,2001.6,2002.7,2006.1,2006.6,222.5,777.4,494.4,532.4,27.0,173.3,206.5,213.1,17.0,86.5,76.1,84.0,1980569.6,1441793.3,538776.3,150876687.9,109920968.8,40955719.1,153773520.3,112031451.4,41742068.9,21.064591168840373,17.731462237645424,42.38685131615075,21.088989081795948,17.765755618858368,42.35124510146875
ISL,352,Int. Arr. Inventory,1612.0,567.0,20713.2,19918.4,2000.0,1999.9,2004.7,2007.6,1105.2,1748.2,1215.4,1653.9,98.0,226.9,256.2,328.9,24.0,91.8,90.8,114.2,4977.0,4458.2,518.8,380118.7,340780.4,39338.3,387416.9,347323.4,40093.6,0.05293349461049919,0.05482783485529501,0.040815266860882715,0.05313158441234717,0.05507794970074798,0.04067871874458641
ISL,352,Int. Dep. Inventory,1614.0,571.0,17305.3,13847.9,1999.9,1999.7,2003.3,2005.9,998.0,1665.9,1012.8,1141.2,89.0,207.3,186.7,202.7,14.0,107.0,73.3,69.9,4416.9,3981.4,435.5,337139.0,304282.9,32856.0,343612.0,310125.1,33486.9,0.04697648228754548,0.04896405313643883,0.03426185180785356,0.04712404126690249,0.04917910701881715,0.03397560176008367
ISL,352,Domestic Inventory,3484.0,419.0,7321.4,4096.9,1992.6,1995.7,1999.9,2000.4,269.8,789.5,397.6,457.0,35.0,157.5,512.4,520.0,11.0,62.1,172.8,204.4,3554.0,2621.7,932.3,269221.9,198797.1,70424.8,274391.0,202614.0,71777.0,0.0377990033847125,0.03224219071376944,0.07334632477717995,0.03763085342556908,0.032130180980225784,0.07282450055196288
MAR,504,All Global Voyages,2739872.0,58539.0,81475141.7,114361946.3,2002.6,2002.5,2008.8,2009.1,358.8,1354.1,1507.6,1784.2,41.0,231.2,403.1,445.6,19.0,89.0,69.9,77.7,9402364.3,8131271.3,1271093.0,715428735.4,618723859.3,96704876.1,729164967.1,630603357.4,98561609.7,100.0,100.0,100.0,100.0,100.0,100.0
MAR,504,All International Voyages,1244079.0,43111.0,72080717.8,102661963.7,2003.7,2003.9,2009.1,2009.4,663.1,1807.6,2057.2,2437.2,67.0,235.5,428.7,472.1,22.0,85.3,69.1,76.9,7421794.7,6689478.0,732316.7,564552047.5,508802890.5,55749157.0,575391446.8,518571906.0,56819540.9,78.93540883115962,82.26853776235458,57.613148683849246,78.91101091820406,82.23424438114164,57.64875499999063
MAR,504,All Domestic Voyages,1495793.0,55373.0,9394423.9,11699982.6,2001.6,2002.7,2006.1,2006.6,222.5,777.4,494.4,532.4,27.0,173.3,206.5,213.1,17.0,86.5,76.1,84.0,1980569.6,1441793.3,538776.3,150876687.9,109920968.8,40955719.1,153773520.3,112031451.4,41742068.9,21.064591168840373,17.731462237645424,42.38685131615075,21.088989081795948,17.765755618858368,42.35124510146875
MAR,504,Int. Arr. Inventory,8232.0,2968.0,408803.2,469529.0,2005.0,2006.4,2010.4,2010.7,755.8,1696.1,1772.8,1914.6,75.0,177.6,277.6,282.2,24.0,95.9,52.8,67.2,47623.0,43207.7,4415.3,3671407.4,3333494.7,337912.6,3741898.4,3397497.8,344400.6,0.5065002639814753,0.5313769324115406,0.34736246679039223,0.5131758338421137,0.5387693801707628,0.34942672004676073
MAR,504,Int. Dep. Inventory,8234.0,2972.0,379220.1,421775.8,2005.0,2006.4,2010.3,2010.6,672.3,1577.4,1641.6,1717.6,72.0,193.0,249.5,278.5,19.0,61.0,44.0,51.8,43449.7,40082.9,3366.8,3350225.4,3093521.8,256703.6,3414549.8,3152917.4,261632.3,0.46211461940482346,0.4929475173211845,0.2648744033678102,0.4682822069167946,0.49998423937982034,0.26545051445116563
MAR,504,Domestic Inventory,2114.0,638.0,7983.4,9797.5,2002.0,2004.3,2004.8,2005.8,274.0,430.6,321.8,318.6,30.0,115.4,154.9,150.4,27.0,71.6,79.0,77.1,2403.7,1513.7,890.0,183338.0,115718.9,67619.0,186858.1,117940.8,68917.3,0.025564846492918805,0.018615785209380484,0.07001848015841484,0.02562631344497571,0.018702849995324178,0.06992306660754548
TWN,158,All Global Voyages,2739872.0,58539.0,81475141.7,114361946.3,2002.6,2002.5,2008.8,2009.1,358.8,1354.1,1507.6,1784.2,41.0,231.2,403.1,445.6,19.0,89.0,69.9,77.7,9402364.3,8131271.3,1271093.0,715428735.4,618723859.3,96704876.1,729164967.1,630603357.4,98561609.7,100.0,100.0,100.0,100.0,100.0,100.0
TWN,158,All International Voyages,1244079.0,43111.0,72080717.8,102661963.7,2003.7,2003.9,2009.1,2009.4,663.1,1807.6,2057.2,2437.2,67.0,235.5,428.7,472.1,22.0,85.3,69.1,76.9,7421794.7,6689478.0,732316.7,564552047.5,508802890.5,55749157.0,575391446.8,518571906.0,56819540.9,78.93540883115962,82.26853776235458,57.613148683849246,78.91101091820406,82.23424438114164,57.64875499999063
TWN,158,All Domestic Voyages,1495793.0,55373.0,9394423.9,11699982.6,2001.6,2002.7,2006.1,2006.6,222.5,777.4,494.4,532.4,27.0,173.3,206.5,213.1,17.0,86.5,76.1,84.0,1980569.6,1441793.3,538776.3,150876687.9,109920968.8,40955719.1,153773520.3,112031451.4,41742068.9,21.064591168840373,17.731462237645424,42.38685131615075,21.088989081795948,17.765755618858368,42.35124510146875
TWN,158,Int. Arr. Inventory,19950.0,5264.0,1198587.2,1645084.0,2005.8,2007.2,2008.9,2009.0,835.0,2205.1,2010.7,2216.0,66.0,211.8,427.5,473.8,16.0,68.4,51.1,57.7,127062.1,117349.2,9712.9,9569501.0,8831018.5,738482.4,9753235.4,9000574.1,752661.3,1.3513845661138657,1.4431839213137556,0.7641376358771546,1.3375896868427595,1.4272956200407316,0.7636455028392257
TWN,158,Int. Dep. Inventory,19997.0,5282.0,912924.2,1208228.0,2005.8,2007.2,2008.7,2008.7,698.4,1821.2,1526.3,1619.9,67.0,203.8,297.5,308.7,18.0,71.9,76.0,80.6,107056.5,95216.6,11840.0,8090995.0,7200062.3,890932.7,8246342.1,7338303.5,908038.6,1.1386125508878655,1.1709927819036121,0.9314818034557659,1.1309295525808043,1.1636955962708613,0.9212903510442565
TWN,158,Domestic Inventory,12314.0,1731.0,98999.7,152279.1,2002.3,2005.5,2001.9,2001.8,207.1,770.6,474.7,509.3,17.0,123.7,675.1,732.9,15.0,69.2,154.2,171.3,21109.7,14452.4,6657.3,1614578.0,1105352.3,509225.8,1645577.9,1126575.0,519002.9,0.2245148063450381,0.17773850443288,0.5237460988299047,0.2256797808793137,0.17865033333233568,0.5265771344235666
BES,535,All Global Voyages,2739872.0,58539.0,81475141.7,114361946.3,2002.6,2002.5,2008.8,2009.1,358.8,1354.1,1507.6,1784.2,41.0,231.2,403.1,445.6,19.0,89.0,69.9,77.7,9402364.3,8131271.3,1271093.0,715428735.4,618723859.3,96704876.1,729164967.1,630603357.4,98561609.7,100.0,100.0,100.0,100.0,100.0,100.0
BES,535,All International Voyages,1244079.0,43111.0,72080717.8,102661963.7,2003.7,2003.9,2009.1,2009.4,663.1,1807.6,2057.2,2437.2,67.0,235.5,428.7,472.1,22.0,85.3,69.1,76.9,7421794.7,6689478.0,732316.7,564552047.5,508802890.5,55749157.0,575391446.8,518571906.0,56819540.9,78.93540883115962,82.26853776235458,57.613148683849246,78.91101091820406,82.23424438114164,57.64875499999063
BES,535,All Domestic Voyages,1495793.0,55373.0,9394423.9,11699982.6,2001.6,2002.7,2006.1,2006.6,222.5,777.4,494.4,532.4,27.0,173.3,206.5,213.1,17.0,86.5,76.1,84.0,1980569.6,1441793.3,538776.3,150876687.9,109920968.8,40955719.1,153773520.3,112031451.4,41742068.9,21.064591168840373,17.731462237645424,42.38685131615075,21.088989081795948,17.765755618858368,42.35124510146875
BES,535,Int. Arr. Inventory,1239.0,506.0,80070.1,131889.0,2002.3,2006.7,2011.7,2011.8,313.1,1802.2,1968.2,3024.2,39.0,195.5,802.3,857.3,12.0,45.3,40.0,42.2,7796.2,6605.1,1191.1,586708.4,494674.4,92034.0,597973.2,504172.2,93801.1,0.08291744237138311,0.08123084025003569,0.09370675473785159,0.08200794428978539,0.0799507636747638,0.09517001628271905
BES,535,Int. Dep. Inventory,1245.0,511.0,92527.4,155269.2,2002.3,2006.7,2010.9,2011.3,407.5,2096.2,2256.6,3503.2,44.0,232.5,760.1,838.4,23.0,76.9,74.5,80.8,10131.2,8139.2,1991.9,776252.4,622783.7,153468.8,791156.5,634741.1,156415.4,0.10775162157884055,0.10009750873765581,0.15670765239050172,0.10850171575666198,0.10065615613228894,0.1586980980486158
BES,535,Domestic Inventory,45.0,21.0,1762.3,3309.7,2000.3,2001.3,2011.3,2011.4,287.1,479.9,892.2,919.1,78.0,136.8,278.5,276.9,46.0,75.6,390.3,389.9,267.9,110.7,157.3,20725.1,8554.0,12171.0,21123.0,8718.3,12404.7,0.002849283344615779,0.0013614107304475256,0.012375176324627705,0.002896875323564897,0.00138253307688463,0.012585731947517087
CHN,156,All Global Voyages,2739872.0,58539.0,81475141.7,114361946.3,2002.6,2002.5,2008.8,2009.1,358.8,1354.1,1507.6,1784.2,41.0,231.2,403.1,445.6,19.0,89.0,69.9,77.7,9402364.3,8131271.3,1271093.0,715428735.4,618723859.3,96704876.1,729164967.1,630603357.4,98561609.7,100.0,100.0,100.0,100.0,100.0,100.0
CHN,156,All International Voyages,1244079.0,43111.0,72080717.8,102661963.7,2003.7,2003.9,2009.1,2009.4,663.1,1807.6,2057.2,2437.2,67.0,235.5,428.7,472.1,22.0,85.3,69.1,76.9,7421794.7,6689478.0,732316.7,564552047.5,508802890.5,55749157.0,575391446.8,518571906.0,56819540.9,78.93540883115962,82.26853776235458,57.613148683849246,78.91101091820406,82.23424438114164,57.64875499999063
CHN,156,All Domestic Voyages,1495793.0,55373.0,9394423.9,11699982.6,2001.6,2002.7,2006.1,2006.6,222.5,777.4,494.4,532.4,27.0,173.3,206.5,213.1,17.0,86.5,76.1,84.0,1980569.6,1441793.3,538776.3,150876687.9,109920968.8,40955719.1,153773520.3,112031451.4,41742068.9,21.064591168840373,17.731462237645424,42.38685131615075,21.088989081795948,17.765755618858368,42.35124510146875
CHN,156,Int. Arr. Inventory,80212.0,16426.0,8447714.2,13382217.9,2006.9,2007.7,2009.8,2009.8,1062.0,2667.9,2834.5,3199.6,101.0,274.8,544.6,587.4,24.0,81.0,78.3,84.9,692652.2,643762.6,48889.6,53029615.2,49279265.3,3750349.9,54047783.8,50225427.2,3822356.7,7.366787521730038,7.917121151768727,3.846264592755998,7.412284769378903,7.964662193852126,3.8781394821314494
CHN,156,Int. Dep. Inventory,80845.0,16681.0,7012190.2,10589546.9,2006.9,2007.9,2010.0,2010.0,1126.6,2319.8,2332.7,2504.3,96.0,233.6,350.9,362.4,20.0,71.3,73.5,79.1,609657.4,565634.8,44022.5,46733218.1,43374501.5,3358716.7,47630495.9,44207291.9,3423204.0,6.484086135654199,6.9562898485504965,3.4633579132290087,6.532197520327084,7.010316608885216,3.4731616198431468
CHN,156,Domestic Inventory,183131.0,13766.0,2834817.4,3989879.0,2006.2,2007.7,2007.8,2007.5,262.7,556.3,554.3,586.2,37.0,88.0,171.7,180.0,22.0,70.3,71.4,77.3,356599.1,276273.7,80325.3,27461719.2,21305330.1,6156389.1,27988984.2,21714392.4,6274591.8,3.792653513755045,3.3976691934999144,6.319388117155865,3.8384982086175157,3.4434311433940357,6.366162057517613
IRN,364,All Global Voyages,2739872.0,58539.0,81475141.7,114361946.3,2002.6,2002.5,2008.8,2009.1,358.8,1354.1,1507.6,1784.2,41.0,231.2,403.1,445.6,19.0,89.0,69.9,77.7,9402364.3,8131271.3,1271093.0,715428735.4,618723859.3,96704876.1,729164967.1,630603357.4,98561609.7,100.0,100.0,100.0,100.0,100.0,100.0
IRN,364,All International Voyages,1244079.0,43111.0,72080717.8,102661963.7,2003.7,2003.9,2009.1,2009.4,663.1,1807.6,2057.2,2437.2,67.0,235.5,428.7,472.1,22.0,85.3,69.1,76.9,7421794.7,6689478.0,732316.7,564552047.5,508802890.5,55749157.0,575391446.8,518571906.0,56819540.9,78.93540883115962,82.26853776235458,57.613148683849246,78.91101091820406,82.23424438114164,57.64875499999063
IRN,364,All Domestic Voyages,1495793.0,55373.0,9394423.9,11699982.6,2001.6,2002.7,2006.1,2006.6,222.5,777.4,494.4,532.4,27.0,173.3,206.5,213.1,17.0,86.5,76.1,84.0,1980569.6,1441793.3,538776.3,150876687.9,109920968.8,40955719.1,153773520.3,112031451.4,41742068.9,21.064591168840373,17.731462237645424,42.38685131615075,21.088989081795948,17.765755618858368,42.35124510146875
IRN,364,Int. Arr. Inventory,10963.0,2523.0,251891.9,423162.3,2000.4,2002.6,2006.3,2006.5,331.2,1145.9,1336.1,1368.1,43.0,154.3,348.2,359.0,41.0,84.9,84.9,84.5,29060.6,21688.5,7372.1,2235513.6,1671624.8,563888.9,2278435.5,1703719.9,574715.5,0.3090775795615577,0.26672950882846574,0.5799811658155619,0.31247188260589154,0.27017298274853746,0.5831027940283325
IRN,364,Int. Dep. Inventory,11076.0,2557.0,400392.4,693732.8,2000.4,2002.6,2007.3,2007.6,259.4,1268.5,2089.7,2203.6,41.0,160.8,526.8,548.5,28.0,79.7,79.8,79.0,38558.4,31471.2,7087.1,2959231.5,2420143.6,539087.9,3016048.8,2466610.4,549438.4,0.4100925976671633,0.3870391091243014,0.5575595176749459,0.41363051381846894,0.39115085117369536,0.5574568046041155
IRN,364,Domestic Inventory,6134.0,894.0,42713.9,72765.3,1999.7,1999.9,2003.6,2003.8,262.4,626.7,598.0,596.4,34.0,140.8,208.2,201.5,31.0,119.8,149.1,146.6,8764.1,4899.6,3864.5,670532.4,374987.3,295545.1,683406.6,382187.1,301219.6,0.09321166166684267,0.060256260297205926,0.3040296815417912,0.09372455217068533,0.0606065755145629,0.30561554434515287
SEN,686,All Global Voyages,2739872.0,58539.0,81475141.7,114361946.3,2002.6,2002.5,2008.8,2009.1,358.8,1354.1,1507.6,1784.2,41.0,231.2,403.1,445.6,19.0,89.0,69.9,77.7,9402364.3,8131271.3,1271093.0,715428735.4,618723859.3,96704876.1,729164967.1,630603357.4,98561609.7,100.0,100.0,100.0,100.0,100.0,100.0
SEN,686,All International Voyages,1244079.0,43111.0,72080717.8,102661963.7,2003.7,2003.9,2009.1,2009.4,663.1,1807.6,2057.2,2437.2,67.0,235.5,428.7,472.1,22.0,85.3,69.1,76.9,7421794.7,6689478.0,732316.7,564552047.5,508802890.5,55749157.0,575391446.8,518571906.0,56819540.9,78.93540883115962,82.26853776235458,57.613148683849246,78.91101091820406,82.23424438114164,57.64875499999063
SEN,686,All Domestic Voyages,1495793.0,55373.0,9394423.9,11699982.6,2001.6,2002.7,2006.1,2006.6,222.5,777.4,494.4,532.4,27.0,173.3,206.5,213.1,17.0,86.5,76.1,84.0,1980569.6,1441793.3,538776.3,150876687.9,109920968.8,40955719.1,153773520.3,112031451.4,41742068.9,21.064591168840373,17.731462237645424,42.38685131615075,21.088989081795948,17.765755618858368,42.35124510146875
SEN,686,Int. Arr. Inventory,1884.0,953.0,91186.1,105856.4,2004.4,2004.9,2006.7,2007.2,1540.7,2442.5,1910.5,1953.7,139.5,312.5,287.0,320.9,36.0,168.7,111.3,138.6,13556.0,11874.3,1681.7,1044705.7,915886.5,128819.2,1064764.1,933471.5,131292.6,0.14417650249948302,0.14603251523534824,0.13230345851955758,0.14602513121752528,0.14802831114771353,0.13320866045068255
SEN,686,Int. Dep. Inventory,1884.0,949.0,77147.5,89155.5,2004.4,2005.0,2007.0,2007.2,1478.4,1963.2,1612.5,1638.1,117.0,213.1,228.2,249.9,30.0,101.0,61.9,65.8,10792.2,9523.2,1269.0,831667.4,734666.8,97000.5,847635.4,748772.4,98863.0,0.11478176824099445,0.11711821741822832,0.0998353385629533,0.11624741152488098,0.11873904431578276,0.10030578873551008
SEN,686,Domestic Inventory,397.0,28.0,334.0,160.4,2004.6,1996.3,2006.3,2002.2,181.1,1090.4,276.8,285.1,17.0,142.2,279.2,271.1,26.0,147.2,177.9,254.8,249.5,161.1,88.4,18749.3,12114.1,6635.2,19109.3,12346.7,6762.6,0.002653587885336457,0.0019812400060984312,0.006954644546071767,0.0026207101084409733,0.001957918532325277,0.006861292160897004
AGO,024,All Global Voyages,2739872.0,58539.0,81475141.7,114361946.3,2002.6,2002.5,2008.8,2009.1,358.8,1354.1,1507.6,1784.2,41.0,231.2,403.1,445.6,19.0,89.0,69.9,77.7,9402364.3,8131271.3,1271093.0,715428735.4,618723859.3,96704876.1,729164967.1,630603357.4,98561609.7,100.0,100.0,100.0,100.0,100.0,100.0
AGO,024,All International Voyages,1244079.0,43111.0,72080717.8,102661963.7,2003.7,2003.9,2009.1,2009.4,663.1,1807.6,2057.2,2437.2,67.0,235.5,428.7,472.1,22.0,85.3,69.1,76.9,7421794.7,6689478.0,732316.7,564552047.5,508802890.5,55749157.0,575391446.8,518571906.0,56819540.9,78.93540883115962,82.26853776235458,57.613148683849246,78.91101091820406,82.23424438114164,57.64875499999063
AGO,024,All Domestic Voyages,1495793.0,55373.0,9394423.9,11699982.6,2001.6,2002.7,2006.1,2006.6,222.5,777.4,494.4,532.4,27.0,173.3,206.5,213.1,17.0,86.5,76.1,84.0,1980569.6,1441793.3,538776.3,150876687.9,109920968.8,40955719.1,153773520.3,112031451.4,41742068.9,21.064591168840373,17.731462237645424,42.38685131615075,21.088989081795948,17.765755618858368,42.35124510146875
AGO,024,Int. Arr. Inventory,2130.0,939.0,289514.8,497474.3,2005.6,2007.0,2010.1,2010.2,771.5,3192.3,4060.3,4410.9,85.0,368.0,727.6,768.2,31.0,88.5,49.1,48.2,20592.8,18623.1,1969.7,1548640.8,1397288.5,151352.3,1578374.7,1424116.4,154258.3,0.21901725292647933,0.22903060681298384,0.15496112400902215,0.2164633205401291,0.22583393876488106,0.15650951772148258
AGO,024,Int. Dep. Inventory,2149.0,956.0,364497.5,625120.1,2005.6,2006.9,2010.2,2010.3,931.6,3395.7,5092.0,5536.9,99.0,382.2,688.1,722.8,33.0,154.2,75.2,73.7,29904.0,27393.7,2510.3,2218508.6,2031778.1,186730.5,2261104.0,2070788.3,190315.7,0.31804766382004573,0.3368931989761552,0.19749145027153797,0.3100949856371672,0.3283820607200592,0.1930931328935063
AGO,024,Domestic Inventory,3787.0,353.0,6694.9,8436.5,2007.3,2006.3,2007.3,2008.1,246.5,677.1,286.9,245.3,47.0,177.6,316.7,231.8,32.0,76.6,141.8,115.1,5423.5,3348.0,2075.5,410118.3,253051.9,157066.4,417992.6,257910.5,160082.0,0.05768230018485882,0.04117437331109589,0.16328466917841575,0.05732483304325771,0.04089900521040265,0.16241820774564722
EGY,818,All Global Voyages,2739872.0,58539.0,81475141.7,114361946.3,2002.6,2002.5,2008.8,2009.1,358.8,1354.1,1507.6,1784.2,41.0,231.2,403.1,445.6,19.0,89.0,69.9,77.7,9402364.3,8131271.3,1271093.0,715428735.4,618723859.3,96704876.1,729164967.1,630603357.4,98561609.7,100.0,100.0,100.0,100.0,100.0,100.0
EGY,818,All International Voyages,1244079.0,43111.0,72080717.8,102661963.7,2003.7,2003.9,2009.1,2009.4,663.1,1807.6,2057.2,2437.2,67.0,235.5,428.7,472.1,22.0,85.3,69.1,76.9,7421794.7,6689478.0,732316.7,564552047.5,508802890.5,55749157.0,575391446.8,518571906.0,56819540.9,78.93540883115962,82.26853776235458,57.613148683849246,78.91101091820406,82.23424438114164,57.64875499999063
EGY,818,All Domestic Voyages,1495793.0,55373.0,9394423.9,11699982.6,2001.6,2002.7,2006.1,2006.6,222.5,777.4,494.4,532.4,27.0,173.3,206.5,213.1,17.0,86.5,76.1,84.0,1980569.6,1441793.3,538776.3,150876687.9,109920968.8,40955719.1,153773520.3,112031451.4,41742068.9,21.064591168840373,17.731462237645424,42.38685131615075,21.088989081795948,17.765755618858368,42.35124510146875
EGY,818,Int. Arr. Inventory,9627.0,4177.0,573663.6,839107.0,2002.2,2005.1,2008.2,2008.2,832.6,1878.9,1849.3,1961.2,87.0,199.5,296.6,312.3,45.0,99.6,71.9,77.2,62768.7,53793.4,8975.3,4803513.3,4115097.2,688416.1,4895740.7,4194107.0,701633.7,0.6675842160253245,0.6615619872380841,0.706108837040248,0.6714174323913429,0.6650943022714709,0.7118732152768401
EGY,818,Int. Dep. Inventory,9646.0,4175.0,515116.0,761861.0,2002.1,2005.1,2008.1,2008.0,760.5,1539.5,1654.7,1775.4,85.0,203.5,339.3,365.4,22.0,64.8,53.7,57.0,56075.9,49562.5,6513.4,4268673.1,3768954.4,499718.7,4350631.6,3841318.3,509313.3,0.5964021198370286,0.609529533223175,0.512425133330134,0.5966594387142766,0.609149674660454,0.5167461261542282
EGY,818,Domestic Inventory,3323.0,834.0,15135.5,21204.8,2001.1,2001.4,2003.8,2003.8,246.3,485.9,364.6,362.6,44.0,154.4,253.4,209.7,43.0,118.1,120.4,115.0,5196.2,3142.4,2053.8,395297.1,238641.4,156655.7,402886.8,243223.3,159663.5,0.05526482312539197,0.03864586340883744,0.1615774770217443,0.05525317564313904,0.03856993419806997,0.1619936002323631
LTU,440,All Global Voyages,2739872.0,58539.0,81475141.7,114361946.3,2002.6,2002.5,2008.8,2009.1,358.8,1354.1,1507.6,1784.2,41.0,231.2,403.1,445.6,19.0,89.0,69.9,77.7,9402364.3,8131271.3,1271093.0,715428735.4,618723859.3,96704876.1,729164967.1,630603357.4,98561609.7,100.0,100.0,100.0,100.0,100.0,100.0
LTU,440,All International Voyages,1244079.0,43111.0,72080717.8,102661963.7,2003.7,2003.9,2009.1,2009.4,663.1,1807.6,2057.2,2437.2,67.0,235.5,428.7,472.1,22.0,85.3,69.1,76.9,7421794.7,6689478.0,732316.7,564552047.5,508802890.5,55749157.0,575391446.8,518571906.0,56819540.9,78.93540883115962,82.26853776235458,57.613148683849246,78.91101091820406,82.23424438114164,57.64875499999063
LTU,440,All Domestic Voyages,1495793.0,55373.0,9394423.9,11699982.6,2001.6,2002.7,2006.1,2006.6,222.5,777.4,494.4,532.4,27.0,173.3,206.5,213.1,17.0,86.5,76.1,84.0,1980569.6,1441793.3,538776.3,150876687.9,109920968.8,40955719.1,153773520.3,112031451.4,41742068.9,21.064591168840373,17.731462237645424,42.38685131615075,21.088989081795948,17.765755618858368,42.35124510146875
LTU,440,Int. Arr. Inventory,4469.0,1726.0,40609.3,56255.0,2000.9,2003.8,2006.8,2007.6,385.7,673.7,650.5,761.1,42.0,97.2,150.8,171.4,24.0,73.1,65.7,74.6,7735.2,6057.3,1677.8,579286.7,453310.7,125976.0,590409.0,462014.2,128394.7,0.08226866938138101,0.0744938863373062,0.1319966359660544,0.0809705658718282,0.07326542026431654,0.13026846902237638
LTU,440,Int. Dep. Inventory,4436.0,1711.0,65784.6,99165.8,2000.8,2003.7,2008.5,2009.3,450.1,1284.0,1059.7,1353.8,46.0,138.7,377.5,422.4,21.0,58.7,81.7,89.2,10234.3,8698.8,1535.5,773471.8,657575.6,115896.2,788322.5,670201.1,118121.4,0.10884815428817195,0.10697958140936706,0.12080154638566966,0.10811305199360831,0.10627934217845951,0.11984524234084216
LTU,440,Domestic Inventory,531.0,53.0,7038.5,2333.1,2003.6,1995.2,2008.5,2008.2,781.7,733.7,765.5,694.7,45.0,183.8,53.1,69.2,4.0,90.2,8.8,12.5,2010.2,1872.5,137.6,150927.8,140593.7,10334.1,153825.6,143293.1,10532.5,0.02137972892626592,0.023028379338419076,0.010825329067188633,0.02109613145730078,0.022723174293077436,0.010686209399439222
MRT,478,All Global Voyages,2739872.0,58539.0,81475141.7,114361946.3,2002.6,2002.5,2008.8,2009.1,358.8,1354.1,1507.6,1784.2,41.0,231.2,403.1,445.6,19.0,89.0,69.9,77.7,9402364.3,8131271.3,1271093.0,715428735.4,618723859.3,96704876.1,729164967.1,630603357.4,98561609.7,100.0,100.0,100.0,100.0,100.0,100.0
MRT,478,All International Voyages,1244079.0,43111.0,72080717.8,102661963.7,2003.7,2003.9,2009.1,2009.4,663.1,1807.6,2057.2,2437.2,67.0,235.5,428.7,472.1,22.0,85.3,69.1,76.9,7421794.7,6689478.0,732316.7,564552047.5,508802890.5,55749157.0,575391446.8,518571906.0,56819540.9,78.93540883115962,82.26853776235458,57.613148683849246,78.91101091820406,82.23424438114164,57.64875499999063
MRT,478,All Domestic Voyages,1495793.0,55373.0,9394423.9,11699982.6,2001.6,2002.7,2006.1,2006.6,222.5,777.4,494.4,532.4,27.0,173.3,206.5,213.1,17.0,86.5,76.1,84.0,1980569.6,1441793.3,538776.3,150876687.9,109920968.8,40955719.1,153773520.3,112031451.4,41742068.9,21.064591168840373,17.731462237645424,42.38685131615075,21.088989081795948,17.765755618858368,42.35124510146875
MRT,478,Int. Arr. Inventory,960.0,507.0,33369.8,55403.7,2001.9,2003.6,2007.3,2008.0,712.3,1988.4,1903.8,2114.4,73.0,183.1,375.4,397.0,73.0,185.1,308.9,318.1,4349.4,3219.9,1129.5,333642.1,247809.3,85832.9,340048.1,252567.2,87480.9,0.0462585777494284,0.039598973902149844,0.0888605318414939,0.04663527669910185,0.04005167385111039,0.08875758042738215
MRT,478,Int. Dep. Inventory,962.0,510.0,55217.3,94372.6,2001.9,2003.6,2007.8,2008.7,1164.8,2923.0,3201.8,3705.7,151.0,390.3,871.3,817.2,41.0,143.5,70.5,47.8,6432.9,5698.3,734.6,493222.9,437750.4,55472.5,502692.8,446155.2,56537.6,0.06841789782597553,0.07007883256828487,0.057792781488057915,0.06894088754692723,0.07075052721563578,0.057362699505505335
MRT,478,Domestic Inventory,261.0,51.0,1678.8,1289.6,1999.0,1997.9,1991.1,1994.7,255.5,2339.7,1046.7,621.3,26.0,429.1,1546.8,1038.2,49.0,127.8,194.3,158.7,760.8,571.2,189.6,57611.4,43346.5,14264.9,58717.6,44178.8,14538.8,0.008091581816288483,0.007024731790710268,0.014916296447230847,0.008052718198123096,0.007005798412198559,0.014750976616811483
RUS,643,All Global Voyages,2739872.0,58539.0,81475141.7,114361946.3,2002.6,2002.5,2008.8,2009.1,358.8,1354.1,1507.6,1784.2,41.0,231.2,403.1,445.6,19.0,89.0,69.9,77.7,9402364.3,8131271.3,1271093.0,715428735.4,618723859.3,96704876.1,729164967.1,630603357.4,98561609.7,100.0,100.0,100.0,100.0,100.0,100.0
RUS,643,All International Voyages,1244079.0,43111.0,72080717.8,102661963.7,2003.7,2003.9,2009.1,2009.4,663.1,1807.6,2057.2,2437.2,67.0,235.5,428.7,472.1,22.0,85.3,69.1,76.9,7421794.7,6689478.0,732316.7,564552047.5,508802890.5,55749157.0,575391446.8,518571906.0,56819540.9,78.93540883115962,82.26853776235458,57.613148683849246,78.91101091820406,82.23424438114164,57.64875499999063
RUS,643,All Domestic Voyages,1495793.0,55373.0,9394423.9,11699982.6,2001.6,2002.7,2006.1,2006.6,222.5,777.4,494.4,532.4,27.0,173.3,206.5,213.1,17.0,86.5,76.1,84.0,1980569.6,1441793.3,538776.3,150876687.9,109920968.8,40955719.1,153773520.3,112031451.4,41742068.9,21.064591168840373,17.731462237645424,42.38685131615075,21.088989081795948,17.765755618858368,42.35124510146875
RUS,643,Int. Arr. Inventory,38073.0,9487.0,805927.4,1158988.1,1999.6,2003.0,2008.3,2008.4,507.8,1204.9,1236.7,1223.3,62.0,165.2,302.7,293.3,42.0,98.1,77.3,78.6,109620.0,87766.7,21853.3,8248536.9,6593348.4,1655188.5,8406908.8,6719940.7,1686968.1,1.165876969902134,1.0793724223664753,1.719252643197626,1.1529501799072377,1.0656366828915333,1.7115874072417874
RUS,643,Int. Dep. Inventory,37794.0,9392.0,926378.0,1441177.9,1999.6,2002.9,2008.7,2008.9,546.1,1529.9,1436.5,1538.5,76.0,196.2,360.0,376.8,27.0,68.4,84.8,89.7,121301.4,104246.8,17054.7,9159725.1,7866253.5,1293471.6,9335591.9,8017285.6,1318306.2,1.2901159339252573,1.2820479867643821,1.3417350264693457,1.280312730482523,1.271367414384781,1.337545322172229
RUS,643,Domestic Inventory,44902.0,3446.0,119998.8,143941.1,1991.8,1995.1,1999.1,2000.0,207.1,925.8,575.2,535.5,44.0,242.6,613.8,511.6,26.0,101.9,183.3,154.5,50041.2,36354.8,13686.4,3792841.3,2759149.9,1033691.3,3865663.8,2812125.6,1053538.2,0.5322193270048045,0.447098598222888,1.076742614427111,0.5301494139761449,0.4459420596164432,1.0689133458825804
ECU,218,All Global Voyages,2739872.0,58539.0,81475141.7,114361946.3,2002.6,2002.5,2008.8,2009.1,358.8,1354.1,1507.6,1784.2,41.0,231.2,403.1,445.6,19.0,89.0,69.9,77.7,9402364.3,8131271.3,1271093.0,715428735.4,618723859.3,96704876.1,729164967.1,630603357.4,98561609.7,100.0,100.0,100.0,100.0,100.0,100.0
ECU,218,All International Voyages,1244079.0,43111.0,72080717.8,102661963.7,2003.7,2003.9,2009.1,2009.4,663.1,1807.6,2057.2,2437.2,67.0,235.5,428.7,472.1,22.0,85.3,69.1,76.9,7421794.7,6689478.0,732316.7,564552047.5,508802890.5,55749157.0,575391446.8,518571906.0,56819540.9,78.93540883115962,82.26853776235458,57.613148683849246,78.91101091820406,82.23424438114164,57.64875499999063
ECU,218,All Domestic Voyages,1495793.0,55373.0,9394423.9,11699982.6,2001.6,2002.7,2006.1,2006.6,222.5,777.4,494.4,532.4,27.0,173.3,206.5,213.1,17.0,86.5,76.1,84.0,1980569.6,1441793.3,538776.3,150876687.9,109920968.8,40955719.1,153773520.3,112031451.4,41742068.9,21.064591168840373,17.731462237645424,42.38685131615075,21.088989081795948,17.765755618858368,42.35124510146875
ECU,218,Int. Arr. Inventory,2861.0,1188.0,126393.0,168176.4,2005.6,2006.7,2008.1,2008.5,902.5,2022.3,1557.0,1632.3,87.0,214.1,337.7,352.1,29.0,75.1,56.4,60.6,20751.4,17463.8,3287.6,1596748.4,1344915.4,251833.0,1627405.9,1370737.8,256668.2,0.22070406270048482,0.21477330365302166,0.25864354535820744,0.2231876150704882,0.2173692518307547,0.2604139692738805
ECU,218,Int. Dep. Inventory,2863.0,1191.0,189045.8,261175.4,2005.6,2006.7,2008.3,2008.9,875.9,3047.9,2328.1,2543.7,81.0,300.9,522.2,575.7,31.0,81.7,67.4,72.0,27159.1,24153.5,3005.6,2090629.9,1861143.8,229486.1,2130770.0,1896877.8,233892.2,0.2888539428322299,0.2970445716157571,0.23645791456644005,0.29222056683200187,0.3008036315919558,0.23730558045055955
ECU,218,Domestic Inventory,5362.0,396.0,13982.1,17890.3,1999.1,2003.6,2000.4,2001.2,140.1,664.7,360.5,356.6,19.0,109.9,422.3,453.2,21.0,66.1,116.8,112.7,7025.9,4049.3,2976.5,534458.0,308415.8,226042.2,544719.6,314337.4,230382.2,0.07472482213861889,0.04979910091057963,0.23416854628260875,0.07470457640970228,0.04984708633585845,0.23374435614559572
SRB,688,All Global Voyages,2739872.0,58539.0,81475141.7,114361946.3,2002.6,2002.5,2008.8,2009.1,358.8,1354.1,1507.6,1784.2,41.0,231.2,403.1,445.6,19.0,89.0,69.9,77.7,9402364.3,8131271.3,1271093.0,715428735.4,618723859.3,96704876.1,729164967.1,630603357.4,98561609.7,100.0,100.0,100.0,100.0,100.0,100.0
SRB,688,All International Voyages,1244079.0,43111.0,72080717.8,102661963.7,2003.7,2003.9,2009.1,2009.4,663.1,1807.6,2057.2,2437.2,67.0,235.5,428.7,472.1,22.0,85.3,69.1,76.9,7421794.7,6689478.0,732316.7,564552047.5,508802890.5,55749157.0,575391446.8,518571906.0,56819540.9,78.93540883115962,82.26853776235458,57.613148683849246,78.91101091820406,82.23424438114164,57.64875499999063
SRB,688,All Domestic Voyages,1495793.0,55373.0,9394423.9,11699982.6,2001.6,2002.7,2006.1,2006.6,222.5,777.4,494.4,532.4,27.0,173.3,206.5,213.1,17.0,86.5,76.1,84.0,1980569.6,1441793.3,538776.3,150876687.9,109920968.8,40955719.1,153773520.3,112031451.4,41742068.9,21.064591168840373,17.731462237645424,42.38685131615075,21.088989081795948,17.765755618858368,42.35124510146875
SRB,688,Int. Arr. Inventory,25.0,14.0,46.9,36.4,1977.6,1987.3,1985.9,1985.8,230.4,596.1,767.3,562.5,31.0,93.7,250.0,217.3,19.0,23.4,72.4,70.2,13.1,10.6,2.5,986.5,797.4,189.1,1005.4,812.7,192.7,0.00013932665850864765,0.0001303609190853096,0.00019668112404049116,0.0001378837499556004,0.00012887657359624455,0.00019551222893633398
SRB,688,Int. Dep. Inventory,25.0,14.0,36.5,28.6,1977.6,1987.3,1987.8,1987.4,260.2,537.0,597.7,442.0,42.0,77.0,108.6,88.8,9.0,19.5,32.3,24.8,12.3,10.7,1.6,925.0,805.5,119.5,942.8,820.9,121.8,0.00013081816027911192,0.00013159073907668042,0.00012587591938591433,0.00012929858708786557,0.00013017691554713566,0.00012357752716370257
SRB,688,Domestic Inventory,26.0,8.0,29.0,20.6,1968.7,1972.0,1979.5,1974.8,210.8,374.3,514.5,365.4,39.0,40.4,64.2,62.4,29.5,34.8,67.1,60.0,8.1,4.5,3.5,604.6,340.5,264.2,616.2,347.0,269.2,8.614854457404931e-05,5.534189961168803e-05,0.0002753535736566876,8.45076255446996e-05,5.502666548283113e-05,0.00027312865609580234
DZA,012,All Global Voyages,2739872.0,58539.0,81475141.7,114361946.3,2002.6,2002.5,2008.8,2009.1,358.8,1354.1,1507.6,1784.2,41.0,231.2,403.1,445.6,19.0,89.0,69.9,77.7,9402364.3,8131271.3,1271093.0,715428735.4,618723859.3,96704876.1,729164967.1,630603357.4,98561609.7,100.0,100.0,100.0,100.0,100.0,100.0
DZA,012,All International Voyages,1244079.0,43111.0,72080717.8,102661963.7,2003.7,2003.9,2009.1,2009.4,663.1,1807.6,2057.2,2437.2,67.0,235.5,428.7,472.1,22.0,85.3,69.1,76.9,7421794.7,6689478.0,732316.7,564552047.5,508802890.5,55749157.0,575391446.8,518571906.0,56819540.9,78.93540883115962,82.26853776235458,57.613148683849246,78.91101091820406,82.23424438114164,57.64875499999063
DZA,012,All Domestic Voyages,1495793.0,55373.0,9394423.9,11699982.6,2001.6,2002.7,2006.1,2006.6,222.5,777.4,494.4,532.4,27.0,173.3,206.5,213.1,17.0,86.5,76.1,84.0,1980569.6,1441793.3,538776.3,150876687.9,109920968.8,40955719.1,153773520.3,112031451.4,41742068.9,21.064591168840373,17.731462237645424,42.38685131615075,21.088989081795948,17.765755618858368,42.35124510146875
DZA,012,Int. Arr. Inventory,6214.0,2197.0,142412.3,200505.7,2002.5,2005.1,2006.7,2007.4,678.5,1434.4,1191.6,1317.1,62.0,143.7,237.3,256.6,43.0,97.1,93.9,101.0,22423.2,17473.0,4950.2,1697518.8,1320121.7,377397.1,1730111.1,1345468.0,384643.1,0.2384846968756571,0.21488644709222776,0.38944436009009564,0.2372729324724575,0.2133620102416537,0.3902565118110079
DZA,012,Int. Dep. Inventory,6240.0,2210.0,170056.6,254144.1,2002.5,2005.1,2007.3,2007.9,561.0,1368.6,1425.8,1675.4,60.0,160.8,374.2,423.7,28.0,61.1,70.8,75.0,23938.4,19626.1,4312.3,1812222.1,1483083.3,329138.9,1847016.8,1511558.5,335458.4,0.2545997925223978,0.24136570132643342,0.33925920447992397,0.25330575155658763,0.23970035716780977,0.34035401919780134
DZA,012,Domestic Inventory,2136.0,601.0,11800.4,16204.6,2003.3,2003.9,2005.1,2005.6,285.0,482.6,391.1,397.2,24.0,81.1,89.3,86.3,35.0,76.4,96.9,89.7,3143.0,1536.8,1606.2,239704.2,117422.7,122281.5,244306.5,119677.2,124629.3,0.03342776241928851,0.018899873627387147,0.12636368857353475,0.03350496952310313,0.018978205332339706,0.12644811745602
LBN,422,All Global Voyages,2739872.0,58539.0,81475141.7,114361946.3,2002.6,2002.5,2008.8,2009.1,358.8,1354.1,1507.6,1784.2,41.0,231.2,403.1,445.6,19.0,89.0,69.9,77.7,9402364.3,8131271.3,1271093.0,715428735.4,618723859.3,96704876.1,729164967.1,630603357.4,98561609.7,100.0,100.0,100.0,100.0,100.0,100.0
LBN,422,All International Voyages,1244079.0,43111.0,72080717.8,102661963.7,2003.7,2003.9,2009.1,2009.4,663.1,1807.6,2057.2,2437.2,67.0,235.5,428.7,472.1,22.0,85.3,69.1,76.9,7421794.7,6689478.0,732316.7,564552047.5,508802890.5,55749157.0,575391446.8,518571906.0,56819540.9,78.93540883115962,82.26853776235458,57.613148683849246,78.91101091820406,82.23424438114164,57.64875499999063
LBN,422,All Domestic Voyages,1495793.0,55373.0,9394423.9,11699982.6,2001.6,2002.7,2006.1,2006.6,222.5,777.4,494.4,532.4,27.0,173.3,206.5,213.1,17.0,86.5,76.1,84.0,1980569.6,1441793.3,538776.3,150876687.9,109920968.8,40955719.1,153773520.3,112031451.4,41742068.9,21.064591168840373,17.731462237645424,42.38685131615075,21.088989081795948,17.765755618858368,42.35124510146875
LBN,422,Int. Arr. Inventory,2809.0,963.0,116617.2,120232.2,1995.4,1998.4,2009.7,2009.7,618.0,1376.8,1765.2,1635.4,65.0,138.9,259.4,251.5,25.0,73.8,29.7,35.9,12807.5,11586.6,1220.9,989146.8,895760.2,93386.6,1008138.4,912958.8,95179.6,0.13621573884347365,0.14249432312017435,0.09605119373641426,0.13825930283095195,0.14477544232624476,0.0965686338623181
LBN,422,Int. Dep. Inventory,2816.0,964.0,47114.8,52435.3,1995.4,1998.4,2006.9,2006.8,486.4,763.4,708.6,709.1,58.0,108.7,108.3,115.4,24.0,50.7,34.8,38.6,6107.4,5114.3,993.2,470294.7,394242.5,76052.2,479324.3,401811.9,77512.4,0.06495600260883318,0.06289668381867913,0.07813747695880632,0.06573605721985598,0.06371864267527606,0.07864360194190294
LBN,422,Domestic Inventory,254.0,160.0,753.8,1136.4,1999.9,1999.4,2004.4,2004.5,83.7,195.5,158.9,169.1,14.5,56.7,69.8,71.9,22.0,76.7,68.5,72.2,274.2,148.0,126.2,21119.0,11408.5,9710.5,21524.5,11627.5,9896.9,0.0029162877681733726,0.0018201335872288507,0.009928463141563993,0.0029519383090504487,0.0018438690285349248,0.010041333568033233
BHR,048,All Global Voyages,2739872.0,58539.0,81475141.7,114361946.3,2002.6,2002.5,2008.8,2009.1,358.8,1354.1,1507.6,1784.2,41.0,231.2,403.1,445.6,19.0,89.0,69.9,77.7,9402364.3,8131271.3,1271093.0,715428735.4,618723859.3,96704876.1,729164967.1,630603357.4,98561609.7,100.0,100.0,100.0,100.0,100.0,100.0
BHR,048,All International Voyages,1244079.0,43111.0,72080717.8,102661963.7,2003.7,2003.9,2009.1,2009.4,663.1,1807.6,2057.2,2437.2,67.0,235.5,428.7,472.1,22.0,85.3,69.1,76.9,7421794.7,6689478.0,732316.7,564552047.5,508802890.5,55749157.0,575391446.8,518571906.0,56819540.9,78.93540883115962,82.26853776235458,57.613148683849246,78.91101091820406,82.23424438114164,57.64875499999063
BHR,048,All Domestic Voyages,1495793.0,55373.0,9394423.9,11699982.6,2001.6,2002.7,2006.1,2006.6,222.5,777.4,494.4,532.4,27.0,173.3,206.5,213.1,17.0,86.5,76.1,84.0,1980569.6,1441793.3,538776.3,150876687.9,109920968.8,40955719.1,153773520.3,112031451.4,41742068.9,21.064591168840373,17.731462237645424,42.38685131615075,21.088989081795948,17.765755618858368,42.35124510146875
BHR,048,Int. Arr. Inventory,2050.0,974.0,71331.1,118684.5,2005.0,2007.7,2009.3,2009.4,307.7,1129.5,1207.4,1643.3,45.0,175.3,606.9,662.0,39.0,113.3,112.3,110.0,8186.1,6007.7,2178.4,632375.5,464386.5,167989.0,644517.1,473302.7,171214.4,0.0870642716960031,0.07388389562158626,0.17138006424392238,0.08839112259648767,0.07505553125366218,0.17371307197715136
BHR,048,Int. Dep. Inventory,2063.0,975.0,36873.4,54039.1,2004.9,2007.6,2008.9,2008.9,322.6,817.1,626.9,753.4,42.0,132.1,241.0,273.2,25.0,71.5,48.8,52.8,4797.5,3766.5,1031.0,370231.1,290887.3,79343.8,377339.5,296472.3,80867.2,0.051024400320247104,0.04632116997498288,0.08111129555429855,0.05174953776245402,0.047014069386240795,0.08204736128614587
BHR,048,Domestic Inventory,319.0,46.0,141.9,186.8,1994.4,1996.9,1982.8,1980.6,172.6,513.4,319.4,287.1,62.0,397.8,874.1,863.1,28.0,223.3,154.4,128.7,219.2,147.8,71.5,16491.5,11113.8,5377.7,16808.1,11327.2,5480.9,0.002331328514892791,0.0018176739472461091,0.005625080147558047,0.002305116229986798,0.0017962479690407053,0.005560887262984707
YEM,887,All Global Voyages,2739872.0,58539.0,81475141.7,114361946.3,2002.6,2002.5,2008.8,2009.1,358.8,1354.1,1507.6,1784.2,41.0,231.2,403.1,445.6,19.0,89.0,69.9,77.7,9402364.3,8131271.3,1271093.0,715428735.4,618723859.3,96704876.1,729164967.1,630603357.4,98561609.7,100.0,100.0,100.0,100.0,100.0,100.0
YEM,887,All International Voyages,1244079.0,43111.0,72080717.8,102661963.7,2003.7,2003.9,2009.1,2009.4,663.1,1807.6,2057.2,2437.2,67.0,235.5,428.7,472.1,22.0,85.3,69.1,76.9,7421794.7,6689478.0,732316.7,564552047.5,508802890.5,55749157.0,575391446.8,518571906.0,56819540.9,78.93540883115962,82.26853776235458,57.613148683849246,78.91101091820406,82.23424438114164,57.64875499999063
YEM,887,All Domestic Voyages,1495793.0,55373.0,9394423.9,11699982.6,2001.6,2002.7,2006.1,2006.6,222.5,777.4,494.4,532.4,27.0,173.3,206.5,213.1,17.0,86.5,76.1,84.0,1980569.6,1441793.3,538776.3,150876687.9,109920968.8,40955719.1,153773520.3,112031451.4,41742068.9,21.064591168840373,17.731462237645424,42.38685131615075,21.088989081795948,17.765755618858368,42.35124510146875
YEM,887,Int. Arr. Inventory,996.0,409.0,26094.3,42275.2,1999.4,2000.1,2003.3,2003.9,861.4,1791.6,1601.8,1659.7,169.5,325.4,574.1,502.7,125.5,190.8,160.4,161.0,4969.0,3459.4,1509.6,380772.8,265741.4,115031.5,388083.7,270843.6,117240.1,0.05284840962820383,0.04254439278148301,0.11876392994061016,0.053223031482637996,0.0429499140500453,0.11895108080808871
YEM,887,Int. Dep. Inventory,1001.0,399.0,25147.0,40713.3,1999.2,1999.8,2003.4,2003.5,1146.8,1621.6,1550.5,1609.0,150.0,242.9,305.0,310.5,49.0,142.7,143.2,152.6,3758.5,2967.7,790.8,288143.7,228092.7,60051.1,293676.1,232472.0,61204.0,0.03997398824463757,0.03649736788391257,0.062214173156488146,0.040275673304491645,0.036865011464336364,0.062097200102851
YEM,887,Domestic Inventory,85.0,43.0,784.5,1256.9,2000.5,1997.3,2001.9,2001.9,367.0,745.8,758.3,790.8,79.0,231.4,199.8,193.3,106.0,199.3,89.5,79.0,267.8,152.2,115.6,20297.1,11575.6,8721.5,20686.8,11797.8,8888.9,0.002848219782337087,0.001871786026866426,0.00909453517563231,0.002837053469844355,0.0018708749107589193,0.009018622998402592
BLZ,084,All Global Voyages,2739872.0,58539.0,81475141.7,114361946.3,2002.6,2002.5,2008.8,2009.1,358.8,1354.1,1507.6,1784.2,41.0,231.2,403.1,445.6,19.0,89.0,69.9,77.7,9402364.3,8131271.3,1271093.0,715428735.4,618723859.3,96704876.1,729164967.1,630603357.4,98561609.7,100.0,100.0,100.0,100.0,100.0,100.0
BLZ,084,All International Voyages,1244079.0,43111.0,72080717.8,102661963.7,2003.7,2003.9,2009.1,2009.4,663.1,1807.6,2057.2,2437.2,67.0,235.5,428.7,472.1,22.0,85.3,69.1,76.9,7421794.7,6689478.0,732316.7,564552047.5,508802890.5,55749157.0,575391446.8,518571906.0,56819540.9,78.93540883115962,82.26853776235458,57.613148683849246,78.91101091820406,82.23424438114164,57.64875499999063
BLZ,084,All Domestic Voyages,1495793.0,55373.0,9394423.9,11699982.6,2001.6,2002.7,2006.1,2006.6,222.5,777.4,494.4,532.4,27.0,173.3,206.5,213.1,17.0,86.5,76.1,84.0,1980569.6,1441793.3,538776.3,150876687.9,109920968.8,40955719.1,153773520.3,112031451.4,41742068.9,21.064591168840373,17.731462237645424,42.38685131615075,21.088989081795948,17.765755618858368,42.35124510146875
BLZ,084,Int. Arr. Inventory,643.0,122.0,16301.1,5666.0,2004.9,2005.9,2008.0,2006.6,337.4,858.8,431.3,794.0,18.0,120.3,80.0,177.5,9.0,77.1,16.6,40.6,3096.8,2602.3,494.5,239188.2,201042.8,38145.4,243780.6,204902.9,38877.8,0.03293639664653283,0.03200360563544351,0.038903526335209146,0.03343284592642355,0.03249315082063976,0.03944517557935136
BLZ,084,Int. Dep. Inventory,641.0,121.0,17268.1,5661.1,2005.0,2006.2,2007.6,2008.6,372.1,937.5,456.1,801.1,36.0,106.2,64.7,148.0,10.0,41.8,27.1,57.4,3576.8,2987.8,589.0,275852.2,230558.0,45294.1,281148.5,234984.7,46163.8,0.03804149558425427,0.03674456170217811,0.04633807282393971,0.038557598442800996,0.037263471125312475,0.0468375061451538
BLZ,084,Domestic Inventory,28.0,12.0,59.6,46.4,2010.4,2006.8,2009.8,2006.0,163.6,226.3,170.9,260.5,16.5,16.4,17.9,19.7,21.0,172.2,150.0,289.7,36.4,12.3,24.1,2755.7,940.6,1815.1,2808.6,958.6,1850.0,0.00038713666944387593,0.00015126785893861396,0.0018960060357503345,0.00038518032636293944,0.00015201314562490468,0.0018769985652943328
FJI,242,All Global Voyages,2739872.0,58539.0,81475141.7,114361946.3,2002.6,2002.5,2008.8,2009.1,358.8,1354.1,1507.6,1784.2,41.0,231.2,403.1,445.6,19.0,89.0,69.9,77.7,9402364.3,8131271.3,1271093.0,715428735.4,618723859.3,96704876.1,729164967.1,630603357.4,98561609.7,100.0,100.0,100.0,100.0,100.0,100.0
FJI,242,All International Voyages,1244079.0,43111.0,72080717.8,102661963.7,2003.7,2003.9,2009.1,2009.4,663.1,1807.6,2057.2,2437.2,67.0,235.5,428.7,472.1,22.0,85.3,69.1,76.9,7421794.7,6689478.0,732316.7,564552047.5,508802890.5,55749157.0,575391446.8,518571906.0,56819540.9,78.93540883115962,82.26853776235458,57.613148683849246,78.91101091820406,82.23424438114164,57.64875499999063
FJI,242,All Domestic Voyages,1495793.0,55373.0,9394423.9,11699982.6,2001.6,2002.7,2006.1,2006.6,222.5,777.4,494.4,532.4,27.0,173.3,206.5,213.1,17.0,86.5,76.1,84.0,1980569.6,1441793.3,538776.3,150876687.9,109920968.8,40955719.1,153773520.3,112031451.4,41742068.9,21.064591168840373,17.731462237645424,42.38685131615075,21.088989081795948,17.765755618858368,42.35124510146875
FJI,242,Int. Arr. Inventory,608.0,232.0,19739.5,18897.9,2005.3,2004.9,2006.7,2008.5,1153.6,4310.1,1765.7,1989.1,92.0,506.4,301.0,325.4,26.0,242.9,58.7,68.6,3360.2,3019.2,341.0,258622.2,232713.3,25908.9,263587.7,237181.4,26406.3,0.03573781968860747,0.03713072517946855,0.026827305319122995,0.03614925454363618,0.03761182004769326,0.02679166876471986
FJI,242,Int. Dep. Inventory,599.0,223.0,20381.4,18680.2,2005.5,2005.4,2005.8,2007.6,1176.3,3146.0,1819.8,1972.8,87.0,399.5,264.7,300.5,22.0,69.7,65.3,65.6,3613.8,3341.8,272.0,278619.9,257857.5,20762.4,283969.4,262808.4,21161.1,0.0384350136273703,0.04109812447163091,0.021398906295605438,0.03894446563023859,0.04167570580080138,0.021469921264891837
FJI,242,Domestic Inventory,1267.0,116.0,1613.8,1122.3,1991.1,2004.5,1997.0,2003.9,131.3,715.7,164.6,161.6,14.0,66.4,61.1,64.1,17.0,110.8,69.4,89.6,1125.1,605.6,519.5,85092.1,45907.4,39184.7,86725.8,46788.8,39937.0,0.011966139197563317,0.007447789867741838,0.040870337575614056,0.011893851722597385,0.007419687740469998,0.0405198333525188
BIH,070,All Global Voyages,2739872.0,58539.0,81475141.7,114361946.3,2002.6,2002.5,2008.8,2009.1,358.8,1354.1,1507.6,1784.2,41.0,231.2,403.1,445.6,19.0,89.0,69.9,77.7,9402364.3,8131271.3,1271093.0,715428735.4,618723859.3,96704876.1,729164967.1,630603357.4,98561609.7,100.0,100.0,100.0,100.0,100.0,100.0
BIH,070,All International Voyages,1244079.0,43111.0,72080717.8,102661963.7,2003.7,2003.9,2009.1,2009.4,663.1,1807.6,2057.2,2437.2,67.0,235.5,428.7,472.1,22.0,85.3,69.1,76.9,7421794.7,6689478.0,732316.7,564552047.5,508802890.5,55749157.0,575391446.8,518571906.0,56819540.9,78.93540883115962,82.26853776235458,57.613148683849246,78.91101091820406,82.23424438114164,57.64875499999063
BIH,070,All Domestic Voyages,1495793.0,55373.0,9394423.9,11699982.6,2001.6,2002.7,2006.1,2006.6,222.5,777.4,494.4,532.4,27.0,173.3,206.5,213.1,17.0,86.5,76.1,84.0,1980569.6,1441793.3,538776.3,150876687.9,109920968.8,40955719.1,153773520.3,112031451.4,41742068.9,21.064591168840373,17.731462237645424,42.38685131615075,21.088989081795948,17.765755618858368,42.35124510146875
BIH,070,Int. Arr. Inventory,9.0,7.0,102.1,141.3,1994.4,1995.4,1993.6,1994.3,394.7,1106.7,1616.4,1860.7,51.0,83.6,144.3,149.2,16.0,21.0,23.6,19.9,18.2,15.3,2.8,1386.0,1169.6,216.4,1412.6,1192.1,220.5,0.00019356833472193797,0.0001881624586797393,0.00022028285892535006,0.000193728451548917,0.0001890411755679625,0.00022371793710670293
BIH,070,Int. Dep. Inventory,9.0,7.0,77.5,86.5,1994.4,1995.4,1994.7,1996.8,516.0,1120.8,1227.0,1138.1,50.0,174.1,178.5,112.8,11.0,14.6,19.2,16.7,16.8,14.6,2.2,1273.4,1106.4,167.0,1297.8,1127.6,170.2,0.00017867846282025043,0.00017955371874014338,0.0001730793891556322,0.00017798441485217644,0.00017881287607619706,0.0001726838680070786
BIH,070,Domestic Inventory,3.0,3.0,21.2,22.7,1990.0,1990.0,1989.9,1992.1,438.6,714.7,547.3,449.4,25.0,33.3,33.4,21.2,14.0,37.0,42.0,27.1,4.4,2.3,2.1,331.2,171.7,159.5,337.5,175.0,162.5,4.6796740262446547e-05,2.8285859801529434e-05,0.00016521214419401255,4.6285822170295544e-05,2.7751200171456622e-05,0.00016487149560017787
KWT,414,All Global Voyages,2739872.0,58539.0,81475141.7,114361946.3,2002.6,2002.5,2008.8,2009.1,358.8,1354.1,1507.6,1784.2,41.0,231.2,403.1,445.6,19.0,89.0,69.9,77.7,9402364.3,8131271.3,1271093.0,715428735.4,618723859.3,96704876.1,729164967.1,630603357.4,98561609.7,100.0,100.0,100.0,100.0,100.0,100.0
KWT,414,All International Voyages,1244079.0,43111.0,72080717.8,102661963.7,2003.7,2003.9,2009.1,2009.4,663.1,1807.6,2057.2,2437.2,67.0,235.5,428.7,472.1,22.0,85.3,69.1,76.9,7421794.7,6689478.0,732316.7,564552047.5,508802890.5,55749157.0,575391446.8,518571906.0,56819540.9,78.93540883115962,82.26853776235458,57.613148683849246,78.91101091820406,82.23424438114164,57.64875499999063
KWT,414,All Domestic Voyages,1495793.0,55373.0,9394423.9,11699982.6,2001.6,2002.7,2006.1,2006.6,222.5,777.4,494.4,532.4,27.0,173.3,206.5,213.1,17.0,86.5,76.1,84.0,1980569.6,1441793.3,538776.3,150876687.9,109920968.8,40955719.1,153773520.3,112031451.4,41742068.9,21.064591168840373,17.731462237645424,42.38685131615075,21.088989081795948,17.765755618858368,42.35124510146875
KWT,414,Int. Arr. Inventory,3904.0,1656.0,217244.1,360545.7,2005.0,2007.3,2008.7,2008.8,483.2,1082.5,1274.6,1321.9,57.0,147.0,340.8,343.9,46.0,85.6,57.0,55.2,19063.1,16087.0,2976.1,1436357.9,1207487.6,228870.4,1463936.0,1230671.3,233264.7,0.2027479407493283,0.19784114201182784,0.23413707730276226,0.20076883367316672,0.19515774623752424,0.23666892282908808
KWT,414,Int. Dep. Inventory,3854.0,1642.0,425117.6,729661.4,2005.0,2007.3,2008.5,2008.5,573.7,1796.2,2529.7,2715.5,56.0,172.4,490.5,511.8,34.0,77.1,70.0,74.2,32592.0,28775.6,3816.4,2508210.0,2214135.1,294074.9,2556367.6,2256646.5,299721.1,0.3466362178712858,0.3538880814369089,0.30024553671525217,0.35058837373483026,0.35785513564409704,0.30409517550726445
KWT,414,Domestic Inventory,783.0,137.0,502.7,583.4,2009.3,2007.8,2007.9,2007.7,81.3,485.5,98.3,86.9,58.0,249.8,285.1,254.1,29.0,103.6,116.6,104.7,690.7,413.9,276.9,52325.1,31281.1,21044.0,53329.7,31881.7,21448.0,0.007346024658925415,0.005090224944283928,0.021784401298724797,0.0073138044758376585,0.005055745362893306,0.021761008231585326
TLS,626,All Global Voyages,2739872.0,58539.0,81475141.7,114361946.3,2002.6,2002.5,2008.8,2009.1,358.8,1354.1,1507.6,1784.2,41.0,231.2,403.1,445.6,19.0,89.0,69.9,77.7,9402364.3,8131271.3,1271093.0,715428735.4,618723859.3,96704876.1,729164967.1,630603357.4,98561609.7,100.0,100.0,100.0,100.0,100.0,100.0
TLS,626,All International Voyages,1244079.0,43111.0,72080717.8,102661963.7,2003.7,2003.9,2009.1,2009.4,663.1,1807.6,2057.2,2437.2,67.0,235.5,428.7,472.1,22.0,85.3,69.1,76.9,7421794.7,6689478.0,732316.7,564552047.5,508802890.5,55749157.0,575391446.8,518571906.0,56819540.9,78.93540883115962,82.26853776235458,57.613148683849246,78.91101091820406,82.23424438114164,57.64875499999063
TLS,626,All Domestic Voyages,1495793.0,55373.0,9394423.9,11699982.6,2001.6,2002.7,2006.1,2006.6,222.5,777.4,494.4,532.4,27.0,173.3,206.5,213.1,17.0,86.5,76.1,84.0,1980569.6,1441793.3,538776.3,150876687.9,109920968.8,40955719.1,153773520.3,112031451.4,41742068.9,21.064591168840373,17.731462237645424,42.38685131615075,21.088989081795948,17.765755618858368,42.35124510146875
TLS,626,Int. Arr. Inventory,221.0,58.0,3385.2,4082.1,2003.6,2003.5,2009.7,2009.3,859.8,2066.0,1770.4,1576.2,91.0,351.8,183.9,224.7,42.0,107.6,352.0,255.7,639.2,451.0,188.2,46219.2,34004.9,12214.2,47106.6,34657.8,12448.8,0.006798290085399053,0.005546488161082511,0.01480615501776817,0.0064603487722881305,0.005495974544584625,0.012630475534938427
TLS,626,Int. Dep. Inventory,230.0,64.0,2087.0,2865.3,2003.8,2003.8,2003.9,2004.2,1002.3,2410.1,1077.3,1089.3,135.5,509.6,396.3,415.7,28.0,197.3,316.9,333.8,638.0,525.6,112.3,48472.9,39957.6,8515.3,49403.5,40724.8,8678.7,0.006785527338054748,0.006463933874645162,0.008834916091898862,0.006775352935082061,0.006458069009957352,0.008805355377632393
TLS,626,Domestic Inventory,,,,,,,,,,,,,,,,,,,,,,,,,,,,,,,,,,,
MEX,484,All Global Voyages,2739872.0,58539.0,81475141.7,114361946.3,2002.6,2002.5,2008.8,2009.1,358.8,1354.1,1507.6,1784.2,41.0,231.2,403.1,445.6,19.0,89.0,69.9,77.7,9402364.3,8131271.3,1271093.0,715428735.4,618723859.3,96704876.1,729164967.1,630603357.4,98561609.7,100.0,100.0,100.0,100.0,100.0,100.0
MEX,484,All International Voyages,1244079.0,43111.0,72080717.8,102661963.7,2003.7,2003.9,2009.1,2009.4,663.1,1807.6,2057.2,2437.2,67.0,235.5,428.7,472.1,22.0,85.3,69.1,76.9,7421794.7,6689478.0,732316.7,564552047.5,508802890.5,55749157.0,575391446.8,518571906.0,56819540.9,78.93540883115962,82.26853776235458,57.613148683849246,78.91101091820406,82.23424438114164,57.64875499999063
MEX,484,All Domestic Voyages,1495793.0,55373.0,9394423.9,11699982.6,2001.6,2002.7,2006.1,2006.6,222.5,777.4,494.4,532.4,27.0,173.3,206.5,213.1,17.0,86.5,76.1,84.0,1980569.6,1441793.3,538776.3,150876687.9,109920968.8,40955719.1,153773520.3,112031451.4,41742068.9,21.064591168840373,17.731462237645424,42.38685131615075,21.088989081795948,17.765755618858368,42.35124510146875
MEX,484,Int. Arr. Inventory,10435.0,3452.0,1068135.5,1188249.6,2006.9,2008.3,2008.9,2009.4,973.3,2739.2,2120.7,2637.3,95.0,257.2,351.7,416.3,30.0,87.3,54.7,68.9,126942.5,116593.4,10349.1,9741439.6,8944366.8,797072.8,9928475.2,9116098.6,812376.6,1.35011254562855,1.4338889418189749,0.8141890483229788,1.3616226297167093,1.4456152973219167,0.8242322771236151
MEX,484,Int. Dep. Inventory,10413.0,3426.0,864839.9,1000143.6,2006.8,2008.2,2008.7,2009.2,899.4,2053.1,1720.7,2235.8,91.0,225.4,350.9,441.3,26.0,77.2,47.0,61.7,98812.2,90021.4,8790.8,7575168.9,6909223.2,665945.6,7720612.1,7041880.3,678731.8,1.0509292859456636,1.1071011737119139,0.6915937700860597,1.05882927024128,1.116689313078497,0.6886370890916973
MEX,484,Domestic Inventory,27559.0,1738.0,109493.7,119715.8,2003.3,2006.8,2006.1,2007.8,142.9,535.0,394.1,406.9,17.0,97.3,125.3,124.8,14.0,78.2,69.8,75.3,28128.3,19441.4,8686.9,2157841.6,1492255.9,665585.6,2199272.1,1520907.3,678364.9,0.29916198843731245,0.2390942238023715,0.683419702570937,0.30161516244353315,0.24118287385445503,0.6882648346194776
GNQ,226,All Global Voyages,2739872.0,58539.0,81475141.7,114361946.3,2002.6,2002.5,2008.8,2009.1,358.8,1354.1,1507.6,1784.2,41.0,231.2,403.1,445.6,19.0,89.0,69.9,77.7,9402364.3,8131271.3,1271093.0,715428735.4,618723859.3,96704876.1,729164967.1,630603357.4,98561609.7,100.0,100.0,100.0,100.0,100.0,100.0
GNQ,226,All International Voyages,1244079.0,43111.0,72080717.8,102661963.7,2003.7,2003.9,2009.1,2009.4,663.1,1807.6,2057.2,2437.2,67.0,235.5,428.7,472.1,22.0,85.3,69.1,76.9,7421794.7,6689478.0,732316.7,564552047.5,508802890.5,55749157.0,575391446.8,518571906.0,56819540.9,78.93540883115962,82.26853776235458,57.613148683849246,78.91101091820406,82.23424438114164,57.64875499999063
GNQ,226,All Domestic Voyages,1495793.0,55373.0,9394423.9,11699982.6,2001.6,2002.7,2006.1,2006.6,222.5,777.4,494.4,532.4,27.0,173.3,206.5,213.1,17.0,86.5,76.1,84.0,1980569.6,1441793.3,538776.3,150876687.9,109920968.8,40955719.1,153773520.3,112031451.4,41742068.9,21.064591168840373,17.731462237645424,42.38685131615075,21.088989081795948,17.765755618858368,42.35124510146875
GNQ,226,Int. Arr. Inventory,967.0,456.0,78182.6,107006.0,2007.9,2007.2,2011.1,2011.0,600.6,2214.9,3661.7,3631.4,73.0,312.1,532.4,544.9,26.0,98.6,52.6,51.5,8139.6,7613.6,526.0,569542.4,529267.4,40275.0,580477.6,539429.3,41048.3,0.08656971523641133,0.09363357486301066,0.041381708498119334,0.07960854212574799,0.08554177418656415,0.0416473514636602
GNQ,226,Int. Dep. Inventory,970.0,452.0,87660.4,118293.8,2008.0,2007.2,2010.5,2010.0,578.1,2695.2,4138.1,4073.1,77.0,303.8,613.4,636.7,31.0,94.8,50.4,54.4,10170.1,9447.7,722.4,707739.8,652820.6,54919.1,721328.4,665354.8,55973.6,0.10816534730525172,0.11618970332474333,0.056832977602740316,0.09892526829269278,0.1055108242276542,0.05679046859154533
GNQ,226,Domestic Inventory,1146.0,95.0,957.1,1005.7,2000.9,2004.4,2001.4,2002.0,144.2,659.6,199.1,194.6,19.0,227.4,227.7,247.9,24.0,119.5,149.4,165.1,848.0,401.4,446.6,64158.6,30350.0,33808.6,65390.5,30932.8,34457.7,0.009019008123307878,0.004936497445362572,0.035135115998593335,0.008967860902597661,0.004905270426649334,0.03496056943964461
ROU,642,All Global Voyages,2739872.0,58539.0,81475141.7,114361946.3,2002.6,2002.5,2008.8,2009.1,358.8,1354.1,1507.6,1784.2,41.0,231.2,403.1,445.6,19.0,89.0,69.9,77.7,9402364.3,8131271.3,1271093.0,715428735.4,618723859.3,96704876.1,729164967.1,630603357.4,98561609.7,100.0,100.0,100.0,100.0,100.0,100.0
ROU,642,All International Voyages,1244079.0,43111.0,72080717.8,102661963.7,2003.7,2003.9,2009.1,2009.4,663.1,1807.6,2057.2,2437.2,67.0,235.5,428.7,472.1,22.0,85.3,69.1,76.9,7421794.7,6689478.0,732316.7,564552047.5,508802890.5,55749157.0,575391446.8,518571906.0,56819540.9,78.93540883115962,82.26853776235458,57.613148683849246,78.91101091820406,82.23424438114164,57.64875499999063
ROU,642,All Domestic Voyages,1495793.0,55373.0,9394423.9,11699982.6,2001.6,2002.7,2006.1,2006.6,222.5,777.4,494.4,532.4,27.0,173.3,206.5,213.1,17.0,86.5,76.1,84.0,1980569.6,1441793.3,538776.3,150876687.9,109920968.8,40955719.1,153773520.3,112031451.4,41742068.9,21.064591168840373,17.731462237645424,42.38685131615075,21.088989081795948,17.765755618858368,42.35124510146875
ROU,642,Int. Arr. Inventory,4759.0,1983.0,23247.2,35303.7,1996.6,2000.5,2005.5,2005.8,253.3,395.9,399.1,422.3,34.0,68.6,157.6,174.0,42.0,110.2,109.5,117.5,5767.4,3173.9,2593.5,442273.4,243656.2,198617.3,450765.1,248334.4,202430.7,0.06133989086128049,0.03903325670611925,0.2040369980796055,0.0618193578049644,0.03938044367919187,0.20538493701163651
ROU,642,Int. Dep. Inventory,4780.0,1996.0,33098.8,50902.9,1996.7,2000.6,2005.9,2006.4,289.8,595.5,566.6,607.5,44.0,103.2,222.5,236.1,25.0,76.4,85.3,88.4,6126.1,4674.4,1451.7,469710.5,359333.4,110377.1,478728.9,366232.6,112496.3,0.06515488875494858,0.05748670567663878,0.1142087951078324,0.06565440217238873,0.05807653823950287,0.1141380506491464
ROU,642,Domestic Inventory,1599.0,356.0,861.1,1245.7,1993.6,1993.7,1995.4,1996.0,88.7,186.8,195.7,215.1,14.0,53.2,279.9,283.6,24.0,91.3,132.0,105.1,553.2,318.6,234.6,41756.4,24122.8,17633.6,42558.2,24586.0,17972.2,0.00588362652572396,0.003918206492507513,0.018456556679959688,0.005836566746927027,0.0038988057566596143,0.01823448303523395
MLT,470,All Global Voyages,2739872.0,58539.0,81475141.7,114361946.3,2002.6,2002.5,2008.8,2009.1,358.8,1354.1,1507.6,1784.2,41.0,231.2,403.1,445.6,19.0,89.0,69.9,77.7,9402364.3,8131271.3,1271093.0,715428735.4,618723859.3,96704876.1,729164967.1,630603357.4,98561609.7,100.0,100.0,100.0,100.0,100.0,100.0
MLT,470,All International Voyages,1244079.0,43111.0,72080717.8,102661963.7,2003.7,2003.9,2009.1,2009.4,663.1,1807.6,2057.2,2437.2,67.0,235.5,428.7,472.1,22.0,85.3,69.1,76.9,7421794.7,6689478.0,732316.7,564552047.5,508802890.5,55749157.0,575391446.8,518571906.0,56819540.9,78.93540883115962,82.26853776235458,57.613148683849246,78.91101091820406,82.23424438114164,57.64875499999063
MLT,470,All Domestic Voyages,1495793.0,55373.0,9394423.9,11699982.6,2001.6,2002.7,2006.1,2006.6,222.5,777.4,494.4,532.4,27.0,173.3,206.5,213.1,17.0,86.5,76.1,84.0,1980569.6,1441793.3,538776.3,150876687.9,109920968.8,40955719.1,153773520.3,112031451.4,41742068.9,21.064591168840373,17.731462237645424,42.38685131615075,21.088989081795948,17.765755618858368,42.35124510146875
MLT,470,Int. Arr. Inventory,7702.0,3147.0,414574.9,530381.5,2004.8,2005.9,2009.3,2009.4,744.1,1584.9,1621.4,1667.2,71.0,176.2,284.3,300.0,16.0,43.6,35.4,36.2,47541.0,43819.4,3721.6,3641229.4,3355589.5,285639.9,3711141.0,3420016.8,291124.2,0.505628142912948,0.5388997412987562,0.2927873884916367,0.5089576662959785,0.5423404046088258,0.29537281390403264
MLT,470,Int. Dep. Inventory,7666.0,3122.0,364751.4,502408.7,2004.8,2005.9,2009.0,2009.0,737.5,1688.8,1430.3,1585.5,66.0,172.1,284.8,322.6,28.0,84.9,69.7,78.7,44058.7,36989.2,7069.4,3374291.8,2832302.4,541989.4,3439078.2,2886682.6,552395.6,0.46859171368205754,0.4549005762481446,0.5561670153167392,0.47164610961463727,0.4577651809374906,0.560457161445893
MLT,470,Domestic Inventory,1091.0,200.0,2386.9,3333.6,1994.0,2001.3,2000.1,2000.0,202.9,488.6,348.9,325.3,59.0,186.9,386.2,400.1,27.0,94.6,98.4,87.0,1527.3,1023.8,503.5,115404.3,77373.6,38030.7,117620.1,78859.2,38760.9,0.016243786682462406,0.012590897071654712,0.039611578381754914,0.01613079416963668,0.012505356826062467,0.03932656956190114
SMR,674,All Global Voyages,2739872.0,58539.0,81475141.7,114361946.3,2002.6,2002.5,2008.8,2009.1,358.8,1354.1,1507.6,1784.2,41.0,231.2,403.1,445.6,19.0,89.0,69.9,77.7,9402364.3,8131271.3,1271093.0,715428735.4,618723859.3,96704876.1,729164967.1,630603357.4,98561609.7,100.0,100.0,100.0,100.0,100.0,100.0
SMR,674,All International Voyages,1244079.0,43111.0,72080717.8,102661963.7,2003.7,2003.9,2009.1,2009.4,663.1,1807.6,2057.2,2437.2,67.0,235.5,428.7,472.1,22.0,85.3,69.1,76.9,7421794.7,6689478.0,732316.7,564552047.5,508802890.5,55749157.0,575391446.8,518571906.0,56819540.9,78.93540883115962,82.26853776235458,57.613148683849246,78.91101091820406,82.23424438114164,57.64875499999063
SMR,674,All Domestic Voyages,1495793.0,55373.0,9394423.9,11699982.6,2001.6,2002.7,2006.1,2006.6,222.5,777.4,494.4,532.4,27.0,173.3,206.5,213.1,17.0,86.5,76.1,84.0,1980569.6,1441793.3,538776.3,150876687.9,109920968.8,40955719.1,153773520.3,112031451.4,41742068.9,21.064591168840373,17.731462237645424,42.38685131615075,21.088989081795948,17.765755618858368,42.35124510146875
SMR,674,Int. Arr. Inventory,3.0,3.0,31.1,31.6,1997.0,1997.0,1989.7,1990.0,789.6,928.9,701.5,701.1,120.0,109.0,116.5,116.1,18.0,17.0,17.0,16.8,4.5,4.1,0.4,341.3,309.8,31.5,347.8,315.7,32.1,4.786030254113851e-05,5.042261964620465e-05,3.1468979846478583e-05,4.769839689134457e-05,5.006316510930774e-05,3.256846159240437e-05
SMR,674,Int. Dep. Inventory,3.0,3.0,9.0,9.1,1997.0,1997.0,1988.8,1989.1,205.0,384.3,204.1,202.4,46.0,53.3,36.6,36.3,8.0,9.0,6.3,6.2,1.6,1.4,0.3,125.6,104.6,20.9,128.0,106.6,21.3,1.701699645907147e-05,1.721747987919183e-05,2.3601734884858936e-05,1.7554326630512088e-05,1.6904445361584433e-05,2.161084834636178e-05
SMR,674,Domestic Inventory,,,,,,,,,,,,,,,,,,,,,,,,,,,,,,,,,,,
MAC,446,All Global Voyages,2739872.0,58539.0,81475141.7,114361946.3,2002.6,2002.5,2008.8,2009.1,358.8,1354.1,1507.6,1784.2,41.0,231.2,403.1,445.6,19.0,89.0,69.9,77.7,9402364.3,8131271.3,1271093.0,715428735.4,618723859.3,96704876.1,729164967.1,630603357.4,98561609.7,100.0,100.0,100.0,100.0,100.0,100.0
MAC,446,All International Voyages,1244079.0,43111.0,72080717.8,102661963.7,2003.7,2003.9,2009.1,2009.4,663.1,1807.6,2057.2,2437.2,67.0,235.5,428.7,472.1,22.0,85.3,69.1,76.9,7421794.7,6689478.0,732316.7,564552047.5,508802890.5,55749157.0,575391446.8,518571906.0,56819540.9,78.93540883115962,82.26853776235458,57.613148683849246,78.91101091820406,82.23424438114164,57.64875499999063
MAC,446,All Domestic Voyages,1495793.0,55373.0,9394423.9,11699982.6,2001.6,2002.7,2006.1,2006.6,222.5,777.4,494.4,532.4,27.0,173.3,206.5,213.1,17.0,86.5,76.1,84.0,1980569.6,1441793.3,538776.3,150876687.9,109920968.8,40955719.1,153773520.3,112031451.4,41742068.9,21.064591168840373,17.731462237645424,42.38685131615075,21.088989081795948,17.765755618858368,42.35124510146875
MAC,446,Int. Arr. Inventory,2491.0,134.0,1853.2,2154.1,1997.4,2003.0,1996.8,1995.8,264.8,450.5,569.4,744.5,11.0,87.0,149.6,144.8,12.0,15.6,118.1,152.4,1011.6,602.3,409.3,76196.6,45398.8,30797.8,77659.6,46270.5,31389.2,0.010758996011247936,0.0074072058080266,0.03220063362790921,0.010650484253085285,0.007337496614476477,0.03184728830580372
MAC,446,Int. Dep. Inventory,2478.0,134.0,2589.1,3191.0,1997.4,2003.1,1995.7,1995.2,280.9,379.7,793.4,1097.0,19.0,38.9,641.2,795.3,8.0,54.8,49.6,53.2,1420.1,1141.0,279.1,106837.6,85883.7,20953.9,108888.9,87532.7,21356.2,0.01510364791970462,0.014032246101541341,0.02195748068788043,0.01493336966435287,0.013880785595703205,0.021667868518993962
MAC,446,Domestic Inventory,,,,,,,,,,,,,,,,,,,,,,,,,,,,,,,,,,,
GBR,826,All Global Voyages,2739872.0,58539.0,81475141.7,114361946.3,2002.6,2002.5,2008.8,2009.1,358.8,1354.1,1507.6,1784.2,41.0,231.2,403.1,445.6,19.0,89.0,69.9,77.7,9402364.3,8131271.3,1271093.0,715428735.4,618723859.3,96704876.1,729164967.1,630603357.4,98561609.7,100.0,100.0,100.0,100.0,100.0,100.0
GBR,826,All International Voyages,1244079.0,43111.0,72080717.8,102661963.7,2003.7,2003.9,2009.1,2009.4,663.1,1807.6,2057.2,2437.2,67.0,235.5,428.7,472.1,22.0,85.3,69.1,76.9,7421794.7,6689478.0,732316.7,564552047.5,508802890.5,55749157.0,575391446.8,518571906.0,56819540.9,78.93540883115962,82.26853776235458,57.613148683849246,78.91101091820406,82.23424438114164,57.64875499999063
GBR,826,All Domestic Voyages,1495793.0,55373.0,9394423.9,11699982.6,2001.6,2002.7,2006.1,2006.6,222.5,777.4,494.4,532.4,27.0,173.3,206.5,213.1,17.0,86.5,76.1,84.0,1980569.6,1441793.3,538776.3,150876687.9,109920968.8,40955719.1,153773520.3,112031451.4,41742068.9,21.064591168840373,17.731462237645424,42.38685131615075,21.088989081795948,17.765755618858368,42.35124510146875
GBR,826,Int. Arr. Inventory,51586.0,7685.0,1079703.5,1169176.6,2003.2,2005.5,2009.2,2009.8,331.8,1355.1,979.1,1292.1,36.0,162.0,333.5,325.0,15.0,60.6,53.6,59.3,150953.0,132899.2,18053.8,11460025.5,10094611.3,1365414.2,11680057.9,10288427.8,1391630.1,1.6054791665538846,1.6344209299719223,1.4203366708808876,1.6018402456241647,1.6315212532993089,1.4119392979029237
GBR,826,Int. Dep. Inventory,51623.0,7679.0,1130931.9,1186031.4,2003.2,2005.4,2009.6,2010.2,292.1,1255.4,1026.2,1312.5,30.0,159.9,419.8,461.5,15.0,64.0,41.8,51.2,139361.6,121151.3,18210.3,10589692.3,9213484.7,1376207.6,10793014.4,9390383.6,1402630.8,1.482197408581584,1.4899429072056667,1.4326489092458223,1.4801882820735972,1.4891109426877909,1.4231005401284553
GBR,826,Domestic Inventory,43168.0,4167.0,112727.9,102617.3,2000.8,2004.1,2004.6,2005.5,189.0,383.2,325.6,304.5,25.0,80.0,419.0,233.0,18.0,47.1,60.2,68.0,43738.1,30342.1,13396.1,3304132.2,2293047.6,1011084.6,3367571.6,2337074.1,1030497.5,0.4651819330165711,0.37315321160173315,1.0539040023035293,0.4618394673284078,0.37060920665501046,1.0455363940753497
GHA,288,All Global Voyages,2739872.0,58539.0,81475141.7,114361946.3,2002.6,2002.5,2008.8,2009.1,358.8,1354.1,1507.6,1784.2,41.0,231.2,403.1,445.6,19.0,89.0,69.9,77.7,9402364.3,8131271.3,1271093.0,715428735.4,618723859.3,96704876.1,729164967.1,630603357.4,98561609.7,100.0,100.0,100.0,100.0,100.0,100.0
GHA,288,All International Voyages,1244079.0,43111.0,72080717.8,102661963.7,2003.7,2003.9,2009.1,2009.4,663.1,1807.6,2057.2,2437.2,67.0,235.5,428.7,472.1,22.0,85.3,69.1,76.9,7421794.7,6689478.0,732316.7,564552047.5,508802890.5,55749157.0,575391446.8,518571906.0,56819540.9,78.93540883115962,82.26853776235458,57.613148683849246,78.91101091820406,82.23424438114164,57.64875499999063
GHA,288,All Domestic Voyages,1495793.0,55373.0,9394423.9,11699982.6,2001.6,2002.7,2006.1,2006.6,222.5,777.4,494.4,532.4,27.0,173.3,206.5,213.1,17.0,86.5,76.1,84.0,1980569.6,1441793.3,538776.3,150876687.9,109920968.8,40955719.1,153773520.3,112031451.4,41742068.9,21.064591168840373,17.731462237645424,42.38685131615075,21.088989081795948,17.765755618858368,42.35124510146875
GHA,288,Int. Arr. Inventory,2188.0,1133.0,71589.7,97097.5,2004.7,2006.1,2009.5,2009.6,408.3,1890.3,1354.7,1493.6,68.0,233.5,389.0,420.4,58.0,130.1,121.2,136.4,10636.1,8434.7,2201.4,816959.8,648725.5,168234.3,832645.5,661181.0,171464.4,0.11312154752395628,0.10373162681215668,0.17318953058509487,0.11419164901895353,0.10484895017465062,0.17396672043192085
GHA,288,Int. Dep. Inventory,2168.0,1118.0,110077.7,139970.8,2004.6,2005.9,2010.0,2009.9,717.3,2040.7,2106.3,2165.5,101.5,297.3,451.1,482.0,33.0,103.0,57.5,61.2,13262.5,11756.5,1506.0,1021014.0,906364.0,114649.9,1040617.4,923766.2,116851.2,0.1410549472115221,0.1445837872855134,0.11848070912199185,0.14271357607026758,0.14648926130186188,0.11855650527184926
GHA,288,Domestic Inventory,377.0,157.0,1215.5,1415.1,1997.3,2005.2,2006.1,2005.8,282.2,569.8,255.2,237.5,67.0,223.0,489.5,401.4,46.0,97.5,154.1,168.9,549.1,355.1,193.9,41519.9,26831.7,14688.2,42317.1,27346.9,14970.2,0.00584002047229759,0.004367090789357871,0.015254587980580492,0.005803501527000336,0.004336624548393183,0.015188672390361741
PRT,620,All Global Voyages,2739872.0,58539.0,81475141.7,114361946.3,2002.6,2002.5,2008.8,2009.1,358.8,1354.1,1507.6,1784.2,41.0,231.2,403.1,445.6,19.0,89.0,69.9,77.7,9402364.3,8131271.3,1271093.0,715428735.4,618723859.3,96704876.1,729164967.1,630603357.4,98561609.7,100.0,100.0,100.0,100.0,100.0,100.0
PRT,620,All International Voyages,1244079.0,43111.0,72080717.8,102661963.7,2003.7,2003.9,2009.1,2009.4,663.1,1807.6,2057.2,2437.2,67.0,235.5,428.7,472.1,22.0,85.3,69.1,76.9,7421794.7,6689478.0,732316.7,564552047.5,508802890.5,55749157.0,575391446.8,518571906.0,56819540.9,78.93540883115962,82.26853776235458,57.613148683849246,78.91101091820406,82.23424438114164,57.64875499999063
PRT,620,All Domestic Voyages,1495793.0,55373.0,9394423.9,11699982.6,2001.6,2002.7,2006.1,2006.6,222.5,777.4,494.4,532.4,27.0,173.3,206.5,213.1,17.0,86.5,76.1,84.0,1980569.6,1441793.3,538776.3,150876687.9,109920968.8,40955719.1,153773520.3,112031451.4,41742068.9,21.064591168840373,17.731462237645424,42.38685131615075,21.088989081795948,17.765755618858368,42.35124510146875
PRT,620,Int. Arr. Inventory,7705.0,3009.0,303064.2,340751.2,2004.6,2005.3,2008.6,2009.0,867.5,1458.2,1545.1,1831.6,77.0,157.2,253.3,285.7,25.0,60.9,45.8,57.2,40276.7,36106.3,4170.4,3070169.1,2750253.3,319915.7,3129116.3,2803058.2,326058.1,0.42836778830192734,0.4440424955443315,0.3280955838793857,0.4291369499614019,0.44450416685967364,0.3308165329203222
PRT,620,Int. Dep. Inventory,7663.0,3004.0,299186.2,328724.1,2004.6,2005.3,2008.5,2008.9,922.3,1407.1,1526.3,1777.4,80.0,148.6,208.6,234.7,21.0,59.9,40.3,48.8,40605.3,37249.9,3355.4,3103448.9,2847583.7,255865.2,3163035.1,2902257.3,260777.8,0.4318626539497092,0.4581067169656484,0.2639775374421856,0.43378868194667547,0.4602349901792641,0.26458354403276346
PRT,620,Domestic Inventory,5805.0,876.0,15412.2,14265.3,1998.9,2002.4,2002.8,2003.3,209.3,366.7,323.6,296.0,24.0,76.3,79.7,72.2,22.0,56.9,42.3,48.2,6022.1,4254.9,1767.2,460580.9,326388.4,134192.5,469424.0,332655.0,136769.0,0.06404878398510894,0.052327610812838085,0.13902995296174236,0.06437829862657427,0.05275185996020516,0.1387649820414814
BRA,076,All Global Voyages,2739872.0,58539.0,81475141.7,114361946.3,2002.6,2002.5,2008.8,2009.1,358.8,1354.1,1507.6,1784.2,41.0,231.2,403.1,445.6,19.0,89.0,69.9,77.7,9402364.3,8131271.3,1271093.0,715428735.4,618723859.3,96704876.1,729164967.1,630603357.4,98561609.7,100.0,100.0,100.0,100.0,100.0,100.0
BRA,076,All International Voyages,1244079.0,43111.0,72080717.8,102661963.7,2003.7,2003.9,2009.1,2009.4,663.1,1807.6,2057.2,2437.2,67.0,235.5,428.7,472.1,22.0,85.3,69.1,76.9,7421794.7,6689478.0,732316.7,564552047.5,508802890.5,55749157.0,575391446.8,518571906.0,56819540.9,78.93540883115962,82.26853776235458,57.613148683849246,78.91101091820406,82.23424438114164,57.64875499999063
BRA,076,All Domestic Voyages,1495793.0,55373.0,9394423.9,11699982.6,2001.6,2002.7,2006.1,2006.6,222.5,777.4,494.4,532.4,27.0,173.3,206.5,213.1,17.0,86.5,76.1,84.0,1980569.6,1441793.3,538776.3,150876687.9,109920968.8,40955719.1,153773520.3,112031451.4,41742068.9,21.064591168840373,17.731462237645424,42.38685131615075,21.088989081795948,17.765755618858368,42.35124510146875
BRA,076,Int. Arr. Inventory,10721.0,5665.0,3261949.9,5741788.8,2009.2,2009.7,2009.7,2009.7,4263.5,5439.2,5848.8,6393.1,391.0,525.0,693.9,723.5,62.0,119.0,112.5,117.0,215617.6,205938.9,9678.7,16651511.6,15904510.1,747001.5,16971220.6,16209876.7,761343.9,2.2932274598209306,2.532677762209213,0.7614470381002807,2.3274871072724634,2.5705344746076038,0.7724548151327525
BRA,076,Int. Dep. Inventory,10472.0,5576.0,3301999.7,5835238.0,2009.2,2009.7,2009.5,2009.5,4264.2,5562.3,6123.6,6751.8,387.0,545.5,804.4,841.9,23.0,66.2,68.5,71.3,230803.0,224206.5,6596.5,17833191.1,17327018.5,506172.5,18175588.3,17659697.3,515891.0,2.4547336460894202,2.7573363589528737,0.51896281389324,2.4926579196868275,2.800444541369326,0.5234198199179777
BRA,076,Domestic Inventory,20921.0,2969.0,409025.9,566991.4,2008.9,2009.5,2009.5,2009.6,448.1,707.8,557.3,606.7,55.0,174.9,195.6,209.5,32.0,94.7,74.8,79.6,68501.8,51709.8,16792.0,5274613.5,3984333.0,1290280.5,5375886.1,4060832.2,1315053.8,0.7285593050250138,0.6359374578978813,1.3210677739551708,0.73726609787367,0.6439598128279804,1.3342454572350597
AUT,040,All Global Voyages,2739872.0,58539.0,81475141.7,114361946.3,2002.6,2002.5,2008.8,2009.1,358.8,1354.1,1507.6,1784.2,41.0,231.2,403.1,445.6,19.0,89.0,69.9,77.7,9402364.3,8131271.3,1271093.0,715428735.4,618723859.3,96704876.1,729164967.1,630603357.4,98561609.7,100.0,100.0,100.0,100.0,100.0,100.0
AUT,040,All International Voyages,1244079.0,43111.0,72080717.8,102661963.7,2003.7,2003.9,2009.1,2009.4,663.1,1807.6,2057.2,2437.2,67.0,235.5,428.7,472.1,22.0,85.3,69.1,76.9,7421794.7,6689478.0,732316.7,564552047.5,508802890.5,55749157.0,575391446.8,518571906.0,56819540.9,78.93540883115962,82.26853776235458,57.613148683849246,78.91101091820406,82.23424438114164,57.64875499999063
AUT,040,All Domestic Voyages,1495793.0,55373.0,9394423.9,11699982.6,2001.6,2002.7,2006.1,2006.6,222.5,777.4,494.4,532.4,27.0,173.3,206.5,213.1,17.0,86.5,76.1,84.0,1980569.6,1441793.3,538776.3,150876687.9,109920968.8,40955719.1,153773520.3,112031451.4,41742068.9,21.064591168840373,17.731462237645424,42.38685131615075,21.088989081795948,17.765755618858368,42.35124510146875
AUT,040,Int. Arr. Inventory,14.0,14.0,152.2,242.7,2002.1,2002.1,2002.5,2003.2,232.5,434.7,539.8,543.8,36.0,56.6,111.0,122.6,4.0,10.4,13.8,12.7,19.3,16.6,2.7,1489.0,1282.1,206.8,1517.5,1306.8,210.8,0.0002052675197875496,0.0002041501185675603,0.00021241561396373045,0.00020811477079532884,0.00020723010505176864,0.00021387637706164614
AUT,040,Int. Dep. Inventory,14.0,14.0,386.7,645.1,2002.1,2002.1,2007.1,2008.1,431.3,778.9,1371.6,1445.5,49.5,68.4,106.8,106.9,15.0,22.1,41.2,44.6,35.8,29.1,6.8,2762.6,2241.8,520.9,2815.7,2284.8,530.9,0.0003807552957717241,0.00035787761748891595,0.0005349726573901359,0.0003861540429182256,0.00036231966943853764,0.0005386478585485197
AUT,040,Domestic Inventory,5.0,3.0,34.7,42.1,1984.4,1984.3,1989.9,1992.3,374.4,906.9,586.1,449.8,12.0,70.5,81.2,39.1,13.0,34.2,42.2,26.2,5.8,3.3,2.4,439.1,251.7,187.3,447.5,256.6,190.9,6.168661216413407e-05,4.0584059715237885e-05,0.0001888138790788715,6.137157161839187e-05,4.069118836569011e-05,0.00019368596006199358
POL,616,All Global Voyages,2739872.0,58539.0,81475141.7,114361946.3,2002.6,2002.5,2008.8,2009.1,358.8,1354.1,1507.6,1784.2,41.0,231.2,403.1,445.6,19.0,89.0,69.9,77.7,9402364.3,8131271.3,1271093.0,715428735.4,618723859.3,96704876.1,729164967.1,630603357.4,98561609.7,100.0,100.0,100.0,100.0,100.0,100.0
POL,616,All International Voyages,1244079.0,43111.0,72080717.8,102661963.7,2003.7,2003.9,2009.1,2009.4,663.1,1807.6,2057.2,2437.2,67.0,235.5,428.7,472.1,22.0,85.3,69.1,76.9,7421794.7,6689478.0,732316.7,564552047.5,508802890.5,55749157.0,575391446.8,518571906.0,56819540.9,78.93540883115962,82.26853776235458,57.613148683849246,78.91101091820406,82.23424438114164,57.64875499999063
POL,616,All Domestic Voyages,1495793.0,55373.0,9394423.9,11699982.6,2001.6,2002.7,2006.1,2006.6,222.5,777.4,494.4,532.4,27.0,173.3,206.5,213.1,17.0,86.5,76.1,84.0,1980569.6,1441793.3,538776.3,150876687.9,109920968.8,40955719.1,153773520.3,112031451.4,41742068.9,21.064591168840373,17.731462237645424,42.38685131615075,21.088989081795948,17.765755618858368,42.35124510146875
POL,616,Int. Arr. Inventory,11990.0,2594.0,128134.7,157957.9,1997.3,2002.3,2007.0,2009.3,361.6,955.6,675.2,1054.0,36.0,114.4,258.9,334.8,19.0,105.0,85.7,95.9,22023.9,17344.6,4679.3,1659419.1,1308070.0,351349.1,1691279.9,1333184.9,358095.0,0.2342378926968401,0.21330735822330757,0.36813199348906805,0.23194749834546732,0.21141417728836215,0.36332097364274274
POL,616,Int. Dep. Inventory,12010.0,2615.0,98901.8,109044.3,1997.3,2002.3,2005.6,2007.9,353.3,750.6,520.2,725.4,35.0,96.6,142.5,184.9,16.0,56.2,45.4,56.0,17848.6,14533.6,3314.9,1342274.6,1093090.2,249184.5,1368046.3,1114077.5,253968.8,0.18983097687461437,0.17873711826587316,0.26079130323272964,0.18761821559268382,0.17666850119437694,0.25767517471866125
POL,616,Domestic Inventory,1527.0,509.0,1417.1,1978.3,1992.2,1998.1,2002.3,2004.0,226.8,294.6,283.7,291.1,28.0,80.8,218.2,161.8,27.0,111.2,149.5,148.6,1277.7,751.0,526.7,95969.9,56414.6,39555.4,97812.6,57497.7,40314.8,0.01358913523484726,0.009235948135195047,0.04143677921285068,0.013414330695153335,0.009117886754847778,0.040903146897366474
GEO,268,All Global Voyages,2739872.0,58539.0,81475141.7,114361946.3,2002.6,2002.5,2008.8,2009.1,358.8,1354.1,1507.6,1784.2,41.0,231.2,403.1,445.6,19.0,89.0,69.9,77.7,9402364.3,8131271.3,1271093.0,715428735.4,618723859.3,96704876.1,729164967.1,630603357.4,98561609.7,100.0,100.0,100.0,100.0,100.0,100.0
GEO,268,All International Voyages,1244079.0,43111.0,72080717.8,102661963.7,2003.7,2003.9,2009.1,2009.4,663.1,1807.6,2057.2,2437.2,67.0,235.5,428.7,472.1,22.0,85.3,69.1,76.9,7421794.7,6689478.0,732316.7,564552047.5,508802890.5,55749157.0,575391446.8,518571906.0,56819540.9,78.93540883115962,82.26853776235458,57.613148683849246,78.91101091820406,82.23424438114164,57.64875499999063
GEO,268,All Domestic Voyages,1495793.0,55373.0,9394423.9,11699982.6,2001.6,2002.7,2006.1,2006.6,222.5,777.4,494.4,532.4,27.0,173.3,206.5,213.1,17.0,86.5,76.1,84.0,1980569.6,1441793.3,538776.3,150876687.9,109920968.8,40955719.1,153773520.3,112031451.4,41742068.9,21.064591168840373,17.731462237645424,42.38685131615075,21.088989081795948,17.765755618858368,42.35124510146875
GEO,268,Int. Arr. Inventory,1432.0,545.0,10384.7,12786.9,1999.2,2000.8,2000.4,2003.5,582.5,550.3,581.9,582.8,56.0,86.5,81.3,88.0,38.0,79.0,54.9,62.9,2569.0,1844.1,724.8,196588.3,141546.8,55041.6,200362.8,144264.4,56098.4,0.027322914939596623,0.02267911046086975,0.057021791481819184,0.027478390904718493,0.02287720138294335,0.05691708990016627
GEO,268,Int. Dep. Inventory,1438.0,549.0,10416.8,13203.7,1999.3,2000.9,2000.7,2003.8,557.5,638.6,577.9,594.4,54.0,113.4,101.0,110.1,24.0,63.1,47.5,49.5,2284.6,1700.5,584.1,174852.9,130520.0,44332.9,178210.1,133026.0,45184.1,0.024298143818996674,0.02091308895326122,0.04595257782082035,0.024440299252001734,0.021095035165761077,0.045843508580603064
GEO,268,Domestic Inventory,82.0,32.0,32.8,47.7,1996.0,1995.1,2004.2,2003.4,68.4,141.7,104.1,96.3,21.5,366.6,231.3,108.7,46.5,47.8,37.8,34.1,42.7,27.4,15.3,3223.8,2064.5,1159.3,3285.6,2104.1,1181.5,0.00045414109300146983,0.00033697067763561154,0.0012036884791278059,0.0004505976216969571,0.000333664573032925,0.001198742597240678
BRN,096,All Global Voyages,2739872.0,58539.0,81475141.7,114361946.3,2002.6,2002.5,2008.8,2009.1,358.8,1354.1,1507.6,1784.2,41.0,231.2,403.1,445.6,19.0,89.0,69.9,77.7,9402364.3,8131271.3,1271093.0,715428735.4,618723859.3,96704876.1,729164967.1,630603357.4,98561609.7,100.0,100.0,100.0,100.0,100.0,100.0
BRN,096,All International Voyages,1244079.0,43111.0,72080717.8,102661963.7,2003.7,2003.9,2009.1,2009.4,663.1,1807.6,2057.2,2437.2,67.0,235.5,428.7,472.1,22.0,85.3,69.1,76.9,7421794.7,6689478.0,732316.7,564552047.5,508802890.5,55749157.0,575391446.8,518571906.0,56819540.9,78.93540883115962,82.26853776235458,57.613148683849246,78.91101091820406,82.23424438114164,57.64875499999063
BRN,096,All Domestic Voyages,1495793.0,55373.0,9394423.9,11699982.6,2001.6,2002.7,2006.1,2006.6,222.5,777.4,494.4,532.4,27.0,173.3,206.5,213.1,17.0,86.5,76.1,84.0,1980569.6,1441793.3,538776.3,150876687.9,109920968.8,40955719.1,153773520.3,112031451.4,41742068.9,21.064591168840373,17.731462237645424,42.38685131615075,21.088989081795948,17.765755618858368,42.35124510146875
BRN,096,Int. Arr. Inventory,923.0,429.0,37517.1,40416.4,2007.3,2006.9,2007.2,2006.6,1019.2,1531.9,1952.5,1898.5,109.0,230.3,209.6,230.6,31.0,94.3,116.9,105.9,4590.6,3740.6,850.1,321360.6,259937.2,61423.5,327530.8,264928.0,62602.8,0.04882388996563343,0.04600264659721783,0.0668794494187286,0.04491861441213225,0.042011828337278054,0.06351641393697734
BRN,096,Int. Dep. Inventory,905.0,420.0,38929.3,41261.3,2007.2,2006.9,2007.6,2007.1,862.3,1426.2,2044.2,1972.5,98.0,235.5,282.2,288.3,28.0,140.6,56.2,61.5,4873.2,4156.5,716.8,337393.3,284608.4,52785.0,343871.3,290072.8,53798.4,0.051829516965216926,0.05111746794132918,0.056392411884889616,0.04715960249264696,0.0459992476405423,0.05458352411628683
BRN,096,Domestic Inventory,1995.0,96.0,902.2,609.9,2013.6,2010.2,2008.3,2008.4,143.4,739.6,335.9,317.3,26.0,233.7,492.0,471.5,18.0,104.7,151.5,157.0,937.1,650.3,286.8,70039.7,48505.8,21533.9,71384.5,49437.1,21947.4,0.00996664211362242,0.007997519403884604,0.022563258549925143,0.00978989710434211,0.007839650617121817,0.022267696384832888
QAT,634,All Global Voyages,2739872.0,58539.0,81475141.7,114361946.3,2002.6,2002.5,2008.8,2009.1,358.8,1354.1,1507.6,1784.2,41.0,231.2,403.1,445.6,19.0,89.0,69.9,77.7,9402364.3,8131271.3,1271093.0,715428735.4,618723859.3,96704876.1,729164967.1,630603357.4,98561609.7,100.0,100.0,100.0,100.0,100.0,100.0
QAT,634,All International Voyages,1244079.0,43111.0,72080717.8,102661963.7,2003.7,2003.9,2009.1,2009.4,663.1,1807.6,2057.2,2437.2,67.0,235.5,428.7,472.1,22.0,85.3,69.1,76.9,7421794.7,6689478.0,732316.7,564552047.5,508802890.5,55749157.0,575391446.8,518571906.0,56819540.9,78.93540883115962,82.26853776235458,57.613148683849246,78.91101091820406,82.23424438114164,57.64875499999063
QAT,634,All Domestic Voyages,1495793.0,55373.0,9394423.9,11699982.6,2001.6,2002.7,2006.1,2006.6,222.5,777.4,494.4,532.4,27.0,173.3,206.5,213.1,17.0,86.5,76.1,84.0,1980569.6,1441793.3,538776.3,150876687.9,109920968.8,40955719.1,153773520.3,112031451.4,41742068.9,21.064591168840373,17.731462237645424,42.38685131615075,21.088989081795948,17.765755618858368,42.35124510146875
QAT,634,Int. Arr. Inventory,7236.0,2357.0,581044.3,604018.2,2006.0,2007.3,2006.9,2007.6,372.3,1168.8,2058.8,1743.6,42.0,136.1,353.1,349.6,27.0,70.8,101.6,91.6,68365.8,58015.5,10350.3,4789519.9,4020213.8,769306.2,4881478.7,4097401.9,784076.8,0.7271128603259926,0.7134862170937526,0.8142834552625181,0.6694614964038088,0.6497589731988953,0.7955194749624712
QAT,634,Int. Dep. Inventory,7157.0,2292.0,798088.9,839626.9,2005.9,2007.3,2007.4,2007.9,380.3,1632.7,2845.6,2439.5,46.0,164.7,464.0,458.5,27.0,70.2,45.1,49.7,90177.1,83928.2,6248.9,6347503.7,5878326.2,469177.5,6469375.8,5991190.1,478185.7,0.9590896196183337,1.0321657819977057,0.49161627040665,0.8872307491307065,0.9500726613162811,0.4851642555914953
QAT,634,Domestic Inventory,5569.0,449.0,6613.8,9066.0,2009.7,2007.7,2008.2,2008.1,90.4,485.7,242.6,244.3,15.0,112.2,167.1,137.2,22.0,68.0,78.6,70.7,2906.1,1760.4,1145.7,219378.9,133027.7,86351.2,223591.0,135581.8,88009.2,0.030908183381067246,0.021649751128092358,0.09013502552527627,0.03066398004408459,0.021500329550893697,0.08929359034200107
FRA,250,All Global Voyages,2739872.0,58539.0,81475141.7,114361946.3,2002.6,2002.5,2008.8,2009.1,358.8,1354.1,1507.6,1784.2,41.0,231.2,403.1,445.6,19.0,89.0,69.9,77.7,9402364.3,8131271.3,1271093.0,715428735.4,618723859.3,96704876.1,729164967.1,630603357.4,98561609.7,100.0,100.0,100.0,100.0,100.0,100.0
FRA,250,All International Voyages,1244079.0,43111.0,72080717.8,102661963.7,2003.7,2003.9,2009.1,2009.4,663.1,1807.6,2057.2,2437.2,67.0,235.5,428.7,472.1,22.0,85.3,69.1,76.9,7421794.7,6689478.0,732316.7,564552047.5,508802890.5,55749157.0,575391446.8,518571906.0,56819540.9,78.93540883115962,82.26853776235458,57.613148683849246,78.91101091820406,82.23424438114164,57.64875499999063
FRA,250,All Domestic Voyages,1495793.0,55373.0,9394423.9,11699982.6,2001.6,2002.7,2006.1,2006.6,222.5,777.4,494.4,532.4,27.0,173.3,206.5,213.1,17.0,86.5,76.1,84.0,1980569.6,1441793.3,538776.3,150876687.9,109920968.8,40955719.1,153773520.3,112031451.4,41742068.9,21.064591168840373,17.731462237645424,42.38685131615075,21.088989081795948,17.765755618858368,42.35124510146875
FRA,250,Int. Arr. Inventory,25274.0,6222.0,658023.9,777992.7,2003.7,2005.7,2008.7,2009.4,392.7,1230.0,952.1,1314.0,40.0,139.5,305.4,363.7,20.0,55.2,52.4,60.8,90794.2,77073.5,13720.7,6856520.0,5812894.2,1043625.8,6988165.2,5924501.8,1063663.4,0.9656528624401417,0.9478653110492082,1.0794410794489468,0.9583791755373267,0.9394973449597431,1.079186311219509
FRA,250,Int. Dep. Inventory,25304.0,6238.0,743497.0,817191.6,2003.7,2005.7,2009.1,2009.7,412.9,1135.0,1075.1,1379.8,41.0,114.3,309.4,276.5,18.0,52.7,40.1,46.7,99757.8,87731.6,12026.2,7541982.3,6625926.7,916055.6,7686788.4,6753144.5,933643.9,1.060986330852975,1.0789407555495043,0.9461306135743018,1.0541905805721203,1.0709020846072648,0.947269330159895
FRA,250,Domestic Inventory,13054.0,2030.0,68015.6,47632.3,2002.1,2004.4,2002.7,2005.7,190.9,355.7,390.4,414.0,18.0,53.9,97.8,106.3,14.0,47.4,48.5,56.9,17920.1,12768.3,5151.7,1367408.8,975253.2,392155.7,1393663.1,993978.0,399685.1,0.19059142390387912,0.1570271059582036,0.4052968586877592,0.1911313849241565,0.15762332825156633,0.4055180320375794
GIB,292,All Global Voyages,2739872.0,58539.0,81475141.7,114361946.3,2002.6,2002.5,2008.8,2009.1,358.8,1354.1,1507.6,1784.2,41.0,231.2,403.1,445.6,19.0,89.0,69.9,77.7,9402364.3,8131271.3,1271093.0,715428735.4,618723859.3,96704876.1,729164967.1,630603357.4,98561609.7,100.0,100.0,100.0,100.0,100.0,100.0
GIB,292,All International Voyages,1244079.0,43111.0,72080717.8,102661963.7,2003.7,2003.9,2009.1,2009.4,663.1,1807.6,2057.2,2437.2,67.0,235.5,428.7,472.1,22.0,85.3,69.1,76.9,7421794.7,6689478.0,732316.7,564552047.5,508802890.5,55749157.0,575391446.8,518571906.0,56819540.9,78.93540883115962,82.26853776235458,57.613148683849246,78.91101091820406,82.23424438114164,57.64875499999063
GIB,292,All Domestic Voyages,1495793.0,55373.0,9394423.9,11699982.6,2001.6,2002.7,2006.1,2006.6,222.5,777.4,494.4,532.4,27.0,173.3,206.5,213.1,17.0,86.5,76.1,84.0,1980569.6,1441793.3,538776.3,150876687.9,109920968.8,40955719.1,153773520.3,112031451.4,41742068.9,21.064591168840373,17.731462237645424,42.38685131615075,21.088989081795948,17.765755618858368,42.35124510146875
GIB,292,Int. Arr. Inventory,5964.0,3961.0,451467.9,734090.7,2008.4,2008.7,2010.0,2010.2,1561.9,2139.0,2175.2,2301.8,152.0,219.1,350.3,357.0,9.0,18.4,15.9,16.0,44476.4,42235.6,2240.8,3401584.6,3229604.6,171980.0,3466895.0,3291613.1,175282.0,0.47303421332015394,0.5194218522754247,0.17628922509997305,0.47546099393507185,0.5219783658576507,0.1778400337956331
GIB,292,Int. Dep. Inventory,6020.0,3981.0,569146.0,927667.3,2008.4,2008.7,2010.1,2010.2,1761.7,2384.7,2721.3,2886.4,163.0,229.2,430.9,445.5,55.0,103.5,106.2,109.5,57405.7,50487.5,6918.2,4387216.4,3856959.8,530256.7,4471451.0,3931013.4,540437.6,0.6105453710190744,0.6209053681433554,0.5442717409347703,0.6132289950494524,0.6233733699433044,0.5483246485573581
GIB,292,Domestic Inventory,1.0,1.0,41.5,35.7,2014.0,2014.0,2014.0,2014.0,391.8,391.8,391.8,391.8,288.0,288.0,288.0,288.0,2.0,2.0,2.0,2.0,6.2,6.1,0.1,471.8,465.6,6.2,480.8,474.5,6.3,6.594086127890194e-05,7.501901947362155e-05,7.867244961619646e-06,6.593843940586103e-05,7.524539703632095e-05,6.391941060191511e-06
GAB,266,All Global Voyages,2739872.0,58539.0,81475141.7,114361946.3,2002.6,2002.5,2008.8,2009.1,358.8,1354.1,1507.6,1784.2,41.0,231.2,403.1,445.6,19.0,89.0,69.9,77.7,9402364.3,8131271.3,1271093.0,715428735.4,618723859.3,96704876.1,729164967.1,630603357.4,98561609.7,100.0,100.0,100.0,100.0,100.0,100.0
GAB,266,All International Voyages,1244079.0,43111.0,72080717.8,102661963.7,2003.7,2003.9,2009.1,2009.4,663.1,1807.6,2057.2,2437.2,67.0,235.5,428.7,472.1,22.0,85.3,69.1,76.9,7421794.7,6689478.0,732316.7,564552047.5,508802890.5,55749157.0,575391446.8,518571906.0,56819540.9,78.93540883115962,82.26853776235458,57.613148683849246,78.91101091820406,82.23424438114164,57.64875499999063
GAB,266,All Domestic Voyages,1495793.0,55373.0,9394423.9,11699982.6,2001.6,2002.7,2006.1,2006.6,222.5,777.4,494.4,532.4,27.0,173.3,206.5,213.1,17.0,86.5,76.1,84.0,1980569.6,1441793.3,538776.3,150876687.9,109920968.8,40955719.1,153773520.3,112031451.4,41742068.9,21.064591168840373,17.731462237645424,42.38685131615075,21.088989081795948,17.765755618858368,42.35124510146875
GAB,266,Int. Arr. Inventory,975.0,475.0,51555.3,88327.5,2006.3,2007.4,2009.7,2010.0,528.0,1896.4,2353.5,2698.9,59.0,240.3,573.4,596.1,42.0,96.4,73.7,74.9,4775.3,3994.3,781.0,364367.2,304322.5,60044.7,371363.0,310165.5,61197.5,0.05078828949437749,0.04912269991532567,0.06144318315024943,0.050929901566303594,0.049185513581599595,0.062090605243026994
GAB,266,Int. Dep. Inventory,967.0,467.0,66169.3,110397.7,2006.3,2007.4,2009.0,2009.2,595.9,2814.0,3016.5,3360.3,66.0,317.8,597.8,628.6,41.0,99.9,59.8,59.4,6650.0,5943.5,706.5,509710.8,455845.9,53864.9,519497.3,464598.1,54899.1,0.0707268915330158,0.07309435118712618,0.05558208565384279,0.07124551006147754,0.07367517069930525,0.055700287532945994
GAB,266,Domestic Inventory,2337.0,107.0,823.8,938.6,2005.0,2007.2,2007.3,2007.3,139.4,774.6,167.0,163.3,19.0,189.2,139.2,92.7,16.0,55.9,66.4,66.5,1017.9,632.2,385.7,76646.6,47567.7,29078.9,78118.2,48481.0,29637.2,0.010826000434805529,0.007774921985446484,0.030343963816966968,0.010713378113966165,0.007688033917213648,0.030069719934779027
LBR,430,All Global Voyages,2739872.0,58539.0,81475141.7,114361946.3,2002.6,2002.5,2008.8,2009.1,358.8,1354.1,1507.6,1784.2,41.0,231.2,403.1,445.6,19.0,89.0,69.9,77.7,9402364.3,8131271.3,1271093.0,715428735.4,618723859.3,96704876.1,729164967.1,630603357.4,98561609.7,100.0,100.0,100.0,100.0,100.0,100.0
LBR,430,All International Voyages,1244079.0,43111.0,72080717.8,102661963.7,2003.7,2003.9,2009.1,2009.4,663.1,1807.6,2057.2,2437.2,67.0,235.5,428.7,472.1,22.0,85.3,69.1,76.9,7421794.7,6689478.0,732316.7,564552047.5,508802890.5,55749157.0,575391446.8,518571906.0,56819540.9,78.93540883115962,82.26853776235458,57.613148683849246,78.91101091820406,82.23424438114164,57.64875499999063
LBR,430,All Domestic Voyages,1495793.0,55373.0,9394423.9,11699982.6,2001.6,2002.7,2006.1,2006.6,222.5,777.4,494.4,532.4,27.0,173.3,206.5,213.1,17.0,86.5,76.1,84.0,1980569.6,1441793.3,538776.3,150876687.9,109920968.8,40955719.1,153773520.3,112031451.4,41742068.9,21.064591168840373,17.731462237645424,42.38685131615075,21.088989081795948,17.765755618858368,42.35124510146875
LBR,430,Int. Arr. Inventory,378.0,239.0,15955.1,26224.3,2003.1,2004.7,2008.3,2008.6,799.1,1977.4,1884.4,2118.7,83.0,219.5,445.2,467.5,47.0,81.8,107.6,113.2,1916.2,1679.5,236.7,147625.4,129549.2,18076.3,150459.8,132036.5,18423.3,0.02037998038429547,0.020654826755073345,0.0186217688241537,0.020634534952824392,0.020938121951077325,0.018692166307020044
LBR,430,Int. Dep. Inventory,374.0,234.0,14952.5,23471.2,2003.1,2004.6,2007.8,2007.9,834.3,1982.2,1838.3,2002.1,98.5,316.2,520.7,574.1,45.0,88.7,63.3,63.9,1816.4,1566.1,250.2,139857.1,120782.4,19074.7,142542.3,123101.4,19440.9,0.019318545230160886,0.019260210884858804,0.019683846893972352,0.01954870385050346,0.01952120910163743,0.019724616977313834
LBR,430,Domestic Inventory,27.0,18.0,181.1,323.3,2002.2,2002.0,2009.6,2009.8,193.6,338.5,235.7,236.9,66.0,120.3,189.9,186.4,12.0,121.5,33.1,27.8,32.2,21.5,10.8,2455.8,1642.5,813.3,2503.0,1674.0,828.9,0.00034246705373881337,0.0002644112981447317,0.0008496624558549218,0.00034326937153259185,0.00026546005192581935,0.000840996816633769
VIR,850,All Global Voyages,2739872.0,58539.0,81475141.7,114361946.3,2002.6,2002.5,2008.8,2009.1,358.8,1354.1,1507.6,1784.2,41.0,231.2,403.1,445.6,19.0,89.0,69.9,77.7,9402364.3,8131271.3,1271093.0,715428735.4,618723859.3,96704876.1,729164967.1,630603357.4,98561609.7,100.0,100.0,100.0,100.0,100.0,100.0
VIR,850,All International Voyages,1244079.0,43111.0,72080717.8,102661963.7,2003.7,2003.9,2009.1,2009.4,663.1,1807.6,2057.2,2437.2,67.0,235.5,428.7,472.1,22.0,85.3,69.1,76.9,7421794.7,6689478.0,732316.7,564552047.5,508802890.5,55749157.0,575391446.8,518571906.0,56819540.9,78.93540883115962,82.26853776235458,57.613148683849246,78.91101091820406,82.23424438114164,57.64875499999063
VIR,850,All Domestic Voyages,1495793.0,55373.0,9394423.9,11699982.6,2001.6,2002.7,2006.1,2006.6,222.5,777.4,494.4,532.4,27.0,173.3,206.5,213.1,17.0,86.5,76.1,84.0,1980569.6,1441793.3,538776.3,150876687.9,109920968.8,40955719.1,153773520.3,112031451.4,41742068.9,21.064591168840373,17.731462237645424,42.38685131615075,21.088989081795948,17.765755618858368,42.35124510146875
VIR,850,Int. Arr. Inventory,2080.0,399.0,52038.7,37591.8,1999.6,2004.1,2008.4,2008.2,286.5,1425.4,805.8,1343.6,25.0,167.5,151.0,261.7,10.0,41.0,24.1,44.7,9077.0,8022.7,1054.4,696013.6,616843.6,79170.1,709377.1,628686.9,80690.1,0.09653954803686983,0.09866476844770879,0.08295223087531754,0.09728622904379246,0.09969609146898589,0.08186767672078717
VIR,850,Int. Dep. Inventory,2089.0,406.0,36263.4,27327.1,1999.7,2004.2,2008.1,2008.2,196.8,1131.9,561.0,960.2,23.0,126.2,140.0,249.7,10.0,62.9,39.8,60.5,7228.9,5809.6,1419.4,554200.5,445667.3,108533.2,564841.2,454224.1,110617.1,0.07688385356436359,0.07144762221868062,0.11166767498522925,0.07746411655601877,0.07203007955314131,0.112231425944335
VIR,850,Domestic Inventory,464.0,60.0,393.5,358.1,1999.0,1997.1,2004.2,2003.5,67.6,278.5,129.6,129.2,9.0,149.6,59.9,78.4,12.0,99.6,41.4,50.3,237.8,116.3,121.5,17869.8,8748.8,9120.9,18212.9,8916.8,9296.0,0.002529151098729497,0.0014302806499642928,0.009558702628367869,0.0024977749647566686,0.0014140108667933964,0.009431664142149252
PRK,408,All Global Voyages,2739872.0,58539.0,81475141.7,114361946.3,2002.6,2002.5,2008.8,2009.1,358.8,1354.1,1507.6,1784.2,41.0,231.2,403.1,445.6,19.0,89.0,69.9,77.7,9402364.3,8131271.3,1271093.0,715428735.4,618723859.3,96704876.1,729164967.1,630603357.4,98561609.7,100.0,100.0,100.0,100.0,100.0,100.0
PRK,408,All International Voyages,1244079.0,43111.0,72080717.8,102661963.7,2003.7,2003.9,2009.1,2009.4,663.1,1807.6,2057.2,2437.2,67.0,235.5,428.7,472.1,22.0,85.3,69.1,76.9,7421794.7,6689478.0,732316.7,564552047.5,508802890.5,55749157.0,575391446.8,518571906.0,56819540.9,78.93540883115962,82.26853776235458,57.613148683849246,78.91101091820406,82.23424438114164,57.64875499999063
PRK,408,All Domestic Voyages,1495793.0,55373.0,9394423.9,11699982.6,2001.6,2002.7,2006.1,2006.6,222.5,777.4,494.4,532.4,27.0,173.3,206.5,213.1,17.0,86.5,76.1,84.0,1980569.6,1441793.3,538776.3,150876687.9,109920968.8,40955719.1,153773520.3,112031451.4,41742068.9,21.064591168840373,17.731462237645424,42.38685131615075,21.088989081795948,17.765755618858368,42.35124510146875
PRK,408,Int. Arr. Inventory,90.0,47.0,1622.2,2490.2,1994.4,1994.3,1990.7,1991.1,1598.6,4985.3,4245.5,4390.1,227.5,575.3,2546.4,2320.0,66.5,469.3,455.1,418.1,336.6,265.6,71.0,25664.3,20293.0,5371.3,26157.1,20682.7,5474.4,0.0035799506300771607,0.003266401897080965,0.005585743922749948,0.003587267789898185,0.0032798271302067767,0.0055542924031607
PRK,408,Int. Dep. Inventory,94.0,48.0,245.2,344.8,1994.2,1994.2,1996.1,1997.4,220.2,806.9,647.1,618.9,29.0,177.6,375.0,376.0,66.5,158.8,421.0,388.5,93.4,47.5,45.9,7043.9,3587.5,3456.3,7179.1,3656.4,3522.7,0.000993367168298297,0.0005841644959011514,0.003611065437383417,0.0009845645805711665,0.00057982564746808,0.0035741096464661326
PRK,408,Domestic Inventory,22.0,7.0,141.9,219.6,1989.5,1992.0,1989.8,1989.2,1768.3,4067.8,2068.0,2027.6,217.0,852.9,635.8,571.9,314.5,467.7,963.6,926.2,99.4,41.2,58.2,7502.4,3125.0,4377.4,7646.5,3185.0,4461.5,0.0010571809050198152,0.0005066858364447882,0.004578736567662634,0.0010486653014078959,0.0005050718431205105,0.004526610323816576
UKR,804,All Global Voyages,2739872.0,58539.0,81475141.7,114361946.3,2002.6,2002.5,2008.8,2009.1,358.8,1354.1,1507.6,1784.2,41.0,231.2,403.1,445.6,19.0,89.0,69.9,77.7,9402364.3,8131271.3,1271093.0,715428735.4,618723859.3,96704876.1,729164967.1,630603357.4,98561609.7,100.0,100.0,100.0,100.0,100.0,100.0
UKR,804,All International Voyages,1244079.0,43111.0,72080717.8,102661963.7,2003.7,2003.9,2009.1,2009.4,663.1,1807.6,2057.2,2437.2,67.0,235.5,428.7,472.1,22.0,85.3,69.1,76.9,7421794.7,6689478.0,732316.7,564552047.5,508802890.5,55749157.0,575391446.8,518571906.0,56819540.9,78.93540883115962,82.26853776235458,57.613148683849246,78.91101091820406,82.23424438114164,57.64875499999063
UKR,804,All Domestic Voyages,1495793.0,55373.0,9394423.9,11699982.6,2001.6,2002.7,2006.1,2006.6,222.5,777.4,494.4,532.4,27.0,173.3,206.5,213.1,17.0,86.5,76.1,84.0,1980569.6,1441793.3,538776.3,150876687.9,109920968.8,40955719.1,153773520.3,112031451.4,41742068.9,21.064591168840373,17.731462237645424,42.38685131615075,21.088989081795948,17.765755618858368,42.35124510146875
UKR,804,Int. Arr. Inventory,13358.0,3387.0,64147.6,95541.0,1994.7,2000.2,2003.5,2005.0,378.4,507.9,502.2,524.0,49.0,84.5,161.5,170.2,23.0,88.4,99.5,106.8,12253.0,8810.6,3442.5,936307.6,674737.1,261570.4,954284.7,687692.1,266592.6,0.1303182860081267,0.10835452015971968,0.27082990780375626,0.1308736353304706,0.10905303499102494,0.27048320417193833
UKR,804,Int. Dep. Inventory,13298.0,3358.0,84948.6,133741.3,1994.6,2000.1,2006.2,2007.3,264.7,670.4,672.2,742.5,39.0,110.6,303.3,329.6,26.0,54.3,67.0,68.4,13937.7,11037.5,2900.3,1067142.6,848054.5,219088.1,1087631.8,864337.2,223294.6,0.14823611971725026,0.13574138154755702,0.22817370562185457,0.14916128024165468,0.1370651123019219,0.22655332099349837
UKR,804,Domestic Inventory,4090.0,1188.0,3606.3,5178.9,1992.6,1996.3,1997.1,1998.1,107.4,188.4,141.9,133.4,15.0,96.7,184.9,168.9,48.0,107.1,121.2,118.5,2194.2,1053.8,1140.5,165831.4,79714.0,86117.5,169015.4,81244.5,87770.9,0.023336683519059133,0.012959843069065965,0.08972592878727205,0.023179308884270722,0.012883613613313758,0.08905181263491478
ERI,232,All Global Voyages,2739872.0,58539.0,81475141.7,114361946.3,2002.6,2002.5,2008.8,2009.1,358.8,1354.1,1507.6,1784.2,41.0,231.2,403.1,445.6,19.0,89.0,69.9,77.7,9402364.3,8131271.3,1271093.0,715428735.4,618723859.3,96704876.1,729164967.1,630603357.4,98561609.7,100.0,100.0,100.0,100.0,100.0,100.0
ERI,232,All International Voyages,1244079.0,43111.0,72080717.8,102661963.7,2003.7,2003.9,2009.1,2009.4,663.1,1807.6,2057.2,2437.2,67.0,235.5,428.7,472.1,22.0,85.3,69.1,76.9,7421794.7,6689478.0,732316.7,564552047.5,508802890.5,55749157.0,575391446.8,518571906.0,56819540.9,78.93540883115962,82.26853776235458,57.613148683849246,78.91101091820406,82.23424438114164,57.64875499999063
ERI,232,All Domestic Voyages,1495793.0,55373.0,9394423.9,11699982.6,2001.6,2002.7,2006.1,2006.6,222.5,777.4,494.4,532.4,27.0,173.3,206.5,213.1,17.0,86.5,76.1,84.0,1980569.6,1441793.3,538776.3,150876687.9,109920968.8,40955719.1,153773520.3,112031451.4,41742068.9,21.064591168840373,17.731462237645424,42.38685131615075,21.088989081795948,17.765755618858368,42.35124510146875
ERI,232,Int. Arr. Inventory,161.0,77.0,4305.3,6628.9,2000.7,2003.3,2001.7,2001.5,593.3,1761.3,1405.2,1386.8,102.0,236.0,473.7,506.5,53.0,214.6,178.5,193.3,1234.2,549.6,684.6,95020.1,42390.4,52629.7,96844.5,43204.3,53640.2,0.013126485643616254,0.0067590906725741645,0.053859159007248095,0.013281562385692404,0.006851263871815219,0.05442301537410869
ERI,232,Int. Dep. Inventory,165.0,81.0,3672.1,5668.1,2000.9,2003.1,2003.5,2003.2,669.2,2006.5,1197.1,1186.4,72.0,316.2,279.2,277.7,48.0,103.5,63.6,67.3,790.9,621.5,169.3,60643.6,47649.4,12994.1,61807.9,48564.3,13243.6,0.008411714062174766,0.007643331246369803,0.01331924572002206,0.008476531757390843,0.0077012434884952624,0.013436874702341634
ERI,232,Domestic Inventory,4.0,4.0,17.5,27.6,2011.0,2011.0,2008.9,2008.8,267.1,269.5,270.6,271.0,60.0,55.0,69.4,70.3,35.0,77.0,29.0,28.1,7.9,5.9,2.0,611.0,455.6,155.4,622.7,464.3,158.4,8.402142001666538e-05,7.255937949087986e-05,0.0001573448992323929,8.539905619390528e-05,7.362789851204177e-05,0.00016071166094195802
MNE,499,All Global Voyages,2739872.0,58539.0,81475141.7,114361946.3,2002.6,2002.5,2008.8,2009.1,358.8,1354.1,1507.6,1784.2,41.0,231.2,403.1,445.6,19.0,89.0,69.9,77.7,9402364.3,8131271.3,1271093.0,715428735.4,618723859.3,96704876.1,729164967.1,630603357.4,98561609.7,100.0,100.0,100.0,100.0,100.0,100.0
MNE,499,All International Voyages,1244079.0,43111.0,72080717.8,102661963.7,2003.7,2003.9,2009.1,2009.4,663.1,1807.6,2057.2,2437.2,67.0,235.5,428.7,472.1,22.0,85.3,69.1,76.9,7421794.7,6689478.0,732316.7,564552047.5,508802890.5,55749157.0,575391446.8,518571906.0,56819540.9,78.93540883115962,82.26853776235458,57.613148683849246,78.91101091820406,82.23424438114164,57.64875499999063
MNE,499,All Domestic Voyages,1495793.0,55373.0,9394423.9,11699982.6,2001.6,2002.7,2006.1,2006.6,222.5,777.4,494.4,532.4,27.0,173.3,206.5,213.1,17.0,86.5,76.1,84.0,1980569.6,1441793.3,538776.3,150876687.9,109920968.8,40955719.1,153773520.3,112031451.4,41742068.9,21.064591168840373,17.731462237645424,42.38685131615075,21.088989081795948,17.765755618858368,42.35124510146875
MNE,499,Int. Arr. Inventory,358.0,111.0,3870.4,1815.2,1991.8,1999.5,2004.6,2008.1,195.3,780.0,403.6,810.3,22.0,69.0,76.2,192.3,13.0,120.6,27.7,53.2,754.0,633.9,120.2,58217.1,48993.0,9224.0,59334.8,49933.7,9401.1,0.00801925958133743,0.007795828925299787,0.009456428443866814,0.008137362966844598,0.007918400594294077,0.009538297952534353
MNE,499,Int. Dep. Inventory,362.0,114.0,3987.2,2142.4,1991.9,1999.3,2004.5,2009.7,195.9,746.7,414.8,946.5,19.0,66.6,108.2,288.9,12.0,65.7,27.5,39.5,857.7,695.8,161.8,66210.0,53792.4,12417.6,67481.2,54825.2,12656.0,0.009122173664341,0.008557087499958338,0.012729202347900587,0.009254586142335252,0.008694086283657964,0.01284069937425139
MNE,499,Domestic Inventory,4.0,3.0,1.8,1.8,1991.2,1986.7,1989.6,1988.0,653.7,549.7,450.9,411.2,132.0,744.0,347.8,235.2,58.0,79.3,72.7,60.5,9.0,8.1,0.8,672.3,609.8,62.5,685.2,621.6,63.7,9.572060508227702e-05,9.961541930103844e-05,6.293795969295717e-05,9.397050474396002e-05,9.857226300901392e-05,6.462962627526973e-05
SLE,694,All Global Voyages,2739872.0,58539.0,81475141.7,114361946.3,2002.6,2002.5,2008.8,2009.1,358.8,1354.1,1507.6,1784.2,41.0,231.2,403.1,445.6,19.0,89.0,69.9,77.7,9402364.3,8131271.3,1271093.0,715428735.4,618723859.3,96704876.1,729164967.1,630603357.4,98561609.7,100.0,100.0,100.0,100.0,100.0,100.0
SLE,694,All International Voyages,1244079.0,43111.0,72080717.8,102661963.7,2003.7,2003.9,2009.1,2009.4,663.1,1807.6,2057.2,2437.2,67.0,235.5,428.7,472.1,22.0,85.3,69.1,76.9,7421794.7,6689478.0,732316.7,564552047.5,508802890.5,55749157.0,575391446.8,518571906.0,56819540.9,78.93540883115962,82.26853776235458,57.613148683849246,78.91101091820406,82.23424438114164,57.64875499999063
SLE,694,All Domestic Voyages,1495793.0,55373.0,9394423.9,11699982.6,2001.6,2002.7,2006.1,2006.6,222.5,777.4,494.4,532.4,27.0,173.3,206.5,213.1,17.0,86.5,76.1,84.0,1980569.6,1441793.3,538776.3,150876687.9,109920968.8,40955719.1,153773520.3,112031451.4,41742068.9,21.064591168840373,17.731462237645424,42.38685131615075,21.088989081795948,17.765755618858368,42.35124510146875
SLE,694,Int. Arr. Inventory,463.0,221.0,16718.2,23809.1,2002.0,2005.3,2008.6,2008.5,826.8,1789.2,1746.1,1917.5,97.0,207.8,431.4,489.2,39.0,86.4,143.9,173.7,1844.6,1590.4,254.1,142002.1,122646.7,19355.3,144728.5,125001.6,19727.0,0.01961846979275202,0.01955905714276192,0.019990669447475518,0.019848526263625536,0.01982253956201344,0.020014892268952054
SLE,694,Int. Dep. Inventory,471.0,227.0,19297.2,29592.2,2002.0,2005.2,2008.8,2009.4,1007.9,2323.3,1966.4,2323.1,105.0,337.6,529.0,592.3,47.0,139.1,93.5,85.6,2175.3,1900.7,274.5,167382.5,146462.3,20920.2,170596.3,149274.4,21321.8,0.023135670248386357,0.023375188575985653,0.02159558741964593,0.023396118532475228,0.02367167859928048,0.021632966491617677
SLE,694,Domestic Inventory,21.0,20.0,47.1,71.5,2007.5,2007.2,2003.9,2005.4,105.0,361.4,126.2,115.4,12.0,50.9,87.1,61.9,163.0,151.3,183.7,203.2,23.6,10.6,13.1,1803.5,801.1,1002.4,1838.2,816.5,1021.7,0.0002510006977713042,0.0001303609190853096,0.0010306090899721736,0.0002520965875953697,0.0001294791710856819,0.0010366105049520106
AIA,660,All Global Voyages,2739872.0,58539.0,81475141.7,114361946.3,2002.6,2002.5,2008.8,2009.1,358.8,1354.1,1507.6,1784.2,41.0,231.2,403.1,445.6,19.0,89.0,69.9,77.7,9402364.3,8131271.3,1271093.0,715428735.4,618723859.3,96704876.1,729164967.1,630603357.4,98561609.7,100.0,100.0,100.0,100.0,100.0,100.0
AIA,660,All International Voyages,1244079.0,43111.0,72080717.8,102661963.7,2003.7,2003.9,2009.1,2009.4,663.1,1807.6,2057.2,2437.2,67.0,235.5,428.7,472.1,22.0,85.3,69.1,76.9,7421794.7,6689478.0,732316.7,564552047.5,508802890.5,55749157.0,575391446.8,518571906.0,56819540.9,78.93540883115962,82.26853776235458,57.613148683849246,78.91101091820406,82.23424438114164,57.64875499999063
AIA,660,All Domestic Voyages,1495793.0,55373.0,9394423.9,11699982.6,2001.6,2002.7,2006.1,2006.6,222.5,777.4,494.4,532.4,27.0,173.3,206.5,213.1,17.0,86.5,76.1,84.0,1980569.6,1441793.3,538776.3,150876687.9,109920968.8,40955719.1,153773520.3,112031451.4,41742068.9,21.064591168840373,17.731462237645424,42.38685131615075,21.088989081795948,17.765755618858368,42.35124510146875
AIA,660,Int. Arr. Inventory,287.0,34.0,124.8,111.0,1990.9,1987.0,1998.7,2001.3,112.3,182.7,165.7,142.2,18.0,75.8,105.0,94.6,8.0,13.2,14.5,17.9,153.8,116.9,36.9,11639.7,8837.6,2802.1,11863.2,9007.3,2855.9,0.0016357587846282451,0.001437659569912518,0.002903013390837649,0.0016269569350241485,0.0014283622017392068,0.002897578487904911
AIA,660,Int. Dep. Inventory,286.0,34.0,155.5,192.9,1990.8,1987.0,2001.0,2002.1,113.8,219.6,206.5,248.9,20.0,38.1,93.8,111.9,8.0,39.7,19.8,20.6,118.9,79.7,39.2,9008.0,6054.5,2953.6,9181.0,6170.7,3010.3,0.0012645755493647486,0.0009801665331225637,0.003083960024954901,0.0012591115062088396,0.0009785390337028993,0.003054231773570557
AIA,660,Domestic Inventory,,,,,,,,,,,,,,,,,,,,,,,,,,,,,,,,,,,
BEN,204,All Global Voyages,2739872.0,58539.0,81475141.7,114361946.3,2002.6,2002.5,2008.8,2009.1,358.8,1354.1,1507.6,1784.2,41.0,231.2,403.1,445.6,19.0,89.0,69.9,77.7,9402364.3,8131271.3,1271093.0,715428735.4,618723859.3,96704876.1,729164967.1,630603357.4,98561609.7,100.0,100.0,100.0,100.0,100.0,100.0
BEN,204,All International Voyages,1244079.0,43111.0,72080717.8,102661963.7,2003.7,2003.9,2009.1,2009.4,663.1,1807.6,2057.2,2437.2,67.0,235.5,428.7,472.1,22.0,85.3,69.1,76.9,7421794.7,6689478.0,732316.7,564552047.5,508802890.5,55749157.0,575391446.8,518571906.0,56819540.9,78.93540883115962,82.26853776235458,57.613148683849246,78.91101091820406,82.23424438114164,57.64875499999063
BEN,204,All Domestic Voyages,1495793.0,55373.0,9394423.9,11699982.6,2001.6,2002.7,2006.1,2006.6,222.5,777.4,494.4,532.4,27.0,173.3,206.5,213.1,17.0,86.5,76.1,84.0,1980569.6,1441793.3,538776.3,150876687.9,109920968.8,40955719.1,153773520.3,112031451.4,41742068.9,21.064591168840373,17.731462237645424,42.38685131615075,21.088989081795948,17.765755618858368,42.35124510146875
BEN,204,Int. Arr. Inventory,1029.0,512.0,59557.4,65205.5,2006.0,2005.5,2008.8,2008.4,412.2,1890.1,1625.6,1664.9,63.0,201.2,396.5,450.9,25.0,95.7,76.9,107.8,7550.3,6932.3,618.1,583685.9,536277.3,47408.6,594892.6,546573.8,48318.8,0.08030214272807958,0.0852548112618011,0.04862744110777103,0.0815854610193326,0.0866747367558497,0.04902395582526693
BEN,204,Int. Dep. Inventory,1020.0,507.0,32842.3,39288.9,2006.0,2005.5,2007.2,2007.1,324.2,1161.0,898.1,1005.7,43.5,150.5,328.1,364.2,39.0,97.9,86.7,108.7,4392.9,3574.0,818.9,339110.3,276207.5,62902.8,345621.2,281510.7,64110.5,0.04672122734065941,0.043953766491594,0.06442486899070327,0.047399589337730814,0.04464148449203928,0.06504611703800126
BEN,204,Domestic Inventory,,,,,,,,,,,,,,,,,,,,,,,,,,,,,,,,,,,
AUS,036,All Global Voyages,2739872.0,58539.0,81475141.7,114361946.3,2002.6,2002.5,2008.8,2009.1,358.8,1354.1,1507.6,1784.2,41.0,231.2,403.1,445.6,19.0,89.0,69.9,77.7,9402364.3,8131271.3,1271093.0,715428735.4,618723859.3,96704876.1,729164967.1,630603357.4,98561609.7,100.0,100.0,100.0,100.0,100.0,100.0
AUS,036,All International Voyages,1244079.0,43111.0,72080717.8,102661963.7,2003.7,2003.9,2009.1,2009.4,663.1,1807.6,2057.2,2437.2,67.0,235.5,428.7,472.1,22.0,85.3,69.1,76.9,7421794.7,6689478.0,732316.7,564552047.5,508802890.5,55749157.0,575391446.8,518571906.0,56819540.9,78.93540883115962,82.26853776235458,57.613148683849246,78.91101091820406,82.23424438114164,57.64875499999063
AUS,036,All Domestic Voyages,1495793.0,55373.0,9394423.9,11699982.6,2001.6,2002.7,2006.1,2006.6,222.5,777.4,494.4,532.4,27.0,173.3,206.5,213.1,17.0,86.5,76.1,84.0,1980569.6,1441793.3,538776.3,150876687.9,109920968.8,40955719.1,153773520.3,112031451.4,41742068.9,21.064591168840373,17.731462237645424,42.38685131615075,21.088989081795948,17.765755618858368,42.35124510146875
AUS,036,Int. Arr. Inventory,16693.0,5713.0,3790173.5,6202219.3,2009.8,2010.1,2010.3,2010.7,3647.9,3803.6,3722.5,3750.5,300.0,347.6,378.3,383.2,49.0,92.6,104.6,108.9,263296.7,247710.0,15586.7,19727764.3,18562662.7,1165101.6,20106537.4,18919065.8,1187471.6,2.8003243822407518,3.0463871006247203,1.2262438704327694,2.757474413501619,3.0001530404157664,1.2048013456906843
AUS,036,Int. Dep. Inventory,16481.0,5658.0,3945984.7,6555680.8,2009.8,2010.0,2010.4,2010.7,3818.7,4087.8,3935.9,4034.7,341.0,385.1,440.2,460.0,46.0,78.0,82.5,88.9,296934.0,285481.8,11452.2,22241088.0,21361823.5,879264.5,22668116.9,21771970.5,896146.4,3.1580780166112046,3.510912248125333,0.9009726274946052,3.1087775637596176,3.4525617798431343,0.9092245984290169
AUS,036,Domestic Inventory,19573.0,2434.0,461217.5,554343.6,2006.1,2009.0,2007.9,2008.9,500.6,1071.7,882.4,1031.2,42.0,151.4,279.8,348.0,22.0,69.8,67.3,84.1,59478.3,51076.5,8401.8,4524490.5,3884151.2,640339.3,4611360.7,3958726.9,652633.8,0.6325887628072441,0.6281490078925297,0.6609901871853593,0.6324166557727099,0.6277681292915996,0.6621582196013992
JEY,832,All Global Voyages,2739872.0,58539.0,81475141.7,114361946.3,2002.6,2002.5,2008.8,2009.1,358.8,1354.1,1507.6,1784.2,41.0,231.2,403.1,445.6,19.0,89.0,69.9,77.7,9402364.3,8131271.3,1271093.0,715428735.4,618723859.3,96704876.1,729164967.1,630603357.4,98561609.7,100.0,100.0,100.0,100.0,100.0,100.0
JEY,832,All International Voyages,1244079.0,43111.0,72080717.8,102661963.7,2003.7,2003.9,2009.1,2009.4,663.1,1807.6,2057.2,2437.2,67.0,235.5,428.7,472.1,22.0,85.3,69.1,76.9,7421794.7,6689478.0,732316.7,564552047.5,508802890.5,55749157.0,575391446.8,518571906.0,56819540.9,78.93540883115962,82.26853776235458,57.613148683849246,78.91101091820406,82.23424438114164,57.64875499999063
JEY,832,All Domestic Voyages,1495793.0,55373.0,9394423.9,11699982.6,2001.6,2002.7,2006.1,2006.6,222.5,777.4,494.4,532.4,27.0,173.3,206.5,213.1,17.0,86.5,76.1,84.0,1980569.6,1441793.3,538776.3,150876687.9,109920968.8,40955719.1,153773520.3,112031451.4,41742068.9,21.064591168840373,17.731462237645424,42.38685131615075,21.088989081795948,17.765755618858368,42.35124510146875
JEY,832,Int. Arr. Inventory,536.0,36.0,597.2,295.9,1999.3,1995.7,1998.9,1999.7,137.1,322.9,194.5,168.2,16.0,36.3,110.2,41.9,3.0,13.4,9.2,8.5,271.7,239.0,32.6,20408.8,17960.2,2448.6,20800.7,18305.1,2495.6,0.0028896987112060736,0.0029392697793763196,0.0025647218574880045,0.002852674077681975,0.0029027913957630318,0.002532020334891101
JEY,832,Int. Dep. Inventory,532.0,36.0,548.2,285.3,1999.3,1995.7,1999.0,1999.6,129.6,377.7,179.8,163.0,14.0,49.2,36.1,33.2,12.0,22.7,39.6,23.0,274.6,187.9,86.7,20642.1,14121.5,6520.6,21038.4,14392.6,6645.8,0.0029205420172881413,0.0023108317637858177,0.006820901381724232,0.002885273010807543,0.0022823538490726086,0.00674278760282869
JEY,832,Domestic Inventory,1.0,1.0,0.8,0.1,1997.0,1997.0,1997.0,1997.0,2133.1,2133.1,2133.1,2133.1,420.0,420.0,420.0,420.0,9.0,9.0,9.0,9.0,1.1,1.1,0.0,83.0,80.4,2.6,84.6,81.9,2.7,1.1699185065611637e-05,1.3528019905079297e-05,0.0,1.1602312757354083e-05,1.29875616802417e-05,2.739403311510648e-06
AZE,031,All Global Voyages,2739872.0,58539.0,81475141.7,114361946.3,2002.6,2002.5,2008.8,2009.1,358.8,1354.1,1507.6,1784.2,41.0,231.2,403.1,445.6,19.0,89.0,69.9,77.7,9402364.3,8131271.3,1271093.0,715428735.4,618723859.3,96704876.1,729164967.1,630603357.4,98561609.7,100.0,100.0,100.0,100.0,100.0,100.0
AZE,031,All International Voyages,1244079.0,43111.0,72080717.8,102661963.7,2003.7,2003.9,2009.1,2009.4,663.1,1807.6,2057.2,2437.2,67.0,235.5,428.7,472.1,22.0,85.3,69.1,76.9,7421794.7,6689478.0,732316.7,564552047.5,508802890.5,55749157.0,575391446.8,518571906.0,56819540.9,78.93540883115962,82.26853776235458,57.613148683849246,78.91101091820406,82.23424438114164,57.64875499999063
AZE,031,All Domestic Voyages,1495793.0,55373.0,9394423.9,11699982.6,2001.6,2002.7,2006.1,2006.6,222.5,777.4,494.4,532.4,27.0,173.3,206.5,213.1,17.0,86.5,76.1,84.0,1980569.6,1441793.3,538776.3,150876687.9,109920968.8,40955719.1,153773520.3,112031451.4,41742068.9,21.064591168840373,17.731462237645424,42.38685131615075,21.088989081795948,17.765755618858368,42.35124510146875
AZE,031,Int. Arr. Inventory,2360.0,322.0,5156.5,5034.6,1996.4,1995.9,1997.4,1999.8,266.1,661.3,365.5,392.1,37.0,180.5,174.8,178.3,24.0,79.5,175.3,248.8,2338.7,1165.2,1173.5,176621.8,88241.8,88379.9,180012.9,89936.1,90076.8,0.024873531011769024,0.014329862539453087,0.09232211962460654,0.024687540971138355,0.014261912649943658,0.09139136452232678
AZE,031,Int. Dep. Inventory,2353.0,323.0,5005.6,4933.2,1996.4,1996.0,1997.3,1999.7,259.3,504.0,353.8,381.4,43.0,197.6,234.8,318.5,37.0,107.8,74.8,76.6,2320.6,1552.0,768.5,175259.5,117264.9,57994.6,178624.4,119516.4,59108.1,0.024681026239325783,0.019086806266075517,0.06045977753004698,0.02449711767015034,0.018952705943839302,0.05997071291744538
AZE,031,Domestic Inventory,416.0,97.0,1759.1,1861.7,1992.3,1993.4,1998.9,2003.7,742.7,1783.0,1656.3,2298.1,314.5,1052.4,1685.5,1892.9,111.5,391.7,470.0,289.0,1493.3,1110.7,382.6,112645.1,83865.2,28779.9,114807.9,85475.4,29332.5,0.01588217550770714,0.013659610644155978,0.030100079223156766,0.015745120127837256,0.013554542486487561,0.029760573198105954
CZE,203,All Global Voyages,2739872.0,58539.0,81475141.7,114361946.3,2002.6,2002.5,2008.8,2009.1,358.8,1354.1,1507.6,1784.2,41.0,231.2,403.1,445.6,19.0,89.0,69.9,77.7,9402364.3,8131271.3,1271093.0,715428735.4,618723859.3,96704876.1,729164967.1,630603357.4,98561609.7,100.0,100.0,100.0,100.0,100.0,100.0
CZE,203,All International Voyages,1244079.0,43111.0,72080717.8,102661963.7,2003.7,2003.9,2009.1,2009.4,663.1,1807.6,2057.2,2437.2,67.0,235.5,428.7,472.1,22.0,85.3,69.1,76.9,7421794.7,6689478.0,732316.7,564552047.5,508802890.5,55749157.0,575391446.8,518571906.0,56819540.9,78.93540883115962,82.26853776235458,57.613148683849246,78.91101091820406,82.23424438114164,57.64875499999063
CZE,203,All Domestic Voyages,1495793.0,55373.0,9394423.9,11699982.6,2001.6,2002.7,2006.1,2006.6,222.5,777.4,494.4,532.4,27.0,173.3,206.5,213.1,17.0,86.5,76.1,84.0,1980569.6,1441793.3,538776.3,150876687.9,109920968.8,40955719.1,153773520.3,112031451.4,41742068.9,21.064591168840373,17.731462237645424,42.38685131615075,21.088989081795948,17.765755618858368,42.35124510146875
CZE,203,Int. Arr. Inventory,128.0,58.0,731.9,1001.8,1992.6,1992.6,2004.0,2005.0,275.3,1445.0,1300.3,1525.2,62.5,288.8,640.8,639.9,9.5,22.0,19.2,11.2,188.7,174.4,14.3,14219.4,13143.4,1076.0,14492.4,13395.7,1096.7,0.0020069420198917413,0.002144806064950754,0.0011250160295116095,0.0019875337754690107,0.0021242671550673227,0.001112705041382862
CZE,203,Int. Dep. Inventory,126.0,58.0,339.6,429.1,1992.7,1992.6,2003.3,2005.1,241.1,1011.8,604.7,654.0,43.0,189.9,366.2,331.7,19.5,127.4,49.3,50.1,121.3,91.7,29.6,8995.6,6799.8,2195.8,9168.3,6930.3,2237.9,0.0012901010440533557,0.001127744932087065,0.002328704508639415,0.0012573697878634684,0.0010989951002756905,0.002270559507714696
CZE,203,Domestic Inventory,5.0,4.0,70.4,60.7,1996.8,1994.8,2004.8,2004.9,308.2,344.3,357.3,356.9,23.0,39.5,15.6,15.5,7.0,47.0,8.4,7.6,9.7,6.4,3.3,589.6,387.0,202.6,600.9,394.4,206.5,0.00010316554103312078,7.87084794477341e-05,0.0002596190837334483,8.240933493964618e-05,6.254327627212852e-05,0.00020951362363961067
PER,604,All Global Voyages,2739872.0,58539.0,81475141.7,114361946.3,2002.6,2002.5,2008.8,2009.1,358.8,1354.1,1507.6,1784.2,41.0,231.2,403.1,445.6,19.0,89.0,69.9,77.7,9402364.3,8131271.3,1271093.0,715428735.4,618723859.3,96704876.1,729164967.1,630603357.4,98561609.7,100.0,100.0,100.0,100.0,100.0,100.0
PER,604,All International Voyages,1244079.0,43111.0,72080717.8,102661963.7,2003.7,2003.9,2009.1,2009.4,663.1,1807.6,2057.2,2437.2,67.0,235.5,428.7,472.1,22.0,85.3,69.1,76.9,7421794.7,6689478.0,732316.7,564552047.5,508802890.5,55749157.0,575391446.8,518571906.0,56819540.9,78.93540883115962,82.26853776235458,57.613148683849246,78.91101091820406,82.23424438114164,57.64875499999063
PER,604,All Domestic Voyages,1495793.0,55373.0,9394423.9,11699982.6,2001.6,2002.7,2006.1,2006.6,222.5,777.4,494.4,532.4,27.0,173.3,206.5,213.1,17.0,86.5,76.1,84.0,1980569.6,1441793.3,538776.3,150876687.9,109920968.8,40955719.1,153773520.3,112031451.4,41742068.9,21.064591168840373,17.731462237645424,42.38685131615075,21.088989081795948,17.765755618858368,42.35124510146875
PER,604,Int. Arr. Inventory,4477.0,2151.0,352404.2,481753.7,2008.3,2008.8,2010.1,2010.3,969.9,2322.0,2073.8,2243.9,78.0,249.7,420.0,471.2,37.0,94.8,100.3,121.4,35836.3,31841.2,3995.1,2718091.4,2411688.7,306402.8,2770278.8,2457993.1,312285.7,0.38114136887888933,0.39158944309237353,0.31430430346166643,0.3799248352561177,0.3897843345037668,0.3168431410064521
PER,604,Int. Dep. Inventory,4446.0,2130.0,396159.6,528512.2,2008.4,2008.9,2009.9,2010.1,875.1,2684.8,2337.2,2469.1,75.0,266.8,531.7,565.2,28.0,69.1,56.8,63.3,43261.0,40331.6,2929.4,3227473.7,3003587.9,223885.8,3289441.2,3061256.8,228184.4,0.4601076773849318,0.49600607963972376,0.23046307390568588,0.4511244160676847,0.4854488584744728,0.23151448185002602
PER,604,Domestic Inventory,2988.0,673.0,20519.5,30030.2,2002.4,2008.4,2005.1,2006.6,337.1,521.0,399.0,404.6,37.0,120.5,169.1,135.7,28.0,82.8,145.4,141.4,5757.4,3597.6,2159.7,442210.8,276185.0,166025.8,450701.2,281487.7,169213.5,0.061233534633411295,0.04424400400955752,0.16990888943609947,0.06181059435596683,0.04463783719144532,0.17168297120455817
BRB,052,All Global Voyages,2739872.0,58539.0,81475141.7,114361946.3,2002.6,2002.5,2008.8,2009.1,358.8,1354.1,1507.6,1784.2,41.0,231.2,403.1,445.6,19.0,89.0,69.9,77.7,9402364.3,8131271.3,1271093.0,715428735.4,618723859.3,96704876.1,729164967.1,630603357.4,98561609.7,100.0,100.0,100.0,100.0,100.0,100.0
BRB,052,All International Voyages,1244079.0,43111.0,72080717.8,102661963.7,2003.7,2003.9,2009.1,2009.4,663.1,1807.6,2057.2,2437.2,67.0,235.5,428.7,472.1,22.0,85.3,69.1,76.9,7421794.7,6689478.0,732316.7,564552047.5,508802890.5,55749157.0,575391446.8,518571906.0,56819540.9,78.93540883115962,82.26853776235458,57.613148683849246,78.91101091820406,82.23424438114164,57.64875499999063
BRB,052,All Domestic Voyages,1495793.0,55373.0,9394423.9,11699982.6,2001.6,2002.7,2006.1,2006.6,222.5,777.4,494.4,532.4,27.0,173.3,206.5,213.1,17.0,86.5,76.1,84.0,1980569.6,1441793.3,538776.3,150876687.9,109920968.8,40955719.1,153773520.3,112031451.4,41742068.9,21.064591168840373,17.731462237645424,42.38685131615075,21.088989081795948,17.765755618858368,42.35124510146875
BRB,052,Int. Arr. Inventory,1206.0,248.0,14639.1,7514.7,2000.2,2001.3,2004.8,2006.0,208.7,834.3,378.2,649.6,18.0,98.0,132.6,239.6,12.0,31.5,17.5,25.8,3677.4,3042.0,635.4,281856.6,233071.3,48785.3,287268.3,237546.3,49722.0,0.03911143923661839,0.037411124137501105,0.04998847448613123,0.039396887256186994,0.03766968526450792,0.050447633872197195
BRB,052,Int. Dep. Inventory,1211.0,249.0,18834.2,10440.6,2000.2,2001.2,2006.5,2009.0,219.9,801.1,484.6,899.6,18.0,98.8,196.8,468.2,10.0,45.3,42.1,107.9,3894.6,3276.8,617.8,298271.0,251091.5,47179.4,303997.8,255912.5,48085.3,0.041421496505937336,0.04029874147723986,0.04860383937288617,0.04169122403247724,0.040582165793587956,0.04878704816851221
BRB,052,Domestic Inventory,,,,,,,,,,,,,,,,,,,,,,,,,,,,,,,,,,,
PYF,258,All Global Voyages,2739872.0,58539.0,81475141.7,114361946.3,2002.6,2002.5,2008.8,2009.1,358.8,1354.1,1507.6,1784.2,41.0,231.2,403.1,445.6,19.0,89.0,69.9,77.7,9402364.3,8131271.3,1271093.0,715428735.4,618723859.3,96704876.1,729164967.1,630603357.4,98561609.7,100.0,100.0,100.0,100.0,100.0,100.0
PYF,258,All International Voyages,1244079.0,43111.0,72080717.8,102661963.7,2003.7,2003.9,2009.1,2009.4,663.1,1807.6,2057.2,2437.2,67.0,235.5,428.7,472.1,22.0,85.3,69.1,76.9,7421794.7,6689478.0,732316.7,564552047.5,508802890.5,55749157.0,575391446.8,518571906.0,56819540.9,78.93540883115962,82.26853776235458,57.613148683849246,78.91101091820406,82.23424438114164,57.64875499999063
PYF,258,All Domestic Voyages,1495793.0,55373.0,9394423.9,11699982.6,2001.6,2002.7,2006.1,2006.6,222.5,777.4,494.4,532.4,27.0,173.3,206.5,213.1,17.0,86.5,76.1,84.0,1980569.6,1441793.3,538776.3,150876687.9,109920968.8,40955719.1,153773520.3,112031451.4,41742068.9,21.064591168840373,17.731462237645424,42.38685131615075,21.088989081795948,17.765755618858368,42.35124510146875
PYF,258,Int. Arr. Inventory,265.0,117.0,20896.1,17788.5,2004.4,2002.8,2006.3,2008.0,2415.4,4149.2,3073.0,3303.8,214.0,393.4,273.8,289.1,14.0,64.7,22.7,24.5,3687.1,3563.5,123.6,284591.8,275109.1,9482.7,290056.0,280391.2,9664.8,0.039214604777651506,0.04382463539250006,0.009723914772561881,0.039779201290154796,0.0444639561000853,0.009805846342625225
PYF,258,Int. Dep. Inventory,271.0,121.0,18229.7,16249.2,2004.4,2002.9,2006.2,2007.8,2497.7,3371.9,2638.2,2982.0,158.0,349.5,247.3,277.3,14.0,134.4,28.6,32.2,3140.0,2994.4,145.6,242111.4,231089.3,11022.1,246759.9,235526.2,11233.7,0.03339585555092776,0.03682572982160859,0.011454708664118204,0.033841436593066404,0.0373493412675573,0.011397642585376727
PYF,258,Domestic Inventory,1233.0,48.0,3804.8,1173.6,1989.1,1996.2,1999.2,1993.2,191.4,557.5,418.0,493.6,22.0,54.8,116.6,193.8,17.0,29.0,121.2,239.9,1805.5,1072.2,733.3,137622.5,81856.0,55766.4,140264.8,83427.6,56837.2,0.019202616941783462,0.013186129947478201,0.057690507303556855,0.019236360265339467,0.013229805870995513,0.05766667181370111
SLB,090,All Global Voyages,2739872.0,58539.0,81475141.7,114361946.3,2002.6,2002.5,2008.8,2009.1,358.8,1354.1,1507.6,1784.2,41.0,231.2,403.1,445.6,19.0,89.0,69.9,77.7,9402364.3,8131271.3,1271093.0,715428735.4,618723859.3,96704876.1,729164967.1,630603357.4,98561609.7,100.0,100.0,100.0,100.0,100.0,100.0
SLB,090,All International Voyages,1244079.0,43111.0,72080717.8,102661963.7,2003.7,2003.9,2009.1,2009.4,663.1,1807.6,2057.2,2437.2,67.0,235.5,428.7,472.1,22.0,85.3,69.1,76.9,7421794.7,6689478.0,732316.7,564552047.5,508802890.5,55749157.0,575391446.8,518571906.0,56819540.9,78.93540883115962,82.26853776235458,57.613148683849246,78.91101091820406,82.23424438114164,57.64875499999063
SLB,090,All Domestic Voyages,1495793.0,55373.0,9394423.9,11699982.6,2001.6,2002.7,2006.1,2006.6,222.5,777.4,494.4,532.4,27.0,173.3,206.5,213.1,17.0,86.5,76.1,84.0,1980569.6,1441793.3,538776.3,150876687.9,109920968.8,40955719.1,153773520.3,112031451.4,41742068.9,21.064591168840373,17.731462237645424,42.38685131615075,21.088989081795948,17.765755618858368,42.35124510146875
SLB,090,Int. Arr. Inventory,477.0,239.0,17632.4,27271.2,2003.1,2003.5,2001.6,2001.2,2726.6,3419.3,2460.4,2648.5,252.0,449.1,330.4,331.9,28.0,90.2,145.3,155.6,2419.9,2103.6,316.3,185905.0,161876.4,24028.6,189474.4,164984.5,24490.0,0.025737143582066906,0.025870493338477095,0.02488409581360294,0.02598512113843984,0.026162959341072482,0.024847402629220652
SLB,090,Int. Dep. Inventory,494.0,251.0,16856.2,25815.6,2003.2,2003.5,2000.7,2000.3,2667.4,4337.9,2267.4,2415.2,257.5,456.4,372.2,375.6,39.0,245.2,134.3,122.6,2694.2,2311.5,382.7,206691.6,177750.5,28941.1,210660.1,181163.3,29496.7,0.02865449491251897,0.028427289100537084,0.03010794646811838,0.02889059533919015,0.02872856572583798,0.029927169503198566
SLB,090,Domestic Inventory,427.0,96.0,2484.5,3950.9,1998.3,2000.1,1997.3,1997.2,304.8,607.3,386.8,391.7,70.0,127.3,308.2,313.3,61.0,121.5,113.0,106.4,569.1,420.7,148.4,43233.4,32053.0,11180.5,44063.5,32668.4,11395.1,0.006052732928035983,0.005173852703697145,0.011674991523043554,0.006043008370965386,0.005180498901035506,0.01156139802777592
URY,858,All Global Voyages,2739872.0,58539.0,81475141.7,114361946.3,2002.6,2002.5,2008.8,2009.1,358.8,1354.1,1507.6,1784.2,41.0,231.2,403.1,445.6,19.0,89.0,69.9,77.7,9402364.3,8131271.3,1271093.0,715428735.4,618723859.3,96704876.1,729164967.1,630603357.4,98561609.7,100.0,100.0,100.0,100.0,100.0,100.0
URY,858,All International Voyages,1244079.0,43111.0,72080717.8,102661963.7,2003.7,2003.9,2009.1,2009.4,663.1,1807.6,2057.2,2437.2,67.0,235.5,428.7,472.1,22.0,85.3,69.1,76.9,7421794.7,6689478.0,732316.7,564552047.5,508802890.5,55749157.0,575391446.8,518571906.0,56819540.9,78.93540883115962,82.26853776235458,57.613148683849246,78.91101091820406,82.23424438114164,57.64875499999063
URY,858,All Domestic Voyages,1495793.0,55373.0,9394423.9,11699982.6,2001.6,2002.7,2006.1,2006.6,222.5,777.4,494.4,532.4,27.0,173.3,206.5,213.1,17.0,86.5,76.1,84.0,1980569.6,1441793.3,538776.3,150876687.9,109920968.8,40955719.1,153773520.3,112031451.4,41742068.9,21.064591168840373,17.731462237645424,42.38685131615075,21.088989081795948,17.765755618858368,42.35124510146875
URY,858,Int. Arr. Inventory,4177.0,2157.0,354703.7,558589.8,2007.3,2008.5,2010.6,2010.8,886.5,3413.1,2261.4,2726.8,88.0,362.4,535.0,568.3,23.0,100.9,69.4,73.1,31818.4,30099.1,1719.2,2423456.8,2291733.5,131723.3,2469987.1,2335734.7,134252.4,0.3384085000833248,0.370164749022702,0.13525367538016494,0.3387418775511822,0.37039680689781246,0.13621165523638967
URY,858,Int. Dep. Inventory,4235.0,2197.0,163883.7,250469.7,2007.4,2008.6,2009.9,2010.5,358.3,1272.8,1028.7,1200.3,38.0,157.4,518.6,578.1,37.0,76.3,77.0,82.5,17614.0,14603.8,3010.2,1355774.6,1124730.6,231044.1,1381805.5,1146325.4,235480.1,0.18733585976880301,0.17960045189981547,0.23681980783467454,0.18950519599092241,0.18178231792585758,0.23891665397587353
URY,858,Domestic Inventory,1279.0,370.0,2934.3,4027.2,2003.6,2007.0,2006.2,2007.5,142.2,439.9,193.3,188.4,17.0,100.1,235.0,172.6,19.0,113.7,204.1,192.7,1373.9,828.5,545.4,104559.5,63072.9,41486.6,106567.1,64283.9,42283.2,0.014612282146948933,0.010189058628507452,0.042907954020673544,0.014614950636456599,0.010194030724010858,0.04290027337083963
JOR,400,All Global Voyages,2739872.0,58539.0,81475141.7,114361946.3,2002.6,2002.5,2008.8,2009.1,358.8,1354.1,1507.6,1784.2,41.0,231.2,403.1,445.6,19.0,89.0,69.9,77.7,9402364.3,8131271.3,1271093.0,715428735.4,618723859.3,96704876.1,729164967.1,630603357.4,98561609.7,100.0,100.0,100.0,100.0,100.0,100.0
JOR,400,All International Voyages,1244079.0,43111.0,72080717.8,102661963.7,2003.7,2003.9,2009.1,2009.4,663.1,1807.6,2057.2,2437.2,67.0,235.5,428.7,472.1,22.0,85.3,69.1,76.9,7421794.7,6689478.0,732316.7,564552047.5,508802890.5,55749157.0,575391446.8,518571906.0,56819540.9,78.93540883115962,82.26853776235458,57.613148683849246,78.91101091820406,82.23424438114164,57.64875499999063
JOR,400,All Domestic Voyages,1495793.0,55373.0,9394423.9,11699982.6,2001.6,2002.7,2006.1,2006.6,222.5,777.4,494.4,532.4,27.0,173.3,206.5,213.1,17.0,86.5,76.1,84.0,1980569.6,1441793.3,538776.3,150876687.9,109920968.8,40955719.1,153773520.3,112031451.4,41742068.9,21.064591168840373,17.731462237645424,42.38685131615075,21.088989081795948,17.765755618858368,42.35124510146875
JOR,400,Int. Arr. Inventory,982.0,584.0,56554.9,56818.6,2004.6,2006.6,2009.5,2009.6,788.3,1597.8,1423.1,1351.5,94.5,151.6,245.2,245.8,18.0,54.0,43.5,60.9,6352.3,5888.9,463.4,473140.0,437559.9,35580.2,482224.3,445961.0,36263.3,0.0675606666293498,0.0724228694718377,0.03645681315214543,0.06613377243257851,0.0707197313123598,0.03679252003937188
JOR,400,Int. Dep. Inventory,979.0,581.0,55352.8,59484.2,2004.5,2006.5,2009.5,2009.4,744.8,1484.0,1393.9,1425.8,80.0,159.8,247.3,262.9,25.0,46.1,44.9,48.1,6123.1,5514.0,609.0,458715.7,411981.7,46734.0,467523.0,419891.7,47631.3,0.06512298188658783,0.0678122743241884,0.04791152181626364,0.0641175894474758,0.06658570638304692,0.048326422574650786
JOR,400,Domestic Inventory,78.0,50.0,428.3,668.9,2006.9,2007.3,2004.9,2004.7,360.6,770.5,326.5,333.5,65.5,205.3,415.8,301.1,80.0,104.8,88.6,61.3,160.7,114.2,46.5,12186.5,8659.9,3526.5,12420.4,8826.2,3594.3,0.0017091445818579905,0.001404454430145505,0.0036582689071531353,0.0017033731131375963,0.001399643674018917,0.0036467545639121196
KNA,659,All Global Voyages,2739872.0,58539.0,81475141.7,114361946.3,2002.6,2002.5,2008.8,2009.1,358.8,1354.1,1507.6,1784.2,41.0,231.2,403.1,445.6,19.0,89.0,69.9,77.7,9402364.3,8131271.3,1271093.0,715428735.4,618723859.3,96704876.1,729164967.1,630603357.4,98561609.7,100.0,100.0,100.0,100.0,100.0,100.0
KNA,659,All International Voyages,1244079.0,43111.0,72080717.8,102661963.7,2003.7,2003.9,2009.1,2009.4,663.1,1807.6,2057.2,2437.2,67.0,235.5,428.7,472.1,22.0,85.3,69.1,76.9,7421794.7,6689478.0,732316.7,564552047.5,508802890.5,55749157.0,575391446.8,518571906.0,56819540.9,78.93540883115962,82.26853776235458,57.613148683849246,78.91101091820406,82.23424438114164,57.64875499999063
KNA,659,All Domestic Voyages,1495793.0,55373.0,9394423.9,11699982.6,2001.6,2002.7,2006.1,2006.6,222.5,777.4,494.4,532.4,27.0,173.3,206.5,213.1,17.0,86.5,76.1,84.0,1980569.6,1441793.3,538776.3,150876687.9,109920968.8,40955719.1,153773520.3,112031451.4,41742068.9,21.064591168840373,17.731462237645424,42.38685131615075,21.088989081795948,17.765755618858368,42.35124510146875
KNA,659,Int. Arr. Inventory,1141.0,199.0,27272.1,29435.0,1995.8,1999.9,2010.0,2013.1,149.4,723.3,617.5,2821.0,16.0,90.7,471.3,817.7,8.0,18.3,20.2,28.1,3430.6,2956.9,473.7,263803.1,227282.3,36520.8,268868.1,231646.1,37222.0,0.03648656753280661,0.03636454732484452,0.03726713938319226,0.03687342537441552,0.036734041657355755,0.03776521113372197
KNA,659,Int. Dep. Inventory,1145.0,199.0,18723.7,12166.0,1995.9,1999.8,2008.6,2010.0,139.1,844.1,422.1,1164.3,16.0,89.7,166.8,383.6,9.0,33.8,30.9,69.0,3188.2,2628.5,559.7,245451.2,202566.3,42884.9,250163.9,206455.6,43708.3,0.033908492569257286,0.03232581847318266,0.04403297005018516,0.034308271966896585,0.0327393753263896,0.044346171022407725
KNA,659,Domestic Inventory,4.0,1.0,2.2,1.3,2003.0,2003.0,2003.0,2003.0,3876.0,3876.0,3904.7,3904.7,287.5,287.5,548.5,548.5,52.5,52.5,325.5,325.5,6.5,4.3,2.2,490.0,324.9,165.1,499.4,331.1,168.3,6.913154811497784e-05,5.288225962894634e-05,0.0001730793891556322,6.848930249435731e-05,5.250527072439593e-05,0.0001707561397508304
IMN,833,All Global Voyages,2739872.0,58539.0,81475141.7,114361946.3,2002.6,2002.5,2008.8,2009.1,358.8,1354.1,1507.6,1784.2,41.0,231.2,403.1,445.6,19.0,89.0,69.9,77.7,9402364.3,8131271.3,1271093.0,715428735.4,618723859.3,96704876.1,729164967.1,630603357.4,98561609.7,100.0,100.0,100.0,100.0,100.0,100.0
IMN,833,All International Voyages,1244079.0,43111.0,72080717.8,102661963.7,2003.7,2003.9,2009.1,2009.4,663.1,1807.6,2057.2,2437.2,67.0,235.5,428.7,472.1,22.0,85.3,69.1,76.9,7421794.7,6689478.0,732316.7,564552047.5,508802890.5,55749157.0,575391446.8,518571906.0,56819540.9,78.93540883115962,82.26853776235458,57.613148683849246,78.91101091820406,82.23424438114164,57.64875499999063
IMN,833,All Domestic Voyages,1495793.0,55373.0,9394423.9,11699982.6,2001.6,2002.7,2006.1,2006.6,222.5,777.4,494.4,532.4,27.0,173.3,206.5,213.1,17.0,86.5,76.1,84.0,1980569.6,1441793.3,538776.3,150876687.9,109920968.8,40955719.1,153773520.3,112031451.4,41742068.9,21.064591168840373,17.731462237645424,42.38685131615075,21.088989081795948,17.765755618858368,42.35124510146875
IMN,833,Int. Arr. Inventory,176.0,65.0,475.8,241.0,1992.1,2001.1,1999.9,1999.5,333.5,1042.4,585.6,583.3,27.0,236.0,510.3,385.7,12.5,21.1,9.1,16.4,267.5,244.6,22.9,20327.0,18582.9,1744.1,20717.3,18939.7,1777.6,0.0028450290955010114,0.003008139698893087,0.0018015990962108987,0.0028412363367367817,0.0030034251764990685,0.0018035419727930845
IMN,833,Int. Dep. Inventory,179.0,65.0,291.7,190.4,1992.4,2001.3,2002.0,2004.9,195.0,360.6,345.9,435.0,21.0,42.7,82.8,94.0,18.0,58.0,117.4,106.9,122.3,67.9,54.4,9302.9,5163.1,4139.8,9481.5,5262.2,4219.3,0.0013007366668402753,0.0008350477741408038,0.004279781259121087,0.0013003230308375028,0.0008344706602413658,0.004280875700835881
IMN,833,Domestic Inventory,5.0,3.0,2.8,1.3,2010.4,2006.0,2015.7,2015.8,197.3,386.5,180.5,179.7,168.0,185.3,173.8,173.6,3.0,4.3,8.7,8.7,2.5,2.3,0.2,186.5,173.6,12.9,190.0,176.9,13.2,2.6589056967299173e-05,2.8285859801529434e-05,1.5734489923239292e-05,2.6057203592166378e-05,2.8052498916175292e-05,1.3392638411829833e-05
SPM,666,All Global Voyages,2739872.0,58539.0,81475141.7,114361946.3,2002.6,2002.5,2008.8,2009.1,358.8,1354.1,1507.6,1784.2,41.0,231.2,403.1,445.6,19.0,89.0,69.9,77.7,9402364.3,8131271.3,1271093.0,715428735.4,618723859.3,96704876.1,729164967.1,630603357.4,98561609.7,100.0,100.0,100.0,100.0,100.0,100.0
SPM,666,All International Voyages,1244079.0,43111.0,72080717.8,102661963.7,2003.7,2003.9,2009.1,2009.4,663.1,1807.6,2057.2,2437.2,67.0,235.5,428.7,472.1,22.0,85.3,69.1,76.9,7421794.7,6689478.0,732316.7,564552047.5,508802890.5,55749157.0,575391446.8,518571906.0,56819540.9,78.93540883115962,82.26853776235458,57.613148683849246,78.91101091820406,82.23424438114164,57.64875499999063
SPM,666,All Domestic Voyages,1495793.0,55373.0,9394423.9,11699982.6,2001.6,2002.7,2006.1,2006.6,222.5,777.4,494.4,532.4,27.0,173.3,206.5,213.1,17.0,86.5,76.1,84.0,1980569.6,1441793.3,538776.3,150876687.9,109920968.8,40955719.1,153773520.3,112031451.4,41742068.9,21.064591168840373,17.731462237645424,42.38685131615075,21.088989081795948,17.765755618858368,42.35124510146875
SPM,666,Int. Arr. Inventory,4.0,3.0,17.4,24.3,1997.0,1993.0,2005.5,2007.5,778.1,1004.9,1052.3,1209.6,62.5,93.3,156.0,164.0,5.5,53.0,64.7,64.8,5.2,4.1,1.1,394.2,310.0,84.2,401.8,315.9,85.9,5.530523849198227e-05,5.042261964620465e-05,8.65396945778161e-05,5.5104128438591854e-05,5.009488076664655e-05,8.715360905880172e-05
SPM,666,Int. Dep. Inventory,3.0,2.0,19.9,28.8,2008.3,2008.0,2007.9,2007.9,1341.9,1576.3,1517.8,1525.1,125.0,148.2,173.5,175.2,22.0,58.2,60.5,59.0,5.6,4.4,1.1,422.1,335.7,86.3,430.2,342.2,88.0,5.955948760675013e-05,5.411207962031719e-05,8.65396945778161e-05,5.8998994659736716e-05,5.426548970669974e-05,8.928425607886556e-05
SPM,666,Domestic Inventory,,,,,,,,,,,,,,,,,,,,,,,,,,,,,,,,,,,
ALB,008,All Global Voyages,2739872.0,58539.0,81475141.7,114361946.3,2002.6,2002.5,2008.8,2009.1,358.8,1354.1,1507.6,1784.2,41.0,231.2,403.1,445.6,19.0,89.0,69.9,77.7,9402364.3,8131271.3,1271093.0,715428735.4,618723859.3,96704876.1,729164967.1,630603357.4,98561609.7,100.0,100.0,100.0,100.0,100.0,100.0
ALB,008,All International Voyages,1244079.0,43111.0,72080717.8,102661963.7,2003.7,2003.9,2009.1,2009.4,663.1,1807.6,2057.2,2437.2,67.0,235.5,428.7,472.1,22.0,85.3,69.1,76.9,7421794.7,6689478.0,732316.7,564552047.5,508802890.5,55749157.0,575391446.8,518571906.0,56819540.9,78.93540883115962,82.26853776235458,57.613148683849246,78.91101091820406,82.23424438114164,57.64875499999063
ALB,008,All Domestic Voyages,1495793.0,55373.0,9394423.9,11699982.6,2001.6,2002.7,2006.1,2006.6,222.5,777.4,494.4,532.4,27.0,173.3,206.5,213.1,17.0,86.5,76.1,84.0,1980569.6,1441793.3,538776.3,150876687.9,109920968.8,40955719.1,153773520.3,112031451.4,41742068.9,21.064591168840373,17.731462237645424,42.38685131615075,21.088989081795948,17.765755618858368,42.35124510146875
ALB,008,Int. Arr. Inventory,786.0,271.0,8236.5,4166.8,1991.1,1995.9,1991.5,1998.5,454.8,1005.5,789.2,827.8,42.0,104.9,482.5,266.8,24.0,53.9,166.2,99.4,2196.5,1619.5,577.0,168476.4,124400.7,44075.7,171711.2,126789.2,44922.0,0.02336114545146905,0.01991693476025084,0.045394003428545354,0.023549019460290525,0.020106014107307703,0.04557758354062271
ALB,008,Int. Dep. Inventory,786.0,271.0,8015.4,4917.8,1991.1,1995.7,1997.9,2002.2,453.7,1144.5,771.3,982.3,44.0,212.7,179.8,221.5,19.0,64.0,54.2,58.5,2062.4,1605.4,457.0,158377.3,123405.8,34971.5,161418.1,125775.2,35643.0,0.02193490843574312,0.019743530141467548,0.035953309474601784,0.022137391027161432,0.019945215724599948,0.036163167493397784
ALB,008,Domestic Inventory,88.0,36.0,86.5,61.4,1993.9,1987.1,1981.7,1987.8,179.4,509.2,389.8,331.2,21.0,41.8,49.1,56.9,21.0,98.0,137.1,151.4,51.1,25.2,26.0,3870.7,1914.9,1955.8,3945.0,1951.6,1993.4,0.0005434803244115951,0.00030991463782545294,0.002045483690021108,0.0005410298324794546,0.00030948138431208423,0.0020224913189501206
TZA,834,All Global Voyages,2739872.0,58539.0,81475141.7,114361946.3,2002.6,2002.5,2008.8,2009.1,358.8,1354.1,1507.6,1784.2,41.0,231.2,403.1,445.6,19.0,89.0,69.9,77.7,9402364.3,8131271.3,1271093.0,715428735.4,618723859.3,96704876.1,729164967.1,630603357.4,98561609.7,100.0,100.0,100.0,100.0,100.0,100.0
TZA,834,All International Voyages,1244079.0,43111.0,72080717.8,102661963.7,2003.7,2003.9,2009.1,2009.4,663.1,1807.6,2057.2,2437.2,67.0,235.5,428.7,472.1,22.0,85.3,69.1,76.9,7421794.7,6689478.0,732316.7,564552047.5,508802890.5,55749157.0,575391446.8,518571906.0,56819540.9,78.93540883115962,82.26853776235458,57.613148683849246,78.91101091820406,82.23424438114164,57.64875499999063
TZA,834,All Domestic Voyages,1495793.0,55373.0,9394423.9,11699982.6,2001.6,2002.7,2006.1,2006.6,222.5,777.4,494.4,532.4,27.0,173.3,206.5,213.1,17.0,86.5,76.1,84.0,1980569.6,1441793.3,538776.3,150876687.9,109920968.8,40955719.1,153773520.3,112031451.4,41742068.9,21.064591168840373,17.731462237645424,42.38685131615075,21.088989081795948,17.765755618858368,42.35124510146875
TZA,834,Int. Arr. Inventory,1037.0,510.0,42089.0,50467.1,2005.6,2007.2,2007.6,2008.2,500.9,1686.4,1324.3,1475.8,75.0,153.2,238.1,258.1,87.0,162.7,182.1,236.0,6482.4,4407.9,2074.5,500910.1,340898.7,160011.4,510527.5,347443.9,163083.6,0.06894436115392805,0.05420923539963548,0.16320599672879954,0.07001536319420906,0.055097058384294614,0.16546361255299183
TZA,834,Int. Dep. Inventory,1040.0,509.0,59218.8,71480.6,2005.5,2007.0,2008.1,2008.3,1603.4,1904.2,1857.2,2052.4,156.5,208.2,257.3,273.7,27.0,81.8,43.1,48.8,7147.3,6544.5,602.8,552400.5,506161.5,46238.9,563006.5,515879.8,47126.7,0.07601598674495094,0.08048556933526495,0.04742375262864322,0.07721249996954221,0.0818073348240629,0.04781445853354402
TZA,834,Domestic Inventory,589.0,46.0,385.0,347.7,2004.8,2003.6,2007.7,2006.5,127.9,377.5,225.5,189.3,14.0,79.3,336.9,265.6,36.0,101.2,105.7,123.3,442.9,212.6,230.4,33476.5,16076.8,17399.7,34119.3,16385.5,17733.8,0.004710517332326721,0.0026145973016544165,0.018126132391571664,0.004679229192222118,0.0025983845166251567,0.01799260386876575
MDA,498,All Global Voyages,2739872.0,58539.0,81475141.7,114361946.3,2002.6,2002.5,2008.8,2009.1,358.8,1354.1,1507.6,1784.2,41.0,231.2,403.1,445.6,19.0,89.0,69.9,77.7,9402364.3,8131271.3,1271093.0,715428735.4,618723859.3,96704876.1,729164967.1,630603357.4,98561609.7,100.0,100.0,100.0,100.0,100.0,100.0
MDA,498,All International Voyages,1244079.0,43111.0,72080717.8,102661963.7,2003.7,2003.9,2009.1,2009.4,663.1,1807.6,2057.2,2437.2,67.0,235.5,428.7,472.1,22.0,85.3,69.1,76.9,7421794.7,6689478.0,732316.7,564552047.5,508802890.5,55749157.0,575391446.8,518571906.0,56819540.9,78.93540883115962,82.26853776235458,57.613148683849246,78.91101091820406,82.23424438114164,57.64875499999063
MDA,498,All Domestic Voyages,1495793.0,55373.0,9394423.9,11699982.6,2001.6,2002.7,2006.1,2006.6,222.5,777.4,494.4,532.4,27.0,173.3,206.5,213.1,17.0,86.5,76.1,84.0,1980569.6,1441793.3,538776.3,150876687.9,109920968.8,40955719.1,153773520.3,112031451.4,41742068.9,21.064591168840373,17.731462237645424,42.38685131615075,21.088989081795948,17.765755618858368,42.35124510146875
MDA,498,Int. Arr. Inventory,219.0,128.0,172.5,242.1,1988.7,1992.2,1991.2,1992.0,96.2,282.1,245.3,246.0,15.0,44.3,40.0,40.5,82.0,89.1,117.1,116.9,94.3,31.0,63.2,7107.7,2342.1,4765.6,7244.2,2387.1,4857.1,0.0010029392288065247,0.00038124419732496196,0.004972098815743616,0.0009934926013809035,0.00037854222816733767,0.0049279836386438396
MDA,498,Int. Dep. Inventory,226.0,133.0,263.2,367.4,1989.4,1992.7,1991.3,1992.5,336.9,370.5,361.2,361.3,50.0,75.3,97.9,98.0,16.0,69.2,62.6,60.1,110.5,84.3,26.2,8374.5,6402.2,1972.3,8535.3,6525.1,2010.2,0.0011752363179546232,0.0010367382527256223,0.0020612181799443473,0.0011705581569485142,0.0010347391785072665,0.002039536495110631
MDA,498,Domestic Inventory,,,,,,,,,,,,,,,,,,,,,,,,,,,,,,,,,,,
EST,233,All Global Voyages,2739872.0,58539.0,81475141.7,114361946.3,2002.6,2002.5,2008.8,2009.1,358.8,1354.1,1507.6,1784.2,41.0,231.2,403.1,445.6,19.0,89.0,69.9,77.7,9402364.3,8131271.3,1271093.0,715428735.4,618723859.3,96704876.1,729164967.1,630603357.4,98561609.7,100.0,100.0,100.0,100.0,100.0,100.0
EST,233,All International Voyages,1244079.0,43111.0,72080717.8,102661963.7,2003.7,2003.9,2009.1,2009.4,663.1,1807.6,2057.2,2437.2,67.0,235.5,428.7,472.1,22.0,85.3,69.1,76.9,7421794.7,6689478.0,732316.7,564552047.5,508802890.5,55749157.0,575391446.8,518571906.0,56819540.9,78.93540883115962,82.26853776235458,57.613148683849246,78.91101091820406,82.23424438114164,57.64875499999063
EST,233,All Domestic Voyages,1495793.0,55373.0,9394423.9,11699982.6,2001.6,2002.7,2006.1,2006.6,222.5,777.4,494.4,532.4,27.0,173.3,206.5,213.1,17.0,86.5,76.1,84.0,1980569.6,1441793.3,538776.3,150876687.9,109920968.8,40955719.1,153773520.3,112031451.4,41742068.9,21.064591168840373,17.731462237645424,42.38685131615075,21.088989081795948,17.765755618858368,42.35124510146875
EST,233,Int. Arr. Inventory,7304.0,1995.0,68199.8,77653.5,2001.1,2003.5,2006.7,2007.8,318.2,698.9,562.2,734.9,33.0,89.3,125.0,153.6,11.0,66.1,31.7,38.2,13371.6,10517.8,2853.8,1002887.8,790107.0,212780.8,1022143.2,805277.0,216866.2,0.14221529365757504,0.12935000705240274,0.22451543671470148,0.1401799655934128,0.1276994469741147,0.22003110608693724
EST,233,Int. Dep. Inventory,7317.0,1994.0,91571.9,111773.4,2001.1,2003.6,2007.3,2008.2,270.8,988.9,755.6,1060.2,33.0,107.6,542.9,383.9,22.0,55.1,52.6,66.6,17058.5,13922.7,3135.7,1277272.6,1041221.9,236050.7,1301796.2,1061213.4,240582.9,0.18142777131066914,0.17122414793858867,0.2466932002615072,0.17853246641530812,0.16828540278875465,0.24409392331586482
EST,233,Domestic Inventory,1978.0,398.0,3184.2,2415.1,1992.2,1999.4,2002.9,2003.1,169.7,280.8,384.8,262.2,27.0,58.3,178.1,92.5,21.0,45.4,61.2,50.5,1937.1,1225.2,712.0,145436.8,91978.5,53458.3,148229.2,93744.5,54484.7,0.020602264900542087,0.015067754534275595,0.05601478412673187,0.02032862338265236,0.01486584219698923,0.05527983985432007
MDV,462,All Global Voyages,2739872.0,58539.0,81475141.7,114361946.3,2002.6,2002.5,2008.8,2009.1,358.8,1354.1,1507.6,1784.2,41.0,231.2,403.1,445.6,19.0,89.0,69.9,77.7,9402364.3,8131271.3,1271093.0,715428735.4,618723859.3,96704876.1,729164967.1,630603357.4,98561609.7,100.0,100.0,100.0,100.0,100.0,100.0
MDV,462,All International Voyages,1244079.0,43111.0,72080717.8,102661963.7,2003.7,2003.9,2009.1,2009.4,663.1,1807.6,2057.2,2437.2,67.0,235.5,428.7,472.1,22.0,85.3,69.1,76.9,7421794.7,6689478.0,732316.7,564552047.5,508802890.5,55749157.0,575391446.8,518571906.0,56819540.9,78.93540883115962,82.26853776235458,57.613148683849246,78.91101091820406,82.23424438114164,57.64875499999063
MDV,462,All Domestic Voyages,1495793.0,55373.0,9394423.9,11699982.6,2001.6,2002.7,2006.1,2006.6,222.5,777.4,494.4,532.4,27.0,173.3,206.5,213.1,17.0,86.5,76.1,84.0,1980569.6,1441793.3,538776.3,150876687.9,109920968.8,40955719.1,153773520.3,112031451.4,41742068.9,21.064591168840373,17.731462237645424,42.38685131615075,21.088989081795948,17.765755618858368,42.35124510146875
MDV,462,Int. Arr. Inventory,807.0,274.0,17494.5,21368.5,2003.4,2005.8,2009.3,2009.7,533.1,1772.7,1855.3,1884.5,105.0,184.4,360.7,356.6,53.0,96.5,81.6,91.4,3290.3,2544.2,746.1,253240.2,196341.7,56898.5,258102.4,200111.5,57991.0,0.03499438965580178,0.03128908022045704,0.05869751465864417,0.03539698307593034,0.03173333881777395,0.05883731016215332
MDV,462,Int. Dep. Inventory,813.0,277.0,18036.7,23564.4,2003.7,2006.1,2008.6,2009.4,646.1,1906.5,1888.1,2043.6,114.0,218.8,364.2,395.4,43.0,82.0,75.2,81.5,3010.9,2589.6,421.3,231839.9,199770.3,32069.6,236291.3,203605.9,32685.3,0.03202279664913643,0.0318474184965394,0.033144703023303565,0.03240573953240875,0.0322874747827976,0.03316230335471073
MDV,462,Domestic Inventory,207.0,34.0,190.2,264.0,2000.0,2001.5,2004.1,2004.8,168.1,652.6,443.3,471.1,34.0,327.3,1290.0,1267.3,38.0,79.5,91.0,98.3,325.7,198.4,127.3,24483.8,14917.1,9566.7,24953.9,15203.5,9750.4,0.003464022341699736,0.0024399628628797567,0.010015002836141809,0.003422257119571372,0.0024109449817528044,0.009892695573538304
FRO,234,All Global Voyages,2739872.0,58539.0,81475141.7,114361946.3,2002.6,2002.5,2008.8,2009.1,358.8,1354.1,1507.6,1784.2,41.0,231.2,403.1,445.6,19.0,89.0,69.9,77.7,9402364.3,8131271.3,1271093.0,715428735.4,618723859.3,96704876.1,729164967.1,630603357.4,98561609.7,100.0,100.0,100.0,100.0,100.0,100.0
FRO,234,All International Voyages,1244079.0,43111.0,72080717.8,102661963.7,2003.7,2003.9,2009.1,2009.4,663.1,1807.6,2057.2,2437.2,67.0,235.5,428.7,472.1,22.0,85.3,69.1,76.9,7421794.7,6689478.0,732316.7,564552047.5,508802890.5,55749157.0,575391446.8,518571906.0,56819540.9,78.93540883115962,82.26853776235458,57.613148683849246,78.91101091820406,82.23424438114164,57.64875499999063
FRO,234,All Domestic Voyages,1495793.0,55373.0,9394423.9,11699982.6,2001.6,2002.7,2006.1,2006.6,222.5,777.4,494.4,532.4,27.0,173.3,206.5,213.1,17.0,86.5,76.1,84.0,1980569.6,1441793.3,538776.3,150876687.9,109920968.8,40955719.1,153773520.3,112031451.4,41742068.9,21.064591168840373,17.731462237645424,42.38685131615075,21.088989081795948,17.765755618858368,42.35124510146875
FRO,234,Int. Arr. Inventory,1198.0,309.0,8186.0,5738.6,1995.3,1993.0,1997.9,1997.8,664.4,1808.5,761.0,829.2,54.0,250.3,276.0,264.9,10.0,138.1,139.5,120.8,2816.5,2253.4,563.1,213129.2,170674.9,42454.3,217221.3,173951.8,43269.4,0.029955231579359247,0.02771276368555062,0.04430045637888023,0.029790419150816056,0.027584978411343927,0.043900865795214385
FRO,234,Int. Dep. Inventory,1178.0,301.0,7378.4,5409.7,1995.4,1993.1,1998.8,1998.5,606.0,1399.0,691.8,789.9,58.0,242.6,193.4,180.3,16.0,100.5,85.3,81.3,2535.8,2164.0,371.8,191867.5,163920.3,27947.2,195551.3,167067.6,28483.7,0.026969812263070894,0.026613304613265085,0.029250416767301845,0.026818526509541078,0.026493293770084834,0.028899385964472533
FRO,234,Domestic Inventory,1017.0,135.0,4194.2,2343.7,1990.6,1990.5,1997.7,1997.3,481.9,2093.1,2181.0,1436.8,92.0,364.7,1025.5,1026.7,33.0,127.5,373.8,342.1,1765.8,1211.9,553.9,133622.4,91728.6,41893.7,136187.9,93489.8,42698.1,0.01878038271714275,0.014904188475423272,0.043576669842411216,0.018677241247839975,0.014825452307368257,0.043321228346375106
COM,174,All Global Voyages,2739872.0,58539.0,81475141.7,114361946.3,2002.6,2002.5,2008.8,2009.1,358.8,1354.1,1507.6,1784.2,41.0,231.2,403.1,445.6,19.0,89.0,69.9,77.7,9402364.3,8131271.3,1271093.0,715428735.4,618723859.3,96704876.1,729164967.1,630603357.4,98561609.7,100.0,100.0,100.0,100.0,100.0,100.0
COM,174,All International Voyages,1244079.0,43111.0,72080717.8,102661963.7,2003.7,2003.9,2009.1,2009.4,663.1,1807.6,2057.2,2437.2,67.0,235.5,428.7,472.1,22.0,85.3,69.1,76.9,7421794.7,6689478.0,732316.7,564552047.5,508802890.5,55749157.0,575391446.8,518571906.0,56819540.9,78.93540883115962,82.26853776235458,57.613148683849246,78.91101091820406,82.23424438114164,57.64875499999063
COM,174,All Domestic Voyages,1495793.0,55373.0,9394423.9,11699982.6,2001.6,2002.7,2006.1,2006.6,222.5,777.4,494.4,532.4,27.0,173.3,206.5,213.1,17.0,86.5,76.1,84.0,1980569.6,1441793.3,538776.3,150876687.9,109920968.8,40955719.1,153773520.3,112031451.4,41742068.9,21.064591168840373,17.731462237645424,42.38685131615075,21.088989081795948,17.765755618858368,42.35124510146875
COM,174,Int. Arr. Inventory,391.0,169.0,36514.4,68390.5,2006.6,2008.7,2009.6,2009.5,301.4,2730.9,3674.6,3808.1,36.0,291.7,704.8,723.7,8.0,14.2,3.9,3.4,2510.8,2413.6,97.2,193203.4,185885.3,7318.1,196912.9,189454.3,7458.7,0.026703921693397904,0.029682935311726718,0.007646962102694295,0.027005260659073153,0.030043338300818248,0.007567550918357211
COM,174,Int. Dep. Inventory,393.0,173.0,37282.3,68635.8,2006.6,2008.6,2010.7,2010.7,649.7,3126.9,3690.1,3755.8,85.0,321.5,498.9,504.1,36.0,97.0,84.0,85.4,2786.8,2541.7,245.2,213364.5,194588.5,18776.0,217461.1,198324.6,19136.5,0.029639353582587732,0.03125833472067277,0.01929048464589137,0.029823306084612904,0.03144997527728038,0.019415774618786488
COM,174,Domestic Inventory,237.0,20.0,93.3,118.1,2000.9,2004.4,2002.6,2003.4,95.6,134.9,142.3,136.8,8.0,17.8,57.3,55.0,34.0,73.6,81.2,81.3,90.1,34.6,55.5,6796.1,2626.1,4170.0,6926.6,2676.5,4250.0,0.000958269613101462,0.00042551771701431244,0.004366320953698903,0.0009499359284289455,0.00042443478433659227,0.004312023731081575
COD,180,All Global Voyages,2739872.0,58539.0,81475141.7,114361946.3,2002.6,2002.5,2008.8,2009.1,358.8,1354.1,1507.6,1784.2,41.0,231.2,403.1,445.6,19.0,89.0,69.9,77.7,9402364.3,8131271.3,1271093.0,715428735.4,618723859.3,96704876.1,729164967.1,630603357.4,98561609.7,100.0,100.0,100.0,100.0,100.0,100.0
COD,180,All International Voyages,1244079.0,43111.0,72080717.8,102661963.7,2003.7,2003.9,2009.1,2009.4,663.1,1807.6,2057.2,2437.2,67.0,235.5,428.7,472.1,22.0,85.3,69.1,76.9,7421794.7,6689478.0,732316.7,564552047.5,508802890.5,55749157.0,575391446.8,518571906.0,56819540.9,78.93540883115962,82.26853776235458,57.613148683849246,78.91101091820406,82.23424438114164,57.64875499999063
COD,180,All Domestic Voyages,1495793.0,55373.0,9394423.9,11699982.6,2001.6,2002.7,2006.1,2006.6,222.5,777.4,494.4,532.4,27.0,173.3,206.5,213.1,17.0,86.5,76.1,84.0,1980569.6,1441793.3,538776.3,150876687.9,109920968.8,40955719.1,153773520.3,112031451.4,41742068.9,21.064591168840373,17.731462237645424,42.38685131615075,21.088989081795948,17.765755618858368,42.35124510146875
COD,180,Int. Arr. Inventory,690.0,147.0,3202.0,4588.6,2003.1,2003.3,2006.6,2007.3,147.8,986.8,899.9,889.2,21.0,140.6,247.9,236.8,19.0,118.7,112.2,107.2,918.9,678.3,240.6,70030.2,51924.8,18105.4,71374.8,52921.8,18453.0,0.009773073778900482,0.008341869001468442,0.018928591377656866,0.009788566815527141,0.00839224837276453,0.01872229974344666
COD,180,Int. Dep. Inventory,685.0,147.0,5789.3,8597.8,2003.0,2003.5,2007.5,2007.8,242.6,1870.4,1622.1,1661.5,23.0,245.8,320.1,324.6,28.0,115.3,102.2,101.3,1218.8,948.0,270.8,93306.1,72881.1,20425.0,95097.6,74280.4,20817.1,0.01296269705269769,0.011658693518195611,0.021304499356066,0.013041986970138954,0.011779258566947807,0.021120900991129
COD,180,Domestic Inventory,75.0,29.0,47.2,65.8,2002.8,2003.7,2005.1,2005.9,86.7,119.8,108.6,106.5,12.0,46.4,73.4,68.6,22.0,92.6,106.2,107.7,31.4,15.1,16.4,2371.2,1141.0,1230.2,2416.8,1163.0,1253.8,0.00033395855550927755,0.0001857028186969976,0.0012902281737056218,0.0003314476296923564,0.000184426547425166,0.0012720977303600186
NLD,528,All Global Voyages,2739872.0,58539.0,81475141.7,114361946.3,2002.6,2002.5,2008.8,2009.1,358.8,1354.1,1507.6,1784.2,41.0,231.2,403.1,445.6,19.0,89.0,69.9,77.7,9402364.3,8131271.3,1271093.0,715428735.4,618723859.3,96704876.1,729164967.1,630603357.4,98561609.7,100.0,100.0,100.0,100.0,100.0,100.0
NLD,528,All International Voyages,1244079.0,43111.0,72080717.8,102661963.7,2003.7,2003.9,2009.1,2009.4,663.1,1807.6,2057.2,2437.2,67.0,235.5,428.7,472.1,22.0,85.3,69.1,76.9,7421794.7,6689478.0,732316.7,564552047.5,508802890.5,55749157.0,575391446.8,518571906.0,56819540.9,78.93540883115962,82.26853776235458,57.613148683849246,78.91101091820406,82.23424438114164,57.64875499999063
NLD,528,All Domestic Voyages,1495793.0,55373.0,9394423.9,11699982.6,2001.6,2002.7,2006.1,2006.6,222.5,777.4,494.4,532.4,27.0,173.3,206.5,213.1,17.0,86.5,76.1,84.0,1980569.6,1441793.3,538776.3,150876687.9,109920968.8,40955719.1,153773520.3,112031451.4,41742068.9,21.064591168840373,17.731462237645424,42.38685131615075,21.088989081795948,17.765755618858368,42.35124510146875
NLD,528,Int. Arr. Inventory,43795.0,8377.0,1427674.7,1944158.6,2004.1,2005.9,2011.1,2010.9,337.4,1622.5,1548.5,1851.0,46.0,194.7,476.7,486.5,23.0,67.5,60.0,66.8,175999.4,154798.8,21200.5,13398095.8,11793728.0,1604367.8,13655339.3,12020167.6,1635171.7,1.8718632291241895,1.9037465888021714,1.667895268088173,1.872736611895846,1.9061375837831847,1.6590350999512944
NLD,528,Int. Dep. Inventory,43879.0,8441.0,1133480.1,1584353.5,2004.1,2005.9,2010.6,2010.4,345.3,1407.8,1226.8,1502.4,45.0,167.1,390.0,422.8,21.0,67.6,70.2,74.6,144527.6,124736.5,19791.1,10946022.3,9448811.8,1497210.5,11156185.9,9630229.0,1525956.9,1.5371410358988111,1.5340344135362942,1.5570143175991056,1.5299947753071363,1.5271452152912373,1.5482264389194527
NLD,528,Domestic Inventory,20182.0,3182.0,18630.3,25472.0,1999.3,2003.3,2006.4,2007.2,98.6,269.8,206.2,203.9,31.0,100.8,534.9,348.3,19.0,70.4,101.2,73.3,14520.0,9059.1,5460.9,1092865.4,680721.2,412144.2,1113848.4,693791.0,420057.4,0.1544292428660736,0.11141062283827623,0.42962238010908715,0.15275670805057248,0.11002018810374321,0.4261876416979825
HUN,348,All Global Voyages,2739872.0,58539.0,81475141.7,114361946.3,2002.6,2002.5,2008.8,2009.1,358.8,1354.1,1507.6,1784.2,41.0,231.2,403.1,445.6,19.0,89.0,69.9,77.7,9402364.3,8131271.3,1271093.0,715428735.4,618723859.3,96704876.1,729164967.1,630603357.4,98561609.7,100.0,100.0,100.0,100.0,100.0,100.0
HUN,348,All International Voyages,1244079.0,43111.0,72080717.8,102661963.7,2003.7,2003.9,2009.1,2009.4,663.1,1807.6,2057.2,2437.2,67.0,235.5,428.7,472.1,22.0,85.3,69.1,76.9,7421794.7,6689478.0,732316.7,564552047.5,508802890.5,55749157.0,575391446.8,518571906.0,56819540.9,78.93540883115962,82.26853776235458,57.613148683849246,78.91101091820406,82.23424438114164,57.64875499999063
HUN,348,All Domestic Voyages,1495793.0,55373.0,9394423.9,11699982.6,2001.6,2002.7,2006.1,2006.6,222.5,777.4,494.4,532.4,27.0,173.3,206.5,213.1,17.0,86.5,76.1,84.0,1980569.6,1441793.3,538776.3,150876687.9,109920968.8,40955719.1,153773520.3,112031451.4,41742068.9,21.064591168840373,17.731462237645424,42.38685131615075,21.088989081795948,17.765755618858368,42.35124510146875
HUN,348,Int. Arr. Inventory,3.0,3.0,609.7,539.3,1996.0,1996.0,2005.1,2005.1,572.8,2246.4,5028.9,4397.8,65.0,148.3,365.2,359.7,10.0,63.3,8.7,11.8,82.3,77.4,4.9,4998.8,4638.2,360.6,5094.8,4727.2,367.6,0.0008753117553634886,0.0009518806733210341,0.00038549500311936265,0.0006987170571651014,0.0007496312768600556,0.00037296468789307935
HUN,348,Int. Dep. Inventory,3.0,3.0,71.5,68.1,1996.0,1996.0,2005.3,2005.6,348.2,368.5,589.3,555.0,28.0,47.7,34.7,39.3,12.0,45.0,23.6,31.6,11.6,6.4,5.2,749.8,389.8,360.0,764.2,397.3,366.9,0.00012337322432826815,7.87084794477341e-05,0.00040909673800422155,0.0001048048157112292,6.300315330354124e-05,0.00037225447221972467
HUN,348,Domestic Inventory,10.0,2.0,272.2,442.6,1989.7,1985.5,1996.0,1996.0,585.7,572.2,1603.2,1605.5,109.0,108.5,1209.7,1209.8,55.5,34.0,64.6,64.6,121.9,101.0,20.9,9444.5,7826.6,1617.9,9625.8,7976.9,1648.9,0.0012964824177255075,0.0012421181912845535,0.001644254196978506,0.001320112791249869,0.0012649631351296703,0.0016729637482777433
CIV,384,All Global Voyages,2739872.0,58539.0,81475141.7,114361946.3,2002.6,2002.5,2008.8,2009.1,358.8,1354.1,1507.6,1784.2,41.0,231.2,403.1,445.6,19.0,89.0,69.9,77.7,9402364.3,8131271.3,1271093.0,715428735.4,618723859.3,96704876.1,729164967.1,630603357.4,98561609.7,100.0,100.0,100.0,100.0,100.0,100.0
CIV,384,All International Voyages,1244079.0,43111.0,72080717.8,102661963.7,2003.7,2003.9,2009.1,2009.4,663.1,1807.6,2057.2,2437.2,67.0,235.5,428.7,472.1,22.0,85.3,69.1,76.9,7421794.7,6689478.0,732316.7,564552047.5,508802890.5,55749157.0,575391446.8,518571906.0,56819540.9,78.93540883115962,82.26853776235458,57.613148683849246,78.91101091820406,82.23424438114164,57.64875499999063
CIV,384,All Domestic Voyages,1495793.0,55373.0,9394423.9,11699982.6,2001.6,2002.7,2006.1,2006.6,222.5,777.4,494.4,532.4,27.0,173.3,206.5,213.1,17.0,86.5,76.1,84.0,1980569.6,1441793.3,538776.3,150876687.9,109920968.8,40955719.1,153773520.3,112031451.4,41742068.9,21.064591168840373,17.731462237645424,42.38685131615075,21.088989081795948,17.765755618858368,42.35124510146875
CIV,384,Int. Arr. Inventory,2033.0,1015.0,77051.3,105419.9,2003.6,2004.8,2007.5,2007.6,978.3,2382.5,1514.3,1712.6,102.0,352.2,472.6,525.6,46.0,152.8,131.5,147.6,11734.4,9738.1,1996.3,901882.4,749716.0,152166.4,919198.6,764110.5,155088.0,0.12480265203083014,0.11976110057968427,0.15705381116881298,0.1260618161149174,0.12117133393492459,0.15735132621317163
CIV,384,Int. Dep. Inventory,2036.0,1023.0,102702.5,131928.6,2003.7,2004.9,2007.5,2007.4,1197.2,2460.5,2021.9,2140.7,141.0,288.4,368.8,390.7,30.0,115.1,62.5,64.6,14013.0,12641.7,1371.3,1078934.0,974603.1,104330.9,1099649.5,993315.4,106334.1,0.1490369821131053,0.15547015384912813,0.10788353015869019,0.15080942579749454,0.15751825427880287,0.10788592061722385
CIV,384,Domestic Inventory,1466.0,165.0,1976.5,2288.8,2007.4,2002.3,2001.7,2002.9,57.5,1281.3,232.2,221.1,12.0,265.2,555.8,459.2,13.0,106.5,219.3,194.4,930.1,640.8,289.4,70489.8,48580.3,21909.5,71843.2,49513.0,22330.2,0.009892192754113984,0.007880686504704375,0.022767806918927252,0.00985280467954067,0.007851686709081896,0.02265608289877595
SUR,740,All Global Voyages,2739872.0,58539.0,81475141.7,114361946.3,2002.6,2002.5,2008.8,2009.1,358.8,1354.1,1507.6,1784.2,41.0,231.2,403.1,445.6,19.0,89.0,69.9,77.7,9402364.3,8131271.3,1271093.0,715428735.4,618723859.3,96704876.1,729164967.1,630603357.4,98561609.7,100.0,100.0,100.0,100.0,100.0,100.0
SUR,740,All International Voyages,1244079.0,43111.0,72080717.8,102661963.7,2003.7,2003.9,2009.1,2009.4,663.1,1807.6,2057.2,2437.2,67.0,235.5,428.7,472.1,22.0,85.3,69.1,76.9,7421794.7,6689478.0,732316.7,564552047.5,508802890.5,55749157.0,575391446.8,518571906.0,56819540.9,78.93540883115962,82.26853776235458,57.613148683849246,78.91101091820406,82.23424438114164,57.64875499999063
SUR,740,All Domestic Voyages,1495793.0,55373.0,9394423.9,11699982.6,2001.6,2002.7,2006.1,2006.6,222.5,777.4,494.4,532.4,27.0,173.3,206.5,213.1,17.0,86.5,76.1,84.0,1980569.6,1441793.3,538776.3,150876687.9,109920968.8,40955719.1,153773520.3,112031451.4,41742068.9,21.064591168840373,17.731462237645424,42.38685131615075,21.088989081795948,17.765755618858368,42.35124510146875
SUR,740,Int. Arr. Inventory,771.0,194.0,6383.9,8341.4,2004.0,2004.3,2004.3,2004.7,559.9,1580.7,1003.8,1014.4,50.0,181.0,208.1,206.5,31.0,106.2,68.6,74.2,1977.0,1675.5,301.5,150745.8,128061.0,22684.7,153640.1,130519.8,23120.3,0.021026626249740183,0.02060563395541851,0.023719743559283232,0.02107069139800422,0.020697606263648482,0.023457713475229493
SUR,740,Int. Dep. Inventory,776.0,199.0,6450.1,8841.7,2004.0,2004.4,2006.1,2006.3,559.9,1914.8,1002.8,1063.8,53.5,217.1,305.6,318.1,23.0,97.4,61.6,43.7,1652.6,1394.1,258.6,126253.6,106805.4,19448.2,128677.7,108856.0,19821.6,0.017576430217663443,0.01714492049970095,0.020344695470748405,0.01764726856143004,0.017262197976366182,0.020110872844236835
SUR,740,Domestic Inventory,73.0,20.0,39.6,55.3,1997.1,1999.7,1999.0,1999.5,144.7,150.0,147.8,145.1,20.0,24.8,73.5,67.2,38.0,35.4,75.6,73.6,26.9,13.5,13.4,2028.3,1020.4,1007.9,2067.2,1040.0,1027.2,0.00028609825296813904,0.00016602569883506407,0.0010542108248570324,0.00028350237508277017,0.00016492141816179935,0.00104219077095694
KHM,116,All Global Voyages,2739872.0,58539.0,81475141.7,114361946.3,2002.6,2002.5,2008.8,2009.1,358.8,1354.1,1507.6,1784.2,41.0,231.2,403.1,445.6,19.0,89.0,69.9,77.7,9402364.3,8131271.3,1271093.0,715428735.4,618723859.3,96704876.1,729164967.1,630603357.4,98561609.7,100.0,100.0,100.0,100.0,100.0,100.0
KHM,116,All International Voyages,1244079.0,43111.0,72080717.8,102661963.7,2003.7,2003.9,2009.1,2009.4,663.1,1807.6,2057.2,2437.2,67.0,235.5,428.7,472.1,22.0,85.3,69.1,76.9,7421794.7,6689478.0,732316.7,564552047.5,508802890.5,55749157.0,575391446.8,518571906.0,56819540.9,78.93540883115962,82.26853776235458,57.613148683849246,78.91101091820406,82.23424438114164,57.64875499999063
KHM,116,All Domestic Voyages,1495793.0,55373.0,9394423.9,11699982.6,2001.6,2002.7,2006.1,2006.6,222.5,777.4,494.4,532.4,27.0,173.3,206.5,213.1,17.0,86.5,76.1,84.0,1980569.6,1441793.3,538776.3,150876687.9,109920968.8,40955719.1,153773520.3,112031451.4,41742068.9,21.064591168840373,17.731462237645424,42.38685131615075,21.088989081795948,17.765755618858368,42.35124510146875
KHM,116,Int. Arr. Inventory,437.0,190.0,5879.9,7386.1,2006.4,2006.6,2006.4,2007.2,589.1,1237.0,1034.3,1190.6,51.0,133.8,341.1,355.3,29.0,78.0,65.2,61.9,1277.8,1074.4,203.3,98234.4,82787.5,15446.8,100120.5,84377.0,15743.4,0.01359019879712595,0.013213185987288361,0.01599410900697274,0.013730843432892072,0.013380360096382831,0.015973156331272862
KHM,116,Int. Dep. Inventory,414.0,178.0,3189.0,3976.5,2006.6,2006.9,2007.1,2007.8,393.5,767.1,598.7,677.6,43.5,180.5,224.4,285.0,21.0,61.8,77.8,94.8,750.7,546.8,204.0,57556.3,42007.4,15548.9,58661.4,42813.9,15847.5,0.007984162026140596,0.00672465571281578,0.01604917972170408,0.00804501075158689,0.0067893549086898665,0.016078775547838885
KHM,116,Domestic Inventory,,,,,,,,,,,,,,,,,,,,,,,,,,,,,,,,,,,
GIN,324,All Global Voyages,2739872.0,58539.0,81475141.7,114361946.3,2002.6,2002.5,2008.8,2009.1,358.8,1354.1,1507.6,1784.2,41.0,231.2,403.1,445.6,19.0,89.0,69.9,77.7,9402364.3,8131271.3,1271093.0,715428735.4,618723859.3,96704876.1,729164967.1,630603357.4,98561609.7,100.0,100.0,100.0,100.0,100.0,100.0
GIN,324,All International Voyages,1244079.0,43111.0,72080717.8,102661963.7,2003.7,2003.9,2009.1,2009.4,663.1,1807.6,2057.2,2437.2,67.0,235.5,428.7,472.1,22.0,85.3,69.1,76.9,7421794.7,6689478.0,732316.7,564552047.5,508802890.5,55749157.0,575391446.8,518571906.0,56819540.9,78.93540883115962,82.26853776235458,57.613148683849246,78.91101091820406,82.23424438114164,57.64875499999063
GIN,324,All Domestic Voyages,1495793.0,55373.0,9394423.9,11699982.6,2001.6,2002.7,2006.1,2006.6,222.5,777.4,494.4,532.4,27.0,173.3,206.5,213.1,17.0,86.5,76.1,84.0,1980569.6,1441793.3,538776.3,150876687.9,109920968.8,40955719.1,153773520.3,112031451.4,41742068.9,21.064591168840373,17.731462237645424,42.38685131615075,21.088989081795948,17.765755618858368,42.35124510146875
GIN,324,Int. Arr. Inventory,1203.0,724.0,190712.2,351940.7,2006.7,2007.6,2009.3,2009.4,1760.9,3038.9,4214.8,4866.3,143.0,282.9,615.0,637.7,74.0,148.0,163.1,167.2,12156.3,11184.5,971.8,940223.7,865355.0,74868.7,958276.0,881969.8,76306.2,0.12928982128463154,0.13754921693487218,0.0764538865370197,0.13142101489203595,0.1398612597998832,0.07741979887733103
GIN,324,Int. Dep. Inventory,1189.0,709.0,238643.8,443065.4,2006.7,2007.6,2009.1,2009.2,1850.1,3396.7,5202.6,6014.3,193.0,387.4,884.5,917.1,24.0,62.2,71.5,73.5,14474.0,13894.1,580.0,1119767.3,1075257.0,44510.3,1141266.8,1095901.9,45364.9,0.15394000421787526,0.17087241942105658,0.04563002077739394,0.15651695452936962,0.17378624568674075,0.04602694714309237
GIN,324,Domestic Inventory,26.0,13.0,101.0,172.0,2004.2,2005.8,2006.9,2006.7,189.6,390.9,436.3,463.5,142.5,414.7,427.4,396.8,29.0,175.9,263.3,268.3,83.8,34.3,49.5,6339.8,2613.0,3726.7,6461.5,2663.2,3798.3,0.000891265189543868,0.00042182825704019985,0.003894286256001725,0.0008861506368988581,0.00042232569312356156,0.003853731703004035
PAK,586,All Global Voyages,2739872.0,58539.0,81475141.7,114361946.3,2002.6,2002.5,2008.8,2009.1,358.8,1354.1,1507.6,1784.2,41.0,231.2,403.1,445.6,19.0,89.0,69.9,77.7,9402364.3,8131271.3,1271093.0,715428735.4,618723859.3,96704876.1,729164967.1,630603357.4,98561609.7,100.0,100.0,100.0,100.0,100.0,100.0
PAK,586,All International Voyages,1244079.0,43111.0,72080717.8,102661963.7,2003.7,2003.9,2009.1,2009.4,663.1,1807.6,2057.2,2437.2,67.0,235.5,428.7,472.1,22.0,85.3,69.1,76.9,7421794.7,6689478.0,732316.7,564552047.5,508802890.5,55749157.0,575391446.8,518571906.0,56819540.9,78.93540883115962,82.26853776235458,57.613148683849246,78.91101091820406,82.23424438114164,57.64875499999063
PAK,586,All Domestic Voyages,1495793.0,55373.0,9394423.9,11699982.6,2001.6,2002.7,2006.1,2006.6,222.5,777.4,494.4,532.4,27.0,173.3,206.5,213.1,17.0,86.5,76.1,84.0,1980569.6,1441793.3,538776.3,150876687.9,109920968.8,40955719.1,153773520.3,112031451.4,41742068.9,21.064591168840373,17.731462237645424,42.38685131615075,21.088989081795948,17.765755618858368,42.35124510146875
PAK,586,Int. Arr. Inventory,3024.0,1541.0,220327.3,300428.1,2007.1,2007.8,2008.3,2008.6,1054.3,2205.0,1724.7,1804.2,92.0,227.0,316.1,352.5,41.0,88.9,78.9,91.4,25083.5,21950.3,3133.2,1897604.7,1657230.1,240374.6,1934038.7,1689048.9,244989.8,0.26677864417569946,0.2699491775658746,0.24649651913746673,0.26524021137383574,0.2678464807044492,0.24856513681715975
PAK,586,Int. Dep. Inventory,3004.0,1512.0,158207.2,204553.4,2007.2,2008.1,2008.4,2008.5,765.6,1404.8,1245.7,1241.1,70.0,145.6,237.1,251.3,23.0,63.6,57.8,62.6,18082.3,15688.6,2393.7,1367533.0,1184455.4,183077.6,1393789.7,1207197.0,186592.7,0.1923165219199175,0.1929415391662064,0.18831824264628944,0.19114874725033945,0.19143523196218237,0.18931580010507884
PAK,586,Domestic Inventory,101.0,68.0,1204.5,1733.1,2003.4,2004.3,2005.3,2005.8,347.9,1279.2,407.6,431.1,31.0,218.3,580.2,490.5,33.0,116.8,144.9,151.4,261.3,169.4,92.0,19920.4,12884.7,7035.8,20302.9,13132.1,7170.9,0.0027790882342221095,0.0020833150653822114,0.007237865364690075,0.002784404204270499,0.0020824659186947743,0.007275550817226557
CMR,120,All Global Voyages,2739872.0,58539.0,81475141.7,114361946.3,2002.6,2002.5,2008.8,2009.1,358.8,1354.1,1507.6,1784.2,41.0,231.2,403.1,445.6,19.0,89.0,69.9,77.7,9402364.3,8131271.3,1271093.0,715428735.4,618723859.3,96704876.1,729164967.1,630603357.4,98561609.7,100.0,100.0,100.0,100.0,100.0,100.0
CMR,120,All International Voyages,1244079.0,43111.0,72080717.8,102661963.7,2003.7,2003.9,2009.1,2009.4,663.1,1807.6,2057.2,2437.2,67.0,235.5,428.7,472.1,22.0,85.3,69.1,76.9,7421794.7,6689478.0,732316.7,564552047.5,508802890.5,55749157.0,575391446.8,518571906.0,56819540.9,78.93540883115962,82.26853776235458,57.613148683849246,78.91101091820406,82.23424438114164,57.64875499999063
CMR,120,All Domestic Voyages,1495793.0,55373.0,9394423.9,11699982.6,2001.6,2002.7,2006.1,2006.6,222.5,777.4,494.4,532.4,27.0,173.3,206.5,213.1,17.0,86.5,76.1,84.0,1980569.6,1441793.3,538776.3,150876687.9,109920968.8,40955719.1,153773520.3,112031451.4,41742068.9,21.064591168840373,17.731462237645424,42.38685131615075,21.088989081795948,17.765755618858368,42.35124510146875
CMR,120,Int. Arr. Inventory,1607.0,700.0,75783.4,120655.8,2004.4,2005.9,2009.0,2009.3,670.0,1886.1,2084.3,2423.2,78.0,249.5,516.4,542.9,61.0,170.3,111.3,105.6,8854.8,7107.3,1747.5,667773.0,534257.8,133515.2,680594.3,544515.6,136078.7,0.09417631265361627,0.08740699624670008,0.1374801057043033,0.09333886441456822,0.08634835092617602,0.13806460792817188
CMR,120,Int. Dep. Inventory,1611.0,719.0,94694.1,143689.5,2004.4,2005.9,2008.9,2009.4,700.8,2136.7,2589.5,2844.6,70.0,259.8,533.1,572.0,39.0,100.0,75.8,81.9,10271.7,9156.9,1114.8,776700.8,691675.3,85025.5,791613.5,704955.5,86658.0,0.10924592658040275,0.11261338678983691,0.08770404683213581,0.10856439018846001,0.11179063538553878,0.08792267117366286
CMR,120,Domestic Inventory,1158.0,92.0,500.1,656.3,2006.0,2003.4,2007.4,2007.3,97.9,297.1,132.4,132.0,20.0,256.0,160.2,147.2,23.0,112.4,121.2,131.8,559.6,299.7,260.0,42374.4,22644.1,19730.3,43188.0,23078.8,20109.2,0.005951694511560246,0.0036857705141384225,0.020454836900211076,0.005922939519676219,0.00365979656295436,0.020402670026603675
GLP,312,All Global Voyages,2739872.0,58539.0,81475141.7,114361946.3,2002.6,2002.5,2008.8,2009.1,358.8,1354.1,1507.6,1784.2,41.0,231.2,403.1,445.6,19.0,89.0,69.9,77.7,9402364.3,8131271.3,1271093.0,715428735.4,618723859.3,96704876.1,729164967.1,630603357.4,98561609.7,100.0,100.0,100.0,100.0,100.0,100.0
GLP,312,All International Voyages,1244079.0,43111.0,72080717.8,102661963.7,2003.7,2003.9,2009.1,2009.4,663.1,1807.6,2057.2,2437.2,67.0,235.5,428.7,472.1,22.0,85.3,69.1,76.9,7421794.7,6689478.0,732316.7,564552047.5,508802890.5,55749157.0,575391446.8,518571906.0,56819540.9,78.93540883115962,82.26853776235458,57.613148683849246,78.91101091820406,82.23424438114164,57.64875499999063
GLP,312,All Domestic Voyages,1495793.0,55373.0,9394423.9,11699982.6,2001.6,2002.7,2006.1,2006.6,222.5,777.4,494.4,532.4,27.0,173.3,206.5,213.1,17.0,86.5,76.1,84.0,1980569.6,1441793.3,538776.3,150876687.9,109920968.8,40955719.1,153773520.3,112031451.4,41742068.9,21.064591168840373,17.731462237645424,42.38685131615075,21.088989081795948,17.765755618858368,42.35124510146875
GLP,312,Int. Arr. Inventory,1420.0,204.0,19195.4,18909.2,2002.3,2002.3,2007.0,2006.9,177.3,952.8,731.5,1240.2,17.0,98.7,167.4,179.7,14.0,26.3,21.7,23.5,3924.4,3505.4,419.0,302729.8,270766.9,31962.9,308542.2,275965.6,32576.6,0.041738438064987546,0.043110109977513605,0.03296375638918631,0.04231445748513114,0.043762152034492165,0.03305201700657695
GLP,312,Int. Dep. Inventory,1414.0,205.0,17939.1,17939.0,2002.3,2002.3,2006.8,2006.8,183.0,772.9,688.0,1182.4,17.0,71.5,148.6,176.1,13.0,34.3,29.1,35.4,3891.8,3428.5,463.4,299967.4,264589.8,35377.6,305726.8,269669.9,36056.9,0.04139171676213396,0.042164378404149425,0.03645681315214543,0.04192834458516596,0.04276379071495252,0.03658310787511418
GLP,312,Domestic Inventory,65.0,11.0,81.7,11.3,2002.8,1996.8,2003.5,1998.9,556.7,697.0,1473.9,582.6,35.0,280.7,1305.5,1064.4,18.0,23.0,37.5,34.9,76.9,67.2,9.7,5775.4,5045.8,729.6,5886.3,5142.7,743.6,0.0008178793923141226,0.0008264390342012079,0.0007631227612771056,0.0008072658816029945,0.0008155205549814284,0.0007544519638664139
TON,776,All Global Voyages,2739872.0,58539.0,81475141.7,114361946.3,2002.6,2002.5,2008.8,2009.1,358.8,1354.1,1507.6,1784.2,41.0,231.2,403.1,445.6,19.0,89.0,69.9,77.7,9402364.3,8131271.3,1271093.0,715428735.4,618723859.3,96704876.1,729164967.1,630603357.4,98561609.7,100.0,100.0,100.0,100.0,100.0,100.0
TON,776,All International Voyages,1244079.0,43111.0,72080717.8,102661963.7,2003.7,2003.9,2009.1,2009.4,663.1,1807.6,2057.2,2437.2,67.0,235.5,428.7,472.1,22.0,85.3,69.1,76.9,7421794.7,6689478.0,732316.7,564552047.5,508802890.5,55749157.0,575391446.8,518571906.0,56819540.9,78.93540883115962,82.26853776235458,57.613148683849246,78.91101091820406,82.23424438114164,57.64875499999063
TON,776,All Domestic Voyages,1495793.0,55373.0,9394423.9,11699982.6,2001.6,2002.7,2006.1,2006.6,222.5,777.4,494.4,532.4,27.0,173.3,206.5,213.1,17.0,86.5,76.1,84.0,1980569.6,1441793.3,538776.3,150876687.9,109920968.8,40955719.1,153773520.3,112031451.4,41742068.9,21.064591168840373,17.731462237645424,42.38685131615075,21.088989081795948,17.765755618858368,42.35124510146875
TON,776,Int. Arr. Inventory,215.0,41.0,2100.0,1644.2,2004.6,2001.9,2002.0,2004.5,528.9,787.2,762.4,703.0,49.0,60.3,75.7,73.4,11.0,16.3,12.9,15.5,466.6,430.2,36.4,35959.2,33206.0,2753.2,36649.6,33843.6,2806.0,0.004962581592376718,0.0052906856028773755,0.002863677166029551,0.005026242572481373,0.005366860103558338,0.0028469502563329176
TON,776,Int. Dep. Inventory,213.0,42.0,2806.6,2518.9,2004.5,2001.4,2001.5,2003.3,574.5,1183.4,1019.4,1083.8,65.0,110.3,139.7,164.6,23.0,57.2,38.3,46.3,619.3,546.4,72.9,47677.1,42156.7,5520.4,48592.5,42966.1,5626.4,0.0065866411919393505,0.006719736432850297,0.0057352215770207216,0.006664129818696552,0.006813490523924699,0.005708510663660559
TON,776,Domestic Inventory,515.0,16.0,154.0,81.6,2004.6,1997.7,2002.8,2005.1,128.0,197.7,161.6,169.6,12.0,29.1,26.5,29.5,12.0,14.8,24.6,32.2,184.3,71.0,113.3,13889.7,5372.8,8517.0,14156.4,5475.9,8680.5,0.001960145279629295,0.0008731721938733001,0.008913588541515059,0.0019414536680639164,0.0008683588401078817,0.008807181646506733
CRI,188,All Global Voyages,2739872.0,58539.0,81475141.7,114361946.3,2002.6,2002.5,2008.8,2009.1,358.8,1354.1,1507.6,1784.2,41.0,231.2,403.1,445.6,19.0,89.0,69.9,77.7,9402364.3,8131271.3,1271093.0,715428735.4,618723859.3,96704876.1,729164967.1,630603357.4,98561609.7,100.0,100.0,100.0,100.0,100.0,100.0
CRI,188,All International Voyages,1244079.0,43111.0,72080717.8,102661963.7,2003.7,2003.9,2009.1,2009.4,663.1,1807.6,2057.2,2437.2,67.0,235.5,428.7,472.1,22.0,85.3,69.1,76.9,7421794.7,6689478.0,732316.7,564552047.5,508802890.5,55749157.0,575391446.8,518571906.0,56819540.9,78.93540883115962,82.26853776235458,57.613148683849246,78.91101091820406,82.23424438114164,57.64875499999063
CRI,188,All Domestic Voyages,1495793.0,55373.0,9394423.9,11699982.6,2001.6,2002.7,2006.1,2006.6,222.5,777.4,494.4,532.4,27.0,173.3,206.5,213.1,17.0,86.5,76.1,84.0,1980569.6,1441793.3,538776.3,150876687.9,109920968.8,40955719.1,153773520.3,112031451.4,41742068.9,21.064591168840373,17.731462237645424,42.38685131615075,21.088989081795948,17.765755618858368,42.35124510146875
CRI,188,Int. Arr. Inventory,2295.0,762.0,76859.1,82731.0,2005.0,2006.7,2007.3,2008.5,768.6,1813.4,1274.0,1551.8,65.0,197.0,326.8,400.3,33.0,81.3,85.3,104.5,13612.1,12028.1,1584.0,1048572.1,927318.3,121253.8,1068704.6,945122.8,123581.9,0.14477316093782922,0.1479239783820766,0.1246171601920552,0.14656554390570914,0.1498759543394718,0.1253854318899177
CRI,188,Int. Dep. Inventory,2294.0,756.0,77455.0,76846.5,2004.9,2006.6,2006.8,2007.8,834.4,1385.6,1284.2,1440.3,67.0,141.8,232.8,268.1,20.0,56.3,37.9,46.7,14435.6,13345.6,1090.0,1111744.1,1028841.4,82902.7,1133089.6,1048595.1,84494.4,0.15353159630285756,0.1641268567683875,0.08575297008165414,0.1553955073440335,0.1662844143937633,0.08572749598670566
CRI,188,Domestic Inventory,271.0,50.0,1248.6,1316.6,1997.1,2000.7,2003.1,2004.6,265.5,455.4,409.0,521.4,45.0,222.7,95.3,98.8,14.0,114.8,71.8,76.2,404.4,285.4,119.1,30877.4,21819.3,9058.1,31470.3,22238.3,9232.0,0.004301045855030313,0.0035099062553723918,0.009369888749288999,0.0043159369168765975,0.0035265115129880214,0.00936673013772826
ISR,376,All Global Voyages,2739872.0,58539.0,81475141.7,114361946.3,2002.6,2002.5,2008.8,2009.1,358.8,1354.1,1507.6,1784.2,41.0,231.2,403.1,445.6,19.0,89.0,69.9,77.7,9402364.3,8131271.3,1271093.0,715428735.4,618723859.3,96704876.1,729164967.1,630603357.4,98561609.7,100.0,100.0,100.0,100.0,100.0,100.0
ISR,376,All International Voyages,1244079.0,43111.0,72080717.8,102661963.7,2003.7,2003.9,2009.1,2009.4,663.1,1807.6,2057.2,2437.2,67.0,235.5,428.7,472.1,22.0,85.3,69.1,76.9,7421794.7,6689478.0,732316.7,564552047.5,508802890.5,55749157.0,575391446.8,518571906.0,56819540.9,78.93540883115962,82.26853776235458,57.613148683849246,78.91101091820406,82.23424438114164,57.64875499999063
ISR,376,All Domestic Voyages,1495793.0,55373.0,9394423.9,11699982.6,2001.6,2002.7,2006.1,2006.6,222.5,777.4,494.4,532.4,27.0,173.3,206.5,213.1,17.0,86.5,76.1,84.0,1980569.6,1441793.3,538776.3,150876687.9,109920968.8,40955719.1,153773520.3,112031451.4,41742068.9,21.064591168840373,17.731462237645424,42.38685131615075,21.088989081795948,17.765755618858368,42.35124510146875
ISR,376,Int. Arr. Inventory,4556.0,1316.0,174662.2,208404.9,2000.7,2003.6,2007.1,2007.9,593.5,1520.6,1743.3,1803.8,59.0,150.7,292.6,320.9,40.0,92.1,63.0,76.1,22269.4,20008.2,2261.2,1707787.5,1535266.6,172520.9,1740577.0,1564743.8,175833.3,0.23684893809102886,0.24606484351346142,0.1778941430721434,0.2387082592465378,0.2481343909191182,0.1783993793680908
ISR,376,Int. Dep. Inventory,4551.0,1317.0,123365.9,146309.9,2000.6,2003.5,2006.3,2007.0,642.8,1255.4,1227.9,1263.8,73.0,177.7,221.3,236.6,22.0,53.2,41.6,42.7,16335.2,14602.5,1732.8,1255294.1,1122817.0,132477.2,1279395.8,1144375.0,135020.7,0.17373502534889015,0.17958446423992766,0.1363236206949452,0.17546040439769778,0.18147302683548955,0.13699116766758732
ISR,376,Domestic Inventory,919.0,235.0,3353.7,4049.8,2003.6,2002.9,2004.8,2005.3,89.1,171.0,136.0,146.8,9.0,68.2,172.0,171.7,28.0,56.4,60.2,70.9,1078.4,588.6,489.8,82529.7,45129.9,37399.8,84114.3,45996.4,38117.9,0.01146945561341417,0.007238720469208794,0.038533765822013025,0.011535702316381898,0.007294030306093642,0.03867418573623397
LKA,144,All Global Voyages,2739872.0,58539.0,81475141.7,114361946.3,2002.6,2002.5,2008.8,2009.1,358.8,1354.1,1507.6,1784.2,41.0,231.2,403.1,445.6,19.0,89.0,69.9,77.7,9402364.3,8131271.3,1271093.0,715428735.4,618723859.3,96704876.1,729164967.1,630603357.4,98561609.7,100.0,100.0,100.0,100.0,100.0,100.0
LKA,144,All International Voyages,1244079.0,43111.0,72080717.8,102661963.7,2003.7,2003.9,2009.1,2009.4,663.1,1807.6,2057.2,2437.2,67.0,235.5,428.7,472.1,22.0,85.3,69.1,76.9,7421794.7,6689478.0,732316.7,564552047.5,508802890.5,55749157.0,575391446.8,518571906.0,56819540.9,78.93540883115962,82.26853776235458,57.613148683849246,78.91101091820406,82.23424438114164,57.64875499999063
LKA,144,All Domestic Voyages,1495793.0,55373.0,9394423.9,11699982.6,2001.6,2002.7,2006.1,2006.6,222.5,777.4,494.4,532.4,27.0,173.3,206.5,213.1,17.0,86.5,76.1,84.0,1980569.6,1441793.3,538776.3,150876687.9,109920968.8,40955719.1,153773520.3,112031451.4,41742068.9,21.064591168840373,17.731462237645424,42.38685131615075,21.088989081795948,17.765755618858368,42.35124510146875
LKA,144,Int. Arr. Inventory,6180.0,2580.0,573547.6,719140.8,2006.5,2007.3,2009.3,2009.0,1380.3,1995.5,1947.3,1964.1,102.0,206.4,247.7,266.9,18.0,43.5,30.0,33.2,55981.2,53239.0,2742.2,4324779.7,4114045.1,210734.6,4407815.4,4193034.8,214780.7,0.5953949263591073,0.6547438652059242,0.2157355913375339,0.6045018067078226,0.6649242746324776,0.21791517067725003
LKA,144,Int. Dep. Inventory,6181.0,2573.0,823707.6,1036980.7,2006.5,2007.4,2009.8,2009.5,1550.8,2761.5,2796.0,2833.7,122.0,265.9,346.3,370.8,31.0,83.4,55.1,61.0,81074.1,76042.6,5031.5,6263437.0,5877721.8,385715.3,6383695.0,5990574.0,393121.0,0.8622735453890039,0.9351870967581662,0.3958404302438925,0.8754802120278661,0.9499749612338491,0.39885813674976944
LKA,144,Domestic Inventory,381.0,147.0,2904.3,4452.9,2000.1,2004.3,2004.1,2004.5,299.1,530.1,496.5,552.8,35.0,192.7,333.0,324.5,31.0,61.2,76.4,80.7,900.1,701.1,199.0,68509.8,53384.0,15125.8,69825.1,54408.9,15416.2,0.009573124070506393,0.008622267959500995,0.015655817473623095,0.009576036034438825,0.008628070142907236,0.01564118123367054
NRU,520,All Global Voyages,2739872.0,58539.0,81475141.7,114361946.3,2002.6,2002.5,2008.8,2009.1,358.8,1354.1,1507.6,1784.2,41.0,231.2,403.1,445.6,19.0,89.0,69.9,77.7,9402364.3,8131271.3,1271093.0,715428735.4,618723859.3,96704876.1,729164967.1,630603357.4,98561609.7,100.0,100.0,100.0,100.0,100.0,100.0
NRU,520,All International Voyages,1244079.0,43111.0,72080717.8,102661963.7,2003.7,2003.9,2009.1,2009.4,663.1,1807.6,2057.2,2437.2,67.0,235.5,428.7,472.1,22.0,85.3,69.1,76.9,7421794.7,6689478.0,732316.7,564552047.5,508802890.5,55749157.0,575391446.8,518571906.0,56819540.9,78.93540883115962,82.26853776235458,57.613148683849246,78.91101091820406,82.23424438114164,57.64875499999063
NRU,520,All Domestic Voyages,1495793.0,55373.0,9394423.9,11699982.6,2001.6,2002.7,2006.1,2006.6,222.5,777.4,494.4,532.4,27.0,173.3,206.5,213.1,17.0,86.5,76.1,84.0,1980569.6,1441793.3,538776.3,150876687.9,109920968.8,40955719.1,153773520.3,112031451.4,41742068.9,21.064591168840373,17.731462237645424,42.38685131615075,21.088989081795948,17.765755618858368,42.35124510146875
NRU,520,Int. Arr. Inventory,28.0,20.0,356.4,451.4,2006.4,2008.0,2008.3,2007.9,1342.2,4318.1,2488.7,2524.4,267.0,631.9,845.0,669.4,48.0,69.9,65.2,67.9,81.0,72.9,8.1,6151.6,5541.1,610.4,6269.7,5647.5,622.2,0.0008614854457404931,0.0008965387737093462,0.0006372468418911913,0.0008598465755884502,0.0008955708741045786,0.0006312802742303427
NRU,520,Int. Dep. Inventory,29.0,21.0,621.7,842.9,2006.1,2007.5,2005.0,2003.9,3551.7,6659.8,4327.8,4618.9,289.0,646.0,654.1,581.1,72.0,427.6,1125.1,1341.2,191.7,124.8,66.9,14564.5,9479.5,5085.0,14844.1,9661.5,5182.7,0.0020388488882525004,0.0015348153492308148,0.005263186879323543,0.0020357670307498787,0.0015321041168944464,0.005258335386135642
NRU,520,Domestic Inventory,,,,,,,,,,,,,,,,,,,,,,,,,,,,,,,,,,,
NAM,516,All Global Voyages,2739872.0,58539.0,81475141.7,114361946.3,2002.6,2002.5,2008.8,2009.1,358.8,1354.1,1507.6,1784.2,41.0,231.2,403.1,445.6,19.0,89.0,69.9,77.7,9402364.3,8131271.3,1271093.0,715428735.4,618723859.3,96704876.1,729164967.1,630603357.4,98561609.7,100.0,100.0,100.0,100.0,100.0,100.0
NAM,516,All International Voyages,1244079.0,43111.0,72080717.8,102661963.7,2003.7,2003.9,2009.1,2009.4,663.1,1807.6,2057.2,2437.2,67.0,235.5,428.7,472.1,22.0,85.3,69.1,76.9,7421794.7,6689478.0,732316.7,564552047.5,508802890.5,55749157.0,575391446.8,518571906.0,56819540.9,78.93540883115962,82.26853776235458,57.613148683849246,78.91101091820406,82.23424438114164,57.64875499999063
NAM,516,All Domestic Voyages,1495793.0,55373.0,9394423.9,11699982.6,2001.6,2002.7,2006.1,2006.6,222.5,777.4,494.4,532.4,27.0,173.3,206.5,213.1,17.0,86.5,76.1,84.0,1980569.6,1441793.3,538776.3,150876687.9,109920968.8,40955719.1,153773520.3,112031451.4,41742068.9,21.064591168840373,17.731462237645424,42.38685131615075,21.088989081795948,17.765755618858368,42.35124510146875
NAM,516,Int. Arr. Inventory,852.0,509.0,76225.7,83190.6,2003.4,2004.8,2009.8,2009.8,1874.3,3230.2,3697.9,3597.1,187.0,395.1,389.3,396.6,50.0,195.4,86.4,83.4,10106.6,8987.9,1118.7,746214.5,666441.0,79773.5,760541.8,679236.6,81305.2,0.10748998525828232,0.11053499100442017,0.08801086938563897,0.10430311854185623,0.10771217628788349,0.08249175337890205
NAM,516,Int. Dep. Inventory,867.0,516.0,54558.7,64229.0,2003.3,2004.8,2009.2,2009.3,1688.1,2711.2,2629.6,2769.1,171.0,394.0,349.8,364.5,44.0,150.9,70.0,69.4,7568.5,6758.7,809.9,571193.0,509601.0,61592.0,582159.9,519385.4,62774.5,0.0804957110628015,0.0831198437567813,0.06371681694415751,0.0798392580920801,0.08236324686589752,0.06369061969571302
NAM,516,Domestic Inventory,91.0,27.0,413.8,417.4,2002.9,2001.4,2004.0,2005.6,361.8,1352.2,524.6,616.5,48.0,254.9,551.1,636.4,58.0,107.8,310.4,359.7,283.0,186.3,96.7,21403.2,14102.9,7300.3,21814.1,14373.7,7440.5,0.003009881248698266,0.002291154643923885,0.007607625877886197,0.002991654973051982,0.002279356719454092,0.007549085310849991
ESP,724,All Global Voyages,2739872.0,58539.0,81475141.7,114361946.3,2002.6,2002.5,2008.8,2009.1,358.8,1354.1,1507.6,1784.2,41.0,231.2,403.1,445.6,19.0,89.0,69.9,77.7,9402364.3,8131271.3,1271093.0,715428735.4,618723859.3,96704876.1,729164967.1,630603357.4,98561609.7,100.0,100.0,100.0,100.0,100.0,100.0
ESP,724,All International Voyages,1244079.0,43111.0,72080717.8,102661963.7,2003.7,2003.9,2009.1,2009.4,663.1,1807.6,2057.2,2437.2,67.0,235.5,428.7,472.1,22.0,85.3,69.1,76.9,7421794.7,6689478.0,732316.7,564552047.5,508802890.5,55749157.0,575391446.8,518571906.0,56819540.9,78.93540883115962,82.26853776235458,57.613148683849246,78.91101091820406,82.23424438114164,57.64875499999063
ESP,724,All Domestic Voyages,1495793.0,55373.0,9394423.9,11699982.6,2001.6,2002.7,2006.1,2006.6,222.5,777.4,494.4,532.4,27.0,173.3,206.5,213.1,17.0,86.5,76.1,84.0,1980569.6,1441793.3,538776.3,150876687.9,109920968.8,40955719.1,153773520.3,112031451.4,41742068.9,21.064591168840373,17.731462237645424,42.38685131615075,21.088989081795948,17.765755618858368,42.35124510146875
ESP,724,Int. Arr. Inventory,36506.0,9597.0,1788946.8,2255513.3,2004.6,2006.1,2009.0,2009.4,829.1,2203.8,1797.5,2223.0,82.0,236.4,332.7,368.7,18.0,63.1,38.0,41.3,219814.8,201304.5,18510.3,16741942.0,15323616.4,1418325.6,17063387.3,15617829.8,1445557.5,2.3378672957821895,2.4756829845291226,1.456250644130681,2.3401271413057168,2.4766486915630876,1.4666537046218717
ESP,724,Int. Dep. Inventory,36556.0,9627.0,1584532.5,1947811.6,2004.6,2006.1,2008.8,2009.2,836.5,1887.4,1593.4,1918.3,83.0,197.8,282.8,317.3,25.0,80.6,59.7,68.4,199777.8,178669.6,21108.2,15231453.1,13624417.7,1607035.4,15523897.0,13886006.6,1637890.5,2.12476132200068,2.1973144593023233,1.660633800988598,2.1289965509095836,2.2020191356501013,1.6617935776266042
ESP,724,Domestic Inventory,37947.0,4413.0,254129.3,214814.9,2002.9,2004.7,2005.7,2007.3,191.9,591.1,344.5,444.5,17.0,89.1,125.5,111.0,12.0,58.3,44.2,53.2,61807.2,45606.2,16201.1,4715150.1,3482301.5,1232848.6,4805681.0,3549161.7,1256519.3,0.6573580647157012,0.5608741649045703,1.2745802234769603,0.659066359031609,0.5628199815860987,1.2748567153322374
HND,340,All Global Voyages,2739872.0,58539.0,81475141.7,114361946.3,2002.6,2002.5,2008.8,2009.1,358.8,1354.1,1507.6,1784.2,41.0,231.2,403.1,445.6,19.0,89.0,69.9,77.7,9402364.3,8131271.3,1271093.0,715428735.4,618723859.3,96704876.1,729164967.1,630603357.4,98561609.7,100.0,100.0,100.0,100.0,100.0,100.0
HND,340,All International Voyages,1244079.0,43111.0,72080717.8,102661963.7,2003.7,2003.9,2009.1,2009.4,663.1,1807.6,2057.2,2437.2,67.0,235.5,428.7,472.1,22.0,85.3,69.1,76.9,7421794.7,6689478.0,732316.7,564552047.5,508802890.5,55749157.0,575391446.8,518571906.0,56819540.9,78.93540883115962,82.26853776235458,57.613148683849246,78.91101091820406,82.23424438114164,57.64875499999063
HND,340,All Domestic Voyages,1495793.0,55373.0,9394423.9,11699982.6,2001.6,2002.7,2006.1,2006.6,222.5,777.4,494.4,532.4,27.0,173.3,206.5,213.1,17.0,86.5,76.1,84.0,1980569.6,1441793.3,538776.3,150876687.9,109920968.8,40955719.1,153773520.3,112031451.4,41742068.9,21.064591168840373,17.731462237645424,42.38685131615075,21.088989081795948,17.765755618858368,42.35124510146875
HND,340,Int. Arr. Inventory,2093.0,559.0,46553.2,37435.5,2006.1,2007.5,2007.3,2007.4,680.1,1049.9,634.0,805.4,44.0,99.8,143.5,220.4,12.0,77.6,43.7,75.2,8140.1,7105.6,1034.5,626904.9,547396.2,79508.7,638941.4,557906.2,81035.2,0.08657503304780478,0.08738608930684677,0.08138664912795524,0.08762645338559903,0.0884718093319812,0.08221781304775098
HND,340,Int. Dep. Inventory,2078.0,552.0,44123.9,33398.4,2006.1,2007.5,2007.3,2007.0,697.3,898.9,605.0,727.3,50.0,108.3,99.5,141.5,16.0,55.0,36.7,55.9,8358.1,7178.5,1179.6,643418.0,553066.1,90351.9,655771.6,563685.0,92086.7,0.08889359881535329,0.08828262808055612,0.09280202156726533,0.08993460047979313,0.0893882015351287,0.0934305966392917
HND,340,Domestic Inventory,418.0,37.0,707.7,825.4,1986.1,2002.6,2004.0,2004.9,92.3,481.0,395.7,482.2,10.0,51.5,118.8,125.4,15.0,31.1,25.2,27.1,279.5,199.7,79.8,21311.4,15267.3,6044.2,21720.6,15560.4,6160.2,0.002972656568944047,0.0024559505227675776,0.006278061479372476,0.0029788320860211,0.0024675415722739064,0.006250100844284404
MYT,175,All Global Voyages,2739872.0,58539.0,81475141.7,114361946.3,2002.6,2002.5,2008.8,2009.1,358.8,1354.1,1507.6,1784.2,41.0,231.2,403.1,445.6,19.0,89.0,69.9,77.7,9402364.3,8131271.3,1271093.0,715428735.4,618723859.3,96704876.1,729164967.1,630603357.4,98561609.7,100.0,100.0,100.0,100.0,100.0,100.0
MYT,175,All International Voyages,1244079.0,43111.0,72080717.8,102661963.7,2003.7,2003.9,2009.1,2009.4,663.1,1807.6,2057.2,2437.2,67.0,235.5,428.7,472.1,22.0,85.3,69.1,76.9,7421794.7,6689478.0,732316.7,564552047.5,508802890.5,55749157.0,575391446.8,518571906.0,56819540.9,78.93540883115962,82.26853776235458,57.613148683849246,78.91101091820406,82.23424438114164,57.64875499999063
MYT,175,All Domestic Voyages,1495793.0,55373.0,9394423.9,11699982.6,2001.6,2002.7,2006.1,2006.6,222.5,777.4,494.4,532.4,27.0,173.3,206.5,213.1,17.0,86.5,76.1,84.0,1980569.6,1441793.3,538776.3,150876687.9,109920968.8,40955719.1,153773520.3,112031451.4,41742068.9,21.064591168840373,17.731462237645424,42.38685131615075,21.088989081795948,17.765755618858368,42.35124510146875
MYT,175,Int. Arr. Inventory,298.0,53.0,4113.5,5781.3,2004.8,2004.4,2005.6,2007.0,189.4,1185.5,1557.8,1701.8,20.0,168.3,265.4,295.7,31.0,51.3,45.2,42.3,724.7,624.1,100.6,55887.5,48233.4,7654.1,56960.5,49159.5,7801.1,0.0077076358336806835,0.007675306566145444,0.007914448431389363,0.0078117439221662794,0.007795629284735553,0.007914947842009525
MYT,175,Int. Dep. Inventory,301.0,54.0,3179.9,4728.2,2004.9,2004.5,2008.2,2009.4,193.1,1017.6,1179.8,1355.5,16.0,93.4,192.3,205.2,25.0,61.3,46.3,47.4,487.1,383.8,103.2,37546.2,29666.7,7879.5,38267.1,30236.3,8030.8,0.00518061185950857,0.004720049126881304,0.008118996800391475,0.005248071660956789,0.004794820649966936,0.008148000042251744
MYT,175,Domestic Inventory,,,,,,,,,,,,,,,,,,,,,,,,,,,,,,,,,,,
SWZ,748,All Global Voyages,2739872.0,58539.0,81475141.7,114361946.3,2002.6,2002.5,2008.8,2009.1,358.8,1354.1,1507.6,1784.2,41.0,231.2,403.1,445.6,19.0,89.0,69.9,77.7,9402364.3,8131271.3,1271093.0,715428735.4,618723859.3,96704876.1,729164967.1,630603357.4,98561609.7,100.0,100.0,100.0,100.0,100.0,100.0
SWZ,748,All International Voyages,1244079.0,43111.0,72080717.8,102661963.7,2003.7,2003.9,2009.1,2009.4,663.1,1807.6,2057.2,2437.2,67.0,235.5,428.7,472.1,22.0,85.3,69.1,76.9,7421794.7,6689478.0,732316.7,564552047.5,508802890.5,55749157.0,575391446.8,518571906.0,56819540.9,78.93540883115962,82.26853776235458,57.613148683849246,78.91101091820406,82.23424438114164,57.64875499999063
SWZ,748,All Domestic Voyages,1495793.0,55373.0,9394423.9,11699982.6,2001.6,2002.7,2006.1,2006.6,222.5,777.4,494.4,532.4,27.0,173.3,206.5,213.1,17.0,86.5,76.1,84.0,1980569.6,1441793.3,538776.3,150876687.9,109920968.8,40955719.1,153773520.3,112031451.4,41742068.9,21.064591168840373,17.731462237645424,42.38685131615075,21.088989081795948,17.765755618858368,42.35124510146875
SWZ,748,Int. Arr. Inventory,1.0,1.0,71.0,90.2,2007.0,2007.0,2007.0,2007.0,4441.1,4441.1,4441.1,4441.1,323.0,323.0,323.0,323.0,7.0,7.0,7.0,7.0,10.8,10.5,0.2,827.9,810.2,17.7,843.8,825.8,18.0,0.00011486472609873243,0.00012913109909393872,1.5734489923239292e-05,0.00011572141258457889,0.00013095394915193644,1.826268874340432e-05
SWZ,748,Int. Dep. Inventory,1.0,1.0,39.2,49.8,2007.0,2007.0,2007.0,2007.0,2452.6,2452.6,2452.6,2452.6,175.0,175.0,175.0,175.0,6.0,6.0,6.0,6.0,5.9,5.7,0.2,456.6,441.5,15.1,465.4,450.0,15.4,6.275017444282605e-05,7.009973950813816e-05,1.5734489923239292e-05,6.382643448312754e-05,7.136022901231703e-05,1.5624744813801473e-05
SWZ,748,Domestic Inventory,,,,,,,,,,,,,,,,,,,,,,,,,,,,,,,,,,,
ARE,784,All Global Voyages,2739872.0,58539.0,81475141.7,114361946.3,2002.6,2002.5,2008.8,2009.1,358.8,1354.1,1507.6,1784.2,41.0,231.2,403.1,445.6,19.0,89.0,69.9,77.7,9402364.3,8131271.3,1271093.0,715428735.4,618723859.3,96704876.1,729164967.1,630603357.4,98561609.7,100.0,100.0,100.0,100.0,100.0,100.0
ARE,784,All International Voyages,1244079.0,43111.0,72080717.8,102661963.7,2003.7,2003.9,2009.1,2009.4,663.1,1807.6,2057.2,2437.2,67.0,235.5,428.7,472.1,22.0,85.3,69.1,76.9,7421794.7,6689478.0,732316.7,564552047.5,508802890.5,55749157.0,575391446.8,518571906.0,56819540.9,78.93540883115962,82.26853776235458,57.613148683849246,78.91101091820406,82.23424438114164,57.64875499999063
ARE,784,All Domestic Voyages,1495793.0,55373.0,9394423.9,11699982.6,2001.6,2002.7,2006.1,2006.6,222.5,777.4,494.4,532.4,27.0,173.3,206.5,213.1,17.0,86.5,76.1,84.0,1980569.6,1441793.3,538776.3,150876687.9,109920968.8,40955719.1,153773520.3,112031451.4,41742068.9,21.064591168840373,17.731462237645424,42.38685131615075,21.088989081795948,17.765755618858368,42.35124510146875
ARE,784,Int. Arr. Inventory,25958.0,7240.0,2744275.6,4483893.2,2005.4,2007.3,2008.2,2008.2,651.9,1871.9,2423.9,2505.7,78.0,213.8,411.6,432.8,24.0,83.9,58.5,60.2,216717.7,198058.6,18659.1,16578139.9,15143087.5,1435052.4,16896440.2,15433834.7,1462605.4,2.3049277084488207,2.4357642574292164,1.467957104633571,2.3172314856540233,2.4474710638449895,1.4839503985901317
ARE,784,Int. Dep. Inventory,26046.0,7261.0,2311557.1,3714027.2,2005.4,2007.2,2008.4,2008.4,598.2,1985.7,2033.6,2068.2,68.0,219.0,440.6,467.3,39.0,90.6,85.1,92.6,213654.3,182258.1,31396.2,16331276.4,13913108.3,2418168.2,16644836.9,14180240.0,2464597.0,2.272346541603371,2.2414465496926663,2.4700159626400273,2.2827258097984395,2.248678164110263,2.500564882718225
ARE,784,Domestic Inventory,24314.0,3639.0,150085.1,233429.5,2007.2,2006.5,2005.9,2006.0,178.9,428.0,485.6,514.3,28.0,124.4,339.7,357.9,23.0,79.4,82.2,78.6,33882.1,21234.2,12647.9,2575502.2,1612320.0,963182.2,2624951.8,1643276.6,981675.3,0.36035723482869086,0.261142436607668,0.9950412755006912,0.3599942288011768,0.2605879877924038,0.9960016917215588
MNP,580,All Global Voyages,2739872.0,58539.0,81475141.7,114361946.3,2002.6,2002.5,2008.8,2009.1,358.8,1354.1,1507.6,1784.2,41.0,231.2,403.1,445.6,19.0,89.0,69.9,77.7,9402364.3,8131271.3,1271093.0,715428735.4,618723859.3,96704876.1,729164967.1,630603357.4,98561609.7,100.0,100.0,100.0,100.0,100.0,100.0
MNP,580,All International Voyages,1244079.0,43111.0,72080717.8,102661963.7,2003.7,2003.9,2009.1,2009.4,663.1,1807.6,2057.2,2437.2,67.0,235.5,428.7,472.1,22.0,85.3,69.1,76.9,7421794.7,6689478.0,732316.7,564552047.5,508802890.5,55749157.0,575391446.8,518571906.0,56819540.9,78.93540883115962,82.26853776235458,57.613148683849246,78.91101091820406,82.23424438114164,57.64875499999063
MNP,580,All Domestic Voyages,1495793.0,55373.0,9394423.9,11699982.6,2001.6,2002.7,2006.1,2006.6,222.5,777.4,494.4,532.4,27.0,173.3,206.5,213.1,17.0,86.5,76.1,84.0,1980569.6,1441793.3,538776.3,150876687.9,109920968.8,40955719.1,153773520.3,112031451.4,41742068.9,21.064591168840373,17.731462237645424,42.38685131615075,21.088989081795948,17.765755618858368,42.35124510146875
MNP,580,Int. Arr. Inventory,265.0,61.0,3879.6,4093.1,2000.9,2003.8,2006.7,2008.1,196.3,1270.1,1048.2,969.6,18.0,158.7,227.6,176.2,17.0,128.6,453.9,529.9,632.0,449.9,182.1,48387.8,34521.3,13866.5,49316.9,35184.1,14132.7,0.00672171360133323,0.005532960141177432,0.014326253075109374,0.006763476335971106,0.005579434296871697,0.014338950066883903
MNP,580,Int. Dep. Inventory,266.0,62.0,5758.7,5621.0,2001.1,2004.0,2003.6,2004.4,881.8,1297.9,1546.2,1322.9,76.5,182.8,270.1,298.0,29.0,63.6,56.1,65.8,970.6,829.7,140.9,74598.7,63816.3,10782.5,76031.0,65041.5,10989.5,0.01032293547698423,0.010203816468403902,0.011084948150922081,0.010427132875347378,0.01031416963401026,0.011149878774757874
MNP,580,Domestic Inventory,16.0,5.0,7.2,9.3,1981.3,1987.6,2003.0,2005.2,204.8,244.7,231.3,239.8,38.5,55.2,70.0,59.5,18.0,60.0,30.3,24.1,6.1,4.7,1.4,459.1,354.3,104.8,467.9,361.1,106.8,6.487729900020996e-05,5.780153959442972e-05,0.00011014142946267503,6.416929242512973e-05,5.726261932521707e-05,0.00010835861987753229
MOZ,508,All Global Voyages,2739872.0,58539.0,81475141.7,114361946.3,2002.6,2002.5,2008.8,2009.1,358.8,1354.1,1507.6,1784.2,41.0,231.2,403.1,445.6,19.0,89.0,69.9,77.7,9402364.3,8131271.3,1271093.0,715428735.4,618723859.3,96704876.1,729164967.1,630603357.4,98561609.7,100.0,100.0,100.0,100.0,100.0,100.0
MOZ,508,All International Voyages,1244079.0,43111.0,72080717.8,102661963.7,2003.7,2003.9,2009.1,2009.4,663.1,1807.6,2057.2,2437.2,67.0,235.5,428.7,472.1,22.0,85.3,69.1,76.9,7421794.7,6689478.0,732316.7,564552047.5,508802890.5,55749157.0,575391446.8,518571906.0,56819540.9,78.93540883115962,82.26853776235458,57.613148683849246,78.91101091820406,82.23424438114164,57.64875499999063
MOZ,508,All Domestic Voyages,1495793.0,55373.0,9394423.9,11699982.6,2001.6,2002.7,2006.1,2006.6,222.5,777.4,494.4,532.4,27.0,173.3,206.5,213.1,17.0,86.5,76.1,84.0,1980569.6,1441793.3,538776.3,150876687.9,109920968.8,40955719.1,153773520.3,112031451.4,41742068.9,21.064591168840373,17.731462237645424,42.38685131615075,21.088989081795948,17.765755618858368,42.35124510146875
MOZ,508,Int. Arr. Inventory,1466.0,968.0,101684.7,165144.2,2006.6,2008.5,2009.8,2010.1,1295.9,2571.7,2279.1,2550.5,126.0,246.5,366.7,383.9,76.5,146.7,139.7,148.6,10514.4,9222.2,1292.1,812269.5,712857.9,99411.5,827865.0,726544.8,101320.2,0.11182719223078814,0.11341645924420207,0.10165267214908742,0.11353603606225693,0.11521422959046237,0.10279884866774858
MOZ,508,Int. Dep. Inventory,1459.0,962.0,115029.2,188483.5,2006.6,2008.6,2009.8,2010.2,1402.2,2771.3,2599.5,2943.5,150.0,303.8,459.6,489.8,41.0,78.0,65.4,68.5,11438.8,10486.7,952.2,884001.7,811045.8,72956.0,900974.6,826617.8,74356.7,0.1216587619350167,0.12896753303508643,0.07491190652454227,0.12356251886089824,0.13108363447479485,0.07544184822703844
MOZ,508,Domestic Inventory,578.0,193.0,5968.9,8504.6,2001.7,2005.4,2004.4,2004.9,544.3,799.3,570.1,562.5,49.0,124.3,91.0,87.4,61.0,123.6,132.1,127.9,1387.2,874.7,512.5,106766.0,67395.6,39370.4,108815.9,68689.6,40126.3,0.014753735930014963,0.010757235464520782,0.04031963042830068,0.014923358212446405,0.010892679081698782,0.04071189596247027
SVN,705,All Global Voyages,2739872.0,58539.0,81475141.7,114361946.3,2002.6,2002.5,2008.8,2009.1,358.8,1354.1,1507.6,1784.2,41.0,231.2,403.1,445.6,19.0,89.0,69.9,77.7,9402364.3,8131271.3,1271093.0,715428735.4,618723859.3,96704876.1,729164967.1,630603357.4,98561609.7,100.0,100.0,100.0,100.0,100.0,100.0
SVN,705,All International Voyages,1244079.0,43111.0,72080717.8,102661963.7,2003.7,2003.9,2009.1,2009.4,663.1,1807.6,2057.2,2437.2,67.0,235.5,428.7,472.1,22.0,85.3,69.1,76.9,7421794.7,6689478.0,732316.7,564552047.5,508802890.5,55749157.0,575391446.8,518571906.0,56819540.9,78.93540883115962,82.26853776235458,57.613148683849246,78.91101091820406,82.23424438114164,57.64875499999063
SVN,705,All Domestic Voyages,1495793.0,55373.0,9394423.9,11699982.6,2001.6,2002.7,2006.1,2006.6,222.5,777.4,494.4,532.4,27.0,173.3,206.5,213.1,17.0,86.5,76.1,84.0,1980569.6,1441793.3,538776.3,150876687.9,109920968.8,40955719.1,153773520.3,112031451.4,41742068.9,21.064591168840373,17.731462237645424,42.38685131615075,21.088989081795948,17.765755618858368,42.35124510146875
SVN,705,Int. Arr. Inventory,1572.0,631.0,53380.8,57711.7,2002.9,2004.3,2008.0,2009.1,727.9,1499.4,1354.9,1558.3,71.0,152.4,328.1,414.9,31.0,70.8,89.8,120.7,5799.9,5129.3,670.6,447743.2,396222.9,51520.3,456339.9,403830.4,52509.4,0.06168554860185538,0.06308115681738476,0.052757744712621346,0.06258390358699392,0.06403873294696798,0.05327571268349526
SVN,705,Int. Dep. Inventory,1573.0,635.0,47206.5,39582.6,2002.9,2004.3,2006.9,2008.1,754.6,1251.3,1194.4,1066.2,59.0,113.2,257.6,252.1,17.0,47.3,29.1,43.6,4567.7,4008.7,559.0,352727.3,309847.9,42879.4,359499.7,315797.0,43702.7,0.04858033420381296,0.04929979399408307,0.04397789933545382,0.04930293091696177,0.050078547203117066,0.044340489297020884
SVN,705,Domestic Inventory,3.0,3.0,2.9,2.0,1997.7,1997.7,1987.7,1992.5,19.6,140.5,79.3,40.9,13.0,13.7,13.7,15.0,32.0,175.3,82.1,157.2,1.9,0.3,1.6,140.0,21.2,118.8,142.7,21.6,121.1,2.020768329514737e-05,3.689459974112535e-06,0.00012587591938591433,1.957033132948496e-05,3.425290992591217e-06,0.00012286731149034795
JPN,392,All Global Voyages,2739872.0,58539.0,81475141.7,114361946.3,2002.6,2002.5,2008.8,2009.1,358.8,1354.1,1507.6,1784.2,41.0,231.2,403.1,445.6,19.0,89.0,69.9,77.7,9402364.3,8131271.3,1271093.0,715428735.4,618723859.3,96704876.1,729164967.1,630603357.4,98561609.7,100.0,100.0,100.0,100.0,100.0,100.0
JPN,392,All International Voyages,1244079.0,43111.0,72080717.8,102661963.7,2003.7,2003.9,2009.1,2009.4,663.1,1807.6,2057.2,2437.2,67.0,235.5,428.7,472.1,22.0,85.3,69.1,76.9,7421794.7,6689478.0,732316.7,564552047.5,508802890.5,55749157.0,575391446.8,518571906.0,56819540.9,78.93540883115962,82.26853776235458,57.613148683849246,78.91101091820406,82.23424438114164,57.64875499999063
JPN,392,All Domestic Voyages,1495793.0,55373.0,9394423.9,11699982.6,2001.6,2002.7,2006.1,2006.6,222.5,777.4,494.4,532.4,27.0,173.3,206.5,213.1,17.0,86.5,76.1,84.0,1980569.6,1441793.3,538776.3,150876687.9,109920968.8,40955719.1,153773520.3,112031451.4,41742068.9,21.064591168840373,17.731462237645424,42.38685131615075,21.088989081795948,17.765755618858368,42.35124510146875
JPN,392,Int. Arr. Inventory,44357.0,8014.0,3585069.6,4642131.5,2005.1,2007.4,2008.4,2009.1,967.3,2892.7,3236.0,3557.9,87.0,272.7,437.1,474.1,17.0,56.5,50.6,61.3,344913.0,327702.0,17211.0,25571512.5,24262959.2,1308553.4,26062485.6,24728808.0,1333677.6,3.668364562304823,4.030144708122087,1.354031530344357,3.574292070511077,3.921452004625816,1.353141049602805
JPN,392,Int. Dep. Inventory,44750.0,8290.0,3171769.5,3996289.3,2005.1,2007.5,2008.4,2009.1,998.3,2592.3,2814.1,2995.2,85.0,241.8,377.5,390.1,20.0,67.9,71.8,77.4,294527.2,268333.4,26193.8,21824957.8,19863274.7,1961683.1,22243997.0,20244649.6,1999347.4,3.132480199687646,3.300017796725095,2.060730410756727,3.050612413329148,3.2103618482891387,2.028525514229705
JPN,392,Domestic Inventory,267212.0,7088.0,691098.5,775198.2,2006.7,2007.3,2007.7,2008.3,236.8,488.9,405.5,408.8,22.0,59.6,122.9,132.9,11.0,50.1,57.5,64.4,206371.4,155165.1,51206.3,15730617.1,11844408.6,3886208.5,16032645.0,12071821.2,3960823.7,2.1948883644085133,1.9082514194305633,4.028525056781841,2.1987678678206755,1.9143287231727635,4.018627244477726
SGP,702,All Global Voyages,2739872.0,58539.0,81475141.7,114361946.3,2002.6,2002.5,2008.8,2009.1,358.8,1354.1,1507.6,1784.2,41.0,231.2,403.1,445.6,19.0,89.0,69.9,77.7,9402364.3,8131271.3,1271093.0,715428735.4,618723859.3,96704876.1,729164967.1,630603357.4,98561609.7,100.0,100.0,100.0,100.0,100.0,100.0
SGP,702,All International Voyages,1244079.0,43111.0,72080717.8,102661963.7,2003.7,2003.9,2009.1,2009.4,663.1,1807.6,2057.2,2437.2,67.0,235.5,428.7,472.1,22.0,85.3,69.1,76.9,7421794.7,6689478.0,732316.7,564552047.5,508802890.5,55749157.0,575391446.8,518571906.0,56819540.9,78.93540883115962,82.26853776235458,57.613148683849246,78.91101091820406,82.23424438114164,57.64875499999063
SGP,702,All Domestic Voyages,1495793.0,55373.0,9394423.9,11699982.6,2001.6,2002.7,2006.1,2006.6,222.5,777.4,494.4,532.4,27.0,173.3,206.5,213.1,17.0,86.5,76.1,84.0,1980569.6,1441793.3,538776.3,150876687.9,109920968.8,40955719.1,153773520.3,112031451.4,41742068.9,21.064591168840373,17.731462237645424,42.38685131615075,21.088989081795948,17.765755618858368,42.35124510146875
SGP,702,Int. Arr. Inventory,50640.0,13400.0,5016260.7,7021510.7,2007.8,2008.6,2010.2,2010.2,1280.1,2863.1,2781.3,2956.1,108.0,294.0,469.0,513.0,15.0,43.6,38.8,40.9,468777.6,438535.1,30242.5,35895482.7,33580295.4,2315187.3,36584676.0,34225037.1,2359638.9,4.9857417245575135,5.3931923289781265,2.3792515575178212,5.017338688870753,5.427347745357881,2.3940750431960525
SGP,702,Int. Dep. Inventory,51073.0,13520.0,4996680.9,6772906.4,2007.9,2008.7,2010.0,2010.0,1435.4,2613.8,2739.9,2814.3,118.0,253.9,399.6,433.0,29.0,89.4,72.5,82.4,476479.5,436706.6,39772.9,36417608.6,33383638.1,3033970.6,37116826.7,34024603.9,3092222.8,5.067656227700089,5.3707050704359105,3.12903147134002,5.090319526405564,5.395563391905277,3.137350140092121
SGP,702,Domestic Inventory,26593.0,1812.0,32500.7,46754.2,2007.9,2007.3,2007.4,2007.2,60.1,472.3,304.7,288.9,33.0,178.4,497.5,457.9,11.0,82.5,169.8,178.7,21888.8,14072.8,7816.0,1659571.5,1065899.2,593672.4,1691435.3,1086364.4,605070.9,0.23280102005832723,0.17307010774563628,0.6149038662001916,0.2319688103951422,0.17227380527739639,0.6139011952439734
CYP,196,All Global Voyages,2739872.0,58539.0,81475141.7,114361946.3,2002.6,2002.5,2008.8,2009.1,358.8,1354.1,1507.6,1784.2,41.0,231.2,403.1,445.6,19.0,89.0,69.9,77.7,9402364.3,8131271.3,1271093.0,715428735.4,618723859.3,96704876.1,729164967.1,630603357.4,98561609.7,100.0,100.0,100.0,100.0,100.0,100.0
CYP,196,All International Voyages,1244079.0,43111.0,72080717.8,102661963.7,2003.7,2003.9,2009.1,2009.4,663.1,1807.6,2057.2,2437.2,67.0,235.5,428.7,472.1,22.0,85.3,69.1,76.9,7421794.7,6689478.0,732316.7,564552047.5,508802890.5,55749157.0,575391446.8,518571906.0,56819540.9,78.93540883115962,82.26853776235458,57.613148683849246,78.91101091820406,82.23424438114164,57.64875499999063
CYP,196,All Domestic Voyages,1495793.0,55373.0,9394423.9,11699982.6,2001.6,2002.7,2006.1,2006.6,222.5,777.4,494.4,532.4,27.0,173.3,206.5,213.1,17.0,86.5,76.1,84.0,1980569.6,1441793.3,538776.3,150876687.9,109920968.8,40955719.1,153773520.3,112031451.4,41742068.9,21.064591168840373,17.731462237645424,42.38685131615075,21.088989081795948,17.765755618858368,42.35124510146875
CYP,196,Int. Arr. Inventory,4188.0,1170.0,54232.1,66554.3,1994.7,1999.8,2004.7,2005.0,347.5,1085.5,1062.6,1142.4,40.0,153.3,255.4,253.7,19.0,61.5,46.2,48.3,10638.9,9232.6,1406.3,814709.9,707648.2,107061.7,830352.3,721235.1,109117.2,0.11315132726775964,0.11354436052330465,0.11063706589525707,0.11387715228591377,0.11437222646160305,0.11070963667509988
CYP,196,Int. Dep. Inventory,4199.0,1176.0,43352.0,57940.9,1994.7,1999.7,2004.3,2005.3,300.8,1001.4,854.6,1008.5,38.0,154.3,351.9,386.5,26.0,86.5,101.8,111.1,8730.9,6730.7,2000.1,668532.0,515987.1,152544.9,681367.8,525894.0,155473.8,0.09285855899031693,0.08277549415919747,0.15735276647735452,0.09344494466182371,0.08339536950267433,0.15774275650857192
CYP,196,Domestic Inventory,370.0,158.0,1008.9,1438.2,1994.8,1996.9,1998.5,1998.7,180.2,448.2,420.9,420.3,40.0,126.7,214.0,186.2,20.0,45.9,62.8,62.4,480.3,340.5,139.7,36421.3,25815.6,10605.6,37120.6,26311.3,10809.3,0.005108289624557517,0.004187537070617728,0.010990541211382644,0.0050908370087545856,0.004172400874692838,0.010967048968560015
CXR,162,All Global Voyages,2739872.0,58539.0,81475141.7,114361946.3,2002.6,2002.5,2008.8,2009.1,358.8,1354.1,1507.6,1784.2,41.0,231.2,403.1,445.6,19.0,89.0,69.9,77.7,9402364.3,8131271.3,1271093.0,715428735.4,618723859.3,96704876.1,729164967.1,630603357.4,98561609.7,100.0,100.0,100.0,100.0,100.0,100.0
CXR,162,All International Voyages,1244079.0,43111.0,72080717.8,102661963.7,2003.7,2003.9,2009.1,2009.4,663.1,1807.6,2057.2,2437.2,67.0,235.5,428.7,472.1,22.0,85.3,69.1,76.9,7421794.7,6689478.0,732316.7,564552047.5,508802890.5,55749157.0,575391446.8,518571906.0,56819540.9,78.93540883115962,82.26853776235458,57.613148683849246,78.91101091820406,82.23424438114164,57.64875499999063
CXR,162,All Domestic Voyages,1495793.0,55373.0,9394423.9,11699982.6,2001.6,2002.7,2006.1,2006.6,222.5,777.4,494.4,532.4,27.0,173.3,206.5,213.1,17.0,86.5,76.1,84.0,1980569.6,1441793.3,538776.3,150876687.9,109920968.8,40955719.1,153773520.3,112031451.4,41742068.9,21.064591168840373,17.731462237645424,42.38685131615075,21.088989081795948,17.765755618858368,42.35124510146875
CXR,162,Int. Arr. Inventory,89.0,36.0,535.3,782.1,2005.5,2006.4,2005.9,2005.7,904.7,1181.4,984.3,983.9,106.0,167.3,160.5,152.1,16.0,23.9,26.1,24.8,111.9,104.2,7.6,8548.7,7975.5,573.2,8712.8,8128.6,584.2,0.001190126189856311,0.0012814724310084207,0.0005979106170830931,0.0011949010708306694,0.0012890194612211559,0.000592725709105378
CXR,162,Int. Dep. Inventory,90.0,37.0,743.6,1098.2,2005.5,2006.6,2006.0,2005.9,985.6,1400.6,1315.6,1324.5,130.0,175.7,235.6,230.8,59.5,93.9,116.0,95.3,150.0,123.6,26.4,11451.8,9458.6,1993.2,11671.7,9640.2,2031.5,0.0015953434180379503,0.0015200575093343644,0.0020769526698675863,0.0016006940166667807,0.0015287263993878635,0.002061147343456993
CXR,162,Domestic Inventory,3.0,3.0,30.4,41.3,2010.0,2010.0,2011.7,2011.7,203.3,1737.1,1416.6,1293.6,52.0,222.7,539.4,533.2,10.0,29.7,11.3,11.9,5.3,4.4,1.0,406.8,335.1,71.7,414.6,341.5,73.1,5.6368800770674236e-05,5.411207962031719e-05,7.867244961619646e-05,5.685956110164305e-05,5.415448490601392e-05,7.41668081746031e-05
IRQ,368,All Global Voyages,2739872.0,58539.0,81475141.7,114361946.3,2002.6,2002.5,2008.8,2009.1,358.8,1354.1,1507.6,1784.2,41.0,231.2,403.1,445.6,19.0,89.0,69.9,77.7,9402364.3,8131271.3,1271093.0,715428735.4,618723859.3,96704876.1,729164967.1,630603357.4,98561609.7,100.0,100.0,100.0,100.0,100.0,100.0
IRQ,368,All International Voyages,1244079.0,43111.0,72080717.8,102661963.7,2003.7,2003.9,2009.1,2009.4,663.1,1807.6,2057.2,2437.2,67.0,235.5,428.7,472.1,22.0,85.3,69.1,76.9,7421794.7,6689478.0,732316.7,564552047.5,508802890.5,55749157.0,575391446.8,518571906.0,56819540.9,78.93540883115962,82.26853776235458,57.613148683849246,78.91101091820406,82.23424438114164,57.64875499999063
IRQ,368,All Domestic Voyages,1495793.0,55373.0,9394423.9,11699982.6,2001.6,2002.7,2006.1,2006.6,222.5,777.4,494.4,532.4,27.0,173.3,206.5,213.1,17.0,86.5,76.1,84.0,1980569.6,1441793.3,538776.3,150876687.9,109920968.8,40955719.1,153773520.3,112031451.4,41742068.9,21.064591168840373,17.731462237645424,42.38685131615075,21.088989081795948,17.765755618858368,42.35124510146875
IRQ,368,Int. Arr. Inventory,3695.0,1423.0,243607.2,449872.2,2001.9,2004.9,2008.7,2008.9,566.8,1578.7,1616.2,1692.3,55.0,187.7,371.5,377.1,40.0,100.6,101.5,101.9,18755.9,13917.4,4838.6,1449937.4,1076218.4,373718.9,1477776.2,1096881.8,380894.3,0.19948067742918663,0.171158967479046,0.38066451471292817,0.20266692266872618,0.17394163654987227,0.38645300250204817
IRQ,368,Int. Dep. Inventory,3660.0,1398.0,411597.6,776531.9,2001.9,2004.8,2008.6,2008.7,574.8,1879.7,2785.7,2982.6,63.5,208.2,631.4,641.9,36.0,90.0,75.2,75.6,30755.2,26716.7,4038.5,2378062.6,2067201.6,310861.0,2423721.4,2106891.9,316829.5,0.3271007059362718,0.3285673176345746,0.3177186877750094,0.33239685247626594,0.33410730775154607,0.32145325240157885
IRQ,368,Domestic Inventory,2579.0,361.0,15557.0,24190.2,2002.2,2002.7,2004.7,2004.7,128.8,872.1,480.3,499.6,15.0,128.0,356.6,322.4,48.0,103.6,148.4,154.5,4529.5,1591.8,2937.7,346853.4,121526.4,225327.0,353513.0,123859.7,229653.2,0.04817405341335263,0.01957627462264111,0.23111605523750028,0.048481895860407964,0.019641459016437518,0.23300471725148783
HRV,191,All Global Voyages,2739872.0,58539.0,81475141.7,114361946.3,2002.6,2002.5,2008.8,2009.1,358.8,1354.1,1507.6,1784.2,41.0,231.2,403.1,445.6,19.0,89.0,69.9,77.7,9402364.3,8131271.3,1271093.0,715428735.4,618723859.3,96704876.1,729164967.1,630603357.4,98561609.7,100.0,100.0,100.0,100.0,100.0,100.0
HRV,191,All International Voyages,1244079.0,43111.0,72080717.8,102661963.7,2003.7,2003.9,2009.1,2009.4,663.1,1807.6,2057.2,2437.2,67.0,235.5,428.7,472.1,22.0,85.3,69.1,76.9,7421794.7,6689478.0,732316.7,564552047.5,508802890.5,55749157.0,575391446.8,518571906.0,56819540.9,78.93540883115962,82.26853776235458,57.613148683849246,78.91101091820406,82.23424438114164,57.64875499999063
HRV,191,All Domestic Voyages,1495793.0,55373.0,9394423.9,11699982.6,2001.6,2002.7,2006.1,2006.6,222.5,777.4,494.4,532.4,27.0,173.3,206.5,213.1,17.0,86.5,76.1,84.0,1980569.6,1441793.3,538776.3,150876687.9,109920968.8,40955719.1,153773520.3,112031451.4,41742068.9,21.064591168840373,17.731462237645424,42.38685131615075,21.088989081795948,17.765755618858368,42.35124510146875
HRV,191,Int. Arr. Inventory,2649.0,878.0,45062.6,54900.0,1994.6,2000.5,2004.6,2006.6,343.3,1156.3,776.4,1235.9,31.0,116.6,288.3,337.1,18.0,71.1,70.5,83.3,7568.5,5929.2,1639.3,583610.3,457617.0,125993.4,594815.7,466403.2,128412.4,0.0804957110628015,0.07291848692836014,0.12896774665583083,0.08157491470903662,0.07396142036461667,0.13028642733297402
HRV,191,Int. Dep. Inventory,2665.0,890.0,35432.8,40969.6,1994.6,2000.5,2004.4,2006.6,382.1,916.3,606.4,909.1,39.0,100.5,213.6,307.8,20.0,67.1,47.5,55.5,6312.2,4961.3,1350.9,486395.2,382646.4,103748.8,495734.0,389993.2,105740.8,0.06713417815559432,0.06101505923188174,0.10627861218651981,0.0679865356082053,0.06184445347832524,0.10728396210436485
HRV,191,Domestic Inventory,4563.0,382.0,8434.7,3694.4,1994.9,1995.2,1998.0,1997.8,321.0,697.6,529.2,482.2,28.0,84.7,427.4,360.6,19.0,53.6,173.8,179.4,4683.8,3043.2,1640.6,354228.2,230355.6,123872.6,361029.4,234778.5,126250.9,0.04981513000937434,0.03742588197739756,0.1290700208403319,0.049512718834514066,0.037230772282596164,0.1280933827930369
GRL,304,All Global Voyages,2739872.0,58539.0,81475141.7,114361946.3,2002.6,2002.5,2008.8,2009.1,358.8,1354.1,1507.6,1784.2,41.0,231.2,403.1,445.6,19.0,89.0,69.9,77.7,9402364.3,8131271.3,1271093.0,715428735.4,618723859.3,96704876.1,729164967.1,630603357.4,98561609.7,100.0,100.0,100.0,100.0,100.0,100.0
GRL,304,All International Voyages,1244079.0,43111.0,72080717.8,102661963.7,2003.7,2003.9,2009.1,2009.4,663.1,1807.6,2057.2,2437.2,67.0,235.5,428.7,472.1,22.0,85.3,69.1,76.9,7421794.7,6689478.0,732316.7,564552047.5,508802890.5,55749157.0,575391446.8,518571906.0,56819540.9,78.93540883115962,82.26853776235458,57.613148683849246,78.91101091820406,82.23424438114164,57.64875499999063
GRL,304,All Domestic Voyages,1495793.0,55373.0,9394423.9,11699982.6,2001.6,2002.7,2006.1,2006.6,222.5,777.4,494.4,532.4,27.0,173.3,206.5,213.1,17.0,86.5,76.1,84.0,1980569.6,1441793.3,538776.3,150876687.9,109920968.8,40955719.1,153773520.3,112031451.4,41742068.9,21.064591168840373,17.731462237645424,42.38685131615075,21.088989081795948,17.765755618858368,42.35124510146875
GRL,304,Int. Arr. Inventory,181.0,90.0,5125.5,2511.8,1995.1,1991.9,1994.6,1998.6,1429.1,2368.3,2388.2,2488.3,125.0,329.4,1456.8,987.4,19.0,71.7,27.6,41.6,1045.8,986.9,58.9,80173.6,75686.3,4487.2,81712.9,77139.5,4573.4,0.011122734310560588,0.01213709349483887,0.004633807282393971,0.011206366691612273,0.012232649746434732,0.004640143372171406
GRL,304,Int. Dep. Inventory,178.0,86.0,3981.9,2261.6,1995.4,1992.5,1997.4,2000.4,1850.8,2277.3,1870.9,2269.4,149.0,296.9,281.9,272.8,29.0,126.5,84.8,96.5,1121.6,1010.7,110.9,85594.4,77230.0,8364.4,87237.8,78712.8,8525.0,0.011928914517809098,0.012429790652785131,0.008724774662436187,0.011964069029119432,0.012482140964890462,0.008649412307640101
GRL,304,Domestic Inventory,1760.0,78.0,2969.6,1482.3,1994.2,1989.8,1996.1,1998.0,217.5,854.0,331.1,329.5,22.0,170.5,321.4,295.6,11.0,30.7,52.9,52.8,1406.2,1126.5,279.7,106844.6,85736.2,21108.4,108896.0,87382.3,21513.7,0.014955812762966437,0.013853922202792569,0.022004684157650146,0.014934343380908158,0.013856935421384421,0.02182766704549875
CYM,136,All Global Voyages,2739872.0,58539.0,81475141.7,114361946.3,2002.6,2002.5,2008.8,2009.1,358.8,1354.1,1507.6,1784.2,41.0,231.2,403.1,445.6,19.0,89.0,69.9,77.7,9402364.3,8131271.3,1271093.0,715428735.4,618723859.3,96704876.1,729164967.1,630603357.4,98561609.7,100.0,100.0,100.0,100.0,100.0,100.0
CYM,136,All International Voyages,1244079.0,43111.0,72080717.8,102661963.7,2003.7,2003.9,2009.1,2009.4,663.1,1807.6,2057.2,2437.2,67.0,235.5,428.7,472.1,22.0,85.3,69.1,76.9,7421794.7,6689478.0,732316.7,564552047.5,508802890.5,55749157.0,575391446.8,518571906.0,56819540.9,78.93540883115962,82.26853776235458,57.613148683849246,78.91101091820406,82.23424438114164,57.64875499999063
CYM,136,All Domestic Voyages,1495793.0,55373.0,9394423.9,11699982.6,2001.6,2002.7,2006.1,2006.6,222.5,777.4,494.4,532.4,27.0,173.3,206.5,213.1,17.0,86.5,76.1,84.0,1980569.6,1441793.3,538776.3,150876687.9,109920968.8,40955719.1,153773520.3,112031451.4,41742068.9,21.064591168840373,17.731462237645424,42.38685131615075,21.088989081795948,17.765755618858368,42.35124510146875
CYM,136,Int. Arr. Inventory,894.0,149.0,28717.6,5540.8,2001.0,2002.4,2006.4,2005.3,621.0,769.3,491.5,665.3,40.0,71.4,49.6,118.7,7.0,13.6,8.5,16.7,5965.6,5450.5,515.1,460106.2,420244.0,39862.2,468940.3,428312.7,40627.5,0.06344787129764798,0.06703133862966791,0.040524178797302794,0.06431196247195568,0.06792109413529741,0.04122041038459216
CYM,136,Int. Dep. Inventory,889.0,146.0,29727.6,5884.7,2000.9,2002.4,2007.0,2005.9,462.5,748.3,513.1,711.1,36.0,80.4,58.0,175.6,9.0,31.6,16.3,33.6,6187.7,5377.6,810.2,477348.9,415149.0,62199.9,486514.0,423119.8,63394.2,0.06581004311862282,0.06613479985595856,0.06374041867904237,0.06672207551810123,0.06709761295032395,0.06431936348539566
CYM,136,Domestic Inventory,,,,,,,,,,,,,,,,,,,,,,,,,,,,,,,,,,,
SYR,760,All Global Voyages,2739872.0,58539.0,81475141.7,114361946.3,2002.6,2002.5,2008.8,2009.1,358.8,1354.1,1507.6,1784.2,41.0,231.2,403.1,445.6,19.0,89.0,69.9,77.7,9402364.3,8131271.3,1271093.0,715428735.4,618723859.3,96704876.1,729164967.1,630603357.4,98561609.7,100.0,100.0,100.0,100.0,100.0,100.0
SYR,760,All International Voyages,1244079.0,43111.0,72080717.8,102661963.7,2003.7,2003.9,2009.1,2009.4,663.1,1807.6,2057.2,2437.2,67.0,235.5,428.7,472.1,22.0,85.3,69.1,76.9,7421794.7,6689478.0,732316.7,564552047.5,508802890.5,55749157.0,575391446.8,518571906.0,56819540.9,78.93540883115962,82.26853776235458,57.613148683849246,78.91101091820406,82.23424438114164,57.64875499999063
SYR,760,All Domestic Voyages,1495793.0,55373.0,9394423.9,11699982.6,2001.6,2002.7,2006.1,2006.6,222.5,777.4,494.4,532.4,27.0,173.3,206.5,213.1,17.0,86.5,76.1,84.0,1980569.6,1441793.3,538776.3,150876687.9,109920968.8,40955719.1,153773520.3,112031451.4,41742068.9,21.064591168840373,17.731462237645424,42.38685131615075,21.088989081795948,17.765755618858368,42.35124510146875
SYR,760,Int. Arr. Inventory,529.0,188.0,4683.7,6550.2,1994.1,1991.8,2000.4,2000.8,425.7,1193.9,716.4,809.4,41.0,129.2,340.1,375.2,26.0,98.5,91.9,94.0,917.4,705.6,211.8,70339.0,54240.0,16099.1,71689.6,55281.4,16408.2,0.009757120344720102,0.008677609859112683,0.016662824828710412,0.009831739487584057,0.008766429698047782,0.01664765830219593
SYR,760,Int. Dep. Inventory,537.0,191.0,3535.8,4265.8,1994.1,1992.0,1998.8,1997.8,377.5,655.3,534.9,520.9,45.0,114.7,195.6,214.7,27.0,84.3,105.7,108.4,751.9,571.9,180.1,57590.5,43914.2,13676.3,58696.3,44757.3,13938.9,0.007996924773484898,0.0070333405306498625,0.01416890817587698,0.008049797048457239,0.00709753595105106,0.014142321784746581
SYR,760,Domestic Inventory,18.0,10.0,108.2,137.2,1994.3,1993.2,1991.6,1990.8,172.9,525.0,374.2,380.4,15.5,99.5,159.7,167.5,15.0,49.8,40.8,42.5,22.8,16.2,6.7,1754.6,1244.1,510.5,1788.3,1268.0,520.3,0.00024249219954176844,0.0001992308386020769,0.0005271054124285162,0.00024525314307300593,0.00020107726752803995,0.0005278931640662927
CHE,756,All Global Voyages,2739872.0,58539.0,81475141.7,114361946.3,2002.6,2002.5,2008.8,2009.1,358.8,1354.1,1507.6,1784.2,41.0,231.2,403.1,445.6,19.0,89.0,69.9,77.7,9402364.3,8131271.3,1271093.0,715428735.4,618723859.3,96704876.1,729164967.1,630603357.4,98561609.7,100.0,100.0,100.0,100.0,100.0,100.0
CHE,756,All International Voyages,1244079.0,43111.0,72080717.8,102661963.7,2003.7,2003.9,2009.1,2009.4,663.1,1807.6,2057.2,2437.2,67.0,235.5,428.7,472.1,22.0,85.3,69.1,76.9,7421794.7,6689478.0,732316.7,564552047.5,508802890.5,55749157.0,575391446.8,518571906.0,56819540.9,78.93540883115962,82.26853776235458,57.613148683849246,78.91101091820406,82.23424438114164,57.64875499999063
CHE,756,All Domestic Voyages,1495793.0,55373.0,9394423.9,11699982.6,2001.6,2002.7,2006.1,2006.6,222.5,777.4,494.4,532.4,27.0,173.3,206.5,213.1,17.0,86.5,76.1,84.0,1980569.6,1441793.3,538776.3,150876687.9,109920968.8,40955719.1,153773520.3,112031451.4,41742068.9,21.064591168840373,17.731462237645424,42.38685131615075,21.088989081795948,17.765755618858368,42.35124510146875
CHE,756,Int. Arr. Inventory,7.0,7.0,159.5,274.6,2003.3,2003.3,2009.6,2009.3,602.0,665.6,498.8,609.1,49.0,56.7,82.3,87.8,9.0,31.0,42.1,46.9,12.5,10.4,2.1,961.8,799.1,162.7,980.3,814.4,165.9,0.00013294528483649584,0.0001279012791025679,0.00016521214419401255,0.00013444145621789843,0.0001291461566836244,0.00016832111458504314
CHE,756,Int. Dep. Inventory,7.0,7.0,287.6,510.9,2003.3,2003.3,2003.9,2003.3,712.1,887.9,899.4,1133.2,65.0,163.4,581.4,636.5,10.0,14.6,10.2,10.4,22.8,21.5,1.3,1748.7,1651.0,97.6,1782.2,1682.7,99.5,0.00024249219954176844,0.0002644112981447317,0.00010227418450105539,0.00024441656969452063,0.00026683968302005745,0.00010095208499826276
CHE,756,Domestic Inventory,3.0,2.0,37.9,46.0,2016.3,2017.0,2017.8,2017.2,463.0,406.7,223.3,257.0,34.0,32.2,29.4,32.2,9.0,11.0,9.1,11.4,2.5,1.8,0.7,188.8,137.2,51.6,192.4,139.8,52.6,2.6589056967299173e-05,2.2136759844675213e-05,5.5070714731337516e-05,2.638634721648848e-05,2.216924447982649e-05,5.336763488350373e-05
HTI,332,All Global Voyages,2739872.0,58539.0,81475141.7,114361946.3,2002.6,2002.5,2008.8,2009.1,358.8,1354.1,1507.6,1784.2,41.0,231.2,403.1,445.6,19.0,89.0,69.9,77.7,9402364.3,8131271.3,1271093.0,715428735.4,618723859.3,96704876.1,729164967.1,630603357.4,98561609.7,100.0,100.0,100.0,100.0,100.0,100.0
HTI,332,All International Voyages,1244079.0,43111.0,72080717.8,102661963.7,2003.7,2003.9,2009.1,2009.4,663.1,1807.6,2057.2,2437.2,67.0,235.5,428.7,472.1,22.0,85.3,69.1,76.9,7421794.7,6689478.0,732316.7,564552047.5,508802890.5,55749157.0,575391446.8,518571906.0,56819540.9,78.93540883115962,82.26853776235458,57.613148683849246,78.91101091820406,82.23424438114164,57.64875499999063
HTI,332,All Domestic Voyages,1495793.0,55373.0,9394423.9,11699982.6,2001.6,2002.7,2006.1,2006.6,222.5,777.4,494.4,532.4,27.0,173.3,206.5,213.1,17.0,86.5,76.1,84.0,1980569.6,1441793.3,538776.3,150876687.9,109920968.8,40955719.1,153773520.3,112031451.4,41742068.9,21.064591168840373,17.731462237645424,42.38685131615075,21.088989081795948,17.765755618858368,42.35124510146875
HTI,332,Int. Arr. Inventory,1258.0,331.0,25376.1,18038.3,2000.6,2003.7,2008.9,2007.2,566.7,1266.3,734.2,1053.0,48.0,140.3,143.4,269.8,20.0,82.7,50.8,101.0,4093.8,3532.6,561.2,315055.8,272126.4,42929.4,321104.9,277351.2,43753.7,0.043540112565091736,0.043444621015166475,0.04415097872460945,0.0440373460723275,0.04398187810853543,0.044392233581793866
HTI,332,Int. Dep. Inventory,1254.0,332.0,26531.7,17688.0,2000.6,2004.1,2008.8,2006.7,620.4,1096.9,768.0,1031.0,56.0,143.9,144.5,286.7,20.0,72.6,30.0,55.6,4296.9,3834.5,462.4,330542.7,295485.7,35057.0,336889.1,301159.0,35730.0,0.045700207553115116,0.04715744756911505,0.03637814070252924,0.046202041403587885,0.04775727824248974,0.036251437155657575
HTI,332,Domestic Inventory,128.0,54.0,238.3,327.0,1999.4,2003.9,2006.2,2006.4,215.5,255.1,240.6,241.3,24.5,57.3,94.5,95.1,21.5,90.9,77.8,82.2,80.4,56.5,23.9,6108.0,4305.6,1802.3,6225.2,4388.3,1837.0,0.0008551040720683414,0.0006948482951245274,0.001880271545827095,0.0008537437042208112,0.0006958890954994462,0.0018638088456463186
BGR,100,All Global Voyages,2739872.0,58539.0,81475141.7,114361946.3,2002.6,2002.5,2008.8,2009.1,358.8,1354.1,1507.6,1784.2,41.0,231.2,403.1,445.6,19.0,89.0,69.9,77.7,9402364.3,8131271.3,1271093.0,715428735.4,618723859.3,96704876.1,729164967.1,630603357.4,98561609.7,100.0,100.0,100.0,100.0,100.0,100.0
BGR,100,All International Voyages,1244079.0,43111.0,72080717.8,102661963.7,2003.7,2003.9,2009.1,2009.4,663.1,1807.6,2057.2,2437.2,67.0,235.5,428.7,472.1,22.0,85.3,69.1,76.9,7421794.7,6689478.0,732316.7,564552047.5,508802890.5,55749157.0,575391446.8,518571906.0,56819540.9,78.93540883115962,82.26853776235458,57.613148683849246,78.91101091820406,82.23424438114164,57.64875499999063
BGR,100,All Domestic Voyages,1495793.0,55373.0,9394423.9,11699982.6,2001.6,2002.7,2006.1,2006.6,222.5,777.4,494.4,532.4,27.0,173.3,206.5,213.1,17.0,86.5,76.1,84.0,1980569.6,1441793.3,538776.3,150876687.9,109920968.8,40955719.1,153773520.3,112031451.4,41742068.9,21.064591168840373,17.731462237645424,42.38685131615075,21.088989081795948,17.765755618858368,42.35124510146875
BGR,100,Int. Arr. Inventory,3094.0,1386.0,12040.2,17814.9,1996.9,2000.2,2002.9,2003.8,210.8,428.4,395.4,395.4,33.0,76.9,141.5,138.8,52.0,126.9,193.3,203.4,4242.5,2079.3,2163.1,324445.1,159385.1,165060.0,330674.5,162445.3,168229.1,0.04512162967350669,0.025571647080573984,0.17017637576479455,0.04534975141704116,0.025760297355498982,0.17068420504905776
BGR,100,Int. Dep. Inventory,3098.0,1391.0,17625.7,27015.5,1996.8,2000.3,2004.9,2005.7,264.4,542.9,576.9,597.2,45.0,95.4,219.7,228.5,27.0,63.5,68.3,69.6,3849.1,2923.4,925.7,294758.7,224470.8,70287.9,300418.1,228780.7,71637.4,0.04093757566913249,0.03595255762773528,0.07282708660971306,0.041200292602483146,0.03627965143466266,0.07268286325481958
BGR,100,Domestic Inventory,388.0,145.0,452.8,567.2,1993.6,1996.5,2001.9,2001.4,79.7,267.9,178.9,172.8,14.0,121.3,294.4,259.7,31.0,96.2,120.5,117.7,417.2,276.7,140.5,31490.4,20899.6,10590.8,32095.0,21300.9,10794.1,0.004437181826702885,0.003402911916123128,0.011053479171075601,0.004401610259424105,0.003377860227041031,0.010951627142510032
ESH,732,All Global Voyages,2739872.0,58539.0,81475141.7,114361946.3,2002.6,2002.5,2008.8,2009.1,358.8,1354.1,1507.6,1784.2,41.0,231.2,403.1,445.6,19.0,89.0,69.9,77.7,9402364.3,8131271.3,1271093.0,715428735.4,618723859.3,96704876.1,729164967.1,630603357.4,98561609.7,100.0,100.0,100.0,100.0,100.0,100.0
ESH,732,All International Voyages,1244079.0,43111.0,72080717.8,102661963.7,2003.7,2003.9,2009.1,2009.4,663.1,1807.6,2057.2,2437.2,67.0,235.5,428.7,472.1,22.0,85.3,69.1,76.9,7421794.7,6689478.0,732316.7,564552047.5,508802890.5,55749157.0,575391446.8,518571906.0,56819540.9,78.93540883115962,82.26853776235458,57.613148683849246,78.91101091820406,82.23424438114164,57.64875499999063
ESH,732,All Domestic Voyages,1495793.0,55373.0,9394423.9,11699982.6,2001.6,2002.7,2006.1,2006.6,222.5,777.4,494.4,532.4,27.0,173.3,206.5,213.1,17.0,86.5,76.1,84.0,1980569.6,1441793.3,538776.3,150876687.9,109920968.8,40955719.1,153773520.3,112031451.4,41742068.9,21.064591168840373,17.731462237645424,42.38685131615075,21.088989081795948,17.765755618858368,42.35124510146875
ESH,732,Int. Arr. Inventory,1.0,1.0,340.6,648.3,2006.0,2006.0,2006.0,2006.0,7884.4,7884.4,7884.4,7884.4,726.0,726.0,726.0,726.0,97.0,97.0,97.0,97.0,17.1,16.4,0.6,1322.5,1272.2,50.3,1347.9,1296.6,51.3,0.00018186914965632632,0.0002016904785848186,4.720346976971787e-05,0.00018485528800990034,0.00020561260652748946,5.204866291870231e-05
ESH,732,Int. Dep. Inventory,1.0,1.0,10.5,20.0,2006.0,2006.0,2006.0,2006.0,243.6,243.6,243.6,243.6,162.0,162.0,162.0,162.0,146.0,146.0,146.0,146.0,2.4,1.5,0.9,186.6,117.6,69.0,190.2,119.9,70.3,2.55254946886072e-05,1.8447299870562675e-05,7.080520465457681e-05,2.6084632227526553e-05,1.901353657461514e-05,7.132594548118465e-05
ESH,732,Domestic Inventory,,,,,,,,,,,,,,,,,,,,,,,,,,,,,,,,,,,
MSR,500,All Global Voyages,2739872.0,58539.0,81475141.7,114361946.3,2002.6,2002.5,2008.8,2009.1,358.8,1354.1,1507.6,1784.2,41.0,231.2,403.1,445.6,19.0,89.0,69.9,77.7,9402364.3,8131271.3,1271093.0,715428735.4,618723859.3,96704876.1,729164967.1,630603357.4,98561609.7,100.0,100.0,100.0,100.0,100.0,100.0
MSR,500,All International Voyages,1244079.0,43111.0,72080717.8,102661963.7,2003.7,2003.9,2009.1,2009.4,663.1,1807.6,2057.2,2437.2,67.0,235.5,428.7,472.1,22.0,85.3,69.1,76.9,7421794.7,6689478.0,732316.7,564552047.5,508802890.5,55749157.0,575391446.8,518571906.0,56819540.9,78.93540883115962,82.26853776235458,57.613148683849246,78.91101091820406,82.23424438114164,57.64875499999063
MSR,500,All Domestic Voyages,1495793.0,55373.0,9394423.9,11699982.6,2001.6,2002.7,2006.1,2006.6,222.5,777.4,494.4,532.4,27.0,173.3,206.5,213.1,17.0,86.5,76.1,84.0,1980569.6,1441793.3,538776.3,150876687.9,109920968.8,40955719.1,153773520.3,112031451.4,41742068.9,21.064591168840373,17.731462237645424,42.38685131615075,21.088989081795948,17.765755618858368,42.35124510146875
MSR,500,Int. Arr. Inventory,226.0,40.0,126.9,82.2,1981.6,1984.8,1994.2,1994.7,112.5,1243.8,271.4,204.3,19.0,118.0,242.7,186.7,5.0,27.3,76.7,40.9,73.6,60.7,12.8,5557.9,4589.7,968.2,5664.6,4677.8,986.8,0.0007827818371172876,0.000746500734762103,0.0010070073550873147,0.0007768612393062403,0.0007417975094973702,0.001001201180666188
MSR,500,Int. Dep. Inventory,225.0,40.0,432.7,739.8,1981.6,1985.3,2006.6,2008.4,119.4,652.3,699.6,1068.9,19.0,139.9,457.8,419.4,12.0,30.6,105.0,114.8,102.2,71.0,31.1,7744.3,5400.0,2344.3,7893.0,5503.7,2389.3,0.0010869606488231901,0.0008731721938733001,0.00244671318306371,0.0010824710944893118,0.0008727673164779761,0.002424169011923108
MSR,500,Domestic Inventory,1.0,1.0,0.0,0.0,1996.0,1996.0,1996.0,1996.0,87.1,87.1,87.1,87.1,25.0,25.0,25.0,25.0,0.0,0.0,0.0,0.0,0.1,0.1,0.0,5.5,5.5,0.0,5.7,5.7,0.0,1.0635622786919669e-06,1.2298199913708453e-06,0.0,7.817161077649914e-07,9.038962341560157e-07,0.0
IND,356,All Global Voyages,2739872.0,58539.0,81475141.7,114361946.3,2002.6,2002.5,2008.8,2009.1,358.8,1354.1,1507.6,1784.2,41.0,231.2,403.1,445.6,19.0,89.0,69.9,77.7,9402364.3,8131271.3,1271093.0,715428735.4,618723859.3,96704876.1,729164967.1,630603357.4,98561609.7,100.0,100.0,100.0,100.0,100.0,100.0
IND,356,All International Voyages,1244079.0,43111.0,72080717.8,102661963.7,2003.7,2003.9,2009.1,2009.4,663.1,1807.6,2057.2,2437.2,67.0,235.5,428.7,472.1,22.0,85.3,69.1,76.9,7421794.7,6689478.0,732316.7,564552047.5,508802890.5,55749157.0,575391446.8,518571906.0,56819540.9,78.93540883115962,82.26853776235458,57.613148683849246,78.91101091820406,82.23424438114164,57.64875499999063
IND,356,All Domestic Voyages,1495793.0,55373.0,9394423.9,11699982.6,2001.6,2002.7,2006.1,2006.6,222.5,777.4,494.4,532.4,27.0,173.3,206.5,213.1,17.0,86.5,76.1,84.0,1980569.6,1441793.3,538776.3,150876687.9,109920968.8,40955719.1,153773520.3,112031451.4,41742068.9,21.064591168840373,17.731462237645424,42.38685131615075,21.088989081795948,17.765755618858368,42.35124510146875
IND,356,Int. Arr. Inventory,17496.0,7309.0,1715812.3,2750552.7,2007.1,2008.1,2008.7,2008.7,1681.2,2597.0,2485.2,2631.7,158.0,264.9,410.1,438.0,46.0,90.7,83.8,91.3,167623.2,152507.6,15115.6,12725545.0,11564404.0,1161141.0,12969875.4,11786440.5,1183434.9,1.7827771255363931,1.875568953159883,1.1891812794185792,1.778729915067528,1.8690735407112187,1.2007057348212118
IND,356,Int. Dep. Inventory,17296.0,7150.0,1791038.8,2859480.9,2007.2,2008.5,2009.1,2009.2,1553.8,2980.2,2608.1,2748.7,143.0,291.2,430.7,461.2,26.0,80.0,80.0,87.0,156776.7,143798.1,12978.6,11961760.6,10964208.6,997552.0,12191426.4,11174721.4,1016705.0,1.6674178429780688,1.7684577810114392,1.0210582545887672,1.6719709462300634,1.7720681738952,1.031542608825716
IND,356,Domestic Inventory,21376.0,3921.0,327519.3,494566.8,2005.0,2007.5,2006.2,2006.3,430.7,777.2,666.5,690.7,46.0,150.3,188.8,187.9,32.0,91.9,78.4,79.0,47438.4,34860.9,12577.5,3650450.7,2684432.7,966018.0,3720539.3,2735973.8,984565.5,0.50453692801501,0.4287263173717989,0.989502735047711,0.5102465790145062,0.43386603764377607,0.9989340707774581
CUW,531,All Global Voyages,2739872.0,58539.0,81475141.7,114361946.3,2002.6,2002.5,2008.8,2009.1,358.8,1354.1,1507.6,1784.2,41.0,231.2,403.1,445.6,19.0,89.0,69.9,77.7,9402364.3,8131271.3,1271093.0,715428735.4,618723859.3,96704876.1,729164967.1,630603357.4,98561609.7,100.0,100.0,100.0,100.0,100.0,100.0
CUW,531,All International Voyages,1244079.0,43111.0,72080717.8,102661963.7,2003.7,2003.9,2009.1,2009.4,663.1,1807.6,2057.2,2437.2,67.0,235.5,428.7,472.1,22.0,85.3,69.1,76.9,7421794.7,6689478.0,732316.7,564552047.5,508802890.5,55749157.0,575391446.8,518571906.0,56819540.9,78.93540883115962,82.26853776235458,57.613148683849246,78.91101091820406,82.23424438114164,57.64875499999063
CUW,531,All Domestic Voyages,1495793.0,55373.0,9394423.9,11699982.6,2001.6,2002.7,2006.1,2006.6,222.5,777.4,494.4,532.4,27.0,173.3,206.5,213.1,17.0,86.5,76.1,84.0,1980569.6,1441793.3,538776.3,150876687.9,109920968.8,40955719.1,153773520.3,112031451.4,41742068.9,21.064591168840373,17.731462237645424,42.38685131615075,21.088989081795948,17.765755618858368,42.35124510146875
CUW,531,Int. Arr. Inventory,1369.0,462.0,31498.0,35776.3,2001.7,2004.5,2004.6,2005.2,295.0,1096.9,693.8,1167.0,36.0,193.4,424.1,515.3,21.0,112.9,47.1,57.0,5813.2,4694.6,1118.6,439218.8,353486.7,85732.1,447651.8,360273.6,87378.2,0.06182700238492141,0.057735129314895696,0.08800300214067734,0.06139238995263024,0.0571315702290931,0.08865338164216284
CUW,531,Int. Dep. Inventory,1380.0,475.0,33770.2,44659.4,2001.8,2004.5,2006.0,2006.6,187.4,1203.1,737.0,1408.6,30.0,168.1,459.3,606.4,20.0,102.0,80.7,102.1,6082.1,4021.2,2060.9,468136.9,309604.1,158532.9,477125.2,315548.5,161576.7,0.06468692135232412,0.049453521493004415,0.16213605141401927,0.06543446565975317,0.0500391404988736,0.16393472112702315
CUW,531,Domestic Inventory,193.0,46.0,2033.4,3775.3,2004.4,2005.9,2006.8,2006.8,137.5,292.7,311.0,312.0,52.0,117.2,472.2,475.8,24.0,49.7,188.3,185.0,512.5,251.1,261.3,39544.2,19358.2,20186.0,40303.5,19729.9,20573.6,0.00545075667829633,0.003088077998332192,0.020557111084712136,0.005527350026194092,0.0031287337386446974,0.020873847396183504
SVK,703,All Global Voyages,2739872.0,58539.0,81475141.7,114361946.3,2002.6,2002.5,2008.8,2009.1,358.8,1354.1,1507.6,1784.2,41.0,231.2,403.1,445.6,19.0,89.0,69.9,77.7,9402364.3,8131271.3,1271093.0,715428735.4,618723859.3,96704876.1,729164967.1,630603357.4,98561609.7,100.0,100.0,100.0,100.0,100.0,100.0
SVK,703,All International Voyages,1244079.0,43111.0,72080717.8,102661963.7,2003.7,2003.9,2009.1,2009.4,663.1,1807.6,2057.2,2437.2,67.0,235.5,428.7,472.1,22.0,85.3,69.1,76.9,7421794.7,6689478.0,732316.7,564552047.5,508802890.5,55749157.0,575391446.8,518571906.0,56819540.9,78.93540883115962,82.26853776235458,57.613148683849246,78.91101091820406,82.23424438114164,57.64875499999063
SVK,703,All Domestic Voyages,1495793.0,55373.0,9394423.9,11699982.6,2001.6,2002.7,2006.1,2006.6,222.5,777.4,494.4,532.4,27.0,173.3,206.5,213.1,17.0,86.5,76.1,84.0,1980569.6,1441793.3,538776.3,150876687.9,109920968.8,40955719.1,153773520.3,112031451.4,41742068.9,21.064591168840373,17.731462237645424,42.38685131615075,21.088989081795948,17.765755618858368,42.35124510146875
SVK,703,Int. Arr. Inventory,1.0,1.0,63.3,54.9,2005.0,2005.0,2005.0,2005.0,648.9,648.9,648.9,648.9,28.0,28.0,28.0,28.0,12.0,12.0,12.0,12.0,8.1,5.7,2.4,484.9,339.5,145.5,494.3,346.0,148.3,8.614854457404931e-05,7.009973950813816e-05,0.0001888138790788715,6.778987229267285e-05,5.486808719613709e-05,0.00015046426336927005
SVK,703,Int. Dep. Inventory,2.0,2.0,110.0,153.7,2003.5,2003.5,2003.4,2002.9,771.9,771.9,707.6,801.5,81.0,81.0,85.2,103.7,23.0,23.0,24.5,31.1,16.7,13.3,3.4,1174.0,927.2,246.8,1196.5,945.0,251.5,0.00017761490054155844,0.0001635660588523224,0.00026748632869506796,0.00016409181104224774,0.00014985648092586575,0.00025517034549812147
SVK,703,Domestic Inventory,,,,,,,,,,,,,,,,,,,,,,,,,,,,,,,,,,,
CHL,152,All Global Voyages,2739872.0,58539.0,81475141.7,114361946.3,2002.6,2002.5,2008.8,2009.1,358.8,1354.1,1507.6,1784.2,41.0,231.2,403.1,445.6,19.0,89.0,69.9,77.7,9402364.3,8131271.3,1271093.0,715428735.4,618723859.3,96704876.1,729164967.1,630603357.4,98561609.7,100.0,100.0,100.0,100.0,100.0,100.0
CHL,152,All International Voyages,1244079.0,43111.0,72080717.8,102661963.7,2003.7,2003.9,2009.1,2009.4,663.1,1807.6,2057.2,2437.2,67.0,235.5,428.7,472.1,22.0,85.3,69.1,76.9,7421794.7,6689478.0,732316.7,564552047.5,508802890.5,55749157.0,575391446.8,518571906.0,56819540.9,78.93540883115962,82.26853776235458,57.613148683849246,78.91101091820406,82.23424438114164,57.64875499999063
CHL,152,All Domestic Voyages,1495793.0,55373.0,9394423.9,11699982.6,2001.6,2002.7,2006.1,2006.6,222.5,777.4,494.4,532.4,27.0,173.3,206.5,213.1,17.0,86.5,76.1,84.0,1980569.6,1441793.3,538776.3,150876687.9,109920968.8,40955719.1,153773520.3,112031451.4,41742068.9,21.064591168840373,17.731462237645424,42.38685131615075,21.088989081795948,17.765755618858368,42.35124510146875
CHL,152,Int. Arr. Inventory,3363.0,1817.0,399818.0,552775.2,2007.8,2008.7,2010.1,2010.6,1473.8,3441.5,3029.8,3397.5,133.0,327.3,505.7,551.8,38.0,103.8,109.5,127.8,40653.8,37458.5,3195.4,3063928.6,2818020.7,245907.9,3122756.0,2872126.7,250629.3,0.43237848165487486,0.460672121467648,0.25138994550359417,0.4282646782139954,0.45545693125420084,0.2542869386598502
CHL,152,Int. Dep. Inventory,3307.0,1789.0,499424.7,628677.4,2007.8,2008.7,2009.7,2010.2,1957.3,3776.5,3848.2,3912.6,164.0,344.6,546.7,573.6,30.0,68.0,63.6,65.8,47340.8,44693.3,2647.5,3612015.0,3414646.1,197369.0,3681365.7,3480207.3,201158.4,0.5034988912310067,0.549647138203346,0.20828531035888012,0.5048741870637795,0.5518853109740833,0.20409406929562351
CHL,152,Domestic Inventory,15973.0,1252.0,88734.8,103312.2,2001.5,2007.5,2008.0,2009.0,214.0,627.4,473.0,460.5,26.0,103.8,112.4,117.9,13.0,74.6,64.9,77.2,18193.0,13079.0,5113.9,1394312.1,1002725.2,391586.9,1421082.8,1021977.5,399105.3,0.1934938853624295,0.16084815667139282,0.402323040092267,0.19489180968908346,0.16206344098985606,0.404929770541278
IDN,360,All Global Voyages,2739872.0,58539.0,81475141.7,114361946.3,2002.6,2002.5,2008.8,2009.1,358.8,1354.1,1507.6,1784.2,41.0,231.2,403.1,445.6,19.0,89.0,69.9,77.7,9402364.3,8131271.3,1271093.0,715428735.4,618723859.3,96704876.1,729164967.1,630603357.4,98561609.7,100.0,100.0,100.0,100.0,100.0,100.0
IDN,360,All International Voyages,1244079.0,43111.0,72080717.8,102661963.7,2003.7,2003.9,2009.1,2009.4,663.1,1807.6,2057.2,2437.2,67.0,235.5,428.7,472.1,22.0,85.3,69.1,76.9,7421794.7,6689478.0,732316.7,564552047.5,508802890.5,55749157.0,575391446.8,518571906.0,56819540.9,78.93540883115962,82.26853776235458,57.613148683849246,78.91101091820406,82.23424438114164,57.64875499999063
IDN,360,All Domestic Voyages,1495793.0,55373.0,9394423.9,11699982.6,2001.6,2002.7,2006.1,2006.6,222.5,777.4,494.4,532.4,27.0,173.3,206.5,213.1,17.0,86.5,76.1,84.0,1980569.6,1441793.3,538776.3,150876687.9,109920968.8,40955719.1,153773520.3,112031451.4,41742068.9,21.064591168840373,17.731462237645424,42.38685131615075,21.088989081795948,17.765755618858368,42.35124510146875
IDN,360,Int. Arr. Inventory,26965.0,9632.0,2080580.6,3612150.6,2006.5,2008.0,2009.1,2009.3,1100.9,2398.8,2822.3,2990.2,113.0,257.0,568.3,587.4,35.0,98.7,76.3,73.6,179465.8,158136.5,21329.3,13743651.8,12124185.3,1619466.5,14007529.9,12356969.6,1650560.3,1.9087305519527678,1.9447942906541564,1.6780282795987391,1.9210371496192524,1.95954706789831,1.6746482783955587
IDN,360,Int. Dep. Inventory,26987.0,9626.0,2065211.3,3597441.3,2006.5,2007.9,2008.8,2009.0,1221.7,2285.4,2794.6,2967.6,122.0,246.4,514.1,534.9,26.0,83.3,87.7,89.4,171972.0,152825.8,19146.2,13181855.4,11712514.4,1469341.0,13434947.0,11937394.7,1497552.3,1.8290293219121492,1.8794822403724247,1.5062784548416206,1.8425113117313943,1.8930115991164878,1.5194073073260694
IDN,360,Domestic Inventory,79344.0,4468.0,429621.0,575558.5,2000.3,2004.6,2001.5,2002.5,399.5,959.4,727.6,799.2,45.0,181.0,304.1,333.5,30.0,104.3,126.5,132.8,116413.1,75794.1,40619.0,8828953.0,5752335.9,3076617.2,8998468.9,5862780.7,3135688.2,1.238125819055958,0.9321309940796098,3.195596230960284,1.2340786112898814,0.9297097186688719,3.1814498662758752
VNM,704,All Global Voyages,2739872.0,58539.0,81475141.7,114361946.3,2002.6,2002.5,2008.8,2009.1,358.8,1354.1,1507.6,1784.2,41.0,231.2,403.1,445.6,19.0,89.0,69.9,77.7,9402364.3,8131271.3,1271093.0,715428735.4,618723859.3,96704876.1,729164967.1,630603357.4,98561609.7,100.0,100.0,100.0,100.0,100.0,100.0
VNM,704,All International Voyages,1244079.0,43111.0,72080717.8,102661963.7,2003.7,2003.9,2009.1,2009.4,663.1,1807.6,2057.2,2437.2,67.0,235.5,428.7,472.1,22.0,85.3,69.1,76.9,7421794.7,6689478.0,732316.7,564552047.5,508802890.5,55749157.0,575391446.8,518571906.0,56819540.9,78.93540883115962,82.26853776235458,57.613148683849246,78.91101091820406,82.23424438114164,57.64875499999063
VNM,704,All Domestic Voyages,1495793.0,55373.0,9394423.9,11699982.6,2001.6,2002.7,2006.1,2006.6,222.5,777.4,494.4,532.4,27.0,173.3,206.5,213.1,17.0,86.5,76.1,84.0,1980569.6,1441793.3,538776.3,150876687.9,109920968.8,40955719.1,153773520.3,112031451.4,41742068.9,21.064591168840373,17.731462237645424,42.38685131615075,21.088989081795948,17.765755618858368,42.35124510146875
VNM,704,Int. Arr. Inventory,13900.0,4080.0,396669.9,546196.8,2006.1,2007.3,2007.8,2008.0,963.8,1752.5,1336.8,1442.4,83.0,187.5,238.8,267.6,22.0,97.8,78.2,89.6,55774.1,49370.6,6403.5,4299052.3,3810544.4,488507.9,4381594.1,3883706.9,497887.2,0.5931922888799362,0.6071695086597344,0.5037790311173139,0.6009057343259736,0.6158715862238129,0.5051532757180608
VNM,704,Int. Dep. Inventory,13662.0,4029.0,386619.3,516070.0,2006.2,2007.4,2008.4,2008.5,815.7,1520.7,1322.2,1385.8,74.0,175.3,254.2,279.6,16.0,73.8,64.8,71.5,51995.0,46768.8,5226.3,4007904.6,3609258.7,398645.8,4084856.3,3678556.5,406299.8,0.5529992068058881,0.5751720521242478,0.41116582342912755,0.5602101697570708,0.5833391872772163,0.4122292657726348
VNM,704,Domestic Inventory,8315.0,1221.0,73296.8,107126.9,2003.4,2005.7,2004.0,2004.1,721.7,1110.5,1023.0,1138.1,69.0,178.9,432.0,463.0,23.0,106.7,181.3,199.2,16007.9,11837.6,4170.3,1223884.2,907018.8,316865.5,1247382.8,924433.5,322949.3,0.17025398601073133,0.14558117129851517,0.3280877166344241,0.17107003987877134,0.1465950805925728,0.32766236365557244
PAN,591,All Global Voyages,2739872.0,58539.0,81475141.7,114361946.3,2002.6,2002.5,2008.8,2009.1,358.8,1354.1,1507.6,1784.2,41.0,231.2,403.1,445.6,19.0,89.0,69.9,77.7,9402364.3,8131271.3,1271093.0,715428735.4,618723859.3,96704876.1,729164967.1,630603357.4,98561609.7,100.0,100.0,100.0,100.0,100.0,100.0
PAN,591,All International Voyages,1244079.0,43111.0,72080717.8,102661963.7,2003.7,2003.9,2009.1,2009.4,663.1,1807.6,2057.2,2437.2,67.0,235.5,428.7,472.1,22.0,85.3,69.1,76.9,7421794.7,6689478.0,732316.7,564552047.5,508802890.5,55749157.0,575391446.8,518571906.0,56819540.9,78.93540883115962,82.26853776235458,57.613148683849246,78.91101091820406,82.23424438114164,57.64875499999063
PAN,591,All Domestic Voyages,1495793.0,55373.0,9394423.9,11699982.6,2001.6,2002.7,2006.1,2006.6,222.5,777.4,494.4,532.4,27.0,173.3,206.5,213.1,17.0,86.5,76.1,84.0,1980569.6,1441793.3,538776.3,150876687.9,109920968.8,40955719.1,153773520.3,112031451.4,41742068.9,21.064591168840373,17.731462237645424,42.38685131615075,21.088989081795948,17.765755618858368,42.35124510146875
PAN,591,Int. Arr. Inventory,4487.0,2481.0,391309.7,528539.2,2006.7,2007.5,2010.2,2010.2,1447.7,2835.7,2461.5,2404.5,130.0,276.8,373.3,377.2,39.0,74.3,116.3,105.1,48438.2,41564.8,6873.4,3696465.5,3178228.6,518237.0,3767437.7,3239250.6,528187.1,0.5151704236773722,0.5111722197733091,0.5407472151919647,0.5166783745773844,0.5136748103206341,0.5358953669767429
PAN,591,Int. Dep. Inventory,4512.0,2494.0,382366.1,532765.0,2006.6,2007.5,2009.8,2009.8,1433.1,2579.7,2399.9,2411.7,129.5,260.1,418.4,438.2,39.0,99.7,61.5,68.6,48698.1,43252.9,5445.2,3722040.2,3306954.4,415085.8,3793503.3,3370447.9,423055.5,0.5179346220396926,0.5319328110476403,0.42838722265011286,0.5202530937666052,0.5344798533735177,0.4292294954269603
PAN,591,Domestic Inventory,1304.0,279.0,3943.7,5463.7,2002.6,2002.8,2004.8,2004.6,198.5,765.0,407.3,400.8,133.5,273.1,758.2,719.6,60.0,168.7,189.7,184.3,3328.8,2161.1,1167.7,252048.9,163599.4,88449.5,256888.2,166740.5,90147.8,0.035403861133098194,0.026577639833515333,0.0918658194168326,0.03523046383065871,0.026441422812507213,0.09146340068348133
TGO,768,All Global Voyages,2739872.0,58539.0,81475141.7,114361946.3,2002.6,2002.5,2008.8,2009.1,358.8,1354.1,1507.6,1784.2,41.0,231.2,403.1,445.6,19.0,89.0,69.9,77.7,9402364.3,8131271.3,1271093.0,715428735.4,618723859.3,96704876.1,729164967.1,630603357.4,98561609.7,100.0,100.0,100.0,100.0,100.0,100.0
TGO,768,All International Voyages,1244079.0,43111.0,72080717.8,102661963.7,2003.7,2003.9,2009.1,2009.4,663.1,1807.6,2057.2,2437.2,67.0,235.5,428.7,472.1,22.0,85.3,69.1,76.9,7421794.7,6689478.0,732316.7,564552047.5,508802890.5,55749157.0,575391446.8,518571906.0,56819540.9,78.93540883115962,82.26853776235458,57.613148683849246,78.91101091820406,82.23424438114164,57.64875499999063
TGO,768,All Domestic Voyages,1495793.0,55373.0,9394423.9,11699982.6,2001.6,2002.7,2006.1,2006.6,222.5,777.4,494.4,532.4,27.0,173.3,206.5,213.1,17.0,86.5,76.1,84.0,1980569.6,1441793.3,538776.3,150876687.9,109920968.8,40955719.1,153773520.3,112031451.4,41742068.9,21.064591168840373,17.731462237645424,42.38685131615075,21.088989081795948,17.765755618858368,42.35124510146875
TGO,768,Int. Arr. Inventory,3088.0,1128.0,183208.8,263214.0,2004.6,2006.3,2009.4,2009.7,609.0,2208.3,2198.7,2305.2,79.5,247.2,407.5,424.2,40.0,87.0,107.9,120.9,24081.1,21131.1,2950.0,1858113.0,1632297.1,225815.9,1893788.8,1663637.2,230151.5,0.2561174958940912,0.2598744921965646,0.23208372636777955,0.2597202122219182,0.26381673685646634,0.23351028935153442
TGO,768,Int. Dep. Inventory,3093.0,1136.0,126329.3,184834.6,2004.6,2006.2,2008.5,2008.7,578.9,1752.9,1509.0,1610.5,76.0,269.0,469.0,511.0,46.0,100.2,76.0,81.0,18565.4,14409.8,4155.6,1430415.5,1112472.0,317943.5,1457879.5,1133831.5,324048.0,0.19745459128827839,0.17721460111655601,0.326931231625066,0.19993822602287223,0.17980105666973095,0.3287770978845935
TGO,768,Domestic Inventory,10.0,5.0,105.5,161.1,2004.1,2005.4,2006.7,2006.8,232.3,1118.9,609.4,640.7,68.0,180.3,408.2,410.6,65.5,207.8,744.0,749.2,42.4,19.2,23.2,3221.9,1460.4,1761.5,3283.7,1488.4,1795.3,0.0004509504061653939,0.00023612543834320224,0.0018252008310957579,0.00045033704966103546,0.00023602792191540595,0.0018215002833907653
TKM,795,All Global Voyages,2739872.0,58539.0,81475141.7,114361946.3,2002.6,2002.5,2008.8,2009.1,358.8,1354.1,1507.6,1784.2,41.0,231.2,403.1,445.6,19.0,89.0,69.9,77.7,9402364.3,8131271.3,1271093.0,715428735.4,618723859.3,96704876.1,729164967.1,630603357.4,98561609.7,100.0,100.0,100.0,100.0,100.0,100.0
TKM,795,All International Voyages,1244079.0,43111.0,72080717.8,102661963.7,2003.7,2003.9,2009.1,2009.4,663.1,1807.6,2057.2,2437.2,67.0,235.5,428.7,472.1,22.0,85.3,69.1,76.9,7421794.7,6689478.0,732316.7,564552047.5,508802890.5,55749157.0,575391446.8,518571906.0,56819540.9,78.93540883115962,82.26853776235458,57.613148683849246,78.91101091820406,82.23424438114164,57.64875499999063
TKM,795,All Domestic Voyages,1495793.0,55373.0,9394423.9,11699982.6,2001.6,2002.7,2006.1,2006.6,222.5,777.4,494.4,532.4,27.0,173.3,206.5,213.1,17.0,86.5,76.1,84.0,1980569.6,1441793.3,538776.3,150876687.9,109920968.8,40955719.1,153773520.3,112031451.4,41742068.9,21.064591168840373,17.731462237645424,42.38685131615075,21.088989081795948,17.765755618858368,42.35124510146875
TKM,795,Int. Arr. Inventory,1526.0,260.0,3505.5,3835.9,1998.0,1997.3,1998.9,2001.9,233.7,499.3,362.4,397.0,53.0,161.8,278.4,370.7,34.0,93.0,73.6,75.4,1884.0,1251.6,632.5,141866.7,94289.2,47577.4,144590.5,96099.6,48490.9,0.020037513330556655,0.015392427011997497,0.04976032438224426,0.019829600505227012,0.015239309919982359,0.049198567421530254
TKM,795,Int. Dep. Inventory,1529.0,262.0,3572.5,3886.8,1998.0,1997.1,1998.8,2001.9,261.8,729.5,368.5,402.4,40.0,204.7,193.5,181.2,29.0,121.5,240.7,311.9,1892.3,859.0,1033.3,142463.0,64780.5,77682.6,145198.3,66024.2,79174.1,0.020125788999688088,0.010564153725875559,0.0812922421884158,0.019912956128086585,0.010470004516344493,0.0803295524910649
TKM,795,Domestic Inventory,105.0,38.0,353.6,371.7,2005.5,2001.1,2003.8,2007.6,372.4,1156.6,901.2,750.7,233.0,569.4,1373.3,1335.7,62.0,164.4,295.1,304.5,401.5,284.3,117.3,30170.3,21363.9,8806.4,30749.5,21774.1,8975.5,0.004270202548948246,0.003496378235467313,0.009228278339979844,0.004217084115038527,0.003452899472304649,0.009106486823134748
PNG,598,All Global Voyages,2739872.0,58539.0,81475141.7,114361946.3,2002.6,2002.5,2008.8,2009.1,358.8,1354.1,1507.6,1784.2,41.0,231.2,403.1,445.6,19.0,89.0,69.9,77.7,9402364.3,8131271.3,1271093.0,715428735.4,618723859.3,96704876.1,729164967.1,630603357.4,98561609.7,100.0,100.0,100.0,100.0,100.0,100.0
PNG,598,All International Voyages,1244079.0,43111.0,72080717.8,102661963.7,2003.7,2003.9,2009.1,2009.4,663.1,1807.6,2057.2,2437.2,67.0,235.5,428.7,472.1,22.0,85.3,69.1,76.9,7421794.7,6689478.0,732316.7,564552047.5,508802890.5,55749157.0,575391446.8,518571906.0,56819540.9,78.93540883115962,82.26853776235458,57.613148683849246,78.91101091820406,82.23424438114164,57.64875499999063
PNG,598,All Domestic Voyages,1495793.0,55373.0,9394423.9,11699982.6,2001.6,2002.7,2006.1,2006.6,222.5,777.4,494.4,532.4,27.0,173.3,206.5,213.1,17.0,86.5,76.1,84.0,1980569.6,1441793.3,538776.3,150876687.9,109920968.8,40955719.1,153773520.3,112031451.4,41742068.9,21.064591168840373,17.731462237645424,42.38685131615075,21.088989081795948,17.765755618858368,42.35124510146875
PNG,598,Int. Arr. Inventory,1140.0,545.0,75594.7,79959.4,2004.5,2004.4,2009.5,2008.7,2506.8,2882.1,2867.8,2754.5,213.0,344.8,328.9,323.1,36.0,111.7,86.3,99.6,10207.1,8965.8,1241.4,742488.1,650811.8,91676.3,756743.9,663307.4,93436.5,0.10855886534836776,0.11026320078632722,0.0976639789535463,0.10378226247068419,0.10518615104347682,0.0948000953762832
PNG,598,Int. Dep. Inventory,1140.0,535.0,80108.0,86044.7,2004.5,2004.4,2009.5,2008.8,2718.7,3243.2,3037.1,2979.6,254.0,420.9,361.3,388.2,37.0,149.8,60.0,68.5,11509.2,10187.5,1321.7,830733.7,730526.9,100206.9,846683.8,744553.0,102130.8,0.12240750977921586,0.12528791162090483,0.10398137665772686,0.11611690607783727,0.11806993909290595,0.10362127841749322
PNG,598,Domestic Inventory,2543.0,277.0,9607.7,11648.7,2005.8,2004.3,2005.8,2006.4,442.9,842.9,535.7,534.9,52.0,147.8,187.4,182.0,36.0,82.1,130.4,139.0,4154.7,2774.0,1380.7,315176.1,211005.8,104170.3,321227.5,215057.1,106170.3,0.044187821992815145,0.03411520656062724,0.10862305118508245,0.04405415982580329,0.03410338645938837,0.10771973014965888
TUR,792,All Global Voyages,2739872.0,58539.0,81475141.7,114361946.3,2002.6,2002.5,2008.8,2009.1,358.8,1354.1,1507.6,1784.2,41.0,231.2,403.1,445.6,19.0,89.0,69.9,77.7,9402364.3,8131271.3,1271093.0,715428735.4,618723859.3,96704876.1,729164967.1,630603357.4,98561609.7,100.0,100.0,100.0,100.0,100.0,100.0
TUR,792,All International Voyages,1244079.0,43111.0,72080717.8,102661963.7,2003.7,2003.9,2009.1,2009.4,663.1,1807.6,2057.2,2437.2,67.0,235.5,428.7,472.1,22.0,85.3,69.1,76.9,7421794.7,6689478.0,732316.7,564552047.5,508802890.5,55749157.0,575391446.8,518571906.0,56819540.9,78.93540883115962,82.26853776235458,57.613148683849246,78.91101091820406,82.23424438114164,57.64875499999063
TUR,792,All Domestic Voyages,1495793.0,55373.0,9394423.9,11699982.6,2001.6,2002.7,2006.1,2006.6,222.5,777.4,494.4,532.4,27.0,173.3,206.5,213.1,17.0,86.5,76.1,84.0,1980569.6,1441793.3,538776.3,150876687.9,109920968.8,40955719.1,153773520.3,112031451.4,41742068.9,21.064591168840373,17.731462237645424,42.38685131615075,21.088989081795948,17.765755618858368,42.35124510146875
TUR,792,Int. Arr. Inventory,42089.0,7663.0,873644.0,1306884.7,1999.3,2003.7,2007.2,2007.7,485.3,1217.3,1115.4,1161.8,65.0,148.7,271.5,293.1,18.0,57.0,54.1,56.3,110602.5,95960.7,14641.8,8480497.2,7361725.5,1118771.7,8643322.7,7503070.6,1140252.1,1.1763264692902826,1.1801438724594024,1.1519062727904252,1.185372733193122,1.1898240806924063,1.15689273285073
TUR,792,Int. Dep. Inventory,41998.0,7648.0,1013881.2,1541348.3,1999.3,2003.8,2007.5,2007.9,495.7,1237.2,1307.1,1385.7,60.0,134.3,319.3,354.5,34.0,75.8,71.5,76.3,128967.5,105548.3,23419.2,9914102.6,8119779.5,1794323.1,10104453.3,8275679.3,1828774.1,1.3716496817720623,1.2980540939520737,1.8424458320516282,1.3857568253980919,1.3123430446233142,1.8554628983499646
TUR,792,Domestic Inventory,41067.0,5255.0,155690.2,223914.1,1997.9,2002.3,2005.1,2005.3,152.4,286.3,275.0,280.5,21.0,52.0,125.6,111.7,18.0,52.5,52.0,51.3,36072.7,22689.9,13382.8,2761578.8,1741017.4,1020561.3,2814601.1,1774445.0,1040156.1,0.38365563010571707,0.2790449262220534,1.0528576587236338,0.3860033362812392,0.28138844793280193,1.0553359499362964
NZL,554,All Global Voyages,2739872.0,58539.0,81475141.7,114361946.3,2002.6,2002.5,2008.8,2009.1,358.8,1354.1,1507.6,1784.2,41.0,231.2,403.1,445.6,19.0,89.0,69.9,77.7,9402364.3,8131271.3,1271093.0,715428735.4,618723859.3,96704876.1,729164967.1,630603357.4,98561609.7,100.0,100.0,100.0,100.0,100.0,100.0
NZL,554,All International Voyages,1244079.0,43111.0,72080717.8,102661963.7,2003.7,2003.9,2009.1,2009.4,663.1,1807.6,2057.2,2437.2,67.0,235.5,428.7,472.1,22.0,85.3,69.1,76.9,7421794.7,6689478.0,732316.7,564552047.5,508802890.5,55749157.0,575391446.8,518571906.0,56819540.9,78.93540883115962,82.26853776235458,57.613148683849246,78.91101091820406,82.23424438114164,57.64875499999063
NZL,554,All Domestic Voyages,1495793.0,55373.0,9394423.9,11699982.6,2001.6,2002.7,2006.1,2006.6,222.5,777.4,494.4,532.4,27.0,173.3,206.5,213.1,17.0,86.5,76.1,84.0,1980569.6,1441793.3,538776.3,150876687.9,109920968.8,40955719.1,153773520.3,112031451.4,41742068.9,21.064591168840373,17.731462237645424,42.38685131615075,21.088989081795948,17.765755618858368,42.35124510146875
NZL,554,Int. Arr. Inventory,2379.0,990.0,265455.7,320812.9,2007.8,2008.6,2007.9,2008.6,1752.7,3872.2,3284.2,3655.3,148.0,332.9,382.0,421.5,28.0,82.3,53.0,62.4,31841.7,30596.8,1244.9,2461837.6,2366310.3,95527.3,2509104.9,2411743.5,97361.4,0.33865631009425995,0.3762855631197547,0.09793933252720297,0.34410661691264344,0.3824501521754822,0.0987822746567825
NZL,554,Int. Dep. Inventory,2338.0,969.0,309660.1,376101.8,2007.7,2008.5,2008.0,2008.7,5010.1,4566.3,3901.5,4359.8,308.5,388.8,397.0,439.6,23.0,82.8,56.6,65.7,39104.3,37724.1,1380.3,3023108.0,2917047.7,106060.2,3081151.7,2973055.1,108096.6,0.4158985841465428,0.4639385233647289,0.10859158220523596,0.4225589323434187,0.47146198400497136,0.10967414222334887
NZL,554,Domestic Inventory,6083.0,736.0,64871.9,63108.3,2006.4,2008.4,2006.8,2008.8,295.8,537.3,372.4,391.8,26.0,71.4,98.8,75.9,20.0,60.3,66.4,52.5,12114.7,9609.8,2504.9,932435.4,740526.2,191909.2,950338.1,754744.3,195593.9,0.12884737937669571,0.11818324153075546,0.1970666190436105,0.13033238606890826,0.1196860579860909,0.19844836198936391
GMB,270,All Global Voyages,2739872.0,58539.0,81475141.7,114361946.3,2002.6,2002.5,2008.8,2009.1,358.8,1354.1,1507.6,1784.2,41.0,231.2,403.1,445.6,19.0,89.0,69.9,77.7,9402364.3,8131271.3,1271093.0,715428735.4,618723859.3,96704876.1,729164967.1,630603357.4,98561609.7,100.0,100.0,100.0,100.0,100.0,100.0
GMB,270,All International Voyages,1244079.0,43111.0,72080717.8,102661963.7,2003.7,2003.9,2009.1,2009.4,663.1,1807.6,2057.2,2437.2,67.0,235.5,428.7,472.1,22.0,85.3,69.1,76.9,7421794.7,6689478.0,732316.7,564552047.5,508802890.5,55749157.0,575391446.8,518571906.0,56819540.9,78.93540883115962,82.26853776235458,57.613148683849246,78.91101091820406,82.23424438114164,57.64875499999063
GMB,270,All Domestic Voyages,1495793.0,55373.0,9394423.9,11699982.6,2001.6,2002.7,2006.1,2006.6,222.5,777.4,494.4,532.4,27.0,173.3,206.5,213.1,17.0,86.5,76.1,84.0,1980569.6,1441793.3,538776.3,150876687.9,109920968.8,40955719.1,153773520.3,112031451.4,41742068.9,21.064591168840373,17.731462237645424,42.38685131615075,21.088989081795948,17.765755618858368,42.35124510146875
GMB,270,Int. Arr. Inventory,294.0,139.0,4193.3,5007.0,2001.3,2003.3,2003.2,2003.3,738.6,1055.2,896.1,867.6,83.0,157.2,171.6,193.4,97.5,132.7,126.0,135.6,1084.6,750.4,334.1,83034.3,57732.0,25302.4,84628.6,58840.4,25788.2,0.011535396474693071,0.009228569215246821,0.02628446541677124,0.011606235052210588,0.009330809820391864,0.026164548325147738
GMB,270,Int. Dep. Inventory,291.0,137.0,6739.6,8535.8,2001.5,2003.4,2003.9,2004.0,1213.1,1429.2,1438.8,1492.0,125.0,179.5,184.9,192.1,36.0,78.1,67.6,74.2,1099.2,907.8,191.5,84421.6,69883.3,14538.3,86042.5,71225.1,14817.4,0.0116906765673821,0.01116430588166453,0.01506577410150162,0.011800141789889345,0.011294754327611515,0.015033642454806618
GMB,270,Domestic Inventory,,,,,,,,,,,,,,,,,,,,,,,,,,,,,,,,,,,
ALA,248,All Global Voyages,2739872.0,58539.0,81475141.7,114361946.3,2002.6,2002.5,2008.8,2009.1,358.8,1354.1,1507.6,1784.2,41.0,231.2,403.1,445.6,19.0,89.0,69.9,77.7,9402364.3,8131271.3,1271093.0,715428735.4,618723859.3,96704876.1,729164967.1,630603357.4,98561609.7,100.0,100.0,100.0,100.0,100.0,100.0
ALA,248,All International Voyages,1244079.0,43111.0,72080717.8,102661963.7,2003.7,2003.9,2009.1,2009.4,663.1,1807.6,2057.2,2437.2,67.0,235.5,428.7,472.1,22.0,85.3,69.1,76.9,7421794.7,6689478.0,732316.7,564552047.5,508802890.5,55749157.0,575391446.8,518571906.0,56819540.9,78.93540883115962,82.26853776235458,57.613148683849246,78.91101091820406,82.23424438114164,57.64875499999063
ALA,248,All Domestic Voyages,1495793.0,55373.0,9394423.9,11699982.6,2001.6,2002.7,2006.1,2006.6,222.5,777.4,494.4,532.4,27.0,173.3,206.5,213.1,17.0,86.5,76.1,84.0,1980569.6,1441793.3,538776.3,150876687.9,109920968.8,40955719.1,153773520.3,112031451.4,41742068.9,21.064591168840373,17.731462237645424,42.38685131615075,21.088989081795948,17.765755618858368,42.35124510146875
ALA,248,Int. Arr. Inventory,23.0,5.0,185.2,98.2,2003.0,1992.4,2007.1,2008.6,85.0,445.3,180.6,623.8,6.0,443.6,1008.8,1920.6,0.0,428.0,997.4,1907.0,39.9,34.5,5.4,3028.6,2623.6,405.0,3086.8,2674.0,412.8,0.00042436134919809475,0.0004242878970229416,0.0004248312279274609,0.0004233335581489431,0.00042403833861985715,0.0004188243285154058
ALA,248,Int. Dep. Inventory,23.0,5.0,183.8,93.7,2003.0,1992.4,2006.6,2008.2,80.9,1993.3,179.2,595.4,6.0,198.6,70.3,111.8,0.0,370.6,748.0,1485.4,34.8,24.3,10.6,2639.6,1834.0,805.6,2690.2,1869.2,821.1,0.0003701196729848044,0.0002988462579031154,0.0008339279659316823,0.00036894257422971573,0.0002964145334884955,0.0008330829848449604
ALA,248,Domestic Inventory,,,,,,,,,,,,,,,,,,,,,,,,,,,,,,,,,,,
LVA,428,All Global Voyages,2739872.0,58539.0,81475141.7,114361946.3,2002.6,2002.5,2008.8,2009.1,358.8,1354.1,1507.6,1784.2,41.0,231.2,403.1,445.6,19.0,89.0,69.9,77.7,9402364.3,8131271.3,1271093.0,715428735.4,618723859.3,96704876.1,729164967.1,630603357.4,98561609.7,100.0,100.0,100.0,100.0,100.0,100.0
LVA,428,All International Voyages,1244079.0,43111.0,72080717.8,102661963.7,2003.7,2003.9,2009.1,2009.4,663.1,1807.6,2057.2,2437.2,67.0,235.5,428.7,472.1,22.0,85.3,69.1,76.9,7421794.7,6689478.0,732316.7,564552047.5,508802890.5,55749157.0,575391446.8,518571906.0,56819540.9,78.93540883115962,82.26853776235458,57.613148683849246,78.91101091820406,82.23424438114164,57.64875499999063
LVA,428,All Domestic Voyages,1495793.0,55373.0,9394423.9,11699982.6,2001.6,2002.7,2006.1,2006.6,222.5,777.4,494.4,532.4,27.0,173.3,206.5,213.1,17.0,86.5,76.1,84.0,1980569.6,1441793.3,538776.3,150876687.9,109920968.8,40955719.1,153773520.3,112031451.4,41742068.9,21.064591168840373,17.731462237645424,42.38685131615075,21.088989081795948,17.765755618858368,42.35124510146875
LVA,428,Int. Arr. Inventory,5663.0,1746.0,44726.5,61127.3,2000.5,2003.6,2006.6,2008.8,425.4,777.8,645.3,870.6,39.0,77.6,130.9,144.3,22.0,64.5,83.9,97.6,8244.7,6118.6,2126.1,619854.3,460170.7,159683.6,631755.5,469006.0,162749.5,0.08768751919131659,0.07524776599201653,0.16726549512899527,0.0866409562314256,0.07437416792922391,0.16512463675803785
LVA,428,Int. Dep. Inventory,5629.0,1736.0,67665.8,102970.3,2000.4,2003.5,2008.7,2010.1,453.6,1169.0,985.2,1494.0,50.0,137.2,337.5,385.5,23.0,52.2,79.6,89.3,10580.7,9175.7,1405.0,800653.6,694439.8,106213.8,816026.2,707773.0,108253.2,0.11253233402156093,0.11284459294821465,0.11053479171075603,0.11191242542074674,0.11223742970829922,0.10983302761541647
LVA,428,Domestic Inventory,690.0,338.0,2443.7,3706.8,1995.2,1999.7,2005.1,2007.0,281.6,509.0,510.9,497.6,25.0,62.7,122.2,91.4,19.0,69.9,103.8,95.1,713.2,457.2,256.0,53640.1,34409.0,19231.1,54670.0,35069.7,19600.3,0.007585326171631108,0.005622737000547503,0.020140147101746293,0.007497617475703874,0.0055612929408738986,0.01988634323207487
KOR,410,All Global Voyages,2739872.0,58539.0,81475141.7,114361946.3,2002.6,2002.5,2008.8,2009.1,358.8,1354.1,1507.6,1784.2,41.0,231.2,403.1,445.6,19.0,89.0,69.9,77.7,9402364.3,8131271.3,1271093.0,715428735.4,618723859.3,96704876.1,729164967.1,630603357.4,98561609.7,100.0,100.0,100.0,100.0,100.0,100.0
KOR,410,All International Voyages,1244079.0,43111.0,72080717.8,102661963.7,2003.7,2003.9,2009.1,2009.4,663.1,1807.6,2057.2,2437.2,67.0,235.5,428.7,472.1,22.0,85.3,69.1,76.9,7421794.7,6689478.0,732316.7,564552047.5,508802890.5,55749157.0,575391446.8,518571906.0,56819540.9,78.93540883115962,82.26853776235458,57.613148683849246,78.91101091820406,82.23424438114164,57.64875499999063
KOR,410,All Domestic Voyages,1495793.0,55373.0,9394423.9,11699982.6,2001.6,2002.7,2006.1,2006.6,222.5,777.4,494.4,532.4,27.0,173.3,206.5,213.1,17.0,86.5,76.1,84.0,1980569.6,1441793.3,538776.3,150876687.9,109920968.8,40955719.1,153773520.3,112031451.4,41742068.9,21.064591168840373,17.731462237645424,42.38685131615075,21.088989081795948,17.765755618858368,42.35124510146875
KOR,410,Int. Arr. Inventory,37942.0,8651.0,2227924.5,3115163.1,2005.1,2007.0,2009.2,2009.4,740.5,2336.0,2407.7,2689.2,62.0,224.6,503.7,545.8,18.0,69.9,76.1,88.2,228540.9,204848.9,23692.0,17258836.3,15455945.1,1802891.2,17590206.0,15752699.3,1837506.7,2.430674803783129,2.519272724303271,1.8639076763069264,2.412376731421824,2.4980360658003695,1.8643229403344452
KOR,410,Int. Dep. Inventory,37853.0,8706.0,2238353.2,2973656.5,2005.1,2007.0,2009.4,2009.6,650.2,2416.6,2406.4,2547.8,63.0,243.3,432.3,437.6,20.0,70.7,97.0,101.7,242671.2,220186.2,22485.0,18354680.7,16686443.9,1668236.8,18707090.5,17006823.6,1700267.0,2.58095934444914,2.707893905839792,1.7689500296201772,2.5655498198714817,2.696912948595729,1.7250803889823239
KOR,410,Domestic Inventory,17336.0,3135.0,161144.5,215506.4,2002.0,2005.7,2005.7,2005.6,487.7,881.7,806.5,815.4,38.0,100.6,310.8,278.9,23.0,68.4,115.3,112.6,35051.2,23820.3,11230.9,2668515.6,1811462.3,857053.4,2719751.1,1846242.3,873508.8,0.3727913414288786,0.2929468114045094,0.8835624143945408,0.3729953059616761,0.2927739407560598,0.8862566293902564
FIN,246,All Global Voyages,2739872.0,58539.0,81475141.7,114361946.3,2002.6,2002.5,2008.8,2009.1,358.8,1354.1,1507.6,1784.2,41.0,231.2,403.1,445.6,19.0,89.0,69.9,77.7,9402364.3,8131271.3,1271093.0,715428735.4,618723859.3,96704876.1,729164967.1,630603357.4,98561609.7,100.0,100.0,100.0,100.0,100.0,100.0
FIN,246,All International Voyages,1244079.0,43111.0,72080717.8,102661963.7,2003.7,2003.9,2009.1,2009.4,663.1,1807.6,2057.2,2437.2,67.0,235.5,428.7,472.1,22.0,85.3,69.1,76.9,7421794.7,6689478.0,732316.7,564552047.5,508802890.5,55749157.0,575391446.8,518571906.0,56819540.9,78.93540883115962,82.26853776235458,57.613148683849246,78.91101091820406,82.23424438114164,57.64875499999063
FIN,246,All Domestic Voyages,1495793.0,55373.0,9394423.9,11699982.6,2001.6,2002.7,2006.1,2006.6,222.5,777.4,494.4,532.4,27.0,173.3,206.5,213.1,17.0,86.5,76.1,84.0,1980569.6,1441793.3,538776.3,150876687.9,109920968.8,40955719.1,153773520.3,112031451.4,41742068.9,21.064591168840373,17.731462237645424,42.38685131615075,21.088989081795948,17.765755618858368,42.35124510146875
FIN,246,Int. Arr. Inventory,15309.0,1795.0,131896.4,97992.4,2001.2,2003.5,2004.8,2006.3,369.6,790.1,447.6,618.2,31.0,97.9,262.2,183.8,15.0,66.4,28.3,47.0,32147.1,28340.1,3807.0,2397609.6,2114004.0,283605.6,2443643.7,2154592.9,289050.8,0.34190442929338527,0.34853221537448886,0.2995060156888599,0.335129059987446,0.3416716506051384,0.29326915507955625
FIN,246,Int. Dep. Inventory,15268.0,1778.0,141492.5,121211.3,2001.2,2003.5,2005.1,2007.1,407.5,952.0,481.0,768.4,32.0,104.5,142.0,224.6,12.0,49.2,33.9,50.2,32540.8,28637.6,3903.2,2437247.3,2145773.8,291473.5,2484042.5,2186972.7,297069.8,0.34609167398459556,0.3521909298488171,0.30707430534193797,0.34066947975838924,0.34680638381263407,0.3014051829147429
FIN,246,Domestic Inventory,6138.0,700.0,13150.9,10673.8,1995.2,1999.5,2001.7,2004.0,156.9,354.9,234.5,250.5,17.0,110.4,106.2,76.9,17.0,60.9,45.3,43.2,5339.3,3774.2,1565.1,398544.6,281452.2,117092.5,406196.7,286856.0,119340.6,0.05678678074620019,0.04641586611431843,0.12313025089430907,0.05570710584403226,0.04548913300790492,0.12108223512506208
DMA,212,All Global Voyages,2739872.0,58539.0,81475141.7,114361946.3,2002.6,2002.5,2008.8,2009.1,358.8,1354.1,1507.6,1784.2,41.0,231.2,403.1,445.6,19.0,89.0,69.9,77.7,9402364.3,8131271.3,1271093.0,715428735.4,618723859.3,96704876.1,729164967.1,630603357.4,98561609.7,100.0,100.0,100.0,100.0,100.0,100.0
DMA,212,All International Voyages,1244079.0,43111.0,72080717.8,102661963.7,2003.7,2003.9,2009.1,2009.4,663.1,1807.6,2057.2,2437.2,67.0,235.5,428.7,472.1,22.0,85.3,69.1,76.9,7421794.7,6689478.0,732316.7,564552047.5,508802890.5,55749157.0,575391446.8,518571906.0,56819540.9,78.93540883115962,82.26853776235458,57.613148683849246,78.91101091820406,82.23424438114164,57.64875499999063
DMA,212,All Domestic Voyages,1495793.0,55373.0,9394423.9,11699982.6,2001.6,2002.7,2006.1,2006.6,222.5,777.4,494.4,532.4,27.0,173.3,206.5,213.1,17.0,86.5,76.1,84.0,1980569.6,1441793.3,538776.3,150876687.9,109920968.8,40955719.1,153773520.3,112031451.4,41742068.9,21.064591168840373,17.731462237645424,42.38685131615075,21.088989081795948,17.765755618858368,42.35124510146875
DMA,212,Int. Arr. Inventory,541.0,136.0,1947.4,948.2,1998.7,1997.8,2006.4,2007.5,152.7,392.3,230.2,253.6,16.0,51.0,54.1,84.1,9.0,18.5,10.3,11.4,517.2,404.3,112.9,39686.4,31068.3,8618.0,40448.3,31664.9,8783.5,0.005500744105394853,0.004972162225112327,0.008882119561668579,0.00554720835819486,0.005021365590338039,0.008911684809871768
DMA,212,Int. Dep. Inventory,540.0,138.0,1863.3,1058.5,1998.9,1997.8,2005.9,2004.6,154.4,495.4,221.4,289.7,17.0,44.4,43.4,58.3,11.0,34.1,27.2,34.2,596.9,431.5,165.4,45780.5,33185.4,12595.1,46659.5,33822.6,12836.9,0.00634840324151235,0.005306673262765197,0.013012423166518895,0.006399032057940459,0.005363529959537764,0.013024239396122605
DMA,212,Domestic Inventory,17.0,7.0,8.9,2.8,1989.9,2001.4,2006.0,2006.1,60.6,107.4,56.8,49.8,35.0,36.9,33.3,38.9,12.0,28.2,12.4,11.7,4.2,2.7,1.4,315.6,207.1,108.5,321.7,211.1,110.6,4.4669615705062606e-05,3.320513976701282e-05,0.00011014142946267503,4.4118959976841705e-05,3.347587632111138e-05,0.00011221407639002876
SAU,682,All Global Voyages,2739872.0,58539.0,81475141.7,114361946.3,2002.6,2002.5,2008.8,2009.1,358.8,1354.1,1507.6,1784.2,41.0,231.2,403.1,445.6,19.0,89.0,69.9,77.7,9402364.3,8131271.3,1271093.0,715428735.4,618723859.3,96704876.1,729164967.1,630603357.4,98561609.7,100.0,100.0,100.0,100.0,100.0,100.0
SAU,682,All International Voyages,1244079.0,43111.0,72080717.8,102661963.7,2003.7,2003.9,2009.1,2009.4,663.1,1807.6,2057.2,2437.2,67.0,235.5,428.7,472.1,22.0,85.3,69.1,76.9,7421794.7,6689478.0,732316.7,564552047.5,508802890.5,55749157.0,575391446.8,518571906.0,56819540.9,78.93540883115962,82.26853776235458,57.613148683849246,78.91101091820406,82.23424438114164,57.64875499999063
SAU,682,All Domestic Voyages,1495793.0,55373.0,9394423.9,11699982.6,2001.6,2002.7,2006.1,2006.6,222.5,777.4,494.4,532.4,27.0,173.3,206.5,213.1,17.0,86.5,76.1,84.0,1980569.6,1441793.3,538776.3,150876687.9,109920968.8,40955719.1,153773520.3,112031451.4,41742068.9,21.064591168840373,17.731462237645424,42.38685131615075,21.088989081795948,17.765755618858368,42.35124510146875
SAU,682,Int. Arr. Inventory,11896.0,4417.0,1090705.1,1542841.7,2005.8,2008.3,2009.4,2009.3,676.4,1523.7,1572.6,1535.8,75.0,167.2,262.7,282.8,29.0,82.0,49.8,58.4,95181.3,85181.9,9999.4,7363017.5,6591192.2,771825.3,7504387.4,6717743.0,786644.4,1.012312403168637,1.0475840352295218,0.7866772926921948,1.0291755279804637,1.0652881753908656,0.7981245460523358
SAU,682,Int. Dep. Inventory,11805.0,4388.0,1865006.0,2936137.6,2005.8,2008.3,2009.5,2009.4,846.6,2131.8,2711.8,2960.1,105.0,237.3,485.9,544.9,25.0,74.1,54.0,59.4,150322.8,137156.3,13166.5,11631535.2,10616758.1,1014777.0,11854860.6,10820599.9,1034260.7,1.5987765970735677,1.6867755968245703,1.0358408078716508,1.6258132432155352,1.7159121931436772,1.049354513535304
SAU,682,Domestic Inventory,11912.0,1036.0,68113.9,109299.9,2010.5,2008.8,2006.4,2006.0,228.6,765.8,722.6,817.2,48.0,236.2,308.1,303.0,25.0,84.6,76.7,74.3,15512.4,11445.9,4066.5,1183803.7,873415.6,310388.1,1206532.7,890185.2,316347.5,0.16498403491981264,0.14076396639231556,0.3199215163642629,0.1654677273921379,0.1411640438563894,0.32096421818078325
STP,678,All Global Voyages,2739872.0,58539.0,81475141.7,114361946.3,2002.6,2002.5,2008.8,2009.1,358.8,1354.1,1507.6,1784.2,41.0,231.2,403.1,445.6,19.0,89.0,69.9,77.7,9402364.3,8131271.3,1271093.0,715428735.4,618723859.3,96704876.1,729164967.1,630603357.4,98561609.7,100.0,100.0,100.0,100.0,100.0,100.0
STP,678,All International Voyages,1244079.0,43111.0,72080717.8,102661963.7,2003.7,2003.9,2009.1,2009.4,663.1,1807.6,2057.2,2437.2,67.0,235.5,428.7,472.1,22.0,85.3,69.1,76.9,7421794.7,6689478.0,732316.7,564552047.5,508802890.5,55749157.0,575391446.8,518571906.0,56819540.9,78.93540883115962,82.26853776235458,57.613148683849246,78.91101091820406,82.23424438114164,57.64875499999063
STP,678,All Domestic Voyages,1495793.0,55373.0,9394423.9,11699982.6,2001.6,2002.7,2006.1,2006.6,222.5,777.4,494.4,532.4,27.0,173.3,206.5,213.1,17.0,86.5,76.1,84.0,1980569.6,1441793.3,538776.3,150876687.9,109920968.8,40955719.1,153773520.3,112031451.4,41742068.9,21.064591168840373,17.731462237645424,42.38685131615075,21.088989081795948,17.765755618858368,42.35124510146875
STP,678,Int. Arr. Inventory,126.0,68.0,5667.0,7759.0,2003.4,2002.3,2006.8,2006.5,957.4,2543.5,2396.3,2374.8,158.0,343.4,522.9,543.6,33.0,70.8,58.0,52.6,747.9,689.3,58.6,54986.7,50563.9,4422.7,56042.4,51534.8,4507.7,0.007954382282337219,0.008477149200519235,0.004610205547509112,0.007685832771545395,0.008172300289119902,0.004573484558257981
STP,678,Int. Dep. Inventory,124.0,68.0,6221.3,9206.8,2003.4,2002.4,2009.3,2009.4,707.0,2157.7,2686.0,2812.1,84.5,244.5,665.1,749.7,49.5,80.3,107.3,119.2,713.9,623.6,90.2,52128.5,45274.0,6854.5,53129.4,46143.2,6986.1,0.00759277110758195,0.00766915746618859,0.00709625495538092,0.007286334697524445,0.007317309598580326,0.00708805387946094
STP,678,Domestic Inventory,60.0,4.0,7.0,2.9,1980.8,1984.8,1976.4,1980.3,108.9,269.3,251.0,230.1,16.0,70.8,486.7,420.9,62.0,78.5,162.0,155.9,17.3,8.9,8.4,1297.9,669.5,628.4,1322.8,682.4,640.5,0.00018399627421371027,0.00010945397923200523,0.0006608485767760502,0.00018141299427219834,0.00010821382284001142,0.0006498473411194703
ASM,016,All Global Voyages,2739872.0,58539.0,81475141.7,114361946.3,2002.6,2002.5,2008.8,2009.1,358.8,1354.1,1507.6,1784.2,41.0,231.2,403.1,445.6,19.0,89.0,69.9,77.7,9402364.3,8131271.3,1271093.0,715428735.4,618723859.3,96704876.1,729164967.1,630603357.4,98561609.7,100.0,100.0,100.0,100.0,100.0,100.0
ASM,016,All International Voyages,1244079.0,43111.0,72080717.8,102661963.7,2003.7,2003.9,2009.1,2009.4,663.1,1807.6,2057.2,2437.2,67.0,235.5,428.7,472.1,22.0,85.3,69.1,76.9,7421794.7,6689478.0,732316.7,564552047.5,508802890.5,55749157.0,575391446.8,518571906.0,56819540.9,78.93540883115962,82.26853776235458,57.613148683849246,78.91101091820406,82.23424438114164,57.64875499999063
ASM,016,All Domestic Voyages,1495793.0,55373.0,9394423.9,11699982.6,2001.6,2002.7,2006.1,2006.6,222.5,777.4,494.4,532.4,27.0,173.3,206.5,213.1,17.0,86.5,76.1,84.0,1980569.6,1441793.3,538776.3,150876687.9,109920968.8,40955719.1,153773520.3,112031451.4,41742068.9,21.064591168840373,17.731462237645424,42.38685131615075,21.088989081795948,17.765755618858368,42.35124510146875
ASM,016,Int. Arr. Inventory,326.0,77.0,4574.4,3515.7,2007.7,2003.8,2005.5,2007.0,654.7,2547.5,1216.5,1061.8,59.5,289.7,291.8,351.0,19.0,79.0,68.6,86.8,1176.9,1044.1,132.8,90231.0,80202.9,10028.1,91963.4,81742.8,10220.7,0.01251706445792576,0.012840550529902992,0.01044770130903089,0.01261215282540965,0.012962633173573396,0.010369859046650698
ASM,016,Int. Dep. Inventory,328.0,80.0,7067.0,7582.5,2007.6,2002.7,2007.7,2009.6,746.3,3200.6,1886.1,2287.7,69.0,401.2,334.1,373.1,12.0,53.9,37.2,40.9,1464.0,1364.6,99.5,112544.0,104978.3,7565.7,114704.8,106993.9,7711.0,0.015570551760050394,0.01678212360224655,0.007827908736811547,0.015730980666309086,0.016966909348713213,0.007823532938910594
ASM,016,Domestic Inventory,244.0,36.0,224.8,220.1,2004.2,2006.6,2006.3,2007.2,87.8,106.3,105.2,98.2,10.0,13.4,15.3,14.7,14.5,12.8,30.6,26.2,122.7,46.2,76.6,9293.0,3531.3,5761.8,9471.5,3599.1,5872.4,0.0013049909159550432,0.0005681768360133304,0.006026309640600648,0.0012989515990694941,0.0005707391116405115,0.00595810074315375
WSM,882,All Global Voyages,2739872.0,58539.0,81475141.7,114361946.3,2002.6,2002.5,2008.8,2009.1,358.8,1354.1,1507.6,1784.2,41.0,231.2,403.1,445.6,19.0,89.0,69.9,77.7,9402364.3,8131271.3,1271093.0,715428735.4,618723859.3,96704876.1,729164967.1,630603357.4,98561609.7,100.0,100.0,100.0,100.0,100.0,100.0
WSM,882,All International Voyages,1244079.0,43111.0,72080717.8,102661963.7,2003.7,2003.9,2009.1,2009.4,663.1,1807.6,2057.2,2437.2,67.0,235.5,428.7,472.1,22.0,85.3,69.1,76.9,7421794.7,6689478.0,732316.7,564552047.5,508802890.5,55749157.0,575391446.8,518571906.0,56819540.9,78.93540883115962,82.26853776235458,57.613148683849246,78.91101091820406,82.23424438114164,57.64875499999063
WSM,882,All Domestic Voyages,1495793.0,55373.0,9394423.9,11699982.6,2001.6,2002.7,2006.1,2006.6,222.5,777.4,494.4,532.4,27.0,173.3,206.5,213.1,17.0,86.5,76.1,84.0,1980569.6,1441793.3,538776.3,150876687.9,109920968.8,40955719.1,153773520.3,112031451.4,41742068.9,21.064591168840373,17.731462237645424,42.38685131615075,21.088989081795948,17.765755618858368,42.35124510146875
WSM,882,Int. Arr. Inventory,15.0,2.0,25.4,22.2,2012.5,2012.5,2012.5,2012.5,841.4,1262.2,647.6,585.3,62.0,170.8,681.3,608.2,31.0,39.8,68.7,62.2,47.0,35.1,11.8,3530.0,2641.5,888.6,3597.8,2692.2,905.6,0.0004998742709852244,0.00043166681697116664,0.0009283349054711182,0.0004934137214941905,0.0004269244634376886,0.0009188161625570528
WSM,882,Int. Dep. Inventory,14.0,2.0,22.2,20.8,2012.5,2012.5,2012.2,2012.2,659.9,921.1,572.3,554.0,53.5,75.5,99.0,91.2,26.5,101.0,72.1,62.1,25.4,12.7,12.7,1917.2,961.8,955.4,1954.0,980.3,973.7,0.0002701448187877596,0.00015618713890409733,0.000999140110125695,0.0002679777674689111,0.00015545429444616528,0.0009879100016362658
WSM,882,Domestic Inventory,,,,,,,,,,,,,,,,,,,,,,,,,,,,,,,,,,,
WLF,876,All Global Voyages,2739872.0,58539.0,81475141.7,114361946.3,2002.6,2002.5,2008.8,2009.1,358.8,1354.1,1507.6,1784.2,41.0,231.2,403.1,445.6,19.0,89.0,69.9,77.7,9402364.3,8131271.3,1271093.0,715428735.4,618723859.3,96704876.1,729164967.1,630603357.4,98561609.7,100.0,100.0,100.0,100.0,100.0,100.0
WLF,876,All International Voyages,1244079.0,43111.0,72080717.8,102661963.7,2003.7,2003.9,2009.1,2009.4,663.1,1807.6,2057.2,2437.2,67.0,235.5,428.7,472.1,22.0,85.3,69.1,76.9,7421794.7,6689478.0,732316.7,564552047.5,508802890.5,55749157.0,575391446.8,518571906.0,56819540.9,78.93540883115962,82.26853776235458,57.613148683849246,78.91101091820406,82.23424438114164,57.64875499999063
WLF,876,All Domestic Voyages,1495793.0,55373.0,9394423.9,11699982.6,2001.6,2002.7,2006.1,2006.6,222.5,777.4,494.4,532.4,27.0,173.3,206.5,213.1,17.0,86.5,76.1,84.0,1980569.6,1441793.3,538776.3,150876687.9,109920968.8,40955719.1,153773520.3,112031451.4,41742068.9,21.064591168840373,17.731462237645424,42.38685131615075,21.088989081795948,17.765755618858368,42.35124510146875
WLF,876,Int. Arr. Inventory,38.0,9.0,143.2,160.4,2005.6,2003.3,2011.3,2011.8,460.6,596.3,859.7,938.8,45.0,62.8,311.4,328.3,30.0,26.0,27.9,29.5,48.3,37.4,10.9,3687.9,2869.1,818.8,3758.7,2924.2,834.5,0.00051370058060822,0.000459952676772696,0.0008575297008165414,0.0005154800586414514,0.0004637146259507054,0.0008466785420206058
WLF,876,Int. Dep. Inventory,39.0,9.0,140.1,153.0,2005.7,2003.3,2006.2,2006.5,432.3,1084.7,830.5,879.0,43.0,128.6,180.8,184.2,23.0,39.4,32.2,33.2,59.9,48.0,11.9,4578.6,3683.5,895.2,4666.5,3754.2,912.3,0.0006370738049364881,0.0005903135958580056,0.0009362021504327378,0.0006399786345412863,0.0005953346039067568,0.0009256139411448756
WLF,876,Domestic Inventory,28.0,7.0,19.9,20.2,2004.8,2002.9,2006.1,2006.8,148.9,212.7,154.7,158.3,17.5,34.6,18.6,19.6,8.5,44.7,14.6,17.4,11.0,6.8,4.2,835.9,518.6,317.3,851.9,528.5,323.4,0.00011699185065611634,8.362775941321745e-05,0.0003304242883880251,0.000116832272316666,8.380862451779899e-05,0.00032811964108983094
GNB,624,All Global Voyages,2739872.0,58539.0,81475141.7,114361946.3,2002.6,2002.5,2008.8,2009.1,358.8,1354.1,1507.6,1784.2,41.0,231.2,403.1,445.6,19.0,89.0,69.9,77.7,9402364.3,8131271.3,1271093.0,715428735.4,618723859.3,96704876.1,729164967.1,630603357.4,98561609.7,100.0,100.0,100.0,100.0,100.0,100.0
GNB,624,All International Voyages,1244079.0,43111.0,72080717.8,102661963.7,2003.7,2003.9,2009.1,2009.4,663.1,1807.6,2057.2,2437.2,67.0,235.5,428.7,472.1,22.0,85.3,69.1,76.9,7421794.7,6689478.0,732316.7,564552047.5,508802890.5,55749157.0,575391446.8,518571906.0,56819540.9,78.93540883115962,82.26853776235458,57.613148683849246,78.91101091820406,82.23424438114164,57.64875499999063
GNB,624,All Domestic Voyages,1495793.0,55373.0,9394423.9,11699982.6,2001.6,2002.7,2006.1,2006.6,222.5,777.4,494.4,532.4,27.0,173.3,206.5,213.1,17.0,86.5,76.1,84.0,1980569.6,1441793.3,538776.3,150876687.9,109920968.8,40955719.1,153773520.3,112031451.4,41742068.9,21.064591168840373,17.731462237645424,42.38685131615075,21.088989081795948,17.765755618858368,42.35124510146875
GNB,624,Int. Arr. Inventory,195.0,81.0,1388.5,1763.3,1998.2,2000.5,2003.1,2004.0,1065.9,1767.2,1006.6,983.6,105.0,255.3,233.4,196.9,59.0,140.7,179.7,175.8,563.5,376.5,187.1,42779.9,28709.1,14070.8,43601.3,29260.3,14341.0,0.005993173440429233,0.004630272267511231,0.014719615323190355,0.005979620794648022,0.004640048242153555,0.01455028995939785
GNB,624,Int. Dep. Inventory,190.0,77.0,2131.2,2674.2,1998.5,2001.2,2002.8,2003.7,1148.5,2646.6,1569.9,1513.5,132.0,364.3,422.1,304.1,36.0,156.8,137.8,99.4,781.2,610.8,170.5,59294.5,46490.8,12803.6,60432.9,47383.5,13049.5,0.008308548521141644,0.007511740507293122,0.013413652659561497,0.00828795988928964,0.007513994247566942,0.013239942042058594
GNB,624,Domestic Inventory,2.0,2.0,9.4,9.3,1992.0,1992.0,1983.2,1982.4,2643.5,2643.5,3554.8,4101.3,205.5,205.5,333.4,344.2,24.5,24.5,9.9,8.7,7.9,7.5,0.4,593.7,564.5,29.3,605.1,575.3,29.9,8.402142001666538e-05,9.223649935281339e-05,3.1468979846478583e-05,8.298533628220988e-05,9.123008833507997e-05,3.0336355190432725e-05
PCN,612,All Global Voyages,2739872.0,58539.0,81475141.7,114361946.3,2002.6,2002.5,2008.8,2009.1,358.8,1354.1,1507.6,1784.2,41.0,231.2,403.1,445.6,19.0,89.0,69.9,77.7,9402364.3,8131271.3,1271093.0,715428735.4,618723859.3,96704876.1,729164967.1,630603357.4,98561609.7,100.0,100.0,100.0,100.0,100.0,100.0
PCN,612,All International Voyages,1244079.0,43111.0,72080717.8,102661963.7,2003.7,2003.9,2009.1,2009.4,663.1,1807.6,2057.2,2437.2,67.0,235.5,428.7,472.1,22.0,85.3,69.1,76.9,7421794.7,6689478.0,732316.7,564552047.5,508802890.5,55749157.0,575391446.8,518571906.0,56819540.9,78.93540883115962,82.26853776235458,57.613148683849246,78.91101091820406,82.23424438114164,57.64875499999063
PCN,612,All Domestic Voyages,1495793.0,55373.0,9394423.9,11699982.6,2001.6,2002.7,2006.1,2006.6,222.5,777.4,494.4,532.4,27.0,173.3,206.5,213.1,17.0,86.5,76.1,84.0,1980569.6,1441793.3,538776.3,150876687.9,109920968.8,40955719.1,153773520.3,112031451.4,41742068.9,21.064591168840373,17.731462237645424,42.38685131615075,21.088989081795948,17.765755618858368,42.35124510146875
PCN,612,Int. Arr. Inventory,8.0,6.0,242.3,137.2,1990.4,1997.8,2005.6,2010.3,2179.7,2229.6,1605.0,3610.0,206.0,223.2,265.3,473.9,50.5,37.2,10.4,6.0,69.5,65.2,4.3,5329.5,5008.7,320.8,5431.8,5104.9,326.9,0.0007391757836909169,0.000801842634373791,0.0003382915333496448,0.0007449343077469966,0.0008095262957443937,0.000331670719456604
PCN,612,Int. Dep. Inventory,7.0,6.0,258.2,122.3,1993.6,1997.8,2006.5,2010.9,1635.4,2314.2,1716.0,3242.4,146.0,239.7,190.0,332.2,70.0,162.2,69.5,147.4,78.1,71.0,7.1,6004.4,5462.0,542.4,6119.7,5566.9,552.8,0.0008306421396584259,0.0008731721938733001,0.0005585743922749949,0.0008392750990683188,0.0008827894641970391,0.0005608674631863282
PCN,612,Domestic Inventory,,,,,,,,,,,,,,,,,,,,,,,,,,,,,,,,,,,
DEU,276,All Global Voyages,2739872.0,58539.0,81475141.7,114361946.3,2002.6,2002.5,2008.8,2009.1,358.8,1354.1,1507.6,1784.2,41.0,231.2,403.1,445.6,19.0,89.0,69.9,77.7,9402364.3,8131271.3,1271093.0,715428735.4,618723859.3,96704876.1,729164967.1,630603357.4,98561609.7,100.0,100.0,100.0,100.0,100.0,100.0
DEU,276,All International Voyages,1244079.0,43111.0,72080717.8,102661963.7,2003.7,2003.9,2009.1,2009.4,663.1,1807.6,2057.2,2437.2,67.0,235.5,428.7,472.1,22.0,85.3,69.1,76.9,7421794.7,6689478.0,732316.7,564552047.5,508802890.5,55749157.0,575391446.8,518571906.0,56819540.9,78.93540883115962,82.26853776235458,57.613148683849246,78.91101091820406,82.23424438114164,57.64875499999063
DEU,276,All Domestic Voyages,1495793.0,55373.0,9394423.9,11699982.6,2001.6,2002.7,2006.1,2006.6,222.5,777.4,494.4,532.4,27.0,173.3,206.5,213.1,17.0,86.5,76.1,84.0,1980569.6,1441793.3,538776.3,150876687.9,109920968.8,40955719.1,153773520.3,112031451.4,41742068.9,21.064591168840373,17.731462237645424,42.38685131615075,21.088989081795948,17.765755618858368,42.35124510146875
DEU,276,Int. Arr. Inventory,29626.0,5592.0,523192.2,517808.8,2001.6,2004.4,2009.0,2009.8,371.8,906.3,696.9,842.5,36.0,116.6,201.2,246.3,18.0,58.6,48.4,51.9,69861.2,61488.0,8373.2,5285143.5,4652914.4,632229.1,5386618.2,4742250.4,644367.9,0.7430173706415523,0.7561917162941053,0.6587401551263362,0.7387379321614147,0.7520179435061156,0.6537716885522823
DEU,276,Int. Dep. Inventory,29613.0,5589.0,562943.8,554474.4,2001.6,2004.3,2008.7,2009.3,395.7,1052.3,752.1,906.4,37.0,128.2,219.9,236.3,17.0,57.9,41.6,53.8,76796.0,67907.7,8888.3,5815634.2,5146090.2,669544.1,5927294.4,5244895.1,682399.3,0.8167732875442828,0.8351424702801393,0.6992643339236388,0.8128879838500404,0.8317264788479541,0.692358111923166
DEU,276,Domestic Inventory,16720.0,2775.0,21491.0,21509.5,1995.3,2002.3,2006.5,2007.0,124.7,218.0,145.3,141.1,22.0,63.1,160.7,130.7,21.0,50.2,60.5,54.4,10197.9,6426.7,3771.2,764795.0,481096.5,283698.5,779479.1,490333.5,289145.5,0.10846101761872809,0.07903684138543009,0.29668954199260006,0.10690024002388746,0.07775624633869099,0.293365237114223
BHS,044,All Global Voyages,2739872.0,58539.0,81475141.7,114361946.3,2002.6,2002.5,2008.8,2009.1,358.8,1354.1,1507.6,1784.2,41.0,231.2,403.1,445.6,19.0,89.0,69.9,77.7,9402364.3,8131271.3,1271093.0,715428735.4,618723859.3,96704876.1,729164967.1,630603357.4,98561609.7,100.0,100.0,100.0,100.0,100.0,100.0
BHS,044,All International Voyages,1244079.0,43111.0,72080717.8,102661963.7,2003.7,2003.9,2009.1,2009.4,663.1,1807.6,2057.2,2437.2,67.0,235.5,428.7,472.1,22.0,85.3,69.1,76.9,7421794.7,6689478.0,732316.7,564552047.5,508802890.5,55749157.0,575391446.8,518571906.0,56819540.9,78.93540883115962,82.26853776235458,57.613148683849246,78.91101091820406,82.23424438114164,57.64875499999063
BHS,044,All Domestic Voyages,1495793.0,55373.0,9394423.9,11699982.6,2001.6,2002.7,2006.1,2006.6,222.5,777.4,494.4,532.4,27.0,173.3,206.5,213.1,17.0,86.5,76.1,84.0,1980569.6,1441793.3,538776.3,150876687.9,109920968.8,40955719.1,153773520.3,112031451.4,41742068.9,21.064591168840373,17.731462237645424,42.38685131615075,21.088989081795948,17.765755618858368,42.35124510146875
BHS,044,Int. Arr. Inventory,5031.0,1045.0,193037.1,198973.8,2000.1,2005.4,2006.8,2007.9,296.8,1756.0,850.8,1612.3,28.0,179.6,295.0,450.0,9.0,62.9,34.1,42.4,28775.4,24960.8,3814.6,2209941.3,1915415.1,294526.2,2252372.2,1952191.1,300181.1,0.30604429994272825,0.3069729084060939,0.30010392630594296,0.30889747884597735,0.3095751199373491,0.3045618886640403
BHS,044,Int. Dep. Inventory,4993.0,1030.0,266534.7,273764.5,2000.0,2005.4,2006.1,2006.6,335.4,2011.2,1187.2,2264.7,37.0,239.8,381.1,492.4,10.0,68.7,33.7,46.3,37664.9,33722.0,3942.8,2895563.4,2596362.1,299201.3,2951158.2,2646212.2,304946.0,0.40058966870705065,0.4147198974900764,0.3101897343467394,0.4047312107899541,0.4196317969048606,0.3093963267525652
BHS,044,Domestic Inventory,3302.0,191.0,15393.3,4421.6,1998.9,2002.7,2001.8,2003.9,130.7,302.2,206.5,242.8,15.0,91.9,53.7,141.8,10.0,28.6,21.6,38.0,4294.5,2813.2,1481.3,329747.1,216328.9,113418.2,336078.2,220482.4,115595.8,0.045674682058426515,0.034597295997244606,0.1165374996164718,0.04609083200152006,0.03496372123818953,0.11728278419137872
USA,840,All Global Voyages,2739872.0,58539.0,81475141.7,114361946.3,2002.6,2002.5,2008.8,2009.1,358.8,1354.1,1507.6,1784.2,41.0,231.2,403.1,445.6,19.0,89.0,69.9,77.7,9402364.3,8131271.3,1271093.0,715428735.4,618723859.3,96704876.1,729164967.1,630603357.4,98561609.7,100.0,100.0,100.0,100.0,100.0,100.0
USA,840,All International Voyages,1244079.0,43111.0,72080717.8,102661963.7,2003.7,2003.9,2009.1,2009.4,663.1,1807.6,2057.2,2437.2,67.0,235.5,428.7,472.1,22.0,85.3,69.1,76.9,7421794.7,6689478.0,732316.7,564552047.5,508802890.5,55749157.0,575391446.8,518571906.0,56819540.9,78.93540883115962,82.26853776235458,57.613148683849246,78.91101091820406,82.23424438114164,57.64875499999063
USA,840,All Domestic Voyages,1495793.0,55373.0,9394423.9,11699982.6,2001.6,2002.7,2006.1,2006.6,222.5,777.4,494.4,532.4,27.0,173.3,206.5,213.1,17.0,86.5,76.1,84.0,1980569.6,1441793.3,538776.3,150876687.9,109920968.8,40955719.1,153773520.3,112031451.4,41742068.9,21.064591168840373,17.731462237645424,42.38685131615075,21.088989081795948,17.765755618858368,42.35124510146875
USA,840,Int. Arr. Inventory,40745.0,9655.0,4949016.1,6149363.3,2004.3,2008.0,2009.6,2009.9,1350.5,3751.6,2991.3,3661.2,127.0,355.6,470.8,522.4,28.0,79.3,66.2,75.8,561244.0,526627.9,34616.2,42837410.2,40241698.0,2595712.2,43659888.4,41014338.6,2645549.9,5.969179475421942,6.476575194336463,2.7233412504041796,5.987655793947701,6.503983545077142,2.684158576602468
USA,840,Int. Dep. Inventory,40757.0,9720.0,5099497.5,6309672.3,2004.3,2007.9,2009.7,2010.0,1392.6,3988.8,3091.6,3760.6,128.0,365.5,482.5,537.9,21.0,73.5,55.4,64.2,550316.3,514019.4,36296.9,41976465.1,39199092.4,2777372.8,42782413.3,39951714.9,2830698.3,5.852956580293321,6.32151334072447,2.855566036474121,5.867316071170035,6.335474499330662,2.8720089988546524
USA,840,Domestic Inventory,118106.0,8505.0,1186153.3,1347329.9,1994.5,2004.5,2005.7,2006.1,201.0,676.7,607.7,607.6,33.0,130.2,160.4,166.1,17.0,71.4,48.1,52.0,212214.6,167087.9,45126.7,15987871.0,12598639.2,3389231.8,16294838.1,12840533.1,3454305.1,2.257034435477043,2.054880397361726,3.5502280320952124,2.234725862489945,2.036229739236082,3.504716603669674
ATG,028,All Global Voyages,2739872.0,58539.0,81475141.7,114361946.3,2002.6,2002.5,2008.8,2009.1,358.8,1354.1,1507.6,1784.2,41.0,231.2,403.1,445.6,19.0,89.0,69.9,77.7,9402364.3,8131271.3,1271093.0,715428735.4,618723859.3,96704876.1,729164967.1,630603357.4,98561609.7,100.0,100.0,100.0,100.0,100.0,100.0
ATG,028,All International Voyages,1244079.0,43111.0,72080717.8,102661963.7,2003.7,2003.9,2009.1,2009.4,663.1,1807.6,2057.2,2437.2,67.0,235.5,428.7,472.1,22.0,85.3,69.1,76.9,7421794.7,6689478.0,732316.7,564552047.5,508802890.5,55749157.0,575391446.8,518571906.0,56819540.9,78.93540883115962,82.26853776235458,57.613148683849246,78.91101091820406,82.23424438114164,57.64875499999063
ATG,028,All Domestic Voyages,1495793.0,55373.0,9394423.9,11699982.6,2001.6,2002.7,2006.1,2006.6,222.5,777.4,494.4,532.4,27.0,173.3,206.5,213.1,17.0,86.5,76.1,84.0,1980569.6,1441793.3,538776.3,150876687.9,109920968.8,40955719.1,153773520.3,112031451.4,41742068.9,21.064591168840373,17.731462237645424,42.38685131615075,21.088989081795948,17.765755618858368,42.35124510146875
ATG,028,Int. Arr. Inventory,980.0,218.0,11953.1,4313.7,2000.7,2001.3,2006.4,2008.1,137.7,549.1,337.1,518.4,15.0,59.4,80.4,155.0,10.0,31.5,19.2,50.5,2744.1,2227.6,516.5,211641.1,171978.0,39663.1,215704.6,175280.0,40424.7,0.02918521248958626,0.027395470127776943,0.04063432022676547,0.02958241409456217,0.02779560209173095,0.04101465075808314
ATG,028,Int. Dep. Inventory,982.0,220.0,12354.1,4181.7,2000.7,2001.4,2006.6,2006.9,200.1,537.9,348.4,503.7,18.0,89.1,63.9,117.7,10.0,26.3,16.3,34.4,2784.3,2290.3,493.9,214783.5,176914.2,37869.3,218907.4,180310.9,38596.4,0.029612764525620436,0.02816656726236647,0.03885632286543943,0.03002165626122001,0.028593393594259983,0.039159668878662804
ATG,028,Domestic Inventory,2.0,2.0,3.5,5.3,2005.5,2005.5,2003.0,2003.0,233.7,233.7,403.1,409.5,100.5,100.5,180.3,180.7,49.0,49.0,4.4,4.2,1.6,1.5,0.1,123.7,117.1,6.6,126.0,119.3,6.7,1.701699645907147e-05,1.8447299870562675e-05,7.867244961619646e-06,1.7280040276910337e-05,1.8918389602598712e-05,6.797778587822719e-06
MTQ,474,All Global Voyages,2739872.0,58539.0,81475141.7,114361946.3,2002.6,2002.5,2008.8,2009.1,358.8,1354.1,1507.6,1784.2,41.0,231.2,403.1,445.6,19.0,89.0,69.9,77.7,9402364.3,8131271.3,1271093.0,715428735.4,618723859.3,96704876.1,729164967.1,630603357.4,98561609.7,100.0,100.0,100.0,100.0,100.0,100.0
MTQ,474,All International Voyages,1244079.0,43111.0,72080717.8,102661963.7,2003.7,2003.9,2009.1,2009.4,663.1,1807.6,2057.2,2437.2,67.0,235.5,428.7,472.1,22.0,85.3,69.1,76.9,7421794.7,6689478.0,732316.7,564552047.5,508802890.5,55749157.0,575391446.8,518571906.0,56819540.9,78.93540883115962,82.26853776235458,57.613148683849246,78.91101091820406,82.23424438114164,57.64875499999063
MTQ,474,All Domestic Voyages,1495793.0,55373.0,9394423.9,11699982.6,2001.6,2002.7,2006.1,2006.6,222.5,777.4,494.4,532.4,27.0,173.3,206.5,213.1,17.0,86.5,76.1,84.0,1980569.6,1441793.3,538776.3,150876687.9,109920968.8,40955719.1,153773520.3,112031451.4,41742068.9,21.064591168840373,17.731462237645424,42.38685131615075,21.088989081795948,17.765755618858368,42.35124510146875
MTQ,474,Int. Arr. Inventory,1129.0,257.0,14684.8,11644.0,2001.7,2003.1,2006.1,2006.2,190.4,829.0,522.1,872.7,18.0,89.0,157.6,208.8,12.0,41.9,28.4,49.3,3384.0,2857.3,526.7,260203.5,219954.5,40249.0,265199.4,224177.6,41021.8,0.03599094751093616,0.03513964661343916,0.04143677921285068,0.036370288201686155,0.03554969972318134,0.04162046472745463
MTQ,474,Int. Dep. Inventory,1127.0,255.0,8129.2,6579.3,2001.6,2003.2,2007.5,2007.7,148.4,566.3,288.6,499.2,16.0,71.7,102.9,154.2,13.0,29.7,22.0,28.0,1998.4,1536.2,462.2,153699.3,118373.7,35325.5,156650.3,120646.5,36003.8,0.021254228577380265,0.018892494707438923,0.036362406212606,0.021483519788810215,0.019131915265632234,0.03652923294332114
MTQ,474,Domestic Inventory,2.0,2.0,0.9,0.3,2003.0,2003.0,1997.6,1995.7,141.9,141.9,72.1,65.8,28.0,28.0,34.7,37.1,27.0,27.0,41.1,46.1,0.4,0.3,0.1,28.9,21.8,7.1,29.5,22.2,7.2,4.2542491147678675e-06,3.689459974112535e-06,7.867244961619646e-06,4.045723715625833e-06,3.52043796460764e-06,7.305075497361727e-06
ATA,010,All Global Voyages,2739872.0,58539.0,81475141.7,114361946.3,2002.6,2002.5,2008.8,2009.1,358.8,1354.1,1507.6,1784.2,41.0,231.2,403.1,445.6,19.0,89.0,69.9,77.7,9402364.3,8131271.3,1271093.0,715428735.4,618723859.3,96704876.1,729164967.1,630603357.4,98561609.7,100.0,100.0,100.0,100.0,100.0,100.0
ATA,010,All International Voyages,1244079.0,43111.0,72080717.8,102661963.7,2003.7,2003.9,2009.1,2009.4,663.1,1807.6,2057.2,2437.2,67.0,235.5,428.7,472.1,22.0,85.3,69.1,76.9,7421794.7,6689478.0,732316.7,564552047.5,508802890.5,55749157.0,575391446.8,518571906.0,56819540.9,78.93540883115962,82.26853776235458,57.613148683849246,78.91101091820406,82.23424438114164,57.64875499999063
ATA,010,All Domestic Voyages,1495793.0,55373.0,9394423.9,11699982.6,2001.6,2002.7,2006.1,2006.6,222.5,777.4,494.4,532.4,27.0,173.3,206.5,213.1,17.0,86.5,76.1,84.0,1980569.6,1441793.3,538776.3,150876687.9,109920968.8,40955719.1,153773520.3,112031451.4,41742068.9,21.064591168840373,17.731462237645424,42.38685131615075,21.088989081795948,17.765755618858368,42.35124510146875
ATA,010,Int. Arr. Inventory,1349.0,242.0,3915.7,2392.6,1989.0,1990.4,1995.6,1997.4,250.9,1338.2,923.6,1159.5,43.0,251.0,498.1,508.8,11.0,34.8,45.9,54.7,1684.1,1506.8,177.3,127649.4,114282.9,13366.4,130100.2,116477.2,13623.1,0.01791145233545141,0.018530927629975893,0.013948625316951633,0.017842354730429284,0.018470754814918784,0.013821913056681744
ATA,010,Int. Dep. Inventory,1357.0,244.0,3936.9,2366.3,1989.0,1990.5,1993.6,1994.8,251.7,1377.6,923.3,1151.9,35.0,211.3,447.6,559.3,17.0,118.4,206.9,213.6,1877.9,1528.2,349.7,142350.3,115970.3,26380.1,145083.5,118196.9,26886.6,0.019972636031556443,0.018794109108129255,0.0275117556307839,0.019897212091389848,0.01874346189454652,0.02727897817602303
ATA,010,Domestic Inventory,812.0,116.0,825.7,350.3,1989.5,1989.9,1992.3,1992.2,175.7,394.6,326.7,367.6,39.0,79.4,154.0,196.8,8.0,16.0,36.9,43.9,444.5,377.3,67.1,33583.8,28528.3,5055.5,34228.6,29076.1,5152.5,0.004727534328785792,0.004640110827442198,0.005278921369246781,0.004694218941446453,0.004610838121744513,0.005227694652799486
SLV,222,All Global Voyages,2739872.0,58539.0,81475141.7,114361946.3,2002.6,2002.5,2008.8,2009.1,358.8,1354.1,1507.6,1784.2,41.0,231.2,403.1,445.6,19.0,89.0,69.9,77.7,9402364.3,8131271.3,1271093.0,715428735.4,618723859.3,96704876.1,729164967.1,630603357.4,98561609.7,100.0,100.0,100.0,100.0,100.0,100.0
SLV,222,All International Voyages,1244079.0,43111.0,72080717.8,102661963.7,2003.7,2003.9,2009.1,2009.4,663.1,1807.6,2057.2,2437.2,67.0,235.5,428.7,472.1,22.0,85.3,69.1,76.9,7421794.7,6689478.0,732316.7,564552047.5,508802890.5,55749157.0,575391446.8,518571906.0,56819540.9,78.93540883115962,82.26853776235458,57.613148683849246,78.91101091820406,82.23424438114164,57.64875499999063
SLV,222,All Domestic Voyages,1495793.0,55373.0,9394423.9,11699982.6,2001.6,2002.7,2006.1,2006.6,222.5,777.4,494.4,532.4,27.0,173.3,206.5,213.1,17.0,86.5,76.1,84.0,1980569.6,1441793.3,538776.3,150876687.9,109920968.8,40955719.1,153773520.3,112031451.4,41742068.9,21.064591168840373,17.731462237645424,42.38685131615075,21.088989081795948,17.765755618858368,42.35124510146875
SLV,222,Int. Arr. Inventory,658.0,381.0,21625.4,33611.6,2008.7,2009.5,2010.8,2011.2,264.7,1849.4,1147.3,1429.3,32.0,193.6,417.7,436.2,37.0,61.1,85.8,90.6,2697.5,2296.0,401.5,208056.0,177168.7,30887.3,212050.7,180570.3,31480.4,0.028689592467715803,0.028236667001874605,0.03158698852090288,0.029081306640849448,0.028634528801828416,0.03193981926210363
SLV,222,Int. Dep. Inventory,655.0,378.0,17794.8,23756.9,2008.6,2009.4,2010.3,2010.9,287.1,1275.4,947.9,1012.0,43.0,156.5,327.1,310.1,31.0,74.5,73.1,85.3,2234.3,1857.9,376.3,172348.9,143510.6,28838.4,175658.0,146266.0,29392.0,0.023763171992814615,0.022848825619678933,0.029604442790574725,0.02409029615048822,0.023194611681590135,0.029820941530341098
SLV,222,Domestic Inventory,3.0,3.0,6.7,6.3,1991.3,1991.3,1995.0,2006.8,171.3,172.5,174.5,172.9,22.0,42.3,55.7,81.1,38.0,182.7,195.2,95.3,3.7,1.1,2.6,283.3,86.9,196.3,288.7,88.6,200.1,3.935180431160277e-05,1.3528019905079297e-05,0.00020454836900211078,3.959323514241281e-05,1.4050036201091752e-05,0.00020302022319751135
MUS,480,All Global Voyages,2739872.0,58539.0,81475141.7,114361946.3,2002.6,2002.5,2008.8,2009.1,358.8,1354.1,1507.6,1784.2,41.0,231.2,403.1,445.6,19.0,89.0,69.9,77.7,9402364.3,8131271.3,1271093.0,715428735.4,618723859.3,96704876.1,729164967.1,630603357.4,98561609.7,100.0,100.0,100.0,100.0,100.0,100.0
MUS,480,All International Voyages,1244079.0,43111.0,72080717.8,102661963.7,2003.7,2003.9,2009.1,2009.4,663.1,1807.6,2057.2,2437.2,67.0,235.5,428.7,472.1,22.0,85.3,69.1,76.9,7421794.7,6689478.0,732316.7,564552047.5,508802890.5,55749157.0,575391446.8,518571906.0,56819540.9,78.93540883115962,82.26853776235458,57.613148683849246,78.91101091820406,82.23424438114164,57.64875499999063
MUS,480,All Domestic Voyages,1495793.0,55373.0,9394423.9,11699982.6,2001.6,2002.7,2006.1,2006.6,222.5,777.4,494.4,532.4,27.0,173.3,206.5,213.1,17.0,86.5,76.1,84.0,1980569.6,1441793.3,538776.3,150876687.9,109920968.8,40955719.1,153773520.3,112031451.4,41742068.9,21.064591168840373,17.731462237645424,42.38685131615075,21.088989081795948,17.765755618858368,42.35124510146875
MUS,480,Int. Arr. Inventory,1686.0,1077.0,264040.7,409267.2,2006.4,2007.5,2008.7,2008.7,2467.2,4186.1,3424.6,3729.6,219.0,447.3,505.8,536.8,20.0,55.9,26.0,22.7,23781.8,22714.2,1067.6,1772810.4,1691116.8,81693.6,1806848.4,1723586.3,83262.1,0.25293425399396613,0.2793437724799565,0.08399070721025133,0.2477969295735793,0.2733233624233159,0.08447721202345583
MUS,480,Int. Dep. Inventory,1670.0,1074.0,265403.5,409435.2,2006.5,2007.5,2008.6,2008.7,2883.2,3863.8,3436.1,3708.7,253.5,366.7,498.6,548.8,38.0,121.0,76.2,76.9,24457.6,22560.8,1896.8,1831441.8,1686270.1,145171.8,1866605.5,1718646.5,147959.1,0.2601218078733665,0.2774572286131936,0.14922590243200143,0.25599220810398693,0.27254001740270467,0.15011838833634633
MUS,480,Domestic Inventory,110.0,28.0,399.4,427.8,1999.2,2003.0,2004.6,2005.0,357.5,294.0,297.3,264.4,39.0,94.2,236.2,216.5,49.5,43.4,68.3,57.2,104.1,72.3,31.8,7955.8,5546.0,2409.8,8108.5,5652.4,2456.1,0.0011071683321183373,0.000889159853761121,0.002501783897795047,0.0011120254490899005,0.0008963479077093794,0.0024919438790375194
DOM,214,All Global Voyages,2739872.0,58539.0,81475141.7,114361946.3,2002.6,2002.5,2008.8,2009.1,358.8,1354.1,1507.6,1784.2,41.0,231.2,403.1,445.6,19.0,89.0,69.9,77.7,9402364.3,8131271.3,1271093.0,715428735.4,618723859.3,96704876.1,729164967.1,630603357.4,98561609.7,100.0,100.0,100.0,100.0,100.0,100.0
DOM,214,All International Voyages,1244079.0,43111.0,72080717.8,102661963.7,2003.7,2003.9,2009.1,2009.4,663.1,1807.6,2057.2,2437.2,67.0,235.5,428.7,472.1,22.0,85.3,69.1,76.9,7421794.7,6689478.0,732316.7,564552047.5,508802890.5,55749157.0,575391446.8,518571906.0,56819540.9,78.93540883115962,82.26853776235458,57.613148683849246,78.91101091820406,82.23424438114164,57.64875499999063
DOM,214,All Domestic Voyages,1495793.0,55373.0,9394423.9,11699982.6,2001.6,2002.7,2006.1,2006.6,222.5,777.4,494.4,532.4,27.0,173.3,206.5,213.1,17.0,86.5,76.1,84.0,1980569.6,1441793.3,538776.3,150876687.9,109920968.8,40955719.1,153773520.3,112031451.4,41742068.9,21.064591168840373,17.731462237645424,42.38685131615075,21.088989081795948,17.765755618858368,42.35124510146875
DOM,214,Int. Arr. Inventory,3823.0,1055.0,137348.5,142257.8,2004.0,2006.3,2008.5,2008.9,659.1,1483.6,1223.6,1456.1,58.0,143.2,205.2,216.1,16.0,56.1,32.9,37.2,19181.7,17623.7,1558.0,1471952.9,1354140.8,117812.1,1500214.4,1380140.3,120074.1,0.204009325611857,0.21673978581922362,0.12257167650203407,0.20574416869841963,0.2188602841713954,0.12182643969135581
DOM,214,Int. Dep. Inventory,3833.0,1051.0,178763.0,186688.7,2003.9,2006.2,2009.5,2009.8,631.5,1469.5,1588.8,1907.0,53.0,142.9,344.4,354.3,20.0,56.5,33.1,37.4,23599.9,21674.6,1925.3,1809906.5,1663560.9,146345.7,1844656.7,1695501.2,149155.5,0.2509996342090255,0.26655856384966514,0.15146806724606304,0.25298207994501987,0.26886967538368517,0.15133224838149129
DOM,214,Domestic Inventory,719.0,193.0,1731.5,2099.8,2007.0,2005.4,2008.3,2008.1,148.3,223.7,188.7,201.1,25.0,117.8,132.6,122.4,23.0,65.1,49.2,52.2,747.5,501.5,245.9,56999.0,38301.2,18697.8,58093.4,39036.6,19056.8,0.007950128033222452,0.006167547256724787,0.01934555536062271,0.007967113427163991,0.006190357146360477,0.019334911491405968
VCT,670,All Global Voyages,2739872.0,58539.0,81475141.7,114361946.3,2002.6,2002.5,2008.8,2009.1,358.8,1354.1,1507.6,1784.2,41.0,231.2,403.1,445.6,19.0,89.0,69.9,77.7,9402364.3,8131271.3,1271093.0,715428735.4,618723859.3,96704876.1,729164967.1,630603357.4,98561609.7,100.0,100.0,100.0,100.0,100.0,100.0
VCT,670,All International Voyages,1244079.0,43111.0,72080717.8,102661963.7,2003.7,2003.9,2009.1,2009.4,663.1,1807.6,2057.2,2437.2,67.0,235.5,428.7,472.1,22.0,85.3,69.1,76.9,7421794.7,6689478.0,732316.7,564552047.5,508802890.5,55749157.0,575391446.8,518571906.0,56819540.9,78.93540883115962,82.26853776235458,57.613148683849246,78.91101091820406,82.23424438114164,57.64875499999063
VCT,670,All Domestic Voyages,1495793.0,55373.0,9394423.9,11699982.6,2001.6,2002.7,2006.1,2006.6,222.5,777.4,494.4,532.4,27.0,173.3,206.5,213.1,17.0,86.5,76.1,84.0,1980569.6,1441793.3,538776.3,150876687.9,109920968.8,40955719.1,153773520.3,112031451.4,41742068.9,21.064591168840373,17.731462237645424,42.38685131615075,21.088989081795948,17.765755618858368,42.35124510146875
VCT,670,Int. Arr. Inventory,917.0,156.0,2454.6,1086.7,1988.8,1996.8,2004.1,2003.6,111.0,311.6,184.8,199.0,15.0,51.3,37.0,66.6,9.0,21.5,11.6,17.4,799.4,601.4,198.0,61282.6,46206.2,15076.5,62459.2,47093.3,15365.9,0.008502116855863582,0.007396137428104262,0.0155771450240069,0.008565853108441254,0.007467974828768333,0.015590147164570913
VCT,670,Int. Dep. Inventory,919.0,157.0,3052.6,1367.3,1988.8,1996.6,2003.2,2004.6,129.4,368.2,231.7,250.3,15.0,72.0,70.7,73.5,13.0,54.2,19.9,36.9,1065.3,711.2,354.2,81516.1,54553.8,26962.3,83081.2,55601.2,27480.0,0.011330128954905521,0.00874647977862945,0.027865781654056784,0.011394019700428911,0.008817143034132535,0.027881038148263926
VCT,670,Domestic Inventory,36.0,10.0,26.5,10.0,1970.7,1974.5,1968.8,1968.9,109.5,484.3,449.9,344.0,36.5,77.0,888.0,606.4,9.5,33.3,95.1,106.0,42.4,32.3,10.1,3182.5,2426.5,756.0,3243.6,2473.1,770.6,0.0004509504061653939,0.0003972318572127829,0.0007945917411235843,0.0004448376082713203,0.00039217996082302497,0.0007818459969815205
MYS,458,All Global Voyages,2739872.0,58539.0,81475141.7,114361946.3,2002.6,2002.5,2008.8,2009.1,358.8,1354.1,1507.6,1784.2,41.0,231.2,403.1,445.6,19.0,89.0,69.9,77.7,9402364.3,8131271.3,1271093.0,715428735.4,618723859.3,96704876.1,729164967.1,630603357.4,98561609.7,100.0,100.0,100.0,100.0,100.0,100.0
MYS,458,All International Voyages,1244079.0,43111.0,72080717.8,102661963.7,2003.7,2003.9,2009.1,2009.4,663.1,1807.6,2057.2,2437.2,67.0,235.5,428.7,472.1,22.0,85.3,69.1,76.9,7421794.7,6689478.0,732316.7,564552047.5,508802890.5,55749157.0,575391446.8,518571906.0,56819540.9,78.93540883115962,82.26853776235458,57.613148683849246,78.91101091820406,82.23424438114164,57.64875499999063
MYS,458,All Domestic Voyages,1495793.0,55373.0,9394423.9,11699982.6,2001.6,2002.7,2006.1,2006.6,222.5,777.4,494.4,532.4,27.0,173.3,206.5,213.1,17.0,86.5,76.1,84.0,1980569.6,1441793.3,538776.3,150876687.9,109920968.8,40955719.1,153773520.3,112031451.4,41742068.9,21.064591168840373,17.731462237645424,42.38685131615075,21.088989081795948,17.765755618858368,42.35124510146875
MYS,458,Int. Arr. Inventory,33950.0,9409.0,2830769.0,4297119.5,2007.0,2007.9,2009.5,2009.6,839.2,2164.2,2436.4,2584.9,86.0,222.3,422.6,459.3,19.0,65.9,54.7,53.4,246245.6,224417.5,21828.1,18830920.0,17182207.8,1648712.2,19192473.6,17512106.1,1680367.5,2.618975314538706,2.7599312791346664,1.7172700974672976,2.632116800170939,2.777039781742209,1.704890479279581
MYS,458,Int. Dep. Inventory,33995.0,9485.0,3498322.4,5610990.2,2007.0,2007.9,2009.4,2009.4,811.6,2372.5,2993.6,3348.3,87.0,245.3,522.3,570.4,23.0,82.6,81.2,89.2,271329.8,247115.3,24214.5,20769318.1,18919746.4,1849571.7,21168089.0,19283005.5,1885083.5,2.8857614036503563,3.0390733611360377,1.905014031231389,2.9030589722636715,3.0578659745017083,1.9125940675459565
MYS,458,Domestic Inventory,15913.0,2825.0,116033.8,161187.8,2005.4,2006.9,2004.7,2005.2,306.0,642.5,543.8,553.6,38.0,110.5,175.6,166.3,23.0,86.2,89.9,98.2,26538.5,18375.7,8162.8,2019825.0,1399287.0,620538.0,2058605.6,1426153.3,632452.3,0.2822534753306676,0.22598803215433239,0.6421874717270885,0.2823237117640728,0.22615694687704813,0.6416821944416762
MKD,807,All Global Voyages,2739872.0,58539.0,81475141.7,114361946.3,2002.6,2002.5,2008.8,2009.1,358.8,1354.1,1507.6,1784.2,41.0,231.2,403.1,445.6,19.0,89.0,69.9,77.7,9402364.3,8131271.3,1271093.0,715428735.4,618723859.3,96704876.1,729164967.1,630603357.4,98561609.7,100.0,100.0,100.0,100.0,100.0,100.0
MKD,807,All International Voyages,1244079.0,43111.0,72080717.8,102661963.7,2003.7,2003.9,2009.1,2009.4,663.1,1807.6,2057.2,2437.2,67.0,235.5,428.7,472.1,22.0,85.3,69.1,76.9,7421794.7,6689478.0,732316.7,564552047.5,508802890.5,55749157.0,575391446.8,518571906.0,56819540.9,78.93540883115962,82.26853776235458,57.613148683849246,78.91101091820406,82.23424438114164,57.64875499999063
MKD,807,All Domestic Voyages,1495793.0,55373.0,9394423.9,11699982.6,2001.6,2002.7,2006.1,2006.6,222.5,777.4,494.4,532.4,27.0,173.3,206.5,213.1,17.0,86.5,76.1,84.0,1980569.6,1441793.3,538776.3,150876687.9,109920968.8,40955719.1,153773520.3,112031451.4,41742068.9,21.064591168840373,17.731462237645424,42.38685131615075,21.088989081795948,17.765755618858368,42.35124510146875
MKD,807,Int. Arr. Inventory,1.0,1.0,18.3,31.5,1994.0,1994.0,1994.0,1994.0,702.0,702.0,702.0,702.0,37.0,37.0,37.0,37.0,8.0,8.0,8.0,8.0,2.2,1.8,0.4,166.6,136.9,29.6,169.7,139.6,30.2,2.3398370131223273e-05,2.2136759844675213e-05,3.1468979846478583e-05,2.32731971031086e-05,2.213752882248768e-05,3.0640733336156135e-05
MKD,807,Int. Dep. Inventory,1.0,1.0,71.4,122.4,1994.0,1994.0,1994.0,1994.0,2730.0,2730.0,2730.0,2730.0,157.0,157.0,157.0,157.0,18.0,18.0,18.0,18.0,8.4,7.5,0.9,647.7,581.1,66.6,660.1,592.2,67.9,8.933923141012521e-05,9.223649935281339e-05,7.080520465457681e-05,9.052821100625804e-05,9.391006138020921e-05,6.88909203153974e-05
MKD,807,Domestic Inventory,,,,,,,,,,,,,,,,,,,,,,,,,,,,,,,,,,,
BLM,652,All Global Voyages,2739872.0,58539.0,81475141.7,114361946.3,2002.6,2002.5,2008.8,2009.1,358.8,1354.1,1507.6,1784.2,41.0,231.2,403.1,445.6,19.0,89.0,69.9,77.7,9402364.3,8131271.3,1271093.0,715428735.4,618723859.3,96704876.1,729164967.1,630603357.4,98561609.7,100.0,100.0,100.0,100.0,100.0,100.0
BLM,652,All International Voyages,1244079.0,43111.0,72080717.8,102661963.7,2003.7,2003.9,2009.1,2009.4,663.1,1807.6,2057.2,2437.2,67.0,235.5,428.7,472.1,22.0,85.3,69.1,76.9,7421794.7,6689478.0,732316.7,564552047.5,508802890.5,55749157.0,575391446.8,518571906.0,56819540.9,78.93540883115962,82.26853776235458,57.613148683849246,78.91101091820406,82.23424438114164,57.64875499999063
BLM,652,All Domestic Voyages,1495793.0,55373.0,9394423.9,11699982.6,2001.6,2002.7,2006.1,2006.6,222.5,777.4,494.4,532.4,27.0,173.3,206.5,213.1,17.0,86.5,76.1,84.0,1980569.6,1441793.3,538776.3,150876687.9,109920968.8,40955719.1,153773520.3,112031451.4,41742068.9,21.064591168840373,17.731462237645424,42.38685131615075,21.088989081795948,17.765755618858368,42.35124510146875
BLM,652,Int. Arr. Inventory,310.0,42.0,689.5,241.2,1991.7,1991.8,2001.1,1998.5,182.3,284.8,246.2,216.9,21.0,100.4,42.4,47.1,7.0,41.1,11.3,12.9,325.9,247.3,78.6,24826.6,18871.2,5955.5,25303.3,19233.5,6069.8,0.0034661494662571197,0.0030413448386600998,0.0061836545398330405,0.0034701749455455975,0.0030500154771297768,0.006158381563039753
BLM,652,Int. Dep. Inventory,312.0,43.0,914.9,292.4,1991.7,1992.3,2004.2,1999.9,138.1,344.2,327.4,263.2,22.0,66.0,56.2,77.2,10.0,33.3,12.7,21.0,332.1,258.0,74.1,25388.0,19792.2,5595.8,25875.5,20172.2,5703.2,0.0035320903275360216,0.0031729355777367807,0.0058296285165601565,0.0035486482713110584,0.0031988729148494702,0.005786431468965751
BLM,652,Domestic Inventory,,,,,,,,,,,,,,,,,,,,,,,,,,,,,,,,,,,
AFG,004,All Global Voyages,2739872.0,58539.0,81475141.7,114361946.3,2002.6,2002.5,2008.8,2009.1,358.8,1354.1,1507.6,1784.2,41.0,231.2,403.1,445.6,19.0,89.0,69.9,77.7,9402364.3,8131271.3,1271093.0,715428735.4,618723859.3,96704876.1,729164967.1,630603357.4,98561609.7,100.0,100.0,100.0,100.0,100.0,100.0
AFG,004,All International Voyages,1244079.0,43111.0,72080717.8,102661963.7,2003.7,2003.9,2009.1,2009.4,663.1,1807.6,2057.2,2437.2,67.0,235.5,428.7,472.1,22.0,85.3,69.1,76.9,7421794.7,6689478.0,732316.7,564552047.5,508802890.5,55749157.0,575391446.8,518571906.0,56819540.9,78.93540883115962,82.26853776235458,57.613148683849246,78.91101091820406,82.23424438114164,57.64875499999063
AFG,004,All Domestic Voyages,1495793.0,55373.0,9394423.9,11699982.6,2001.6,2002.7,2006.1,2006.6,222.5,777.4,494.4,532.4,27.0,173.3,206.5,213.1,17.0,86.5,76.1,84.0,1980569.6,1441793.3,538776.3,150876687.9,109920968.8,40955719.1,153773520.3,112031451.4,41742068.9,21.064591168840373,17.731462237645424,42.38685131615075,21.088989081795948,17.765755618858368,42.35124510146875
AFG,004,Int. Arr. Inventory,2.0,2.0,11.1,11.4,2005.5,2005.5,1996.2,1996.1,5726.4,5726.4,8731.3,9770.9,762.5,762.5,1439.8,1448.2,516.5,516.5,1019.0,1025.2,5.6,3.7,1.8,418.0,279.5,138.5,426.0,284.8,141.2,5.955948760675013e-05,4.550333968072127e-05,0.00014161040930915362,5.8422993317173046e-05,4.516309605046198e-05,0.0001432606472538161
AFG,004,Int. Dep. Inventory,1.0,1.0,0.0,0.0,2015.0,2015.0,2015.0,2015.0,94.2,94.2,94.2,94.2,11.0,11.0,11.0,11.0,2.0,2.0,2.0,2.0,0.1,0.0,0.0,3.8,3.4,0.4,3.9,3.5,0.4,1.0635622786919669e-06,0.0,0.0,5.348583895234151e-07,5.550240034291324e-07,4.058375276312071e-07
AFG,004,Domestic Inventory,,,,,,,,,,,,,,,,,,,,,,,,,,,,,,,,,,,
GGY,831,All Global Voyages,2739872.0,58539.0,81475141.7,114361946.3,2002.6,2002.5,2008.8,2009.1,358.8,1354.1,1507.6,1784.2,41.0,231.2,403.1,445.6,19.0,89.0,69.9,77.7,9402364.3,8131271.3,1271093.0,715428735.4,618723859.3,96704876.1,729164967.1,630603357.4,98561609.7,100.0,100.0,100.0,100.0,100.0,100.0
GGY,831,All International Voyages,1244079.0,43111.0,72080717.8,102661963.7,2003.7,2003.9,2009.1,2009.4,663.1,1807.6,2057.2,2437.2,67.0,235.5,428.7,472.1,22.0,85.3,69.1,76.9,7421794.7,6689478.0,732316.7,564552047.5,508802890.5,55749157.0,575391446.8,518571906.0,56819540.9,78.93540883115962,82.26853776235458,57.613148683849246,78.91101091820406,82.23424438114164,57.64875499999063
GGY,831,All Domestic Voyages,1495793.0,55373.0,9394423.9,11699982.6,2001.6,2002.7,2006.1,2006.6,222.5,777.4,494.4,532.4,27.0,173.3,206.5,213.1,17.0,86.5,76.1,84.0,1980569.6,1441793.3,538776.3,150876687.9,109920968.8,40955719.1,153773520.3,112031451.4,41742068.9,21.064591168840373,17.731462237645424,42.38685131615075,21.088989081795948,17.765755618858368,42.35124510146875
GGY,831,Int. Arr. Inventory,626.0,62.0,2637.6,480.8,1998.6,1996.7,2003.5,2000.1,113.0,225.5,220.2,165.6,9.0,25.1,25.4,20.0,0.0,16.7,17.0,12.7,741.2,565.5,175.8,56006.2,42809.8,13196.3,57081.5,43631.8,13449.7,0.007883123609664859,0.006954632051202129,0.013830616642527337,0.007828338246559185,0.006919056089376921,0.013645982488453615
GGY,831,Int. Dep. Inventory,625.0,62.0,2740.3,526.3,1998.6,1996.7,2004.0,2000.4,149.7,258.6,229.0,181.6,14.0,32.5,77.2,47.8,2.0,36.4,15.0,12.5,883.5,758.4,125.1,66668.4,57168.5,9499.9,67948.4,58266.1,9682.3,0.009396572732243527,0.009326954814556488,0.009841923446986176,0.00931865943453662,0.009239738310343477,0.00982360173445909
GGY,831,Domestic Inventory,,,,,,,,,,,,,,,,,,,,,,,,,,,,,,,,,,,
ARG,032,All Global Voyages,2739872.0,58539.0,81475141.7,114361946.3,2002.6,2002.5,2008.8,2009.1,358.8,1354.1,1507.6,1784.2,41.0,231.2,403.1,445.6,19.0,89.0,69.9,77.7,9402364.3,8131271.3,1271093.0,715428735.4,618723859.3,96704876.1,729164967.1,630603357.4,98561609.7,100.0,100.0,100.0,100.0,100.0,100.0
ARG,032,All International Voyages,1244079.0,43111.0,72080717.8,102661963.7,2003.7,2003.9,2009.1,2009.4,663.1,1807.6,2057.2,2437.2,67.0,235.5,428.7,472.1,22.0,85.3,69.1,76.9,7421794.7,6689478.0,732316.7,564552047.5,508802890.5,55749157.0,575391446.8,518571906.0,56819540.9,78.93540883115962,82.26853776235458,57.613148683849246,78.91101091820406,82.23424438114164,57.64875499999063
ARG,032,All Domestic Voyages,1495793.0,55373.0,9394423.9,11699982.6,2001.6,2002.7,2006.1,2006.6,222.5,777.4,494.4,532.4,27.0,173.3,206.5,213.1,17.0,86.5,76.1,84.0,1980569.6,1441793.3,538776.3,150876687.9,109920968.8,40955719.1,153773520.3,112031451.4,41742068.9,21.064591168840373,17.731462237645424,42.38685131615075,21.088989081795948,17.765755618858368,42.35124510146875
ARG,032,Int. Arr. Inventory,5324.0,2500.0,186802.8,265483.5,2006.4,2009.1,2009.8,2010.1,363.6,1450.8,1149.8,1277.6,50.0,160.2,444.1,493.8,34.0,72.2,74.3,80.8,21706.3,18538.4,3167.8,1635814.9,1393057.4,242757.6,1667222.6,1419804.1,247418.5,0.2308600188997144,0.22798894928029276,0.24921858589418713,0.22864820379821563,0.22515010161917037,0.25102928082555453
ARG,032,Int. Dep. Inventory,5234.0,2437.0,394703.3,608928.5,2006.3,2009.0,2010.5,2010.7,904.2,3624.1,2472.2,3009.0,98.0,341.5,518.1,558.1,22.0,69.5,65.7,68.6,40304.9,37715.9,2589.0,3067833.1,2869458.1,198375.0,3126735.5,2924551.7,202183.8,0.42866771286451855,0.4638376781254365,0.2036829720563326,0.4288104394860744,0.4637703979341357,0.2051344337977061
ARG,032,Domestic Inventory,7230.0,1672.0,38517.6,59912.7,1998.9,2006.3,2007.1,2007.7,231.8,696.4,391.8,388.7,38.0,148.3,171.4,149.0,27.0,75.9,104.5,95.0,11205.5,7532.9,3672.5,854668.6,575642.5,279026.1,871078.2,586694.9,284383.4,0.11917747113882834,0.09264111012997438,0.2889245712154815,0.11946243158998852,0.09303707205412987,0.28853363988839154
SYC,690,All Global Voyages,2739872.0,58539.0,81475141.7,114361946.3,2002.6,2002.5,2008.8,2009.1,358.8,1354.1,1507.6,1784.2,41.0,231.2,403.1,445.6,19.0,89.0,69.9,77.7,9402364.3,8131271.3,1271093.0,715428735.4,618723859.3,96704876.1,729164967.1,630603357.4,98561609.7,100.0,100.0,100.0,100.0,100.0,100.0
SYC,690,All International Voyages,1244079.0,43111.0,72080717.8,102661963.7,2003.7,2003.9,2009.1,2009.4,663.1,1807.6,2057.2,2437.2,67.0,235.5,428.7,472.1,22.0,85.3,69.1,76.9,7421794.7,6689478.0,732316.7,564552047.5,508802890.5,55749157.0,575391446.8,518571906.0,56819540.9,78.93540883115962,82.26853776235458,57.613148683849246,78.91101091820406,82.23424438114164,57.64875499999063
SYC,690,All Domestic Voyages,1495793.0,55373.0,9394423.9,11699982.6,2001.6,2002.7,2006.1,2006.6,222.5,777.4,494.4,532.4,27.0,173.3,206.5,213.1,17.0,86.5,76.1,84.0,1980569.6,1441793.3,538776.3,150876687.9,109920968.8,40955719.1,153773520.3,112031451.4,41742068.9,21.064591168840373,17.731462237645424,42.38685131615075,21.088989081795948,17.765755618858368,42.35124510146875
SYC,690,Int. Arr. Inventory,290.0,130.0,9405.0,9117.3,2001.2,2001.0,2003.1,2004.2,1398.1,5218.8,1605.0,1685.3,152.0,372.0,245.5,258.7,48.0,458.7,280.9,258.8,2777.1,1963.7,813.4,212123.4,150703.3,61420.0,216196.1,153596.8,62599.3,0.02953618804155461,0.024149975170549287,0.0639921705178142,0.029649819965959803,0.02435711738568679,0.06351286285861056
SYC,690,Int. Dep. Inventory,297.0,134.0,9095.3,8944.5,2001.3,2001.2,2003.1,2004.0,1306.8,4295.5,1529.9,1632.4,121.0,492.5,562.3,517.7,26.0,193.5,126.2,130.3,2434.2,2055.6,378.6,185979.6,157258.6,28721.0,189550.4,160278.0,29272.4,0.025889232987919855,0.02528017974261909,0.02978538942469198,0.025995544019876707,0.025416610634746994,0.02969959610957937
SYC,690,Domestic Inventory,29.0,22.0,1150.0,887.7,2002.6,2002.4,2006.8,2006.3,12795.7,15252.5,15244.0,13164.1,1216.0,1881.3,3038.4,2891.6,144.0,451.0,643.6,628.1,590.1,532.5,57.7,44386.6,40056.2,4330.4,45238.8,40825.3,4413.5,0.006276081006561297,0.006548791454049749,0.004539400342854535,0.006204192746659455,0.0064740061277701036,0.004477909820500832
FLK,238,All Global Voyages,2739872.0,58539.0,81475141.7,114361946.3,2002.6,2002.5,2008.8,2009.1,358.8,1354.1,1507.6,1784.2,41.0,231.2,403.1,445.6,19.0,89.0,69.9,77.7,9402364.3,8131271.3,1271093.0,715428735.4,618723859.3,96704876.1,729164967.1,630603357.4,98561609.7,100.0,100.0,100.0,100.0,100.0,100.0
FLK,238,All International Voyages,1244079.0,43111.0,72080717.8,102661963.7,2003.7,2003.9,2009.1,2009.4,663.1,1807.6,2057.2,2437.2,67.0,235.5,428.7,472.1,22.0,85.3,69.1,76.9,7421794.7,6689478.0,732316.7,564552047.5,508802890.5,55749157.0,575391446.8,518571906.0,56819540.9,78.93540883115962,82.26853776235458,57.613148683849246,78.91101091820406,82.23424438114164,57.64875499999063
FLK,238,All Domestic Voyages,1495793.0,55373.0,9394423.9,11699982.6,2001.6,2002.7,2006.1,2006.6,222.5,777.4,494.4,532.4,27.0,173.3,206.5,213.1,17.0,86.5,76.1,84.0,1980569.6,1441793.3,538776.3,150876687.9,109920968.8,40955719.1,153773520.3,112031451.4,41742068.9,21.064591168840373,17.731462237645424,42.38685131615075,21.088989081795948,17.765755618858368,42.35124510146875
FLK,238,Int. Arr. Inventory,233.0,120.0,4254.1,2582.6,1996.3,1996.3,1998.6,1997.9,1679.7,3693.8,1490.1,2447.7,183.0,511.3,462.9,610.8,36.0,75.7,61.8,84.9,1384.8,1255.8,129.1,105625.7,95855.3,9770.5,107653.8,97695.7,9958.1,0.014728210435326353,0.01544407945163507,0.010156613245450962,0.01476398412668611,0.015492416723374711,0.01010342670976081
FLK,238,Int. Dep. Inventory,270.0,152.0,5230.9,3459.9,1995.6,1994.7,1998.0,1996.9,2765.2,6356.2,1786.8,3188.1,429.0,1384.1,931.2,1259.5,28.0,586.8,183.5,231.0,2223.6,1944.1,279.5,168744.6,147680.1,21064.5,171984.5,150515.6,21469.0,0.023649370828994574,0.023908930452240598,0.02198894966772691,0.023586500690510204,0.023868505968725123,0.021782314701785963
FLK,238,Domestic Inventory,,,,,,,,,,,,,,,,,,,,,,,,,,,,,,,,,,,
MAF,663,All Global Voyages,2739872.0,58539.0,81475141.7,114361946.3,2002.6,2002.5,2008.8,2009.1,358.8,1354.1,1507.6,1784.2,41.0,231.2,403.1,445.6,19.0,89.0,69.9,77.7,9402364.3,8131271.3,1271093.0,715428735.4,618723859.3,96704876.1,729164967.1,630603357.4,98561609.7,100.0,100.0,100.0,100.0,100.0,100.0
MAF,663,All International Voyages,1244079.0,43111.0,72080717.8,102661963.7,2003.7,2003.9,2009.1,2009.4,663.1,1807.6,2057.2,2437.2,67.0,235.5,428.7,472.1,22.0,85.3,69.1,76.9,7421794.7,6689478.0,732316.7,564552047.5,508802890.5,55749157.0,575391446.8,518571906.0,56819540.9,78.93540883115962,82.26853776235458,57.613148683849246,78.91101091820406,82.23424438114164,57.64875499999063
MAF,663,All Domestic Voyages,1495793.0,55373.0,9394423.9,11699982.6,2001.6,2002.7,2006.1,2006.6,222.5,777.4,494.4,532.4,27.0,173.3,206.5,213.1,17.0,86.5,76.1,84.0,1980569.6,1441793.3,538776.3,150876687.9,109920968.8,40955719.1,153773520.3,112031451.4,41742068.9,21.064591168840373,17.731462237645424,42.38685131615075,21.088989081795948,17.765755618858368,42.35124510146875
MAF,663,Int. Arr. Inventory,241.0,34.0,149.4,142.4,1988.3,1986.7,1995.3,1998.0,110.2,337.9,157.9,163.3,13.0,72.6,100.9,92.8,8.0,26.1,20.1,24.5,96.1,58.7,37.5,7269.7,4453.4,2816.4,7409.3,4538.9,2870.4,0.00102208334982298,0.0007219043349346861,0.002950216860607367,0.001016134939870728,0.0007197709854755682,0.002912290098281542
MAF,663,Int. Dep. Inventory,241.0,34.0,343.6,378.6,1988.4,1986.7,1999.2,2002.1,177.4,485.9,360.9,431.6,17.0,115.5,446.3,507.1,9.0,35.4,123.1,120.7,136.8,98.3,38.5,10375.5,7478.7,2896.8,10574.7,7622.3,2952.4,0.0014549531972506105,0.0012089130515175405,0.0030288893102235633,0.0014502479517162201,0.0012087312746679646,0.0029954867914459395
MAF,663,Domestic Inventory,,,,,,,,,,,,,,,,,,,,,,,,,,,,,,,,,,,
VEN,862,All Global Voyages,2739872.0,58539.0,81475141.7,114361946.3,2002.6,2002.5,2008.8,2009.1,358.8,1354.1,1507.6,1784.2,41.0,231.2,403.1,445.6,19.0,89.0,69.9,77.7,9402364.3,8131271.3,1271093.0,715428735.4,618723859.3,96704876.1,729164967.1,630603357.4,98561609.7,100.0,100.0,100.0,100.0,100.0,100.0
VEN,862,All International Voyages,1244079.0,43111.0,72080717.8,102661963.7,2003.7,2003.9,2009.1,2009.4,663.1,1807.6,2057.2,2437.2,67.0,235.5,428.7,472.1,22.0,85.3,69.1,76.9,7421794.7,6689478.0,732316.7,564552047.5,508802890.5,55749157.0,575391446.8,518571906.0,56819540.9,78.93540883115962,82.26853776235458,57.613148683849246,78.91101091820406,82.23424438114164,57.64875499999063
VEN,862,All Domestic Voyages,1495793.0,55373.0,9394423.9,11699982.6,2001.6,2002.7,2006.1,2006.6,222.5,777.4,494.4,532.4,27.0,173.3,206.5,213.1,17.0,86.5,76.1,84.0,1980569.6,1441793.3,538776.3,150876687.9,109920968.8,40955719.1,153773520.3,112031451.4,41742068.9,21.064591168840373,17.731462237645424,42.38685131615075,21.088989081795948,17.765755618858368,42.35124510146875
VEN,862,Int. Arr. Inventory,2057.0,1105.0,228039.9,418553.3,2007.1,2008.0,2009.5,2009.5,1122.0,2220.2,2854.8,2995.1,157.0,271.1,739.7,761.7,91.0,252.5,356.2,362.2,29049.2,16463.3,12585.9,2243692.8,1270759.8,972933.0,2286771.7,1295158.4,991613.4,0.3089563334617868,0.20246895463935632,0.9901635836244869,0.3136151355563391,0.2053840000693913,1.006084826554938
VEN,862,Int. Dep. Inventory,2046.0,1117.0,242480.2,446344.9,2007.1,2007.9,2009.5,2009.6,1178.5,2301.8,3052.5,3213.6,162.0,314.5,780.6,799.7,36.0,79.3,61.5,61.2,25979.6,22958.8,3020.8,2003704.5,1773217.4,230487.1,2042175.6,1807263.2,234912.4,0.2763092257550582,0.28235191217884953,0.23765373580060625,0.28007044936923436,0.28659270186118424,0.2383406690647829
VEN,862,Domestic Inventory,3267.0,337.0,18866.3,31044.0,2007.2,2006.2,2004.4,2004.4,211.6,396.6,334.9,330.6,36.0,187.1,223.1,214.1,45.0,171.9,177.5,181.7,12287.3,5548.0,6739.3,946291.2,426968.7,519322.4,964459.9,435166.5,529293.4,0.13068308786971802,0.06823041312125448,0.5301972396984328,0.13226909458305486,0.06900795799664101,0.537017812118789
PHL,608,All Global Voyages,2739872.0,58539.0,81475141.7,114361946.3,2002.6,2002.5,2008.8,2009.1,358.8,1354.1,1507.6,1784.2,41.0,231.2,403.1,445.6,19.0,89.0,69.9,77.7,9402364.3,8131271.3,1271093.0,715428735.4,618723859.3,96704876.1,729164967.1,630603357.4,98561609.7,100.0,100.0,100.0,100.0,100.0,100.0
PHL,608,All International Voyages,1244079.0,43111.0,72080717.8,102661963.7,2003.7,2003.9,2009.1,2009.4,663.1,1807.6,2057.2,2437.2,67.0,235.5,428.7,472.1,22.0,85.3,69.1,76.9,7421794.7,6689478.0,732316.7,564552047.5,508802890.5,55749157.0,575391446.8,518571906.0,56819540.9,78.93540883115962,82.26853776235458,57.613148683849246,78.91101091820406,82.23424438114164,57.64875499999063
PHL,608,All Domestic Voyages,1495793.0,55373.0,9394423.9,11699982.6,2001.6,2002.7,2006.1,2006.6,222.5,777.4,494.4,532.4,27.0,173.3,206.5,213.1,17.0,86.5,76.1,84.0,1980569.6,1441793.3,538776.3,150876687.9,109920968.8,40955719.1,153773520.3,112031451.4,41742068.9,21.064591168840373,17.731462237645424,42.38685131615075,21.088989081795948,17.765755618858368,42.35124510146875
PHL,608,Int. Arr. Inventory,8698.0,3407.0,325824.4,488636.5,2006.0,2007.4,2007.9,2008.4,1382.9,1882.4,1774.9,1921.2,116.5,198.4,295.0,324.7,41.0,116.7,115.8,124.8,44541.0,37335.3,7205.7,3423661.2,2875393.3,548267.9,3489395.5,2930600.9,558794.6,0.47372127455218893,0.45915698323827914,0.5668900701994267,0.47854678398468,0.46472966970600527,0.5669495472941732
PHL,608,Int. Dep. Inventory,8668.0,3392.0,319874.9,462351.4,2006.0,2007.4,2008.1,2008.5,1412.8,1822.7,1732.5,1807.3,121.0,207.7,350.3,350.3,25.0,86.3,85.7,97.2,43421.4,38461.0,4960.4,3332401.1,2952952.8,379448.3,3396383.2,3009649.5,386733.7,0.4618136312799536,0.4730010668811407,0.39024681907618086,0.465790781681124,0.47726506125956764,0.39237762164917245
PHL,608,Domestic Inventory,28012.0,1533.0,68456.2,81717.9,1997.3,2004.6,2000.4,2002.5,326.5,600.1,452.8,467.9,32.0,103.4,177.2,177.3,20.0,95.6,69.4,76.6,24305.9,16689.7,7616.2,1850111.2,1274299.0,575812.2,1885633.3,1298765.6,586867.8,0.25850838389659075,0.20525326709981995,0.5991851107668754,0.2586017410435187,0.20595602366515406,0.5954324424959144
GUF,254,All Global Voyages,2739872.0,58539.0,81475141.7,114361946.3,2002.6,2002.5,2008.8,2009.1,358.8,1354.1,1507.6,1784.2,41.0,231.2,403.1,445.6,19.0,89.0,69.9,77.7,9402364.3,8131271.3,1271093.0,715428735.4,618723859.3,96704876.1,729164967.1,630603357.4,98561609.7,100.0,100.0,100.0,100.0,100.0,100.0
GUF,254,All International Voyages,1244079.0,43111.0,72080717.8,102661963.7,2003.7,2003.9,2009.1,2009.4,663.1,1807.6,2057.2,2437.2,67.0,235.5,428.7,472.1,22.0,85.3,69.1,76.9,7421794.7,6689478.0,732316.7,564552047.5,508802890.5,55749157.0,575391446.8,518571906.0,56819540.9,78.93540883115962,82.26853776235458,57.613148683849246,78.91101091820406,82.23424438114164,57.64875499999063
GUF,254,All Domestic Voyages,1495793.0,55373.0,9394423.9,11699982.6,2001.6,2002.7,2006.1,2006.6,222.5,777.4,494.4,532.4,27.0,173.3,206.5,213.1,17.0,86.5,76.1,84.0,1980569.6,1441793.3,538776.3,150876687.9,109920968.8,40955719.1,153773520.3,112031451.4,41742068.9,21.064591168840373,17.731462237645424,42.38685131615075,21.088989081795948,17.765755618858368,42.35124510146875
GUF,254,Int. Arr. Inventory,238.0,58.0,2751.1,2647.1,2007.1,2007.6,2008.6,2008.6,741.5,1471.2,967.6,867.2,66.5,184.0,168.6,150.8,46.0,154.4,86.4,90.9,687.3,550.9,136.4,52664.8,42327.8,10337.1,53676.0,43140.5,10535.6,0.007309863541449887,0.006775078332461985,0.010730922127649197,0.007361297157963803,0.0068411465771241395,0.010689354640278363
GUF,254,Int. Dep. Inventory,232.0,57.0,2275.9,2259.1,2007.1,2007.3,2008.6,2008.7,717.4,1083.2,807.6,745.3,62.0,120.6,118.6,111.3,24.0,67.6,38.8,43.2,568.7,485.6,83.0,43590.2,37309.2,6281.0,44427.1,38025.5,6401.6,0.006048478678921216,0.005972005878096824,0.006529813318144306,0.006092873630050183,0.006030018640684136,0.0064950237922098385
GUF,254,Domestic Inventory,1.0,1.0,0.0,0.0,1962.0,1962.0,1962.0,1962.0,134.6,134.6,134.6,134.6,14.0,14.0,14.0,14.0,8.0,8.0,8.0,8.0,0.2,0.2,0.0,13.5,12.3,1.2,13.7,12.5,1.2,2.1271245573839337e-06,2.4596399827416905e-06,0.0,1.8788615221719967e-06,1.982228583675473e-06,1.2175125828936213e-06
PRI,630,All Global Voyages,2739872.0,58539.0,81475141.7,114361946.3,2002.6,2002.5,2008.8,2009.1,358.8,1354.1,1507.6,1784.2,41.0,231.2,403.1,445.6,19.0,89.0,69.9,77.7,9402364.3,8131271.3,1271093.0,715428735.4,618723859.3,96704876.1,729164967.1,630603357.4,98561609.7,100.0,100.0,100.0,100.0,100.0,100.0
PRI,630,All International Voyages,1244079.0,43111.0,72080717.8,102661963.7,2003.7,2003.9,2009.1,2009.4,663.1,1807.6,2057.2,2437.2,67.0,235.5,428.7,472.1,22.0,85.3,69.1,76.9,7421794.7,6689478.0,732316.7,564552047.5,508802890.5,55749157.0,575391446.8,518571906.0,56819540.9,78.93540883115962,82.26853776235458,57.613148683849246,78.91101091820406,82.23424438114164,57.64875499999063
PRI,630,All Domestic Voyages,1495793.0,55373.0,9394423.9,11699982.6,2001.6,2002.7,2006.1,2006.6,222.5,777.4,494.4,532.4,27.0,173.3,206.5,213.1,17.0,86.5,76.1,84.0,1980569.6,1441793.3,538776.3,150876687.9,109920968.8,40955719.1,153773520.3,112031451.4,41742068.9,21.064591168840373,17.731462237645424,42.38685131615075,21.088989081795948,17.765755618858368,42.35124510146875
PRI,630,Int. Arr. Inventory,2933.0,616.0,74723.0,54376.6,1998.3,2004.1,2007.5,2008.4,372.4,1776.8,820.3,1357.6,38.0,169.8,223.1,279.7,13.0,42.8,27.4,47.0,12601.1,11311.0,1290.0,937423.4,840675.8,96747.6,955421.9,856816.8,98605.2,0.13402054630025342,0.13910493922395628,0.10148746000489342,0.1310295945511286,0.13587254015466807,0.10004422644895175
PRI,630,Int. Dep. Inventory,2951.0,623.0,67218.8,43181.9,1998.2,2003.8,2007.4,2007.6,373.4,1314.1,736.9,1072.0,38.0,150.0,171.3,211.3,14.0,54.3,32.8,49.0,12479.7,10899.1,1580.6,935272.0,814971.0,120301.0,953229.2,830618.4,122610.8,0.13272938169392137,0.13403931067949978,0.12434967386336011,0.13072888070735728,0.13171804276854301,0.12440015983221102
PRI,630,Domestic Inventory,534.0,98.0,473.8,723.5,1982.8,1998.4,2007.4,2008.4,95.2,224.8,217.1,219.4,16.0,82.2,74.2,66.9,30.0,41.8,44.8,45.7,307.2,175.2,131.9,23072.5,13165.4,9907.1,23515.5,13418.2,10097.3,0.0032672633201417216,0.0021546446248817204,0.010376896104376313,0.003224990374060992,0.0021278351665179386,0.010244658169376468
VGB,092,All Global Voyages,2739872.0,58539.0,81475141.7,114361946.3,2002.6,2002.5,2008.8,2009.1,358.8,1354.1,1507.6,1784.2,41.0,231.2,403.1,445.6,19.0,89.0,69.9,77.7,9402364.3,8131271.3,1271093.0,715428735.4,618723859.3,96704876.1,729164967.1,630603357.4,98561609.7,100.0,100.0,100.0,100.0,100.0,100.0
VGB,092,All International Voyages,1244079.0,43111.0,72080717.8,102661963.7,2003.7,2003.9,2009.1,2009.4,663.1,1807.6,2057.2,2437.2,67.0,235.5,428.7,472.1,22.0,85.3,69.1,76.9,7421794.7,6689478.0,732316.7,564552047.5,508802890.5,55749157.0,575391446.8,518571906.0,56819540.9,78.93540883115962,82.26853776235458,57.613148683849246,78.91101091820406,82.23424438114164,57.64875499999063
VGB,092,All Domestic Voyages,1495793.0,55373.0,9394423.9,11699982.6,2001.6,2002.7,2006.1,2006.6,222.5,777.4,494.4,532.4,27.0,173.3,206.5,213.1,17.0,86.5,76.1,84.0,1980569.6,1441793.3,538776.3,150876687.9,109920968.8,40955719.1,153773520.3,112031451.4,41742068.9,21.064591168840373,17.731462237645424,42.38685131615075,21.088989081795948,17.765755618858368,42.35124510146875
VGB,092,Int. Arr. Inventory,992.0,123.0,6226.0,2463.3,1987.3,1995.1,2009.9,2007.0,129.0,763.6,633.7,728.4,20.0,116.0,134.6,317.9,10.0,52.6,10.9,16.2,1356.7,1160.9,195.8,104017.4,89128.0,14889.4,106014.6,90839.3,15175.3,0.014429349435013915,0.014276980279824141,0.015404065634851265,0.014539179031274115,0.014405140558485711,0.015396765582654641
VGB,092,Int. Dep. Inventory,989.0,125.0,5434.2,1635.9,1987.3,1994.9,2008.8,2003.4,133.7,522.5,568.1,474.6,19.0,113.1,83.8,141.4,9.0,104.8,18.1,53.0,1394.2,1187.2,206.9,106800.9,91103.7,15697.2,108851.5,92852.9,15998.6,0.0148281852895234,0.014600422937554673,0.016277329825591047,0.014928240509540518,0.014724453796572824,0.016232080673901573
VGB,092,Domestic Inventory,82.0,17.0,8.6,7.0,1983.8,1989.5,1990.6,1988.5,63.3,101.4,78.2,89.5,26.5,58.1,156.9,161.2,7.0,32.5,37.8,46.4,50.4,37.9,12.5,3789.9,2848.8,941.1,3862.6,2903.5,959.1,0.0005360353884607512,0.0004661017767295502,0.0009834056202024557,0.0005297292347110624,0.00046043205541613884,0.0009730969318777268
LBY,434,All Global Voyages,2739872.0,58539.0,81475141.7,114361946.3,2002.6,2002.5,2008.8,2009.1,358.8,1354.1,1507.6,1784.2,41.0,231.2,403.1,445.6,19.0,89.0,69.9,77.7,9402364.3,8131271.3,1271093.0,715428735.4,618723859.3,96704876.1,729164967.1,630603357.4,98561609.7,100.0,100.0,100.0,100.0,100.0,100.0
LBY,434,All International Voyages,1244079.0,43111.0,72080717.8,102661963.7,2003.7,2003.9,2009.1,2009.4,663.1,1807.6,2057.2,2437.2,67.0,235.5,428.7,472.1,22.0,85.3,69.1,76.9,7421794.7,6689478.0,732316.7,564552047.5,508802890.5,55749157.0,575391446.8,518571906.0,56819540.9,78.93540883115962,82.26853776235458,57.613148683849246,78.91101091820406,82.23424438114164,57.64875499999063
LBY,434,All Domestic Voyages,1495793.0,55373.0,9394423.9,11699982.6,2001.6,2002.7,2006.1,2006.6,222.5,777.4,494.4,532.4,27.0,173.3,206.5,213.1,17.0,86.5,76.1,84.0,1980569.6,1441793.3,538776.3,150876687.9,109920968.8,40955719.1,153773520.3,112031451.4,41742068.9,21.064591168840373,17.731462237645424,42.38685131615075,21.088989081795948,17.765755618858368,42.35124510146875
LBY,434,Int. Arr. Inventory,2439.0,925.0,69222.2,103753.0,2001.0,2001.8,2006.5,2007.2,759.8,1203.5,1293.4,1233.7,74.0,127.5,296.0,302.9,43.0,102.2,67.0,69.1,8993.3,6455.8,2537.5,692893.3,498044.2,194849.1,706196.8,507606.6,198590.2,0.09564934640960464,0.07939471900291903,0.19963134090109852,0.09685007259861264,0.08049538494258579,0.20148838944946734
LBY,434,Int. Dep. Inventory,2414.0,903.0,93123.2,158614.4,2001.0,2001.9,2007.8,2008.4,770.5,1440.9,1761.2,1916.1,82.0,172.1,440.0,470.1,28.0,67.7,59.8,59.1,10816.8,8680.3,2136.5,834380.2,670128.3,164251.9,850400.3,682994.8,167405.5,0.11504340456155267,0.10675206471096345,0.16808368860500372,0.11662659869441773,0.10830814520493705,0.1698485855796651
LBY,434,Domestic Inventory,954.0,166.0,3176.0,3931.8,2003.7,2000.1,2002.9,2003.2,183.5,392.8,370.0,366.6,24.0,59.6,110.4,100.3,25.0,97.4,115.6,108.9,1181.8,594.8,587.0,90165.5,45438.6,44726.9,91896.7,46311.0,45585.7,0.012569179009581663,0.007314969308673786,0.046180727924707315,0.012603005375517031,0.0073439190350875864,0.04625096945834479
BGD,050,All Global Voyages,2739872.0,58539.0,81475141.7,114361946.3,2002.6,2002.5,2008.8,2009.1,358.8,1354.1,1507.6,1784.2,41.0,231.2,403.1,445.6,19.0,89.0,69.9,77.7,9402364.3,8131271.3,1271093.0,715428735.4,618723859.3,96704876.1,729164967.1,630603357.4,98561609.7,100.0,100.0,100.0,100.0,100.0,100.0
BGD,050,All International Voyages,1244079.0,43111.0,72080717.8,102661963.7,2003.7,2003.9,2009.1,2009.4,663.1,1807.6,2057.2,2437.2,67.0,235.5,428.7,472.1,22.0,85.3,69.1,76.9,7421794.7,6689478.0,732316.7,564552047.5,508802890.5,55749157.0,575391446.8,518571906.0,56819540.9,78.93540883115962,82.26853776235458,57.613148683849246,78.91101091820406,82.23424438114164,57.64875499999063
BGD,050,All Domestic Voyages,1495793.0,55373.0,9394423.9,11699982.6,2001.6,2002.7,2006.1,2006.6,222.5,777.4,494.4,532.4,27.0,173.3,206.5,213.1,17.0,86.5,76.1,84.0,1980569.6,1441793.3,538776.3,150876687.9,109920968.8,40955719.1,153773520.3,112031451.4,41742068.9,21.064591168840373,17.731462237645424,42.38685131615075,21.088989081795948,17.765755618858368,42.35124510146875
BGD,050,Int. Arr. Inventory,3574.0,1477.0,166288.2,258005.0,2006.3,2007.0,2007.0,2006.8,1543.5,2513.2,2254.8,2338.4,130.0,250.5,372.6,401.4,125.5,177.9,287.6,307.7,23851.8,19322.1,4529.7,1838515.4,1492932.3,345583.1,1873814.9,1521596.6,352218.3,0.2536787475890505,0.23762704855266603,0.3563625950264851,0.25698092812281514,0.24129218186747323,0.35735851014616693
BGD,050,Int. Dep. Inventory,3625.0,1485.0,141984.3,217619.3,2006.5,2007.5,2007.5,2007.7,1459.5,1872.4,1929.9,1983.8,156.0,300.5,594.8,628.8,26.0,87.3,69.2,72.9,18369.0,16444.7,1924.3,1415818.9,1268697.9,147121.0,1443002.6,1293056.9,149945.7,0.1953657549729274,0.20224020812096136,0.15138939479644684,0.1978979606959233,0.2050507477999038,0.15213398041732673
BGD,050,Domestic Inventory,628.0,240.0,4773.7,7680.2,2005.0,2006.8,2004.9,2004.8,306.2,542.9,588.5,599.2,37.0,104.7,250.6,261.3,72.5,158.3,172.7,179.5,1028.9,608.4,420.5,78645.8,46602.5,32043.3,80155.8,47497.3,32658.5,0.010942992285461646,0.007482224827500221,0.03308176506361061,0.01099282105101563,0.007532040456592723,0.03313511224035944
DJI,262,All Global Voyages,2739872.0,58539.0,81475141.7,114361946.3,2002.6,2002.5,2008.8,2009.1,358.8,1354.1,1507.6,1784.2,41.0,231.2,403.1,445.6,19.0,89.0,69.9,77.7,9402364.3,8131271.3,1271093.0,715428735.4,618723859.3,96704876.1,729164967.1,630603357.4,98561609.7,100.0,100.0,100.0,100.0,100.0,100.0
DJI,262,All International Voyages,1244079.0,43111.0,72080717.8,102661963.7,2003.7,2003.9,2009.1,2009.4,663.1,1807.6,2057.2,2437.2,67.0,235.5,428.7,472.1,22.0,85.3,69.1,76.9,7421794.7,6689478.0,732316.7,564552047.5,508802890.5,55749157.0,575391446.8,518571906.0,56819540.9,78.93540883115962,82.26853776235458,57.613148683849246,78.91101091820406,82.23424438114164,57.64875499999063
DJI,262,All Domestic Voyages,1495793.0,55373.0,9394423.9,11699982.6,2001.6,2002.7,2006.1,2006.6,222.5,777.4,494.4,532.4,27.0,173.3,206.5,213.1,17.0,86.5,76.1,84.0,1980569.6,1441793.3,538776.3,150876687.9,109920968.8,40955719.1,153773520.3,112031451.4,41742068.9,21.064591168840373,17.731462237645424,42.38685131615075,21.088989081795948,17.765755618858368,42.35124510146875
DJI,262,Int. Arr. Inventory,1528.0,748.0,106168.4,127936.6,2005.1,2005.0,2008.6,2008.3,1446.1,2061.7,1907.4,1894.1,140.5,249.6,252.7,269.6,26.0,84.4,61.0,74.9,12050.7,10991.2,1059.5,931437.1,849977.3,81459.8,949320.7,866296.9,83023.8,0.12816669951833284,0.13517197489155233,0.08335346036836014,0.13019285660083105,0.13737587817035624,0.08423543431636953
DJI,262,Int. Dep. Inventory,1520.0,748.0,93756.8,107853.9,2005.1,2005.1,2009.2,2008.9,806.8,1701.0,1682.1,1597.6,113.0,191.6,228.1,231.6,37.0,105.3,49.3,57.2,10244.8,8973.8,1271.0,791212.7,693788.5,97424.2,806404.0,707109.2,99294.7,0.1089598283274346,0.1103615863856369,0.0999926834621857,0.11059280634493335,0.11213216544159173,0.10074378888720605
DJI,262,Domestic Inventory,61.0,14.0,24.9,31.4,2011.2,2008.5,2003.8,2001.5,229.7,325.8,89.3,88.0,103.0,226.2,1187.5,1360.6,51.0,413.9,206.0,179.1,84.1,60.6,23.5,6328.9,4552.0,1776.9,6450.4,4639.4,1811.0,0.000894455876379944,0.0007452709147707322,0.0018488025659806166,0.0008846283476363685,0.000735708103288319,0.0018374294063502902
KIR,296,All Global Voyages,2739872.0,58539.0,81475141.7,114361946.3,2002.6,2002.5,2008.8,2009.1,358.8,1354.1,1507.6,1784.2,41.0,231.2,403.1,445.6,19.0,89.0,69.9,77.7,9402364.3,8131271.3,1271093.0,715428735.4,618723859.3,96704876.1,729164967.1,630603357.4,98561609.7,100.0,100.0,100.0,100.0,100.0,100.0
KIR,296,All International Voyages,1244079.0,43111.0,72080717.8,102661963.7,2003.7,2003.9,2009.1,2009.4,663.1,1807.6,2057.2,2437.2,67.0,235.5,428.7,472.1,22.0,85.3,69.1,76.9,7421794.7,6689478.0,732316.7,564552047.5,508802890.5,55749157.0,575391446.8,518571906.0,56819540.9,78.93540883115962,82.26853776235458,57.613148683849246,78.91101091820406,82.23424438114164,57.64875499999063
KIR,296,All Domestic Voyages,1495793.0,55373.0,9394423.9,11699982.6,2001.6,2002.7,2006.1,2006.6,222.5,777.4,494.4,532.4,27.0,173.3,206.5,213.1,17.0,86.5,76.1,84.0,1980569.6,1441793.3,538776.3,150876687.9,109920968.8,40955719.1,153773520.3,112031451.4,41742068.9,21.064591168840373,17.731462237645424,42.38685131615075,21.088989081795948,17.765755618858368,42.35124510146875
KIR,296,Int. Arr. Inventory,169.0,87.0,3057.2,3325.5,1999.5,1997.6,1998.8,1998.1,3212.7,6534.4,2586.1,2628.3,269.0,823.9,986.0,949.3,89.0,296.7,430.8,508.1,1529.5,1159.3,370.1,115733.6,87845.8,27887.7,117955.7,89532.5,28423.2,0.016267185052593634,0.014257303159962207,0.029116673602954307,0.01617681941977105,0.01419791045343394,0.028838003038418315
KIR,296,Int. Dep. Inventory,147.0,74.0,2227.1,2328.9,2000.3,1997.4,2000.4,2000.1,1884.8,4679.6,2020.0,1985.6,233.0,550.9,561.2,600.8,56.0,160.8,115.2,103.1,1010.6,860.6,150.1,76675.2,65403.9,11271.3,78147.4,66659.7,11487.7,0.010748360388461017,0.010583830845737493,0.011808734687391086,0.010717382694728751,0.010570781017538554,0.011655349415422546
KIR,296,Domestic Inventory,3.0,3.0,31.3,25.2,1985.0,1985.0,1984.4,1984.2,4468.0,6389.5,5986.1,8032.5,295.0,249.7,336.7,356.5,274.0,471.3,775.5,845.3,9.2,3.9,5.3,693.8,294.1,399.7,707.1,299.7,407.4,9.784772963966095e-05,4.796297966346296e-05,0.00041696398296584117,9.69739403158992e-05,4.7525912522203135e-05,0.00041334552189238436
BOL,068,All Global Voyages,2739872.0,58539.0,81475141.7,114361946.3,2002.6,2002.5,2008.8,2009.1,358.8,1354.1,1507.6,1784.2,41.0,231.2,403.1,445.6,19.0,89.0,69.9,77.7,9402364.3,8131271.3,1271093.0,715428735.4,618723859.3,96704876.1,729164967.1,630603357.4,98561609.7,100.0,100.0,100.0,100.0,100.0,100.0
BOL,068,All International Voyages,1244079.0,43111.0,72080717.8,102661963.7,2003.7,2003.9,2009.1,2009.4,663.1,1807.6,2057.2,2437.2,67.0,235.5,428.7,472.1,22.0,85.3,69.1,76.9,7421794.7,6689478.0,732316.7,564552047.5,508802890.5,55749157.0,575391446.8,518571906.0,56819540.9,78.93540883115962,82.26853776235458,57.613148683849246,78.91101091820406,82.23424438114164,57.64875499999063
BOL,068,All Domestic Voyages,1495793.0,55373.0,9394423.9,11699982.6,2001.6,2002.7,2006.1,2006.6,222.5,777.4,494.4,532.4,27.0,173.3,206.5,213.1,17.0,86.5,76.1,84.0,1980569.6,1441793.3,538776.3,150876687.9,109920968.8,40955719.1,153773520.3,112031451.4,41742068.9,21.064591168840373,17.731462237645424,42.38685131615075,21.088989081795948,17.765755618858368,42.35124510146875
BOL,068,Int. Arr. Inventory,10.0,3.0,3.1,3.6,2002.4,2000.7,2008.7,2012.0,411.0,473.8,442.0,436.4,75.5,96.8,100.3,96.7,23.0,32.5,26.0,22.4,2.6,2.2,0.4,195.8,166.2,29.6,199.6,169.4,30.2,2.7652619245991137e-05,2.7056039810158594e-05,3.1468979846478583e-05,2.7373778089454786e-05,2.686316176597001e-05,3.0640733336156135e-05
BOL,068,Int. Dep. Inventory,10.0,4.0,2.7,3.0,2002.2,2004.0,2010.9,2013.1,324.2,341.6,356.3,371.5,117.5,289.5,346.2,292.4,5.0,4.5,4.5,4.4,3.1,3.0,0.0,229.6,227.0,2.6,234.0,231.4,2.6,3.297043063945097e-05,3.689459974112535e-05,0.0,3.2091503371404904e-05,3.669501554100036e-05,2.6379439296028462e-06
BOL,068,Domestic Inventory,3.0,2.0,0.2,0.3,2001.0,1993.5,2003.9,2009.8,134.8,127.4,123.7,121.9,35.0,43.5,60.6,65.2,14.0,23.5,22.0,23.5,0.3,0.2,0.1,24.6,18.0,6.5,25.0,18.4,6.7,3.1906868360759e-06,2.4596399827416905e-06,7.867244961619646e-06,3.4285794200218924e-06,2.917840475170296e-06,6.797778587822719e-06
SGS,239,All Global Voyages,2739872.0,58539.0,81475141.7,114361946.3,2002.6,2002.5,2008.8,2009.1,358.8,1354.1,1507.6,1784.2,41.0,231.2,403.1,445.6,19.0,89.0,69.9,77.7,9402364.3,8131271.3,1271093.0,715428735.4,618723859.3,96704876.1,729164967.1,630603357.4,98561609.7,100.0,100.0,100.0,100.0,100.0,100.0
SGS,239,All International Voyages,1244079.0,43111.0,72080717.8,102661963.7,2003.7,2003.9,2009.1,2009.4,663.1,1807.6,2057.2,2437.2,67.0,235.5,428.7,472.1,22.0,85.3,69.1,76.9,7421794.7,6689478.0,732316.7,564552047.5,508802890.5,55749157.0,575391446.8,518571906.0,56819540.9,78.93540883115962,82.26853776235458,57.613148683849246,78.91101091820406,82.23424438114164,57.64875499999063
SGS,239,All Domestic Voyages,1495793.0,55373.0,9394423.9,11699982.6,2001.6,2002.7,2006.1,2006.6,222.5,777.4,494.4,532.4,27.0,173.3,206.5,213.1,17.0,86.5,76.1,84.0,1980569.6,1441793.3,538776.3,150876687.9,109920968.8,40955719.1,153773520.3,112031451.4,41742068.9,21.064591168840373,17.731462237645424,42.38685131615075,21.088989081795948,17.765755618858368,42.35124510146875
SGS,239,Int. Arr. Inventory,58.0,37.0,507.5,193.7,1994.7,1994.3,1995.4,1994.0,1327.9,1501.8,1341.4,1563.1,126.0,185.4,228.7,423.9,14.5,28.1,24.8,36.8,231.3,212.6,18.7,17565.1,16150.6,1414.4,17902.3,16460.7,1441.6,0.002460019550614519,0.0026145973016544165,0.0014711748078228737,0.0024551782940423167,0.0026103096037845487,0.0014626384495828701
SGS,239,Int. Dep. Inventory,55.0,38.0,771.3,324.2,1994.9,1994.8,1995.7,1994.1,1267.9,2887.7,2094.5,2629.9,167.0,534.0,654.2,853.7,18.0,129.1,332.5,396.4,304.7,267.9,36.8,23079.3,20309.1,2770.2,23522.4,20699.0,2823.4,0.0032406742631744226,0.003294687756882494,0.0028951461458760295,0.003225936661980918,0.0032824119562798893,0.0028646041887848755
SGS,239,Domestic Inventory,,,,,,,,,,,,,,,,,,,,,,,,,,,,,,,,,,,
MDG,450,All Global Voyages,2739872.0,58539.0,81475141.7,114361946.3,2002.6,2002.5,2008.8,2009.1,358.8,1354.1,1507.6,1784.2,41.0,231.2,403.1,445.6,19.0,89.0,69.9,77.7,9402364.3,8131271.3,1271093.0,715428735.4,618723859.3,96704876.1,729164967.1,630603357.4,98561609.7,100.0,100.0,100.0,100.0,100.0,100.0
MDG,450,All International Voyages,1244079.0,43111.0,72080717.8,102661963.7,2003.7,2003.9,2009.1,2009.4,663.1,1807.6,2057.2,2437.2,67.0,235.5,428.7,472.1,22.0,85.3,69.1,76.9,7421794.7,6689478.0,732316.7,564552047.5,508802890.5,55749157.0,575391446.8,518571906.0,56819540.9,78.93540883115962,82.26853776235458,57.613148683849246,78.91101091820406,82.23424438114164,57.64875499999063
MDG,450,All Domestic Voyages,1495793.0,55373.0,9394423.9,11699982.6,2001.6,2002.7,2006.1,2006.6,222.5,777.4,494.4,532.4,27.0,173.3,206.5,213.1,17.0,86.5,76.1,84.0,1980569.6,1441793.3,538776.3,150876687.9,109920968.8,40955719.1,153773520.3,112031451.4,41742068.9,21.064591168840373,17.731462237645424,42.38685131615075,21.088989081795948,17.765755618858368,42.35124510146875
MDG,450,Int. Arr. Inventory,610.0,248.0,17414.3,23182.5,2005.3,2006.7,2008.8,2009.7,633.6,1938.5,1253.8,1488.9,63.0,214.1,281.6,334.2,43.0,88.9,89.9,107.9,2542.0,2057.9,484.0,195907.8,158824.3,37083.4,199669.2,161873.7,37795.4,0.027035753124349797,0.02530846560242062,0.03807746561423909,0.027383268397289405,0.025669654006824673,0.03834697922958131
MDG,450,Int. Dep. Inventory,612.0,245.0,23104.0,28512.0,2005.4,2006.8,2007.9,2008.4,923.6,2369.3,1656.4,1802.1,92.5,245.8,424.2,486.6,35.0,108.6,60.4,67.9,3124.0,2662.3,461.7,240714.5,205498.6,35215.9,245336.3,209444.2,35892.1,0.03322568558633704,0.032741497630266014,0.0363230699877979,0.03364619956657268,0.0332133023940034,0.03641590281373012
MDG,450,Domestic Inventory,412.0,40.0,1214.4,1224.0,2001.8,2000.6,2004.9,2007.4,314.3,469.3,411.6,516.8,27.0,189.2,111.1,144.3,46.0,71.7,248.2,347.2,543.0,296.6,246.5,41255.4,22659.0,18596.5,42047.5,23094.0,18953.5,0.00577514317329738,0.003647646094405927,0.019392758830392424,0.00576652772653482,0.0036622069529121098,0.01923010394989521
LCA,662,All Global Voyages,2739872.0,58539.0,81475141.7,114361946.3,2002.6,2002.5,2008.8,2009.1,358.8,1354.1,1507.6,1784.2,41.0,231.2,403.1,445.6,19.0,89.0,69.9,77.7,9402364.3,8131271.3,1271093.0,715428735.4,618723859.3,96704876.1,729164967.1,630603357.4,98561609.7,100.0,100.0,100.0,100.0,100.0,100.0
LCA,662,All International Voyages,1244079.0,43111.0,72080717.8,102661963.7,2003.7,2003.9,2009.1,2009.4,663.1,1807.6,2057.2,2437.2,67.0,235.5,428.7,472.1,22.0,85.3,69.1,76.9,7421794.7,6689478.0,732316.7,564552047.5,508802890.5,55749157.0,575391446.8,518571906.0,56819540.9,78.93540883115962,82.26853776235458,57.613148683849246,78.91101091820406,82.23424438114164,57.64875499999063
LCA,662,All Domestic Voyages,1495793.0,55373.0,9394423.9,11699982.6,2001.6,2002.7,2006.1,2006.6,222.5,777.4,494.4,532.4,27.0,173.3,206.5,213.1,17.0,86.5,76.1,84.0,1980569.6,1441793.3,538776.3,150876687.9,109920968.8,40955719.1,153773520.3,112031451.4,41742068.9,21.064591168840373,17.731462237645424,42.38685131615075,21.088989081795948,17.765755618858368,42.35124510146875
LCA,662,Int. Arr. Inventory,1447.0,297.0,14049.8,14676.2,2001.8,2001.5,2007.8,2009.5,174.5,665.9,355.7,862.9,16.0,90.0,160.3,256.7,9.0,28.5,25.3,37.6,2889.4,2264.0,625.5,222798.5,174655.6,48142.8,227076.2,178009.0,49067.2,0.03073056848052569,0.027843124604635932,0.04920961723493088,0.031141951443871007,0.02822836223611898,0.04978327783946491
LCA,662,Int. Dep. Inventory,1442.0,298.0,15572.7,17884.9,2001.8,2001.5,2007.6,2009.7,195.9,668.5,397.8,1053.1,16.0,96.2,223.2,350.7,13.0,53.4,42.0,58.9,2966.4,2194.6,771.8,228430.2,169338.8,59091.4,232816.1,172590.1,60225.9,0.031549511435118506,0.026989629530624566,0.060719396613780424,0.03192913956439035,0.02736904235835266,0.06110482588841079
LCA,662,Domestic Inventory,18.0,14.0,28.3,41.7,2002.5,2001.3,1999.8,2004.4,67.5,155.0,118.2,103.5,21.5,251.6,568.5,145.0,21.0,30.6,45.0,44.9,71.0,61.7,9.3,5357.7,4643.1,714.6,5460.6,4732.3,728.3,0.0007551292178712964,0.0007587989346758114,0.0007316537814306271,0.0007488840312388618,0.0007504400261221952,0.0007389286784345203
DNK,208,All Global Voyages,2739872.0,58539.0,81475141.7,114361946.3,2002.6,2002.5,2008.8,2009.1,358.8,1354.1,1507.6,1784.2,41.0,231.2,403.1,445.6,19.0,89.0,69.9,77.7,9402364.3,8131271.3,1271093.0,715428735.4,618723859.3,96704876.1,729164967.1,630603357.4,98561609.7,100.0,100.0,100.0,100.0,100.0,100.0
DNK,208,All International Voyages,1244079.0,43111.0,72080717.8,102661963.7,2003.7,2003.9,2009.1,2009.4,663.1,1807.6,2057.2,2437.2,67.0,235.5,428.7,472.1,22.0,85.3,69.1,76.9,7421794.7,6689478.0,732316.7,564552047.5,508802890.5,55749157.0,575391446.8,518571906.0,56819540.9,78.93540883115962,82.26853776235458,57.613148683849246,78.91101091820406,82.23424438114164,57.64875499999063
DNK,208,All Domestic Voyages,1495793.0,55373.0,9394423.9,11699982.6,2001.6,2002.7,2006.1,2006.6,222.5,777.4,494.4,532.4,27.0,173.3,206.5,213.1,17.0,86.5,76.1,84.0,1980569.6,1441793.3,538776.3,150876687.9,109920968.8,40955719.1,153773520.3,112031451.4,41742068.9,21.064591168840373,17.731462237645424,42.38685131615075,21.088989081795948,17.765755618858368,42.35124510146875
DNK,208,Int. Arr. Inventory,19655.0,4606.0,195072.5,246056.4,1998.9,2002.9,2007.3,2008.6,377.6,943.4,819.5,1003.2,42.0,135.1,282.2,314.9,12.0,57.0,44.6,42.9,37545.8,30164.5,7381.3,2814524.8,2263614.3,550910.5,2868563.6,2307075.7,561487.9,0.39932296603312856,0.37096905129705854,0.5807049523520309,0.3934039249593564,0.36585211177944804,0.5696821528270961
DNK,208,Int. Dep. Inventory,19671.0,4575.0,250388.4,344554.3,1998.8,2002.8,2007.8,2008.9,361.5,1213.4,1052.2,1409.2,40.0,144.0,356.1,414.2,20.0,89.0,100.6,101.1,43085.3,35347.2,7738.1,3245604.9,2663526.3,582078.6,3307920.5,2714666.0,593254.5,0.45823899846127,0.4347069319898353,0.6087752823750898,0.4536587259747411,0.4304870832265569,0.6019123488402198
DNK,208,Domestic Inventory,8755.0,1215.0,12669.1,10115.3,1991.4,1998.0,2006.0,2003.8,143.1,475.1,281.2,242.7,17.0,99.8,633.1,265.8,11.0,64.8,106.9,76.0,6570.2,4440.6,2129.6,493356.5,333466.4,159890.1,502828.9,339868.9,162960.0,0.0698781688346196,0.05461138653681375,0.16754084870265196,0.06895955273328984,0.05389582786258728,0.16533820875695376
SHN,654,All Global Voyages,2739872.0,58539.0,81475141.7,114361946.3,2002.6,2002.5,2008.8,2009.1,358.8,1354.1,1507.6,1784.2,41.0,231.2,403.1,445.6,19.0,89.0,69.9,77.7,9402364.3,8131271.3,1271093.0,715428735.4,618723859.3,96704876.1,729164967.1,630603357.4,98561609.7,100.0,100.0,100.0,100.0,100.0,100.0
SHN,654,All International Voyages,1244079.0,43111.0,72080717.8,102661963.7,2003.7,2003.9,2009.1,2009.4,663.1,1807.6,2057.2,2437.2,67.0,235.5,428.7,472.1,22.0,85.3,69.1,76.9,7421794.7,6689478.0,732316.7,564552047.5,508802890.5,55749157.0,575391446.8,518571906.0,56819540.9,78.93540883115962,82.26853776235458,57.613148683849246,78.91101091820406,82.23424438114164,57.64875499999063
SHN,654,All Domestic Voyages,1495793.0,55373.0,9394423.9,11699982.6,2001.6,2002.7,2006.1,2006.6,222.5,777.4,494.4,532.4,27.0,173.3,206.5,213.1,17.0,86.5,76.1,84.0,1980569.6,1441793.3,538776.3,150876687.9,109920968.8,40955719.1,153773520.3,112031451.4,41742068.9,21.064591168840373,17.731462237645424,42.38685131615075,21.088989081795948,17.765755618858368,42.35124510146875
SHN,654,Int. Arr. Inventory,55.0,33.0,2038.2,1640.2,1996.7,1997.8,2005.1,2007.3,2032.1,3111.6,2691.5,2734.6,194.0,328.0,289.7,302.7,42.0,40.2,45.5,51.0,461.6,441.3,20.3,35515.8,33955.1,1560.7,36197.7,34607.1,1590.7,0.004909403478442119,0.005427195621919539,0.0015970507272087882,0.004964267570885057,0.0054879346254492365,0.0016139143880074028
SHN,654,Int. Dep. Inventory,55.0,34.0,1778.4,1522.7,1996.5,1997.9,2003.3,2005.5,1747.6,3271.4,2367.1,2475.4,191.0,381.5,289.0,318.1,70.0,148.6,138.7,116.1,435.2,390.5,44.6,33420.8,30013.9,3406.9,34062.5,30590.2,3472.3,0.00462862303686744,0.00480244706630315,0.003508791252882362,0.004671439459779827,0.004850941505627956,0.003522974117984601
SHN,654,Domestic Inventory,22.0,9.0,133.5,55.9,1986.7,1978.9,1989.8,1992.0,716.5,743.5,759.9,743.4,65.5,73.8,71.0,71.2,30.0,27.2,34.0,32.8,42.2,36.3,5.9,3240.5,2788.4,452.1,3302.8,2841.9,460.8,0.00044882328160800996,0.0004464246568676168,0.0004641674527355591,0.0004529564843379322,0.0004506636329557861,0.00046752483183115054
MCO,492,All Global Voyages,2739872.0,58539.0,81475141.7,114361946.3,2002.6,2002.5,2008.8,2009.1,358.8,1354.1,1507.6,1784.2,41.0,231.2,403.1,445.6,19.0,89.0,69.9,77.7,9402364.3,8131271.3,1271093.0,715428735.4,618723859.3,96704876.1,729164967.1,630603357.4,98561609.7,100.0,100.0,100.0,100.0,100.0,100.0
MCO,492,All International Voyages,1244079.0,43111.0,72080717.8,102661963.7,2003.7,2003.9,2009.1,2009.4,663.1,1807.6,2057.2,2437.2,67.0,235.5,428.7,472.1,22.0,85.3,69.1,76.9,7421794.7,6689478.0,732316.7,564552047.5,508802890.5,55749157.0,575391446.8,518571906.0,56819540.9,78.93540883115962,82.26853776235458,57.613148683849246,78.91101091820406,82.23424438114164,57.64875499999063
MCO,492,All Domestic Voyages,1495793.0,55373.0,9394423.9,11699982.6,2001.6,2002.7,2006.1,2006.6,222.5,777.4,494.4,532.4,27.0,173.3,206.5,213.1,17.0,86.5,76.1,84.0,1980569.6,1441793.3,538776.3,150876687.9,109920968.8,40955719.1,153773520.3,112031451.4,41742068.9,21.064591168840373,17.731462237645424,42.38685131615075,21.088989081795948,17.765755618858368,42.35124510146875
MCO,492,Int. Arr. Inventory,246.0,65.0,1400.9,547.2,2005.1,2000.9,2008.7,2010.8,150.9,201.2,207.5,289.1,16.0,30.3,29.0,56.0,14.0,25.2,25.0,53.7,396.5,257.7,138.7,30569.0,19883.6,10685.3,31155.9,20265.4,10890.5,0.004217024435013648,0.0031692461177626674,0.010911868761766447,0.004272819102090403,0.0032136524111693546,0.011049433986669152
MCO,492,Int. Dep. Inventory,245.0,64.0,1213.0,453.6,2005.1,2000.8,2007.0,2008.6,135.4,201.1,178.3,237.2,15.0,49.1,39.0,103.6,12.0,22.8,27.6,76.7,337.5,232.7,104.8,26008.8,17933.3,8075.5,26508.2,18277.6,8230.6,0.0035895226905853883,0.002861791119919956,0.008244872719777389,0.0036354187592729727,0.0028984304928789456,0.008350715887303533
MCO,492,Domestic Inventory,8.0,2.0,0.7,0.6,2009.4,2010.5,2009.5,2009.2,153.4,153.0,257.4,308.0,73.0,73.0,216.2,230.2,26.5,26.5,22.1,21.8,3.0,2.5,0.5,229.0,189.5,39.5,233.4,193.2,40.2,3.1906868360759e-05,3.074549978427113e-05,3.933622480809823e-05,3.2009217465324385e-05,3.063732498928811e-05,4.078667152693632e-05
BEL,056,All Global Voyages,2739872.0,58539.0,81475141.7,114361946.3,2002.6,2002.5,2008.8,2009.1,358.8,1354.1,1507.6,1784.2,41.0,231.2,403.1,445.6,19.0,89.0,69.9,77.7,9402364.3,8131271.3,1271093.0,715428735.4,618723859.3,96704876.1,729164967.1,630603357.4,98561609.7,100.0,100.0,100.0,100.0,100.0,100.0
BEL,056,All International Voyages,1244079.0,43111.0,72080717.8,102661963.7,2003.7,2003.9,2009.1,2009.4,663.1,1807.6,2057.2,2437.2,67.0,235.5,428.7,472.1,22.0,85.3,69.1,76.9,7421794.7,6689478.0,732316.7,564552047.5,508802890.5,55749157.0,575391446.8,518571906.0,56819540.9,78.93540883115962,82.26853776235458,57.613148683849246,78.91101091820406,82.23424438114164,57.64875499999063
BEL,056,All Domestic Voyages,1495793.0,55373.0,9394423.9,11699982.6,2001.6,2002.7,2006.1,2006.6,222.5,777.4,494.4,532.4,27.0,173.3,206.5,213.1,17.0,86.5,76.1,84.0,1980569.6,1441793.3,538776.3,150876687.9,109920968.8,40955719.1,153773520.3,112031451.4,41742068.9,21.064591168840373,17.731462237645424,42.38685131615075,21.088989081795948,17.765755618858368,42.35124510146875
BEL,056,Int. Arr. Inventory,24160.0,5562.0,542562.1,581302.9,2004.5,2006.4,2008.1,2008.3,318.3,1171.4,874.7,1015.5,33.0,121.9,239.5,279.4,20.0,44.5,41.0,47.4,73877.6,65573.2,8304.4,5591537.4,4966849.1,624688.3,5698894.9,5062212.6,636682.3,0.7857342860029365,0.8064323225815869,0.6533274905927418,0.7815645508403088,0.8027570009889706,0.6459739262963763
BEL,056,Int. Dep. Inventory,24090.0,5562.0,541265.9,577790.0,2004.5,2006.4,2008.8,2009.0,325.6,1097.1,873.3,1010.0,38.0,122.1,252.2,271.4,19.0,54.8,43.8,54.9,76184.6,67125.2,9059.4,5772212.9,5086112.4,686100.5,5883039.4,5183765.7,699273.7,0.8102706677723602,0.8255191288476624,0.7127251900529702,0.8068187125607177,0.8220326833293197,0.709478773863816
BEL,056,Domestic Inventory,7268.0,2089.0,7393.1,9294.2,2005.4,2006.2,2006.8,2007.0,75.7,89.7,84.2,85.4,14.0,39.2,110.6,134.4,19.0,43.5,55.4,57.6,5029.9,2414.2,2615.7,378017.1,181368.2,196648.9,385275.0,184850.5,200424.6,0.05349611905592724,0.029690314231674942,0.20578352646108505,0.05283783744195737,0.029313275584536242,0.2033495603511841
PRY,600,All Global Voyages,2739872.0,58539.0,81475141.7,114361946.3,2002.6,2002.5,2008.8,2009.1,358.8,1354.1,1507.6,1784.2,41.0,231.2,403.1,445.6,19.0,89.0,69.9,77.7,9402364.3,8131271.3,1271093.0,715428735.4,618723859.3,96704876.1,729164967.1,630603357.4,98561609.7,100.0,100.0,100.0,100.0,100.0,100.0
PRY,600,All International Voyages,1244079.0,43111.0,72080717.8,102661963.7,2003.7,2003.9,2009.1,2009.4,663.1,1807.6,2057.2,2437.2,67.0,235.5,428.7,472.1,22.0,85.3,69.1,76.9,7421794.7,6689478.0,732316.7,564552047.5,508802890.5,55749157.0,575391446.8,518571906.0,56819540.9,78.93540883115962,82.26853776235458,57.613148683849246,78.91101091820406,82.23424438114164,57.64875499999063
PRY,600,All Domestic Voyages,1495793.0,55373.0,9394423.9,11699982.6,2001.6,2002.7,2006.1,2006.6,222.5,777.4,494.4,532.4,27.0,173.3,206.5,213.1,17.0,86.5,76.1,84.0,1980569.6,1441793.3,538776.3,150876687.9,109920968.8,40955719.1,153773520.3,112031451.4,41742068.9,21.064591168840373,17.731462237645424,42.38685131615075,21.088989081795948,17.765755618858368,42.35124510146875
PRY,600,Int. Arr. Inventory,388.0,35.0,603.6,734.9,1994.9,1996.6,1991.7,1991.4,658.8,535.5,567.9,530.7,142.0,122.5,172.1,172.4,23.0,36.1,136.1,147.4,305.2,192.2,113.0,23026.3,14475.9,8550.4,23468.4,14753.9,8714.5,0.0032459920745678827,0.0023637140234147643,0.0088899868066302,0.0032185309304336713,0.002339648184055165,0.008841677836355385
PRY,600,Int. Dep. Inventory,389.0,35.0,486.9,580.3,1994.9,1996.6,1992.2,1991.8,362.6,444.5,456.4,418.6,74.0,104.2,154.4,153.6,12.0,36.8,38.3,36.0,282.8,253.5,29.4,21345.7,19136.0,2209.7,21755.5,19503.4,2252.1,0.003007754124140882,0.0031175936781250926,0.0023129700187161754,0.0029836183828914507,0.0030928157567084976,0.0022849667399456037
PRY,600,Domestic Inventory,304.0,28.0,1414.3,2572.8,1997.2,1998.0,1999.1,1999.0,81.2,100.6,198.0,200.6,21.0,49.1,123.0,122.8,14.0,19.4,156.8,158.3,444.6,252.7,191.9,34296.5,19481.2,14815.3,34955.0,19855.2,15099.8,0.0047285978910644845,0.0031077551181941257,0.0150972430813481,0.00479383974507461,0.00314860359796746,0.01532016374931425
REU,638,All Global Voyages,2739872.0,58539.0,81475141.7,114361946.3,2002.6,2002.5,2008.8,2009.1,358.8,1354.1,1507.6,1784.2,41.0,231.2,403.1,445.6,19.0,89.0,69.9,77.7,9402364.3,8131271.3,1271093.0,715428735.4,618723859.3,96704876.1,729164967.1,630603357.4,98561609.7,100.0,100.0,100.0,100.0,100.0,100.0
REU,638,All International Voyages,1244079.0,43111.0,72080717.8,102661963.7,2003.7,2003.9,2009.1,2009.4,663.1,1807.6,2057.2,2437.2,67.0,235.5,428.7,472.1,22.0,85.3,69.1,76.9,7421794.7,6689478.0,732316.7,564552047.5,508802890.5,55749157.0,575391446.8,518571906.0,56819540.9,78.93540883115962,82.26853776235458,57.613148683849246,78.91101091820406,82.23424438114164,57.64875499999063
REU,638,All Domestic Voyages,1495793.0,55373.0,9394423.9,11699982.6,2001.6,2002.7,2006.1,2006.6,222.5,777.4,494.4,532.4,27.0,173.3,206.5,213.1,17.0,86.5,76.1,84.0,1980569.6,1441793.3,538776.3,150876687.9,109920968.8,40955719.1,153773520.3,112031451.4,41742068.9,21.064591168840373,17.731462237645424,42.38685131615075,21.088989081795948,17.765755618858368,42.35124510146875
REU,638,Int. Arr. Inventory,591.0,262.0,54316.9,63780.5,2004.9,2005.2,2004.9,2004.6,1537.0,2575.0,2537.7,2807.6,147.0,204.7,272.7,285.0,23.0,107.9,192.4,318.7,7242.2,6722.1,520.2,560446.4,520360.6,40085.8,571207.0,530351.5,40855.4,0.07702530734742961,0.08266972963993958,0.0409254082903454,0.0783371425908978,0.08410223221561301,0.04145163631596004
REU,638,Int. Dep. Inventory,603.0,264.0,33148.2,35725.4,2004.9,2005.5,2006.3,2006.8,387.2,1757.4,1533.7,1554.0,41.0,173.7,236.7,234.1,29.0,61.4,34.6,37.2,4053.2,3650.0,403.2,313237.1,282311.7,30925.4,319251.2,287732.1,31519.2,0.0431083062799428,0.04488842968503585,0.03172073168525041,0.043783123765491726,0.045628063444877555,0.03197918550228386
REU,638,Domestic Inventory,27.0,13.0,152.8,123.7,2004.6,2000.5,2000.6,1999.9,758.2,919.7,367.8,274.5,230.0,358.0,492.5,388.9,42.0,283.6,106.2,224.7,80.9,59.8,21.1,6147.9,4551.4,1596.5,6265.9,4638.8,1627.1,0.0008604218834618011,0.0007354323548397654,0.0016599886869017452,0.0008593254315166069,0.0007356129563163027,0.0016508456030218425
KEN,404,All Global Voyages,2739872.0,58539.0,81475141.7,114361946.3,2002.6,2002.5,2008.8,2009.1,358.8,1354.1,1507.6,1784.2,41.0,231.2,403.1,445.6,19.0,89.0,69.9,77.7,9402364.3,8131271.3,1271093.0,715428735.4,618723859.3,96704876.1,729164967.1,630603357.4,98561609.7,100.0,100.0,100.0,100.0,100.0,100.0
KEN,404,All International Voyages,1244079.0,43111.0,72080717.8,102661963.7,2003.7,2003.9,2009.1,2009.4,663.1,1807.6,2057.2,2437.2,67.0,235.5,428.7,472.1,22.0,85.3,69.1,76.9,7421794.7,6689478.0,732316.7,564552047.5,508802890.5,55749157.0,575391446.8,518571906.0,56819540.9,78.93540883115962,82.26853776235458,57.613148683849246,78.91101091820406,82.23424438114164,57.64875499999063
KEN,404,All Domestic Voyages,1495793.0,55373.0,9394423.9,11699982.6,2001.6,2002.7,2006.1,2006.6,222.5,777.4,494.4,532.4,27.0,173.3,206.5,213.1,17.0,86.5,76.1,84.0,1980569.6,1441793.3,538776.3,150876687.9,109920968.8,40955719.1,153773520.3,112031451.4,41742068.9,21.064591168840373,17.731462237645424,42.38685131615075,21.088989081795948,17.765755618858368,42.35124510146875
KEN,404,Int. Arr. Inventory,1320.0,698.0,106789.9,136920.2,2005.8,2007.5,2008.0,2008.2,2543.7,2759.4,2496.7,2705.3,194.0,268.5,302.2,329.4,53.5,100.7,81.1,94.1,12701.6,11522.1,1179.5,982517.7,891695.3,90822.4,1001382.0,908815.8,92566.2,0.13508942639033886,0.14170108922574015,0.09279415432230372,0.1373327086712145,0.14411845248447136,0.0939170943755396
KEN,404,Int. Dep. Inventory,1329.0,707.0,77345.9,96706.3,2005.9,2007.6,2007.4,2008.0,1527.6,1911.8,1798.4,1892.0,138.0,212.2,326.5,357.5,38.0,93.0,50.6,60.6,8637.6,7648.6,989.0,667951.8,591932.9,76018.9,680776.5,603298.0,77478.5,0.09186625538429734,0.09406401185999046,0.07780705267041829,0.09336385190138134,0.09566996320593964,0.0786092072114362
KEN,404,Domestic Inventory,70.0,23.0,305.8,450.9,2000.0,2003.4,2007.3,2008.1,158.9,374.1,483.0,568.3,32.0,69.4,354.7,367.0,30.0,120.9,250.2,264.5,128.7,57.9,70.8,9740.0,4387.9,5352.1,9927.0,4472.1,5454.9,0.0013688046526765612,0.0007120657750037193,0.005570009432826708,0.001361420316102293,0.0007091779559244067,0.005534507823688678
BMU,060,All Global Voyages,2739872.0,58539.0,81475141.7,114361946.3,2002.6,2002.5,2008.8,2009.1,358.8,1354.1,1507.6,1784.2,41.0,231.2,403.1,445.6,19.0,89.0,69.9,77.7,9402364.3,8131271.3,1271093.0,715428735.4,618723859.3,96704876.1,729164967.1,630603357.4,98561609.7,100.0,100.0,100.0,100.0,100.0,100.0
BMU,060,All International Voyages,1244079.0,43111.0,72080717.8,102661963.7,2003.7,2003.9,2009.1,2009.4,663.1,1807.6,2057.2,2437.2,67.0,235.5,428.7,472.1,22.0,85.3,69.1,76.9,7421794.7,6689478.0,732316.7,564552047.5,508802890.5,55749157.0,575391446.8,518571906.0,56819540.9,78.93540883115962,82.26853776235458,57.613148683849246,78.91101091820406,82.23424438114164,57.64875499999063
BMU,060,All Domestic Voyages,1495793.0,55373.0,9394423.9,11699982.6,2001.6,2002.7,2006.1,2006.6,222.5,777.4,494.4,532.4,27.0,173.3,206.5,213.1,17.0,86.5,76.1,84.0,1980569.6,1441793.3,538776.3,150876687.9,109920968.8,40955719.1,153773520.3,112031451.4,41742068.9,21.064591168840373,17.731462237645424,42.38685131615075,21.088989081795948,17.765755618858368,42.35124510146875
BMU,060,Int. Arr. Inventory,361.0,103.0,16995.2,3611.6,2002.0,2001.7,2007.3,2005.4,770.0,1413.7,890.6,1136.7,64.0,138.7,80.6,143.9,25.0,44.5,34.8,35.5,3459.4,2803.6,655.8,265205.1,214523.0,50682.1,270297.0,218641.8,51655.2,0.036792873469069905,0.034479233278073014,0.05159339245830163,0.03706938925974629,0.03467184204370048,0.052409046643238824
BMU,060,Int. Dep. Inventory,356.0,98.0,17736.3,3597.4,2002.2,2002.2,2007.4,2005.5,733.9,1731.0,933.3,1151.3,61.0,179.4,106.1,173.4,10.0,36.8,16.4,41.1,3194.9,2988.6,206.2,245029.9,229424.0,15605.9,249734.4,233828.9,15905.5,0.033979751241929645,0.03675440026210908,0.01622225911085971,0.03424936897246061,0.0370801863415515,0.01613762198934541
BMU,060,Domestic Inventory,19.0,4.0,37.5,10.3,2007.3,2008.5,2007.6,2007.7,1995.4,2934.3,445.5,154.2,130.0,569.8,250.8,115.8,39.0,210.6,450.2,168.4,33.5,21.5,12.0,2522.8,1617.6,905.2,2571.2,1648.6,922.6,0.00035629336336180883,0.0002644112981447317,0.0009440693953943574,0.0003526225361904115,0.00026143216344379076,0.0009360642574813791
BLR,112,All Global Voyages,2739872.0,58539.0,81475141.7,114361946.3,2002.6,2002.5,2008.8,2009.1,358.8,1354.1,1507.6,1784.2,41.0,231.2,403.1,445.6,19.0,89.0,69.9,77.7,9402364.3,8131271.3,1271093.0,715428735.4,618723859.3,96704876.1,729164967.1,630603357.4,98561609.7,100.0,100.0,100.0,100.0,100.0,100.0
BLR,112,All International Voyages,1244079.0,43111.0,72080717.8,102661963.7,2003.7,2003.9,2009.1,2009.4,663.1,1807.6,2057.2,2437.2,67.0,235.5,428.7,472.1,22.0,85.3,69.1,76.9,7421794.7,6689478.0,732316.7,564552047.5,508802890.5,55749157.0,575391446.8,518571906.0,56819540.9,78.93540883115962,82.26853776235458,57.613148683849246,78.91101091820406,82.23424438114164,57.64875499999063
BLR,112,All Domestic Voyages,1495793.0,55373.0,9394423.9,11699982.6,2001.6,2002.7,2006.1,2006.6,222.5,777.4,494.4,532.4,27.0,173.3,206.5,213.1,17.0,86.5,76.1,84.0,1980569.6,1441793.3,538776.3,150876687.9,109920968.8,40955719.1,153773520.3,112031451.4,41742068.9,21.064591168840373,17.731462237645424,42.38685131615075,21.088989081795948,17.765755618858368,42.35124510146875
BLR,112,Int. Arr. Inventory,2.0,2.0,105.3,180.0,2005.0,2005.0,2013.0,2013.0,1858.2,1858.2,3167.0,3170.2,176.5,176.5,298.8,298.9,87.0,87.0,166.9,166.9,11.5,10.8,0.7,892.5,837.8,54.7,909.6,853.9,55.7,0.00012230966204957618,0.00013282055906805129,5.5070714731337516e-05,0.0001247454336180765,0.0001354099990080389,5.651287572264559e-05
BLR,112,Int. Dep. Inventory,2.0,2.0,57.4,97.9,2005.0,2005.0,2012.9,2012.9,2269.6,2269.6,1725.8,1724.5,375.5,375.5,435.2,435.4,6.0,6.0,8.0,8.0,9.3,9.3,0.1,714.2,708.2,5.9,727.9,721.8,6.0,9.891129191835291e-05,0.0001143732591974886,7.867244961619646e-06,9.982651839335739e-05,0.0001144618073357565,6.087562914468106e-06
BLR,112,Domestic Inventory,,,,,,,,,,,,,,,,,,,,,,,,,,,,,,,,,,,
GTM,320,All Global Voyages,2739872.0,58539.0,81475141.7,114361946.3,2002.6,2002.5,2008.8,2009.1,358.8,1354.1,1507.6,1784.2,41.0,231.2,403.1,445.6,19.0,89.0,69.9,77.7,9402364.3,8131271.3,1271093.0,715428735.4,618723859.3,96704876.1,729164967.1,630603357.4,98561609.7,100.0,100.0,100.0,100.0,100.0,100.0
GTM,320,All International Voyages,1244079.0,43111.0,72080717.8,102661963.7,2003.7,2003.9,2009.1,2009.4,663.1,1807.6,2057.2,2437.2,67.0,235.5,428.7,472.1,22.0,85.3,69.1,76.9,7421794.7,6689478.0,732316.7,564552047.5,508802890.5,55749157.0,575391446.8,518571906.0,56819540.9,78.93540883115962,82.26853776235458,57.613148683849246,78.91101091820406,82.23424438114164,57.64875499999063
GTM,320,All Domestic Voyages,1495793.0,55373.0,9394423.9,11699982.6,2001.6,2002.7,2006.1,2006.6,222.5,777.4,494.4,532.4,27.0,173.3,206.5,213.1,17.0,86.5,76.1,84.0,1980569.6,1441793.3,538776.3,150876687.9,109920968.8,40955719.1,153773520.3,112031451.4,41742068.9,21.064591168840373,17.731462237645424,42.38685131615075,21.088989081795948,17.765755618858368,42.35124510146875
GTM,320,Int. Arr. Inventory,2961.0,902.0,76111.6,92898.8,2006.4,2008.2,2008.0,2008.8,757.1,1539.2,1031.6,1121.2,55.0,148.8,231.3,257.1,17.0,48.4,45.5,55.9,11827.5,10664.7,1162.9,911672.4,822392.1,89280.4,929176.6,838182.0,90994.5,0.12579282851229237,0.13115661261972653,0.09148819165867486,0.12743023073303653,0.13291746549778202,0.09232245727009468
GTM,320,Int. Dep. Inventory,2961.0,901.0,80412.7,93682.7,2006.4,2008.2,2007.5,2008.0,872.8,1507.3,1089.1,1130.5,59.0,137.5,214.1,220.7,22.0,56.9,49.9,58.0,13367.8,11966.4,1401.4,1029141.0,922384.8,106756.3,1048900.5,940094.5,108806.0,0.1421748782909847,0.14716517944740082,0.11025157089213772,0.1438495467180269,0.14907857514048817,0.11039389507860278
GTM,320,Domestic Inventory,9.0,7.0,154.3,196.6,2006.8,2007.0,2005.9,2005.8,75.8,303.0,636.5,549.9,31.0,48.7,184.9,182.9,18.0,23.7,13.8,14.0,33.8,30.0,3.8,2619.1,2326.6,292.5,2669.4,2371.3,298.1,0.0003594840501978848,0.00036894599741125355,0.00029895530854154653,0.0003660899961522575,0.00037603669123757196,0.0003024504174671571
SJM,744,All Global Voyages,2739872.0,58539.0,81475141.7,114361946.3,2002.6,2002.5,2008.8,2009.1,358.8,1354.1,1507.6,1784.2,41.0,231.2,403.1,445.6,19.0,89.0,69.9,77.7,9402364.3,8131271.3,1271093.0,715428735.4,618723859.3,96704876.1,729164967.1,630603357.4,98561609.7,100.0,100.0,100.0,100.0,100.0,100.0
SJM,744,All International Voyages,1244079.0,43111.0,72080717.8,102661963.7,2003.7,2003.9,2009.1,2009.4,663.1,1807.6,2057.2,2437.2,67.0,235.5,428.7,472.1,22.0,85.3,69.1,76.9,7421794.7,6689478.0,732316.7,564552047.5,508802890.5,55749157.0,575391446.8,518571906.0,56819540.9,78.93540883115962,82.26853776235458,57.613148683849246,78.91101091820406,82.23424438114164,57.64875499999063
SJM,744,All Domestic Voyages,1495793.0,55373.0,9394423.9,11699982.6,2001.6,2002.7,2006.1,2006.6,222.5,777.4,494.4,532.4,27.0,173.3,206.5,213.1,17.0,86.5,76.1,84.0,1980569.6,1441793.3,538776.3,150876687.9,109920968.8,40955719.1,153773520.3,112031451.4,41742068.9,21.064591168840373,17.731462237645424,42.38685131615075,21.088989081795948,17.765755618858368,42.35124510146875
SJM,744,Int. Arr. Inventory,443.0,145.0,2924.9,1170.0,1984.3,1990.3,1999.5,1997.8,771.0,1951.4,983.7,1210.8,106.0,305.9,283.2,359.2,19.0,70.6,63.6,89.7,1125.9,922.1,203.8,85289.3,69931.6,15357.6,86926.8,71274.3,15652.5,0.011974647695792854,0.011340170140430563,0.016033445231780838,0.01192141750113436,0.011302556379316861,0.01588092975311867
SJM,744,Int. Dep. Inventory,449.0,146.0,2808.4,1258.1,1984.6,1990.5,1999.9,1998.7,670.1,1551.0,931.6,1228.2,81.0,277.8,311.5,400.3,14.0,105.0,90.6,155.6,1125.6,922.9,202.7,85255.3,69997.6,15257.7,86892.2,71341.5,15550.6,0.011971457008956778,0.01135000870036153,0.01594690553720302,0.01191667234721705,0.0113132128401827,0.015777542642954622
SJM,744,Domestic Inventory,103.0,32.0,140.6,52.4,1980.1,1979.8,1984.2,1988.2,333.0,1121.6,911.6,597.4,74.0,196.4,592.9,511.5,20.0,26.7,46.9,90.3,147.9,123.7,24.2,11114.6,9294.1,1820.5,11328.0,9472.5,1855.4,0.001573008610185419,0.0015212873293257354,0.001903873280711954,0.0015535579068003196,0.0015021328207092733,0.0018824773719173544
TUN,788,All Global Voyages,2739872.0,58539.0,81475141.7,114361946.3,2002.6,2002.5,2008.8,2009.1,358.8,1354.1,1507.6,1784.2,41.0,231.2,403.1,445.6,19.0,89.0,69.9,77.7,9402364.3,8131271.3,1271093.0,715428735.4,618723859.3,96704876.1,729164967.1,630603357.4,98561609.7,100.0,100.0,100.0,100.0,100.0,100.0
TUN,788,All International Voyages,1244079.0,43111.0,72080717.8,102661963.7,2003.7,2003.9,2009.1,2009.4,663.1,1807.6,2057.2,2437.2,67.0,235.5,428.7,472.1,22.0,85.3,69.1,76.9,7421794.7,6689478.0,732316.7,564552047.5,508802890.5,55749157.0,575391446.8,518571906.0,56819540.9,78.93540883115962,82.26853776235458,57.613148683849246,78.91101091820406,82.23424438114164,57.64875499999063
TUN,788,All Domestic Voyages,1495793.0,55373.0,9394423.9,11699982.6,2001.6,2002.7,2006.1,2006.6,222.5,777.4,494.4,532.4,27.0,173.3,206.5,213.1,17.0,86.5,76.1,84.0,1980569.6,1441793.3,538776.3,150876687.9,109920968.8,40955719.1,153773520.3,112031451.4,41742068.9,21.064591168840373,17.731462237645424,42.38685131615075,21.088989081795948,17.765755618858368,42.35124510146875
TUN,788,Int. Arr. Inventory,3964.0,1509.0,51173.9,55483.0,2001.3,2003.1,2005.5,2006.7,501.7,1116.0,779.1,1020.3,47.0,129.2,181.5,237.7,39.0,105.7,81.4,109.2,10646.1,8390.6,2255.5,815823.0,644134.2,171688.7,831486.8,656501.6,174985.2,0.11322790375182547,0.10318927619596212,0.1774457101093311,0.11403274121999436,0.10410689893989454,0.17753890235013076
TUN,788,Int. Dep. Inventory,3968.0,1510.0,48881.8,49995.3,2001.3,2003.1,2004.6,2005.9,564.4,1003.8,743.7,917.0,51.0,121.7,128.3,178.7,19.0,58.4,47.6,57.0,9666.7,7666.9,1999.8,743346.7,590498.3,152848.4,757619.0,601835.9,155783.1,0.10281137479431636,0.09428906891841131,0.15732916474246966,0.10390227646470264,0.09543810589296428,0.15805657037681276
TUN,788,Domestic Inventory,999.0,341.0,1895.8,2487.9,1998.9,2000.0,2003.5,2003.3,189.0,390.9,337.6,342.9,22.0,72.8,122.4,105.2,32.0,76.2,190.5,154.7,810.5,401.1,409.4,61574.7,30542.6,31032.0,62756.9,31129.1,31627.8,0.00862017226879839,0.00493280798538846,0.032208500872870825,0.008606680632174875,0.004936399344327373,0.03208937039103573
PLW,585,All Global Voyages,2739872.0,58539.0,81475141.7,114361946.3,2002.6,2002.5,2008.8,2009.1,358.8,1354.1,1507.6,1784.2,41.0,231.2,403.1,445.6,19.0,89.0,69.9,77.7,9402364.3,8131271.3,1271093.0,715428735.4,618723859.3,96704876.1,729164967.1,630603357.4,98561609.7,100.0,100.0,100.0,100.0,100.0,100.0
PLW,585,All International Voyages,1244079.0,43111.0,72080717.8,102661963.7,2003.7,2003.9,2009.1,2009.4,663.1,1807.6,2057.2,2437.2,67.0,235.5,428.7,472.1,22.0,85.3,69.1,76.9,7421794.7,6689478.0,732316.7,564552047.5,508802890.5,55749157.0,575391446.8,518571906.0,56819540.9,78.93540883115962,82.26853776235458,57.613148683849246,78.91101091820406,82.23424438114164,57.64875499999063
PLW,585,All Domestic Voyages,1495793.0,55373.0,9394423.9,11699982.6,2001.6,2002.7,2006.1,2006.6,222.5,777.4,494.4,532.4,27.0,173.3,206.5,213.1,17.0,86.5,76.1,84.0,1980569.6,1441793.3,538776.3,150876687.9,109920968.8,40955719.1,153773520.3,112031451.4,41742068.9,21.064591168840373,17.731462237645424,42.38685131615075,21.088989081795948,17.765755618858368,42.35124510146875
PLW,585,Int. Arr. Inventory,82.0,29.0,2153.9,3273.9,2002.4,2002.2,2006.6,2007.9,908.5,2840.9,2572.5,3070.1,74.5,299.8,1475.4,1694.7,27.0,72.8,18.3,15.9,329.8,284.9,44.8,25316.0,21914.2,3401.8,25802.1,22335.0,3467.1,0.0035076283951261064,0.0035037571554155373,0.003524525742805601,0.003538581962133874,0.003541846033311335,0.0035176982301253954
PLW,585,Int. Dep. Inventory,83.0,29.0,1132.1,1597.8,2002.0,2001.2,2004.9,2006.7,780.2,1830.8,1337.0,1474.5,69.0,236.2,335.6,393.0,17.0,127.7,55.4,61.2,209.8,177.9,31.9,16077.9,13668.9,2408.9,16386.6,13931.4,2455.2,0.0022313536606957465,0.0021878497646487336,0.002509651142756667,0.002247310380965229,0.0022092175432493187,0.0024910307446003492
PLW,585,Domestic Inventory,1.0,1.0,0.2,0.1,1979.0,1979.0,1979.0,1979.0,416.3,416.3,416.3,416.3,695.0,695.0,695.0,695.0,56.0,56.0,56.0,56.0,12.3,11.3,1.0,921.4,849.8,71.7,939.1,866.1,73.0,0.00013081816027911192,0.0001389696590249055,7.867244961619646e-05,0.00012879115733370236,0.00013734465410570617,7.406534879269529e-05
NOR,578,All Global Voyages,2739872.0,58539.0,81475141.7,114361946.3,2002.6,2002.5,2008.8,2009.1,358.8,1354.1,1507.6,1784.2,41.0,231.2,403.1,445.6,19.0,89.0,69.9,77.7,9402364.3,8131271.3,1271093.0,715428735.4,618723859.3,96704876.1,729164967.1,630603357.4,98561609.7,100.0,100.0,100.0,100.0,100.0,100.0
NOR,578,All International Voyages,1244079.0,43111.0,72080717.8,102661963.7,2003.7,2003.9,2009.1,2009.4,663.1,1807.6,2057.2,2437.2,67.0,235.5,428.7,472.1,22.0,85.3,69.1,76.9,7421794.7,6689478.0,732316.7,564552047.5,508802890.5,55749157.0,575391446.8,518571906.0,56819540.9,78.93540883115962,82.26853776235458,57.613148683849246,78.91101091820406,82.23424438114164,57.64875499999063
NOR,578,All Domestic Voyages,1495793.0,55373.0,9394423.9,11699982.6,2001.6,2002.7,2006.1,2006.6,222.5,777.4,494.4,532.4,27.0,173.3,206.5,213.1,17.0,86.5,76.1,84.0,1980569.6,1441793.3,538776.3,150876687.9,109920968.8,40955719.1,153773520.3,112031451.4,41742068.9,21.064591168840373,17.731462237645424,42.38685131615075,21.088989081795948,17.765755618858368,42.35124510146875
NOR,578,Int. Arr. Inventory,18288.0,3655.0,197230.0,222816.4,2000.1,2003.3,2007.3,2008.2,512.2,1115.7,891.6,1011.7,51.0,171.0,241.4,247.7,17.0,67.1,61.6,74.6,37432.6,31445.2,5987.4,2763487.1,2313367.4,450119.7,2816546.0,2357784.1,458762.0,0.3981190135336491,0.386719355926545,0.4710434248320146,0.38627006604579917,0.373893362972444,0.4654570896278696
NOR,578,Int. Dep. Inventory,18280.0,3662.0,224063.1,278275.4,2000.2,2003.2,2007.7,2008.9,526.3,1218.7,1015.5,1267.6,54.0,168.1,290.5,336.9,19.0,88.4,65.4,71.6,40254.5,32947.1,7307.4,2981880.0,2433862.7,548017.3,3039132.1,2480592.9,558539.2,0.4281316774760578,0.4051900223769437,0.5748910583253939,0.4167962309115166,0.3933681720673947,0.5666904200327807
NOR,578,Domestic Inventory,91267.0,2415.0,124613.1,63894.4,1996.9,1999.1,2004.1,2003.4,140.4,878.8,322.9,282.4,18.0,179.2,342.9,335.2,7.0,57.9,62.3,69.7,49880.0,39792.1,10088.0,3708353.4,2954159.7,754193.8,3779553.8,3010879.5,768674.3,0.5305048646115531,0.48937120078627805,0.7936476717281898,0.5183400150218215,0.4774601125522013,0.779892193664122
TKL,772,All Global Voyages,2739872.0,58539.0,81475141.7,114361946.3,2002.6,2002.5,2008.8,2009.1,358.8,1354.1,1507.6,1784.2,41.0,231.2,403.1,445.6,19.0,89.0,69.9,77.7,9402364.3,8131271.3,1271093.0,715428735.4,618723859.3,96704876.1,729164967.1,630603357.4,98561609.7,100.0,100.0,100.0,100.0,100.0,100.0
TKL,772,All International Voyages,1244079.0,43111.0,72080717.8,102661963.7,2003.7,2003.9,2009.1,2009.4,663.1,1807.6,2057.2,2437.2,67.0,235.5,428.7,472.1,22.0,85.3,69.1,76.9,7421794.7,6689478.0,732316.7,564552047.5,508802890.5,55749157.0,575391446.8,518571906.0,56819540.9,78.93540883115962,82.26853776235458,57.613148683849246,78.91101091820406,82.23424438114164,57.64875499999063
TKL,772,All Domestic Voyages,1495793.0,55373.0,9394423.9,11699982.6,2001.6,2002.7,2006.1,2006.6,222.5,777.4,494.4,532.4,27.0,173.3,206.5,213.1,17.0,86.5,76.1,84.0,1980569.6,1441793.3,538776.3,150876687.9,109920968.8,40955719.1,153773520.3,112031451.4,41742068.9,21.064591168840373,17.731462237645424,42.38685131615075,21.088989081795948,17.765755618858368,42.35124510146875
TKL,772,Int. Arr. Inventory,85.0,7.0,29.9,25.7,2014.2,2005.3,2009.0,2007.7,304.0,1333.3,678.8,893.6,34.0,203.9,544.5,652.9,3.0,9.7,24.5,28.8,30.2,27.7,2.6,2269.9,2076.7,193.2,2313.5,2116.6,196.9,0.000321195808164974,0.0003406601376097241,0.00020454836900211078,0.00031728073952882584,0.00033564680161660046,0.00019977352297646168
TKL,772,Int. Dep. Inventory,84.0,7.0,63.5,60.7,2014.1,2005.3,2006.8,2005.8,318.1,3189.9,1457.3,2143.2,32.5,100.7,258.1,280.7,87.0,551.7,2505.7,2747.0,85.1,20.1,65.0,6388.2,1510.9,4877.3,6510.9,1539.9,4971.0,0.0009050914991668638,0.0002471938182655399,0.005113709225052769,0.0008929255098328214,0.00024419470368014886,0.005043545874636826
TKL,772,Domestic Inventory,131.0,5.0,5.5,3.4,2015.4,2006.8,2014.3,2012.7,73.3,97.6,84.7,81.6,16.0,25.0,20.0,20.9,2.0,4.9,4.1,4.7,9.3,6.6,2.6,696.6,497.8,198.8,710.0,507.3,202.6,9.891129191835291e-05,8.116811943047577e-05,0.00020454836900211078,9.737165552862171e-05,8.04467648398854e-05,0.00020555670774520638
NCL,540,All Global Voyages,2739872.0,58539.0,81475141.7,114361946.3,2002.6,2002.5,2008.8,2009.1,358.8,1354.1,1507.6,1784.2,41.0,231.2,403.1,445.6,19.0,89.0,69.9,77.7,9402364.3,8131271.3,1271093.0,715428735.4,618723859.3,96704876.1,729164967.1,630603357.4,98561609.7,100.0,100.0,100.0,100.0,100.0,100.0
NCL,540,All International Voyages,1244079.0,43111.0,72080717.8,102661963.7,2003.7,2003.9,2009.1,2009.4,663.1,1807.6,2057.2,2437.2,67.0,235.5,428.7,472.1,22.0,85.3,69.1,76.9,7421794.7,6689478.0,732316.7,564552047.5,508802890.5,55749157.0,575391446.8,518571906.0,56819540.9,78.93540883115962,82.26853776235458,57.613148683849246,78.91101091820406,82.23424438114164,57.64875499999063
NCL,540,All Domestic Voyages,1495793.0,55373.0,9394423.9,11699982.6,2001.6,2002.7,2006.1,2006.6,222.5,777.4,494.4,532.4,27.0,173.3,206.5,213.1,17.0,86.5,76.1,84.0,1980569.6,1441793.3,538776.3,150876687.9,109920968.8,40955719.1,153773520.3,112031451.4,41742068.9,21.064591168840373,17.731462237645424,42.38685131615075,21.088989081795948,17.765755618858368,42.35124510146875
NCL,540,Int. Arr. Inventory,766.0,256.0,48610.0,51377.0,2006.5,2008.0,2007.3,2011.3,1077.7,2664.7,1678.6,2576.6,88.0,301.9,269.0,373.6,16.0,117.6,107.8,162.1,7373.5,6895.4,478.1,570141.8,533380.9,36761.0,581088.5,543621.8,37466.8,0.07842176461935217,0.08480100768498525,0.03761329816150353,0.07969232289245565,0.0862066136535289,0.03801358370063228
NCL,540,Int. Dep. Inventory,766.0,262.0,51842.3,52367.7,2006.4,2008.1,2007.9,2011.4,1082.9,3206.9,1788.7,2626.2,89.5,374.6,331.0,454.5,23.0,109.8,57.8,73.7,7450.4,6829.5,620.9,575726.8,527893.6,47833.1,586780.7,538029.2,48751.5,0.07923964401166629,0.08399055631067187,0.04884772396669638,0.08047296928344158,0.08531974872736381,0.04946297057078198
NCL,540,Domestic Inventory,242.0,29.0,1793.9,2846.3,2012.4,2011.9,2014.6,2014.9,157.4,750.0,511.3,514.0,15.0,82.6,558.9,536.0,49.5,71.5,200.1,214.9,398.3,296.4,101.9,30327.7,22618.0,7709.7,30910.0,23052.2,7857.7,0.004236168556030103,0.0036451864544231848,0.008016722615890419,0.004239095594915068,0.003655578380528299,0.00797237385216934
CAN,124,All Global Voyages,2739872.0,58539.0,81475141.7,114361946.3,2002.6,2002.5,2008.8,2009.1,358.8,1354.1,1507.6,1784.2,41.0,231.2,403.1,445.6,19.0,89.0,69.9,77.7,9402364.3,8131271.3,1271093.0,715428735.4,618723859.3,96704876.1,729164967.1,630603357.4,98561609.7,100.0,100.0,100.0,100.0,100.0,100.0
CAN,124,All International Voyages,1244079.0,43111.0,72080717.8,102661963.7,2003.7,2003.9,2009.1,2009.4,663.1,1807.6,2057.2,2437.2,67.0,235.5,428.7,472.1,22.0,85.3,69.1,76.9,7421794.7,6689478.0,732316.7,564552047.5,508802890.5,55749157.0,575391446.8,518571906.0,56819540.9,78.93540883115962,82.26853776235458,57.613148683849246,78.91101091820406,82.23424438114164,57.64875499999063
CAN,124,All Domestic Voyages,1495793.0,55373.0,9394423.9,11699982.6,2001.6,2002.7,2006.1,2006.6,222.5,777.4,494.4,532.4,27.0,173.3,206.5,213.1,17.0,86.5,76.1,84.0,1980569.6,1441793.3,538776.3,150876687.9,109920968.8,40955719.1,153773520.3,112031451.4,41742068.9,21.064591168840373,17.731462237645424,42.38685131615075,21.088989081795948,17.765755618858368,42.35124510146875
CAN,124,Int. Arr. Inventory,11305.0,3894.0,1051228.2,1497670.7,2000.7,2007.4,2009.2,2009.5,979.2,3260.9,2603.7,2960.1,102.0,321.8,405.9,448.0,24.0,92.4,83.1,95.9,104608.8,97817.6,6791.2,8013011.7,7502917.8,510093.9,8166861.5,7646973.8,519887.7,1.1125797369923223,1.2029803998791677,0.5342803398335133,1.1200293306027649,1.212644003598196,0.5274748470346867
CAN,124,Int. Dep. Inventory,11242.0,3872.0,1050135.2,1599804.2,2000.6,2007.3,2009.0,2009.5,870.6,3538.8,2621.0,3201.3,84.0,346.0,512.5,572.3,22.0,72.7,67.6,75.8,102065.9,95408.0,6657.9,7822463.3,7315933.8,506529.5,7972654.6,7456399.8,516254.9,1.0855344118074641,1.1733466573670959,0.5237933022996744,1.0933951793801147,1.1824231051897662,0.5237890306087402
CAN,124,Domestic Inventory,24128.0,1778.0,121085.0,136093.4,1995.5,2004.0,2003.1,2004.3,161.6,600.6,348.7,343.9,21.0,128.5,240.2,157.2,10.0,71.1,88.4,74.0,29958.7,22565.1,7393.6,2240307.3,1686075.1,554232.2,2283321.2,1718447.7,564873.5,0.3186294323864902,0.27751011087282257,0.5816726234823102,0.3131419230247876,0.2725084920393099,0.5731171616609666
GUM,316,All Global Voyages,2739872.0,58539.0,81475141.7,114361946.3,2002.6,2002.5,2008.8,2009.1,358.8,1354.1,1507.6,1784.2,41.0,231.2,403.1,445.6,19.0,89.0,69.9,77.7,9402364.3,8131271.3,1271093.0,715428735.4,618723859.3,96704876.1,729164967.1,630603357.4,98561609.7,100.0,100.0,100.0,100.0,100.0,100.0
GUM,316,All International Voyages,1244079.0,43111.0,72080717.8,102661963.7,2003.7,2003.9,2009.1,2009.4,663.1,1807.6,2057.2,2437.2,67.0,235.5,428.7,472.1,22.0,85.3,69.1,76.9,7421794.7,6689478.0,732316.7,564552047.5,508802890.5,55749157.0,575391446.8,518571906.0,56819540.9,78.93540883115962,82.26853776235458,57.613148683849246,78.91101091820406,82.23424438114164,57.64875499999063
GUM,316,All Domestic Voyages,1495793.0,55373.0,9394423.9,11699982.6,2001.6,2002.7,2006.1,2006.6,222.5,777.4,494.4,532.4,27.0,173.3,206.5,213.1,17.0,86.5,76.1,84.0,1980569.6,1441793.3,538776.3,150876687.9,109920968.8,40955719.1,153773520.3,112031451.4,41742068.9,21.064591168840373,17.731462237645424,42.38685131615075,21.088989081795948,17.765755618858368,42.35124510146875
GUM,316,Int. Arr. Inventory,411.0,117.0,15361.9,16614.6,2001.5,2002.5,2002.9,2003.9,1452.3,2360.6,2151.3,2067.3,116.0,253.1,210.8,205.3,27.0,77.6,49.3,44.8,3006.6,2804.5,202.1,231697.0,216213.9,15483.1,236145.6,220365.2,15780.4,0.03197706347115267,0.03449030165799535,0.015899702067433304,0.03238575777154887,0.03494513586298899,0.01601069630257875
GUM,316,Int. Dep. Inventory,411.0,115.0,11132.9,11719.2,2001.5,2002.3,2004.8,2005.6,989.4,2487.7,1548.0,1465.9,70.0,284.8,256.1,244.1,18.0,145.4,174.9,204.1,1921.7,1681.2,240.6,147762.3,129429.3,18333.0,150599.3,131914.4,18685.0,0.020438476309623525,0.02067573369492665,0.018928591377656866,0.020653666425988114,0.020918759542271983,0.01895768550947276
GUM,316,Domestic Inventory,1.0,1.0,0.3,0.1,2003.0,2003.0,2003.0,2003.0,88.6,88.6,88.6,88.6,31.0,31.0,31.0,31.0,48.0,48.0,48.0,48.0,0.2,0.1,0.1,15.7,9.0,6.7,16.0,9.2,6.8,2.1271245573839337e-06,1.2298199913708453e-06,7.867244961619646e-06,2.194290828814011e-06,1.458920237585148e-06,6.899237969730521e-06
COK,184,All Global Voyages,2739872.0,58539.0,81475141.7,114361946.3,2002.6,2002.5,2008.8,2009.1,358.8,1354.1,1507.6,1784.2,41.0,231.2,403.1,445.6,19.0,89.0,69.9,77.7,9402364.3,8131271.3,1271093.0,715428735.4,618723859.3,96704876.1,729164967.1,630603357.4,98561609.7,100.0,100.0,100.0,100.0,100.0,100.0
COK,184,All International Voyages,1244079.0,43111.0,72080717.8,102661963.7,2003.7,2003.9,2009.1,2009.4,663.1,1807.6,2057.2,2437.2,67.0,235.5,428.7,472.1,22.0,85.3,69.1,76.9,7421794.7,6689478.0,732316.7,564552047.5,508802890.5,55749157.0,575391446.8,518571906.0,56819540.9,78.93540883115962,82.26853776235458,57.613148683849246,78.91101091820406,82.23424438114164,57.64875499999063
COK,184,All Domestic Voyages,1495793.0,55373.0,9394423.9,11699982.6,2001.6,2002.7,2006.1,2006.6,222.5,777.4,494.4,532.4,27.0,173.3,206.5,213.1,17.0,86.5,76.1,84.0,1980569.6,1441793.3,538776.3,150876687.9,109920968.8,40955719.1,153773520.3,112031451.4,41742068.9,21.064591168840373,17.731462237645424,42.38685131615075,21.088989081795948,17.765755618858368,42.35124510146875
COK,184,Int. Arr. Inventory,66.0,20.0,556.1,307.8,2003.5,2001.4,2000.3,2004.9,752.3,1701.8,711.9,846.1,70.5,226.3,148.7,186.3,17.0,208.6,17.2,29.5,170.3,151.1,19.2,13070.6,11620.4,1450.3,13321.6,11843.5,1478.1,0.0018112465606124194,0.001858258006961347,0.001510511032630972,0.0018269665440705455,0.0018781219384608372,0.001499671123979218
COK,184,Int. Dep. Inventory,62.0,18.0,578.8,336.0,2003.8,2002.4,2000.6,2004.6,820.6,939.0,752.5,965.7,71.0,96.1,88.0,127.8,23.5,67.3,40.3,55.9,171.7,143.8,27.8,13203.6,11083.3,2120.3,13457.2,11296.1,2161.0,0.0018261364325141067,0.0017684811475912753,0.0021870940993302616,0.0018455631588447444,0.001791316184324521,0.0021925372430275964
COK,184,Domestic Inventory,60.0,9.0,66.1,47.7,2005.8,2001.1,2002.5,2005.3,155.8,161.6,179.1,194.2,19.0,17.8,44.4,58.2,9.0,8.4,40.9,56.3,46.4,26.5,19.9,3512.6,2011.7,1500.9,3580.0,2050.3,1529.7,0.0004934928973130726,0.00032590229771327394,0.0015655817473623093,0.0004909725729471349,0.0003251330612087858,0.0015520241650436436
COL,170,All Global Voyages,2739872.0,58539.0,81475141.7,114361946.3,2002.6,2002.5,2008.8,2009.1,358.8,1354.1,1507.6,1784.2,41.0,231.2,403.1,445.6,19.0,89.0,69.9,77.7,9402364.3,8131271.3,1271093.0,715428735.4,618723859.3,96704876.1,729164967.1,630603357.4,98561609.7,100.0,100.0,100.0,100.0,100.0,100.0
COL,170,All International Voyages,1244079.0,43111.0,72080717.8,102661963.7,2003.7,2003.9,2009.1,2009.4,663.1,1807.6,2057.2,2437.2,67.0,235.5,428.7,472.1,22.0,85.3,69.1,76.9,7421794.7,6689478.0,732316.7,564552047.5,508802890.5,55749157.0,575391446.8,518571906.0,56819540.9,78.93540883115962,82.26853776235458,57.613148683849246,78.91101091820406,82.23424438114164,57.64875499999063
COL,170,All Domestic Voyages,1495793.0,55373.0,9394423.9,11699982.6,2001.6,2002.7,2006.1,2006.6,222.5,777.4,494.4,532.4,27.0,173.3,206.5,213.1,17.0,86.5,76.1,84.0,1980569.6,1441793.3,538776.3,150876687.9,109920968.8,40955719.1,153773520.3,112031451.4,41742068.9,21.064591168840373,17.731462237645424,42.38685131615075,21.088989081795948,17.765755618858368,42.35124510146875
COL,170,Int. Arr. Inventory,6794.0,2491.0,557094.9,793757.1,2006.6,2007.9,2008.9,2009.4,1107.0,2202.0,2106.6,2377.5,99.0,214.1,357.6,411.1,21.0,73.4,44.4,52.4,56357.5,53105.0,3252.6,4352031.4,4102468.2,249563.2,4435590.4,4181235.6,254354.8,0.5993971112138252,0.6530959064174873,0.25589000962164055,0.6083109584434668,0.6630531777121174,0.2580668079328253
COL,170,Int. Dep. Inventory,6777.0,2483.0,533330.7,794160.5,2006.6,2007.9,2009.0,2009.6,1114.9,2196.6,2023.1,2394.9,92.0,224.7,416.7,486.5,28.0,70.5,64.4,74.6,55217.1,50572.0,4645.1,4263998.6,3908738.9,355259.7,4345867.4,3983786.6,362080.7,0.587268246987622,0.6219445660360637,0.36544139571219414,0.5960060611913619,0.6317420535826662,0.36736484022744204
COL,170,Domestic Inventory,2911.0,630.0,24617.0,33891.2,2003.3,2006.8,2009.4,2008.8,166.3,354.1,437.6,470.6,26.0,93.2,74.0,69.0,20.0,76.1,586.0,810.8,3652.8,2521.4,1131.3,280497.7,193802.0,86695.6,285883.2,197523.0,88360.2,0.03884980291606017,0.03100868126242449,0.08900214225080305,0.0392069302420001,0.03132285892266643,0.08964971277249746
ITA,380,All Global Voyages,2739872.0,58539.0,81475141.7,114361946.3,2002.6,2002.5,2008.8,2009.1,358.8,1354.1,1507.6,1784.2,41.0,231.2,403.1,445.6,19.0,89.0,69.9,77.7,9402364.3,8131271.3,1271093.0,715428735.4,618723859.3,96704876.1,729164967.1,630603357.4,98561609.7,100.0,100.0,100.0,100.0,100.0,100.0
ITA,380,All International Voyages,1244079.0,43111.0,72080717.8,102661963.7,2003.7,2003.9,2009.1,2009.4,663.1,1807.6,2057.2,2437.2,67.0,235.5,428.7,472.1,22.0,85.3,69.1,76.9,7421794.7,6689478.0,732316.7,564552047.5,508802890.5,55749157.0,575391446.8,518571906.0,56819540.9,78.93540883115962,82.26853776235458,57.613148683849246,78.91101091820406,82.23424438114164,57.64875499999063
ITA,380,All Domestic Voyages,1495793.0,55373.0,9394423.9,11699982.6,2001.6,2002.7,2006.1,2006.6,222.5,777.4,494.4,532.4,27.0,173.3,206.5,213.1,17.0,86.5,76.1,84.0,1980569.6,1441793.3,538776.3,150876687.9,109920968.8,40955719.1,153773520.3,112031451.4,41742068.9,21.064591168840373,17.731462237645424,42.38685131615075,21.088989081795948,17.765755618858368,42.35124510146875
ITA,380,Int. Arr. Inventory,24481.0,5607.0,801117.8,920122.0,2002.4,2005.0,2007.4,2008.1,691.9,1593.1,1098.5,1482.5,58.0,160.7,230.3,286.7,22.0,72.9,61.2,80.1,117682.8,99478.9,18203.8,8995451.8,7595960.7,1399491.1,9168164.4,7741803.1,1426361.3,1.25162986930851,1.2234113993958116,1.432137538323317,1.2573511912486943,1.2276818715205908,1.4471773587520862
ITA,380,Int. Dep. Inventory,24593.0,5644.0,655918.0,672269.4,2002.4,2005.0,2006.9,2007.6,667.5,1214.4,896.3,1076.3,55.0,124.1,167.3,195.1,16.0,49.7,41.4,47.3,98658.9,83405.9,15253.0,7532629.6,6361267.7,1171361.9,7677256.1,6483404.0,1193852.0,1.0492988449724288,1.0257424321827757,1.1999908739958445,1.052883290667901,1.0281270982652717,1.2112748600939296
ITA,380,Domestic Inventory,40903.0,3103.0,296733.2,191743.9,1998.7,2002.8,2003.5,2005.2,236.8,558.3,306.4,362.6,18.0,88.2,91.5,100.4,12.0,56.5,38.3,53.2,74154.3,55003.3,19151.1,5688364.4,4224771.0,1463593.4,5797581.0,4305886.6,1491694.4,0.7886771628280772,0.67644157931368,1.5066639498447398,0.7950986761003975,0.6828201197268158,1.5134639181932923
ZAF,710,All Global Voyages,2739872.0,58539.0,81475141.7,114361946.3,2002.6,2002.5,2008.8,2009.1,358.8,1354.1,1507.6,1784.2,41.0,231.2,403.1,445.6,19.0,89.0,69.9,77.7,9402364.3,8131271.3,1271093.0,715428735.4,618723859.3,96704876.1,729164967.1,630603357.4,98561609.7,100.0,100.0,100.0,100.0,100.0,100.0
ZAF,710,All International Voyages,1244079.0,43111.0,72080717.8,102661963.7,2003.7,2003.9,2009.1,2009.4,663.1,1807.6,2057.2,2437.2,67.0,235.5,428.7,472.1,22.0,85.3,69.1,76.9,7421794.7,6689478.0,732316.7,564552047.5,508802890.5,55749157.0,575391446.8,518571906.0,56819540.9,78.93540883115962,82.26853776235458,57.613148683849246,78.91101091820406,82.23424438114164,57.64875499999063
ZAF,710,All Domestic Voyages,1495793.0,55373.0,9394423.9,11699982.6,2001.6,2002.7,2006.1,2006.6,222.5,777.4,494.4,532.4,27.0,173.3,206.5,213.1,17.0,86.5,76.1,84.0,1980569.6,1441793.3,538776.3,150876687.9,109920968.8,40955719.1,153773520.3,112031451.4,41742068.9,21.064591168840373,17.731462237645424,42.38685131615075,21.088989081795948,17.765755618858368,42.35124510146875
ZAF,710,Int. Arr. Inventory,6277.0,4014.0,1238120.5,1963842.9,2008.7,2009.1,2009.9,2010.0,4162.1,4243.1,4279.0,4432.3,356.0,408.0,485.7,511.6,43.0,75.5,60.8,63.5,100578.4,96557.2,4021.2,7731069.2,7421434.0,309635.1,7879505.7,7563925.6,315580.1,1.069713922911921,1.1874797487079296,0.31635765439664915,1.0806204433186077,1.1994743623291722,0.3201856188840227
ZAF,710,Int. Dep. Inventory,6280.0,4028.0,1321333.3,2111918.8,2008.6,2009.0,2009.8,2009.9,4422.7,4574.9,4589.3,4796.8,384.0,446.6,528.2,563.6,36.0,91.0,77.8,84.4,110522.2,105162.4,5359.9,8506947.5,8094404.2,412543.4,8670280.9,8249816.7,420464.2,1.175472428780493,1.2933082186053735,0.42167646269785136,1.1890698663819554,1.3082417978258611,0.42660037846358345
ZAF,710,Domestic Inventory,3076.0,953.0,55817.5,71874.0,2005.9,2007.6,2008.9,2009.2,433.9,819.0,503.6,539.3,48.5,143.4,176.4,207.3,39.0,90.2,69.3,68.3,8762.7,6594.5,2168.2,674321.2,508053.9,166267.3,687268.2,517808.5,169459.7,0.09319677179494099,0.08110047933095038,0.17057760525783713,0.09425414426221958,0.08211318476560969,0.17193276420281517
GUY,328,All Global Voyages,2739872.0,58539.0,81475141.7,114361946.3,2002.6,2002.5,2008.8,2009.1,358.8,1354.1,1507.6,1784.2,41.0,231.2,403.1,445.6,19.0,89.0,69.9,77.7,9402364.3,8131271.3,1271093.0,715428735.4,618723859.3,96704876.1,729164967.1,630603357.4,98561609.7,100.0,100.0,100.0,100.0,100.0,100.0
GUY,328,All International Voyages,1244079.0,43111.0,72080717.8,102661963.7,2003.7,2003.9,2009.1,2009.4,663.1,1807.6,2057.2,2437.2,67.0,235.5,428.7,472.1,22.0,85.3,69.1,76.9,7421794.7,6689478.0,732316.7,564552047.5,508802890.5,55749157.0,575391446.8,518571906.0,56819540.9,78.93540883115962,82.26853776235458,57.613148683849246,78.91101091820406,82.23424438114164,57.64875499999063
GUY,328,All Domestic Voyages,1495793.0,55373.0,9394423.9,11699982.6,2001.6,2002.7,2006.1,2006.6,222.5,777.4,494.4,532.4,27.0,173.3,206.5,213.1,17.0,86.5,76.1,84.0,1980569.6,1441793.3,538776.3,150876687.9,109920968.8,40955719.1,153773520.3,112031451.4,41742068.9,21.064591168840373,17.731462237645424,42.38685131615075,21.088989081795948,17.765755618858368,42.35124510146875
GUY,328,Int. Arr. Inventory,1150.0,278.0,6088.2,8487.8,2003.7,2004.7,2008.2,2008.2,415.9,1037.6,739.3,773.6,46.0,150.4,244.4,244.8,26.0,72.6,73.8,74.1,1561.4,1241.2,320.2,118984.5,94896.8,24087.7,121269.0,96718.8,24550.2,0.01660646141949637,0.01526452573289493,0.025190918367106102,0.016631215907465392,0.015337501595103305,0.02490848117712915
GUY,328,Int. Dep. Inventory,1126.0,266.0,8715.6,12360.9,2003.6,2004.9,2008.2,2008.3,424.1,1442.2,1074.3,1142.1,51.0,172.5,246.6,255.4,28.0,69.5,52.4,50.6,2242.9,1841.4,401.4,171238.0,141060.0,30178.0,174525.8,143768.4,30757.4,0.023854638348782126,0.022645905321102743,0.03157912127594126,0.023935022645714267,0.022798546552743108,0.031206267930910223
GUY,328,Domestic Inventory,313.0,76.0,167.4,230.6,2000.7,2002.0,2001.7,2003.6,71.7,163.8,108.0,103.3,13.0,82.3,654.4,223.4,32.0,37.7,61.5,60.4,132.2,79.5,52.7,9956.5,5997.3,3959.1,10147.6,6112.5,4035.2,0.00140602933243078,0.000977706893139822,0.004146038094773553,0.001391674100904566,0.0009693097774173062,0.0040940889787436175
TTO,780,All Global Voyages,2739872.0,58539.0,81475141.7,114361946.3,2002.6,2002.5,2008.8,2009.1,358.8,1354.1,1507.6,1784.2,41.0,231.2,403.1,445.6,19.0,89.0,69.9,77.7,9402364.3,8131271.3,1271093.0,715428735.4,618723859.3,96704876.1,729164967.1,630603357.4,98561609.7,100.0,100.0,100.0,100.0,100.0,100.0
TTO,780,All International Voyages,1244079.0,43111.0,72080717.8,102661963.7,2003.7,2003.9,2009.1,2009.4,663.1,1807.6,2057.2,2437.2,67.0,235.5,428.7,472.1,22.0,85.3,69.1,76.9,7421794.7,6689478.0,732316.7,564552047.5,508802890.5,55749157.0,575391446.8,518571906.0,56819540.9,78.93540883115962,82.26853776235458,57.613148683849246,78.91101091820406,82.23424438114164,57.64875499999063
TTO,780,All Domestic Voyages,1495793.0,55373.0,9394423.9,11699982.6,2001.6,2002.7,2006.1,2006.6,222.5,777.4,494.4,532.4,27.0,173.3,206.5,213.1,17.0,86.5,76.1,84.0,1980569.6,1441793.3,538776.3,150876687.9,109920968.8,40955719.1,153773520.3,112031451.4,41742068.9,21.064591168840373,17.731462237645424,42.38685131615075,21.088989081795948,17.765755618858368,42.35124510146875
TTO,780,Int. Arr. Inventory,3718.0,1213.0,211302.8,261979.2,2004.2,2007.1,2009.1,2009.2,681.0,2106.6,2452.9,2501.0,74.5,240.8,429.4,452.2,29.0,96.9,70.6,77.4,26784.0,23510.4,3273.7,1912954.1,1663207.5,249746.6,1949682.8,1695141.1,254541.7,0.28486452072485635,0.2891355992512512,0.2575499983085423,0.2673856929460264,0.2688125713426467,0.25825643551761107
TTO,780,Int. Dep. Inventory,3723.0,1216.0,268921.5,349474.1,2004.3,2007.2,2009.0,2009.4,710.4,2662.8,3131.1,3346.1,71.0,292.1,583.2,645.2,26.0,89.0,51.6,55.8,32679.9,30075.3,2604.6,2299902.6,2101706.1,198196.5,2344060.7,2142058.9,202001.9,0.34757108911425605,0.36987205186475575,0.20491026227034528,0.32147193101208443,0.3396840303597153,0.20494987918201585
TTO,780,Domestic Inventory,1785.0,171.0,4428.5,3882.0,1999.6,2003.6,2001.4,2003.4,119.3,824.6,264.6,343.3,18.0,291.7,545.2,625.3,12.0,109.4,69.4,86.2,2134.4,1594.5,539.9,161258.4,120445.2,40813.2,164354.6,122757.7,41596.9,0.02270067327640134,0.019609479762408125,0.04247525554778446,0.0225401119658372,0.019466705744500688,0.0422039576328064
MHL,584,All Global Voyages,2739872.0,58539.0,81475141.7,114361946.3,2002.6,2002.5,2008.8,2009.1,358.8,1354.1,1507.6,1784.2,41.0,231.2,403.1,445.6,19.0,89.0,69.9,77.7,9402364.3,8131271.3,1271093.0,715428735.4,618723859.3,96704876.1,729164967.1,630603357.4,98561609.7,100.0,100.0,100.0,100.0,100.0,100.0
MHL,584,All International Voyages,1244079.0,43111.0,72080717.8,102661963.7,2003.7,2003.9,2009.1,2009.4,663.1,1807.6,2057.2,2437.2,67.0,235.5,428.7,472.1,22.0,85.3,69.1,76.9,7421794.7,6689478.0,732316.7,564552047.5,508802890.5,55749157.0,575391446.8,518571906.0,56819540.9,78.93540883115962,82.26853776235458,57.613148683849246,78.91101091820406,82.23424438114164,57.64875499999063
MHL,584,All Domestic Voyages,1495793.0,55373.0,9394423.9,11699982.6,2001.6,2002.7,2006.1,2006.6,222.5,777.4,494.4,532.4,27.0,173.3,206.5,213.1,17.0,86.5,76.1,84.0,1980569.6,1441793.3,538776.3,150876687.9,109920968.8,40955719.1,153773520.3,112031451.4,41742068.9,21.064591168840373,17.731462237645424,42.38685131615075,21.088989081795948,17.765755618858368,42.35124510146875
MHL,584,Int. Arr. Inventory,306.0,160.0,5293.5,5747.8,2001.2,1999.5,2003.4,2003.4,3236.1,7067.5,2877.0,2543.0,313.0,804.3,804.8,632.9,83.5,396.4,485.7,357.2,2388.3,1684.3,704.0,181005.9,128134.5,52871.3,184481.2,130594.7,53886.5,0.025401057902000247,0.02071385811465914,0.055385404529802305,0.02530033782803771,0.02070948377732186,0.05467290983174761
MHL,584,Int. Dep. Inventory,291.0,157.0,5417.2,6532.5,2001.0,1998.9,2001.3,2001.8,3263.6,6836.0,2987.5,2908.3,321.0,963.1,827.0,749.8,70.0,238.7,223.7,211.4,2180.5,1710.8,469.7,165395.6,130046.3,35349.3,168571.2,132543.1,36028.1,0.023190975486878335,0.021039760412372415,0.03695244958472747,0.023118389885135773,0.021018457711116524,0.03655388757312473
MHL,584,Domestic Inventory,65.0,15.0,134.3,152.9,1998.5,1994.9,2006.3,2006.1,273.7,490.6,393.1,384.7,36.0,90.1,324.3,300.5,21.0,31.6,340.6,312.8,94.4,46.7,47.6,7106.2,3528.9,3577.3,7242.7,3596.7,3646.0,0.0010040027910852168,0.0005743259359701847,0.003744808601730951,0.0009932868866157022,0.0005703585237524459,0.0036992090643584523
NIU,570,All Global Voyages,2739872.0,58539.0,81475141.7,114361946.3,2002.6,2002.5,2008.8,2009.1,358.8,1354.1,1507.6,1784.2,41.0,231.2,403.1,445.6,19.0,89.0,69.9,77.7,9402364.3,8131271.3,1271093.0,715428735.4,618723859.3,96704876.1,729164967.1,630603357.4,98561609.7,100.0,100.0,100.0,100.0,100.0,100.0
NIU,570,All International Voyages,1244079.0,43111.0,72080717.8,102661963.7,2003.7,2003.9,2009.1,2009.4,663.1,1807.6,2057.2,2437.2,67.0,235.5,428.7,472.1,22.0,85.3,69.1,76.9,7421794.7,6689478.0,732316.7,564552047.5,508802890.5,55749157.0,575391446.8,518571906.0,56819540.9,78.93540883115962,82.26853776235458,57.613148683849246,78.91101091820406,82.23424438114164,57.64875499999063
NIU,570,All Domestic Voyages,1495793.0,55373.0,9394423.9,11699982.6,2001.6,2002.7,2006.1,2006.6,222.5,777.4,494.4,532.4,27.0,173.3,206.5,213.1,17.0,86.5,76.1,84.0,1980569.6,1441793.3,538776.3,150876687.9,109920968.8,40955719.1,153773520.3,112031451.4,41742068.9,21.064591168840373,17.731462237645424,42.38685131615075,21.088989081795948,17.765755618858368,42.35124510146875
NIU,570,Int. Arr. Inventory,18.0,5.0,139.9,77.9,2003.6,1998.6,1999.7,2004.3,589.6,515.2,536.5,558.8,50.0,45.3,50.2,61.0,39.0,19.6,18.5,36.4,32.6,29.3,3.3,2519.2,2268.5,250.7,2567.6,2312.0,255.5,0.00034672130285358116,0.0003603372574716576,0.0002596190837334483,0.00035212882075392836,0.0003666329988366155,0.00025922872077443354
NIU,570,Int. Dep. Inventory,18.0,5.0,187.0,89.8,2003.6,1998.6,2000.2,2004.0,346.0,677.8,716.8,644.2,32.5,50.4,72.4,77.8,21.0,14.9,17.0,27.9,46.7,43.4,3.3,3609.0,3357.1,251.8,3678.3,3421.6,256.7,0.0004966835841491485,0.0005337418762549468,0.0002596190837334483,0.0005044537472266611,0.0005425914657523198,0.0002604462333573271
NIU,570,Domestic Inventory,,,,,,,,,,,,,,,,,,,,,,,,,,,,,,,,,,,
VUT,548,All Global Voyages,2739872.0,58539.0,81475141.7,114361946.3,2002.6,2002.5,2008.8,2009.1,358.8,1354.1,1507.6,1784.2,41.0,231.2,403.1,445.6,19.0,89.0,69.9,77.7,9402364.3,8131271.3,1271093.0,715428735.4,618723859.3,96704876.1,729164967.1,630603357.4,98561609.7,100.0,100.0,100.0,100.0,100.0,100.0
VUT,548,All International Voyages,1244079.0,43111.0,72080717.8,102661963.7,2003.7,2003.9,2009.1,2009.4,663.1,1807.6,2057.2,2437.2,67.0,235.5,428.7,472.1,22.0,85.3,69.1,76.9,7421794.7,6689478.0,732316.7,564552047.5,508802890.5,55749157.0,575391446.8,518571906.0,56819540.9,78.93540883115962,82.26853776235458,57.613148683849246,78.91101091820406,82.23424438114164,57.64875499999063
VUT,548,All Domestic Voyages,1495793.0,55373.0,9394423.9,11699982.6,2001.6,2002.7,2006.1,2006.6,222.5,777.4,494.4,532.4,27.0,173.3,206.5,213.1,17.0,86.5,76.1,84.0,1980569.6,1441793.3,538776.3,150876687.9,109920968.8,40955719.1,153773520.3,112031451.4,41742068.9,21.064591168840373,17.731462237645424,42.38685131615075,21.088989081795948,17.765755618858368,42.35124510146875
VUT,548,Int. Arr. Inventory,253.0,73.0,8514.8,3139.8,2001.9,2005.6,2000.7,2008.3,597.2,1255.3,800.1,889.8,50.0,144.1,89.4,134.9,17.0,48.9,22.1,37.5,1800.5,1562.7,237.8,139282.4,120920.7,18361.7,141956.6,123242.4,18714.2,0.019149438827848864,0.019218397005152196,0.01870830851873152,0.019468379091851187,0.019543568640061286,0.01898731164898984
VUT,548,Int. Dep. Inventory,251.0,70.0,12343.9,4079.0,2001.8,2006.1,1998.6,2007.6,1084.4,1113.9,1139.2,1173.4,63.0,119.1,109.0,187.9,13.0,43.2,22.3,33.4,2759.2,2509.8,249.4,213507.0,194254.1,19252.9,217606.4,197983.8,19622.6,0.029345810393668747,0.030866022143425473,0.019620908934279396,0.029843232988202073,0.03139593179717504,0.01990896867424031
VUT,548,Domestic Inventory,168.0,30.0,419.0,215.5,1999.2,1998.2,1999.0,2002.3,194.2,252.8,218.8,239.7,23.0,28.4,143.3,692.9,20.5,31.1,24.4,51.3,185.9,122.8,63.1,14138.7,9349.3,4789.4,14410.2,9528.8,4881.3,0.0019771622760883663,0.0015102189494033977,0.004964231570781997,0.001976260606335979,0.0015110607782501475,0.0049525368090655286
FSM,583,All Global Voyages,2739872.0,58539.0,81475141.7,114361946.3,2002.6,2002.5,2008.8,2009.1,358.8,1354.1,1507.6,1784.2,41.0,231.2,403.1,445.6,19.0,89.0,69.9,77.7,9402364.3,8131271.3,1271093.0,715428735.4,618723859.3,96704876.1,729164967.1,630603357.4,98561609.7,100.0,100.0,100.0,100.0,100.0,100.0
FSM,583,All International Voyages,1244079.0,43111.0,72080717.8,102661963.7,2003.7,2003.9,2009.1,2009.4,663.1,1807.6,2057.2,2437.2,67.0,235.5,428.7,472.1,22.0,85.3,69.1,76.9,7421794.7,6689478.0,732316.7,564552047.5,508802890.5,55749157.0,575391446.8,518571906.0,56819540.9,78.93540883115962,82.26853776235458,57.613148683849246,78.91101091820406,82.23424438114164,57.64875499999063
FSM,583,All Domestic Voyages,1495793.0,55373.0,9394423.9,11699982.6,2001.6,2002.7,2006.1,2006.6,222.5,777.4,494.4,532.4,27.0,173.3,206.5,213.1,17.0,86.5,76.1,84.0,1980569.6,1441793.3,538776.3,150876687.9,109920968.8,40955719.1,153773520.3,112031451.4,41742068.9,21.064591168840373,17.731462237645424,42.38685131615075,21.088989081795948,17.765755618858368,42.35124510146875
FSM,583,Int. Arr. Inventory,281.0,151.0,3393.2,3567.0,2000.1,1999.1,2000.8,2000.0,3123.9,5815.9,2796.8,2477.9,297.0,709.0,789.1,721.6,86.0,238.3,272.1,256.2,1810.0,1295.0,515.0,136815.6,98118.3,38697.3,139442.4,100002.2,39440.3,0.019250477244324597,0.015926168888252445,0.04051631155234117,0.019123573716738427,0.01585817754163451,0.04001588460258275
FSM,583,Int. Dep. Inventory,288.0,151.0,4325.7,4755.4,2000.3,1999.1,2000.7,1999.9,3189.2,6364.1,3521.1,3257.8,388.0,723.4,922.6,854.0,92.0,338.3,414.4,332.0,2214.7,1731.7,483.0,167606.5,131303.7,36302.8,170824.6,133824.7,36999.8,0.023554713786190985,0.021296792790568925,0.03799879316462289,0.023427428319738867,0.02122169164334361,0.03753976838712284
FSM,583,Domestic Inventory,,,,,,,,,,,,,,,,,,,,,,,,,,,,,,,,,,,
COG,178,All Global Voyages,2739872.0,58539.0,81475141.7,114361946.3,2002.6,2002.5,2008.8,2009.1,358.8,1354.1,1507.6,1784.2,41.0,231.2,403.1,445.6,19.0,89.0,69.9,77.7,9402364.3,8131271.3,1271093.0,715428735.4,618723859.3,96704876.1,729164967.1,630603357.4,98561609.7,100.0,100.0,100.0,100.0,100.0,100.0
COG,178,All International Voyages,1244079.0,43111.0,72080717.8,102661963.7,2003.7,2003.9,2009.1,2009.4,663.1,1807.6,2057.2,2437.2,67.0,235.5,428.7,472.1,22.0,85.3,69.1,76.9,7421794.7,6689478.0,732316.7,564552047.5,508802890.5,55749157.0,575391446.8,518571906.0,56819540.9,78.93540883115962,82.26853776235458,57.613148683849246,78.91101091820406,82.23424438114164,57.64875499999063
COG,178,All Domestic Voyages,1495793.0,55373.0,9394423.9,11699982.6,2001.6,2002.7,2006.1,2006.6,222.5,777.4,494.4,532.4,27.0,173.3,206.5,213.1,17.0,86.5,76.1,84.0,1980569.6,1441793.3,538776.3,150876687.9,109920968.8,40955719.1,153773520.3,112031451.4,41742068.9,21.064591168840373,17.731462237645424,42.38685131615075,21.088989081795948,17.765755618858368,42.35124510146875
COG,178,Int. Arr. Inventory,1584.0,549.0,141510.4,242383.0,2008.3,2008.3,2009.9,2010.1,579.3,2509.9,3555.5,4072.9,69.0,294.1,603.6,650.2,35.0,76.6,47.4,47.2,11170.4,10074.5,1095.9,862938.9,778768.1,84170.8,879507.3,793720.4,85786.9,0.11880416077900745,0.12389821503065578,0.0862171375343897,0.1206184251415608,0.1258668211461064,0.087038858497864
COG,178,Int. Dep. Inventory,1581.0,547.0,107961.4,183480.9,2008.3,2008.5,2010.6,2010.8,378.9,2187.2,2781.9,3186.3,51.0,264.3,661.3,708.4,32.0,82.3,61.4,63.5,9818.2,8802.4,1015.9,758388.7,680468.7,77920.0,772949.8,693533.7,79416.0,0.1044226716465347,0.10825367492042727,0.07992334156509398,0.10600479107960149,0.10997938591057682,0.08057498273589984
COG,178,Domestic Inventory,2499.0,89.0,809.5,894.1,2010.6,2008.7,2010.5,2010.0,71.2,202.0,137.1,131.1,18.0,143.1,626.1,547.2,13.0,40.6,82.8,79.5,740.1,546.7,193.3,55721.6,41162.6,14559.0,56791.5,41952.9,14838.5,0.007871424424599247,0.006723425892824411,0.015207384510810775,0.007788566725286931,0.006652819003846301,0.015055050384389165
IRL,372,All Global Voyages,2739872.0,58539.0,81475141.7,114361946.3,2002.6,2002.5,2008.8,2009.1,358.8,1354.1,1507.6,1784.2,41.0,231.2,403.1,445.6,19.0,89.0,69.9,77.7,9402364.3,8131271.3,1271093.0,715428735.4,618723859.3,96704876.1,729164967.1,630603357.4,98561609.7,100.0,100.0,100.0,100.0,100.0,100.0
IRL,372,All International Voyages,1244079.0,43111.0,72080717.8,102661963.7,2003.7,2003.9,2009.1,2009.4,663.1,1807.6,2057.2,2437.2,67.0,235.5,428.7,472.1,22.0,85.3,69.1,76.9,7421794.7,6689478.0,732316.7,564552047.5,508802890.5,55749157.0,575391446.8,518571906.0,56819540.9,78.93540883115962,82.26853776235458,57.613148683849246,78.91101091820406,82.23424438114164,57.64875499999063
IRL,372,All Domestic Voyages,1495793.0,55373.0,9394423.9,11699982.6,2001.6,2002.7,2006.1,2006.6,222.5,777.4,494.4,532.4,27.0,173.3,206.5,213.1,17.0,86.5,76.1,84.0,1980569.6,1441793.3,538776.3,150876687.9,109920968.8,40955719.1,153773520.3,112031451.4,41742068.9,21.064591168840373,17.731462237645424,42.38685131615075,21.088989081795948,17.765755618858368,42.35124510146875
IRL,372,Int. Arr. Inventory,8326.0,1798.0,76323.0,81588.3,2003.2,2004.0,2007.1,2008.6,398.1,1303.2,675.8,1088.0,37.5,157.3,207.8,260.5,15.0,63.3,60.7,64.3,14806.6,12358.4,2448.3,1131938.3,945536.3,186401.9,1153671.5,963690.6,189980.8,0.15747741235680476,0.1519860738135745,0.1926137583953338,0.15821817449463144,0.15282040425114932,0.19275334542349706
IRL,372,Int. Dep. Inventory,8327.0,1800.0,68651.7,61584.6,2003.2,2004.0,2005.6,2008.0,389.1,984.8,606.5,818.3,38.0,128.5,516.1,302.7,15.0,66.4,62.4,68.4,14063.8,11793.5,2270.2,1072819.2,900782.4,172036.9,1093417.4,918077.4,175340.0,0.1495772717506808,0.1450388206823206,0.17860219511868916,0.1499547358053538,0.14558714114451685,0.17789888023713962
IRL,372,Domestic Inventory,2388.0,568.0,4554.3,3961.3,2000.0,2002.8,2005.6,2006.8,225.4,465.8,296.2,293.7,26.0,88.1,116.6,89.4,18.0,55.9,70.6,67.8,1831.7,1206.1,625.6,139152.5,91776.9,47375.6,141824.2,93539.0,48285.2,0.019481270258800757,0.014832858915923763,0.0492174844798925,0.019450221335242754,0.014833254359073605,0.048989865472945905
SDN,729,All Global Voyages,2739872.0,58539.0,81475141.7,114361946.3,2002.6,2002.5,2008.8,2009.1,358.8,1354.1,1507.6,1784.2,41.0,231.2,403.1,445.6,19.0,89.0,69.9,77.7,9402364.3,8131271.3,1271093.0,715428735.4,618723859.3,96704876.1,729164967.1,630603357.4,98561609.7,100.0,100.0,100.0,100.0,100.0,100.0
SDN,729,All International Voyages,1244079.0,43111.0,72080717.8,102661963.7,2003.7,2003.9,2009.1,2009.4,663.1,1807.6,2057.2,2437.2,67.0,235.5,428.7,472.1,22.0,85.3,69.1,76.9,7421794.7,6689478.0,732316.7,564552047.5,508802890.5,55749157.0,575391446.8,518571906.0,56819540.9,78.93540883115962,82.26853776235458,57.613148683849246,78.91101091820406,82.23424438114164,57.64875499999063
SDN,729,All Domestic Voyages,1495793.0,55373.0,9394423.9,11699982.6,2001.6,2002.7,2006.1,2006.6,222.5,777.4,494.4,532.4,27.0,173.3,206.5,213.1,17.0,86.5,76.1,84.0,1980569.6,1441793.3,538776.3,150876687.9,109920968.8,40955719.1,153773520.3,112031451.4,41742068.9,21.064591168840373,17.731462237645424,42.38685131615075,21.088989081795948,17.765755618858368,42.35124510146875
SDN,729,Int. Arr. Inventory,894.0,377.0,25114.9,37988.6,1992.9,2002.4,2007.1,2007.1,276.3,1696.3,1566.5,1740.7,37.0,188.1,341.7,342.8,91.0,116.7,76.6,80.7,3076.6,2519.6,557.1,237000.6,194500.0,42500.6,241551.0,198234.4,43316.6,0.03272155706623705,0.03098654450257981,0.04382842168118305,0.033127071499428326,0.03143567151582057,0.04394875462347486
SDN,729,Int. Dep. Inventory,915.0,382.0,28765.3,43831.3,1992.9,2002.6,2007.1,2007.5,393.8,1654.1,1744.2,1940.2,144.0,363.4,461.0,487.0,30.0,81.2,53.1,56.0,3901.4,3495.1,406.3,300759.1,269697.1,31062.0,306533.7,274875.3,31658.4,0.041493818740888394,0.0429834385184024,0.03196461627906062,0.04203900541452659,0.043589254128509655,0.03212041696189952
SDN,729,Domestic Inventory,,,,,,,,,,,,,,,,,,,,,,,,,,,,,,,,,,,
HKG,344,All Global Voyages,2739872.0,58539.0,81475141.7,114361946.3,2002.6,2002.5,2008.8,2009.1,358.8,1354.1,1507.6,1784.2,41.0,231.2,403.1,445.6,19.0,89.0,69.9,77.7,9402364.3,8131271.3,1271093.0,715428735.4,618723859.3,96704876.1,729164967.1,630603357.4,98561609.7,100.0,100.0,100.0,100.0,100.0,100.0
HKG,344,All International Voyages,1244079.0,43111.0,72080717.8,102661963.7,2003.7,2003.9,2009.1,2009.4,663.1,1807.6,2057.2,2437.2,67.0,235.5,428.7,472.1,22.0,85.3,69.1,76.9,7421794.7,6689478.0,732316.7,564552047.5,508802890.5,55749157.0,575391446.8,518571906.0,56819540.9,78.93540883115962,82.26853776235458,57.613148683849246,78.91101091820406,82.23424438114164,57.64875499999063
HKG,344,All Domestic Voyages,1495793.0,55373.0,9394423.9,11699982.6,2001.6,2002.7,2006.1,2006.6,222.5,777.4,494.4,532.4,27.0,173.3,206.5,213.1,17.0,86.5,76.1,84.0,1980569.6,1441793.3,538776.3,150876687.9,109920968.8,40955719.1,153773520.3,112031451.4,41742068.9,21.064591168840373,17.731462237645424,42.38685131615075,21.088989081795948,17.765755618858368,42.35124510146875
HKG,344,Int. Arr. Inventory,17127.0,4892.0,669735.9,823612.4,2005.5,2007.7,2009.9,2009.7,667.1,1313.0,1403.0,1414.1,57.0,135.8,283.3,295.9,10.0,25.5,25.1,25.4,72762.3,67911.7,4850.7,5599429.3,5227449.2,371980.1,5706938.3,5327816.2,379122.1,0.773872375908685,0.8351916630797941,0.3816164513532841,0.7826676482685889,0.8448759648167393,0.38465493933587813
HKG,344,Int. Dep. Inventory,17141.0,4881.0,583043.8,784340.5,2005.4,2007.7,2009.1,2009.0,636.8,1459.7,1223.3,1349.4,55.0,146.8,250.7,276.4,20.0,74.8,78.0,85.2,65202.4,56828.2,8374.2,5006133.9,4370456.6,635677.4,5102251.7,4454369.3,647882.4,0.693468131201851,0.6988845643362065,0.6588188275759523,0.6997390069756685,0.7063662518965206,0.6573374785294319
HKG,344,Domestic Inventory,3434.0,194.0,3663.6,2934.9,2004.8,2002.8,2003.7,2004.3,350.3,835.0,836.8,794.5,28.0,148.6,645.3,529.2,14.0,51.1,96.6,119.9,3374.2,2542.7,831.6,254675.3,192083.6,62591.7,259565.1,195771.6,63793.5,0.03588671840762434,0.031270632920586475,0.06542400910082898,0.03559758240063698,0.0310451249113505,0.06472449079735353
OMN,512,All Global Voyages,2739872.0,58539.0,81475141.7,114361946.3,2002.6,2002.5,2008.8,2009.1,358.8,1354.1,1507.6,1784.2,41.0,231.2,403.1,445.6,19.0,89.0,69.9,77.7,9402364.3,8131271.3,1271093.0,715428735.4,618723859.3,96704876.1,729164967.1,630603357.4,98561609.7,100.0,100.0,100.0,100.0,100.0,100.0
OMN,512,All International Voyages,1244079.0,43111.0,72080717.8,102661963.7,2003.7,2003.9,2009.1,2009.4,663.1,1807.6,2057.2,2437.2,67.0,235.5,428.7,472.1,22.0,85.3,69.1,76.9,7421794.7,6689478.0,732316.7,564552047.5,508802890.5,55749157.0,575391446.8,518571906.0,56819540.9,78.93540883115962,82.26853776235458,57.613148683849246,78.91101091820406,82.23424438114164,57.64875499999063
OMN,512,All Domestic Voyages,1495793.0,55373.0,9394423.9,11699982.6,2001.6,2002.7,2006.1,2006.6,222.5,777.4,494.4,532.4,27.0,173.3,206.5,213.1,17.0,86.5,76.1,84.0,1980569.6,1441793.3,538776.3,150876687.9,109920968.8,40955719.1,153773520.3,112031451.4,41742068.9,21.064591168840373,17.731462237645424,42.38685131615075,21.088989081795948,17.765755618858368,42.35124510146875
OMN,512,Int. Arr. Inventory,5197.0,2421.0,539073.8,683654.4,2006.5,2007.4,2008.6,2008.7,914.2,1774.7,2163.7,2130.9,80.0,180.6,369.3,413.2,26.0,65.1,84.0,89.4,54310.9,47619.9,6691.0,4023258.7,3531503.4,491755.3,4100505.3,3599308.3,501197.0,0.5776302456181154,0.5856390500708051,0.5263973603819705,0.5623563233308277,0.5707721434976298,0.5085113783404452
OMN,512,Int. Dep. Inventory,5186.0,2418.0,609553.4,833009.7,2006.5,2007.3,2008.5,2008.8,1028.6,2073.9,2449.7,2606.8,96.0,214.9,402.3,433.1,28.0,78.9,67.2,70.3,61429.2,55614.2,5815.0,4527887.9,4089926.0,437962.0,4614823.4,4168452.5,446370.8,0.6533377993022457,0.6839545496409645,0.45748029451818234,0.6328915414510182,0.6610260556154788,0.45288505469691004
OMN,512,Domestic Inventory,613.0,146.0,9408.9,9604.1,2005.7,2004.9,2003.2,2004.2,398.4,859.1,1318.0,1042.0,64.0,176.4,1079.9,873.9,36.0,63.7,37.8,48.1,2108.4,1704.0,404.4,144939.8,114600.3,30339.5,147722.6,116800.6,30922.0,0.02242414708394143,0.0209561326529592,0.031815138624789845,0.020259146649285038,0.018522039032835634,0.03137327007353046
JAM,388,All Global Voyages,2739872.0,58539.0,81475141.7,114361946.3,2002.6,2002.5,2008.8,2009.1,358.8,1354.1,1507.6,1784.2,41.0,231.2,403.1,445.6,19.0,89.0,69.9,77.7,9402364.3,8131271.3,1271093.0,715428735.4,618723859.3,96704876.1,729164967.1,630603357.4,98561609.7,100.0,100.0,100.0,100.0,100.0,100.0
JAM,388,All International Voyages,1244079.0,43111.0,72080717.8,102661963.7,2003.7,2003.9,2009.1,2009.4,663.1,1807.6,2057.2,2437.2,67.0,235.5,428.7,472.1,22.0,85.3,69.1,76.9,7421794.7,6689478.0,732316.7,564552047.5,508802890.5,55749157.0,575391446.8,518571906.0,56819540.9,78.93540883115962,82.26853776235458,57.613148683849246,78.91101091820406,82.23424438114164,57.64875499999063
JAM,388,All Domestic Voyages,1495793.0,55373.0,9394423.9,11699982.6,2001.6,2002.7,2006.1,2006.6,222.5,777.4,494.4,532.4,27.0,173.3,206.5,213.1,17.0,86.5,76.1,84.0,1980569.6,1441793.3,538776.3,150876687.9,109920968.8,40955719.1,153773520.3,112031451.4,41742068.9,21.064591168840373,17.731462237645424,42.38685131615075,21.088989081795948,17.765755618858368,42.35124510146875
JAM,388,Int. Arr. Inventory,3144.0,965.0,162392.7,155191.8,2006.5,2006.7,2008.1,2007.8,788.3,1549.4,1432.2,1790.7,65.0,169.1,311.2,369.7,18.0,57.3,29.5,39.6,22587.8,20739.5,1848.3,1739797.1,1597847.6,141949.5,1773201.2,1628526.3,144674.9,0.24023532038638407,0.25505851711035643,0.1454102886256159,0.24318244567512493,0.25824891049018067,0.14678625931573028
JAM,388,Int. Dep. Inventory,3145.0,957.0,148356.7,154998.2,2006.5,2006.8,2008.3,2008.1,740.1,1681.0,1303.4,1783.3,62.0,176.9,360.4,411.6,17.0,76.9,46.0,56.5,19800.6,17854.7,1945.9,1515447.5,1366845.1,148602.3,1544544.1,1393088.6,151455.5,0.21059171255468156,0.2195806699992903,0.15308871970815668,0.2118236845830494,0.2209136034009958,0.15366581416537073
JAM,388,Domestic Inventory,807.0,123.0,4297.3,6558.5,1999.4,2003.5,2005.5,2004.9,199.1,475.2,502.5,631.1,23.0,138.4,276.0,320.2,25.0,59.9,176.9,190.8,1385.5,771.7,613.8,103138.5,57322.7,45815.7,105118.7,58423.3,46695.4,0.0147356553712772,0.009490520873408813,0.04828914957442138,0.01441631245917821,0.00926466681701178,0.047376864219375675
