Domestic by Dep. Port,n_vys,n_imo,tps_mn_gtnm,tps_mn_dwtnm,aby_vys,aby_flt,aby_gtnm,aby_dwtnm,avd_vys,avd_flt,avd_gtnm,avd_dwtnm,avt_vys,avt_flt,avt_gtnm,avt_dwtnm,apt_vys,apt_flt,apt_gtnm,apt_dwtnm,ene_tj,ene_tj_voy,ene_tj_stop,co2_t,co2_t_voy,co2_t_stop,co2e_t,co2e_t_voy,co2e_t_stop
Tromso,3067,506,5811.9,2227.5,1996.7,1995.8,2003.1,2003.4,180.7,1101.8,351.9,433.3,19.0,217.9,473.6,569.7,4.0,80.9,103.1,129.7,2236.9,1852.8,384.1,168505.9,139534.3,28971.6,171741.2,142213.3,29527.8
Alesund,2149,448,4641.4,1483.3,1997.6,1997.3,2005.3,2002.8,174.2,704.9,268.3,262.0,16.0,130.5,183.4,300.0,5.0,79.5,34.4,55.9,1655.4,1335.6,319.9,125109.5,101008.3,24101.2,127511.6,102947.7,24564.0
Bergen,1727,335,2837.4,893.0,2001.7,1997.3,2004.8,2003.5,134.9,294.0,215.7,176.6,14.0,44.2,51.5,80.4,8.0,48.8,26.0,53.0,1103.0,841.5,261.5,82691.1,63162.7,19528.4,84278.8,64375.4,19903.4
Bodoe,1589,273,939.8,476.1,1994.4,1994.3,2003.0,2001.3,135.5,359.0,287.9,226.1,14.0,44.9,104.1,74.3,7.0,50.0,49.6,45.2,547.8,389.9,157.8,39507.2,28154.9,11352.3,40265.8,28695.5,11570.3
Kristiansund,1420,361,1673.2,1282.2,1997.0,1997.6,2006.8,2008.7,135.6,565.4,360.2,431.2,18.0,146.2,1208.3,1685.5,7.0,42.6,92.3,102.2,898.2,732.8,165.4,66629.4,54269.8,12359.7,67908.7,55311.8,12597.0
Damsgard,1220,244,2972.4,760.1,1998.1,1998.8,2006.4,2004.1,161.2,344.3,201.2,200.8,15.0,69.0,41.6,83.3,3.0,48.2,22.9,42.8,1004.5,801.0,203.5,73898.6,58724.0,15174.7,75317.5,59851.5,15466.0
Kolvereid,1145,138,2388.3,557.9,1994.9,1995.8,1998.7,2000.2,225.1,553.2,271.3,279.8,23.0,91.9,413.9,481.5,1.0,30.3,14.2,22.4,822.4,788.9,33.5,61139.5,58626.0,2513.5,62313.4,59751.6,2561.8
Harstad,1093,206,652.7,403.9,1998.1,1996.0,2001.2,2002.4,101.3,356.2,181.5,207.4,13.0,57.1,141.6,148.2,4.0,94.8,51.1,46.5,369.2,239.6,129.5,27398.7,17663.2,9735.4,27924.7,18002.4,9922.4
Sandnessjoen,1085,228,641.0,449.0,1997.8,1996.4,2003.6,2005.0,146.6,397.6,379.1,410.2,14.0,116.3,530.3,519.5,8.0,37.1,138.6,118.2,501.0,388.4,112.6,37085.1,28663.0,8422.1,37797.2,29213.3,8583.8
Tananger,1052,192,3529.9,2709.0,2003.8,2003.6,2009.6,2008.4,136.5,793.0,308.9,411.8,15.0,187.2,824.8,1078.8,8.0,54.4,39.4,55.2,1257.5,1030.8,226.8,89429.8,73287.8,16142.0,91146.9,74694.9,16452.0
Husoy - Karmoy,1007,244,609.5,672.2,1996.9,1996.8,2000.4,1999.7,90.5,263.1,193.2,195.0,15.0,63.4,107.0,91.7,7.0,60.4,36.4,36.5,357.8,282.9,74.9,26744.4,21141.8,5602.6,27257.9,21547.7,5710.1
Hammerfest,967,203,1160.4,452.1,1999.4,1998.5,2001.3,2004.5,149.4,653.0,222.4,341.4,13.0,125.9,273.6,431.8,3.0,55.8,70.3,109.4,520.4,436.0,84.4,39142.7,32809.4,6333.4,39894.3,33439.3,6455.0
Honningsvaag,939,211,3396.2,421.8,1997.3,1996.5,2005.6,2002.8,226.7,499.9,362.7,345.9,21.0,81.2,54.1,96.5,3.0,58.9,16.7,40.5,926.7,819.2,107.5,71017.5,62853.4,8164.0,72381.0,64060.2,8320.8
Kvalvika,937,106,1061.9,211.6,1992.9,1995.1,1997.9,1996.9,135.3,235.7,144.0,159.1,13.0,28.1,18.7,34.1,0.0,40.9,6.0,20.4,333.0,311.8,21.3,25269.1,23694.1,1575.1,25754.3,24149.0,1605.3
Averoy,929,192,612.2,719.3,1999.5,1996.7,2003.3,2003.1,153.6,290.4,236.8,248.8,19.0,51.9,146.1,134.7,5.0,28.6,20.0,19.6,280.3,240.2,40.1,21005.2,17994.6,3010.6,21408.5,18340.1,3068.4
Svolvaer,925,127,932.9,122.4,1996.1,1995.0,1997.1,1996.8,106.7,303.8,136.3,141.8,10.0,88.5,42.9,70.7,1.0,55.2,5.3,10.1,370.4,325.5,44.9,28131.9,24750.1,3381.8,28672.0,25225.3,3446.8
Mongstadbase,888,162,1936.9,2216.9,2003.4,2003.7,2008.5,2008.2,158.4,494.7,436.5,431.8,23.0,108.0,625.3,604.9,8.0,42.8,79.8,71.9,907.5,749.9,157.6,65919.3,54138.3,11781.1,67185.0,55177.7,12007.3
Rorvik,811,167,404.8,182.1,1999.7,1995.9,1998.7,2003.0,126.3,237.4,146.6,146.6,16.0,40.3,30.4,41.3,3.0,27.1,28.4,34.5,223.7,174.4,49.3,16881.9,13178.6,3703.3,17206.0,13431.6,3774.4
Stavanger,797,299,2315.5,606.5,2000.2,1998.9,2007.3,2003.6,192.3,352.9,282.9,258.2,25.0,73.3,49.6,72.3,10.0,64.8,29.4,53.4,820.0,596.1,224.0,61487.3,44684.1,16803.2,62667.9,45542.1,17125.8
Gunhildvagen,734,185,305.0,320.8,1998.7,1995.8,2002.8,2002.7,135.3,314.0,221.5,214.6,17.0,49.6,147.7,97.6,4.0,30.9,23.2,19.7,230.3,178.2,52.1,17298.3,13386.4,3911.9,17630.4,13643.4,3987.0
Skjervoy,733,160,165.8,137.1,1999.1,1994.3,2002.0,2005.0,107.7,252.7,160.9,132.2,15.0,34.3,88.0,55.3,7.0,37.1,39.2,21.4,188.0,120.2,67.8,14123.1,9029.8,5093.3,14394.3,9203.1,5191.1
Maloy,719,241,393.4,327.9,1998.5,1997.2,2001.5,2002.7,145.4,377.6,294.4,279.5,23.0,74.1,151.1,124.6,11.0,59.0,63.3,56.6,325.2,249.3,75.9,24371.6,18673.8,5697.8,24839.5,19032.3,5807.2
Myre,648,124,315.4,305.6,2000.1,1998.5,2003.3,2001.1,143.1,402.8,291.8,253.1,19.0,105.4,224.5,125.5,3.0,23.5,29.9,19.0,199.9,168.9,30.9,14927.7,12605.5,2322.2,15214.3,12847.6,2366.8
Egersund,644,234,512.5,457.7,1997.8,1995.5,2003.6,2003.3,210.8,375.5,418.3,392.7,30.0,66.3,137.3,129.7,12.0,56.8,142.3,137.7,365.0,259.2,105.8,27386.3,19443.8,7942.5,27912.1,19817.1,8095.0
Leirvik,634,116,160.4,85.9,2001.4,1995.7,2001.0,2004.6,108.7,455.9,243.1,119.2,16.0,58.8,515.5,104.2,7.0,39.6,177.0,46.7,214.0,134.3,79.7,16060.7,10073.2,5987.5,16369.0,10266.6,6102.4
Aagotnes,622,173,816.1,634.9,2004.1,2003.0,2009.2,2008.9,134.6,375.3,386.8,342.6,26.0,138.9,330.1,273.0,10.0,79.9,141.0,138.2,451.6,329.7,121.9,33367.7,24240.1,9127.7,34008.4,24705.5,9302.9
Batsfjord,618,147,672.2,366.0,1998.6,1995.2,1997.4,1997.3,191.0,1369.5,650.0,558.8,25.0,280.2,690.0,713.9,5.0,64.3,124.3,109.1,452.8,381.5,71.2,34058.7,28709.7,5349.0,34712.6,29260.9,5451.7
Valsneset,612,119,325.2,353.8,2002.2,1997.7,2004.7,2003.2,156.4,241.0,217.3,225.1,18.0,30.5,59.1,58.5,2.0,27.8,53.3,53.8,142.3,118.7,23.7,10135.6,8362.0,1773.6,10330.2,8522.6,1807.7
Botnaneset - Flora,599,138,952.6,970.1,2003.0,2001.3,2009.8,2009.8,164.3,472.2,389.3,394.7,18.0,78.8,432.0,442.9,8.0,38.5,86.2,85.7,481.2,373.2,107.9,34716.7,26830.6,7886.1,35383.2,27345.7,8037.5
Floro,594,160,381.5,274.7,2000.3,1997.6,2003.0,2003.7,110.3,682.9,212.4,169.3,14.0,135.7,936.9,608.5,7.0,62.9,110.4,55.0,260.4,191.6,68.8,19472.7,14306.2,5166.4,19846.6,14580.9,5265.6
Dusavik,579,181,1167.9,1243.9,2002.3,2002.6,2008.9,2009.3,169.4,407.1,411.8,425.5,26.0,91.9,361.7,337.3,10.0,60.5,98.4,88.5,522.6,398.5,124.1,38405.4,29192.6,9212.8,39142.7,29753.1,9389.6
Mo I Rana,557,169,442.8,617.3,1990.9,1997.9,1996.8,1997.0,249.2,313.9,323.8,335.1,28.0,70.2,56.6,52.8,8.0,17.6,16.1,16.1,177.7,158.0,19.7,13315.4,11832.5,1482.9,13571.1,12059.7,1511.4
Sjursoja/Oslo,555,109,482.6,610.5,1996.9,1998.0,2002.6,2003.0,93.8,218.8,137.0,143.5,10.0,40.8,43.8,43.1,10.0,22.6,17.3,18.1,210.9,166.5,44.4,15628.3,12297.8,3330.5,15928.4,12533.9,3394.5
Stokmarknes,540,115,262.3,303.7,2002.6,1996.5,2003.3,2004.0,127.4,385.0,208.7,200.1,17.0,59.0,70.6,47.4,2.0,35.1,54.4,33.3,137.9,111.0,26.9,10421.0,8399.0,2022.0,10621.1,8560.3,2060.8
Trondheim,532,151,2149.2,863.0,2001.9,1997.6,2005.9,2007.6,253.4,303.0,319.2,381.4,23.0,32.3,39.4,44.3,8.0,23.4,13.2,19.8,609.5,497.9,111.6,44893.9,36462.7,8431.2,45755.9,37162.8,8593.1
Nordkjosbotn,530,68,265.6,335.8,1997.0,1993.8,2001.3,2001.8,136.4,248.7,217.4,237.9,19.0,34.7,43.8,45.7,2.0,10.3,14.5,15.5,111.0,98.0,13.1,8134.2,7151.4,982.8,8290.4,7288.7,1001.7
Bronnoysund,527,105,583.1,105.0,1995.4,1993.9,1999.2,1999.6,172.0,223.1,186.8,166.5,15.0,38.7,40.3,69.6,2.0,31.3,28.7,38.3,233.5,189.1,44.4,17750.3,14412.6,3337.7,18091.1,14689.3,3401.8
Breiviken,505,85,180.6,247.5,1989.2,1993.0,1998.9,1999.4,114.0,304.6,209.0,215.1,22.0,115.5,73.3,51.8,5.0,30.4,20.1,16.3,105.6,90.4,15.2,7874.4,6735.1,1139.4,8025.6,6864.4,1161.2
Oslo,499,67,19934.8,1690.1,2004.2,1998.1,2005.5,2005.4,736.6,731.8,721.4,677.0,45.0,178.1,55.1,60.6,3.0,23.3,4.1,4.7,2520.3,2474.6,45.7,188948.2,185503.5,3444.7,192576.0,189065.2,3510.8
Rypefjord,493,133,838.4,684.2,2002.0,2000.3,2007.2,2007.5,150.1,988.2,578.6,513.2,19.0,221.1,852.0,696.7,5.0,59.0,128.1,106.7,410.6,349.1,61.5,29663.6,25098.0,4565.5,30233.1,25579.9,4653.2
Vikan,489,119,120.0,85.1,2002.6,1995.4,2005.4,2002.1,160.2,225.7,204.2,172.1,16.0,39.5,46.1,55.9,7.0,38.0,57.0,43.1,118.8,77.1,41.7,8861.9,5729.1,3132.7,9032.0,5839.1,3192.9
Lovund,483,59,132.8,120.3,1994.6,1992.5,2002.1,1999.7,111.9,190.3,174.5,131.4,15.0,56.6,49.0,42.2,3.0,19.2,138.2,29.2,118.9,83.9,35.0,8914.3,6287.9,2626.4,9085.5,6408.6,2676.8
Foroy,471,125,215.5,202.8,1997.7,1994.6,1998.5,2001.9,157.8,280.6,250.1,229.4,19.0,43.0,64.8,52.5,5.0,21.7,20.8,19.8,140.8,111.3,29.4,10621.3,8409.6,2211.6,10825.2,8571.1,2254.1
Knarrevik,468,150,420.3,168.7,1992.9,1994.1,2008.4,1999.6,114.0,285.9,143.2,197.7,18.0,38.1,33.4,56.1,6.0,30.8,51.0,52.9,176.7,122.8,53.9,12402.6,8408.1,3994.5,12640.7,8569.5,4071.2
Ottersoya,450,64,163.1,162.0,2006.3,1998.2,2007.7,2007.9,122.4,191.8,151.6,156.5,17.0,43.6,41.2,40.9,4.0,36.6,27.6,27.8,91.5,69.0,22.5,6747.0,5055.4,1691.5,6876.5,5152.5,1724.0
Brevik,439,71,243.5,349.7,1993.2,1997.8,2000.4,2000.3,95.3,153.0,147.0,151.6,14.0,22.2,27.5,26.6,15.0,19.7,20.4,19.8,120.9,95.9,25.1,9021.0,7137.2,1883.8,9194.2,7274.2,1920.0
Kristiansand,429,146,639.2,267.9,1996.1,1997.7,2006.8,2001.8,147.6,224.8,225.4,187.8,16.0,40.1,37.6,44.2,8.0,31.4,27.9,36.7,233.7,177.9,55.8,17524.5,13333.6,4191.0,17861.0,13589.6,4271.4
Senjehopen,428,110,208.7,141.5,1996.2,1994.5,1999.4,1998.5,113.5,279.2,277.7,225.5,15.0,50.9,349.4,314.9,4.0,25.4,72.4,57.9,147.7,117.6,30.1,11031.2,8772.0,2259.2,11243.0,8940.5,2302.5
Sortland,399,120,585.8,252.6,1999.4,1996.3,2004.3,2004.5,128.1,648.7,400.5,367.4,19.0,124.0,371.9,397.3,3.0,38.4,141.7,157.4,223.5,187.5,35.9,16748.4,14046.6,2701.7,17069.9,14316.3,2753.6
Fredrikstad,387,131,296.3,316.2,1995.1,1996.4,1999.1,1998.6,130.1,238.8,241.0,224.8,20.0,29.9,45.7,43.9,10.0,23.6,17.6,20.1,126.1,98.7,27.3,9473.3,7419.4,2053.9,9655.1,7561.8,2093.3
Vaeroy,381,127,191.1,128.7,1997.1,1996.6,2000.6,1998.4,176.8,295.6,285.8,277.8,20.0,41.3,50.2,46.6,7.0,42.5,33.0,22.8,142.5,108.5,34.0,10636.0,8146.9,2489.1,10840.2,8303.3,2536.8
Vardo,381,71,370.3,49.7,1998.4,1997.2,1996.6,1995.8,203.8,305.4,260.8,251.6,19.0,30.9,28.7,43.2,9.0,71.8,15.3,76.2,156.0,120.7,35.4,11850.4,9195.4,2655.0,12077.9,9371.9,2705.9
Kirkenes,379,90,1334.2,498.0,1996.0,1995.8,1997.1,2001.0,285.3,2478.0,415.8,602.6,24.0,449.9,427.2,545.1,1.0,143.4,142.4,171.5,490.1,439.2,50.9,36598.7,32772.8,3825.8,37301.4,33402.1,3899.3
Storabo,372,137,141.5,125.3,1995.9,1997.2,2004.6,2003.6,121.3,333.3,231.0,218.9,23.0,70.0,124.7,100.5,7.0,45.2,41.0,35.0,115.0,92.8,22.2,8631.7,6964.8,1666.9,8797.4,7098.5,1698.9
Hestvika,364,93,98.7,111.7,1995.7,1995.6,2003.7,2002.9,117.8,175.9,154.5,160.6,19.0,44.6,43.7,41.3,7.5,24.3,20.5,20.3,89.5,65.4,24.0,6671.8,4867.6,1804.3,6799.9,4961.0,1838.9
Haroysundet,362,157,165.2,164.1,1991.2,1996.3,2000.4,2001.7,113.9,259.6,268.7,254.1,18.0,45.7,342.8,365.6,10.0,33.2,137.7,117.3,134.0,85.3,48.7,10031.3,6382.8,3648.6,10223.9,6505.3,3718.6
Heroy,357,69,204.4,111.0,1997.7,1995.7,2009.4,2007.8,110.1,406.6,337.7,158.3,16.0,99.5,1583.5,506.6,4.0,59.8,127.2,65.6,179.9,138.3,41.7,13457.1,10328.4,3128.6,13715.4,10526.7,3188.7
Finnsnes,334,103,163.2,96.9,1998.1,1993.5,1996.8,1993.2,161.4,391.8,233.6,206.9,19.0,55.8,127.0,100.6,4.0,45.4,31.4,30.8,116.4,90.3,26.1,8769.0,6810.2,1958.8,8937.4,6941.0,1996.4
Bogoy,330,60,69.7,72.0,2002.0,1996.8,2007.0,2007.3,99.2,170.6,134.6,135.6,13.5,26.1,30.2,29.9,3.0,27.2,19.1,18.3,50.0,38.8,11.2,3747.2,2908.2,839.0,3819.1,2964.0,855.1
Langevag - Sula,322,130,369.5,231.7,1997.5,1995.0,2005.9,2003.6,160.3,499.7,268.6,249.3,17.0,83.3,621.5,461.0,4.0,82.0,117.3,104.2,152.4,114.4,38.0,11418.6,8559.8,2858.8,11637.9,8724.2,2913.7
Deknepollen,322,143,304.7,276.6,1997.4,1997.2,2003.2,2001.9,136.9,569.5,242.1,199.3,15.0,122.2,681.5,275.4,7.0,33.2,28.9,22.6,143.8,118.5,25.3,10794.8,8893.4,1901.5,11002.1,9064.1,1938.0
Molde,322,108,1659.6,309.0,1999.8,1996.2,2007.6,2005.5,171.1,1182.9,346.0,291.4,18.0,158.9,396.8,733.2,7.0,71.3,119.9,57.6,510.4,425.7,84.7,38815.9,32377.6,6438.2,39561.1,32999.3,6561.8
Oksfjord,321,68,83.9,53.8,2002.0,1996.0,2001.1,1996.1,152.9,266.4,192.5,199.5,18.0,52.6,85.9,140.7,6.0,28.7,25.0,17.4,78.0,52.8,25.2,5774.3,3937.7,1836.5,5885.1,4013.3,1871.8
Vikholmen,320,35,54.6,68.3,1977.5,1988.2,1986.6,1986.5,84.3,185.1,123.8,122.3,11.0,27.3,27.9,22.7,5.0,35.6,35.2,32.5,27.5,19.4,8.1,2068.8,1462.0,606.8,2108.5,1490.1,618.4
Salthella,317,65,118.2,100.8,1984.2,1993.4,1996.2,1994.5,134.2,409.8,323.7,292.2,22.0,86.3,159.4,145.5,4.0,35.4,49.0,38.5,122.4,100.4,22.0,9189.4,7533.9,1655.4,9365.8,7678.6,1687.2
Traena,315,125,170.9,176.7,1993.4,1998.5,2001.9,2002.7,207.0,293.4,271.5,248.3,20.0,49.1,66.0,70.9,14.0,51.4,153.8,233.2,118.4,74.4,44.0,8910.7,5597.9,3312.9,9081.8,5705.3,3376.5
Nordskaget - Froya,313,53,112.5,127.9,2007.5,1998.1,2011.3,2010.9,83.0,123.1,123.9,125.4,17.0,21.6,50.2,48.4,7.0,18.5,22.9,23.1,63.2,48.4,14.8,4744.0,3633.9,1110.1,4835.1,3703.7,1131.4
Drammen,312,83,223.0,299.1,1994.7,1992.8,2000.3,2000.6,123.6,263.3,170.3,175.1,24.0,36.1,46.3,47.2,16.0,41.0,32.8,31.8,109.8,84.1,25.7,8250.6,6320.8,1929.8,8409.0,6442.1,1966.9
Alta,308,84,541.5,199.3,1992.4,1993.4,1994.7,1999.8,121.2,287.2,397.4,258.0,16.0,86.6,85.9,128.4,6.0,21.8,10.3,12.6,231.4,203.1,28.3,17417.5,15279.2,2138.3,17752.0,15572.6,2179.4
Slovag,307,106,506.0,455.5,1995.7,1999.1,2004.4,2004.2,140.0,363.0,416.6,399.3,22.0,69.3,197.1,199.6,8.0,35.8,80.1,75.1,196.1,146.8,49.3,14727.5,11020.4,3707.1,15010.3,11232.0,3778.2
Storesund,303,130,88.7,92.9,1995.9,1995.5,2001.1,2001.1,105.1,196.8,161.9,150.6,14.0,35.3,62.3,48.9,9.0,54.7,31.1,29.2,73.7,49.6,24.1,5492.6,3684.8,1807.8,5598.1,3755.6,1842.5
Torangsvag,293,56,123.7,117.1,1994.0,1993.3,2000.7,2001.5,114.5,273.8,301.7,272.7,17.0,59.0,188.8,158.0,9.0,131.5,132.4,66.2,127.3,84.2,43.1,9556.6,6321.5,3235.1,9740.1,6442.8,3297.3
Larvik,289,84,506.0,281.5,1999.5,1995.8,2005.9,2003.1,108.5,241.0,253.7,149.9,14.0,32.1,44.6,32.2,11.0,19.4,13.2,14.6,160.9,136.0,24.9,12068.6,10196.7,1871.8,12300.3,10392.5,1907.8
Forsand,287,40,126.1,104.5,1978.5,1990.3,1996.4,1993.6,114.2,519.7,393.9,302.0,15.0,75.0,292.4,135.0,5.0,37.9,46.5,20.9,89.7,81.4,8.3,6740.2,6117.7,622.5,6869.6,6235.2,634.4
Loedingen,281,137,153.9,109.2,1992.5,1996.2,1997.1,1999.6,141.7,291.4,326.7,268.7,19.0,50.4,212.0,109.1,8.0,30.5,213.7,95.0,137.4,88.4,49.0,10255.2,6576.5,3678.7,10452.1,6702.8,3749.3
Uthaug,279,162,172.8,164.8,1993.9,1994.4,1998.2,1999.7,176.2,475.1,356.0,339.8,23.0,124.6,456.8,167.0,6.0,75.3,79.7,59.0,169.9,135.3,34.6,12669.0,10072.0,2597.0,12912.3,10265.4,2646.9
Eide Sotra,278,58,50.7,36.3,1990.1,1989.9,2001.0,1994.5,105.7,195.2,125.5,124.9,14.0,55.3,93.5,78.4,6.0,36.0,18.5,28.9,52.9,38.6,14.3,3910.4,2840.2,1070.1,3985.4,2894.8,1090.7
Lessremman,272,38,446.3,564.5,1999.4,2001.9,1992.6,1992.2,195.4,129.3,239.3,247.0,20.0,18.2,30.4,30.5,13.0,9.0,25.7,25.7,75.0,60.8,14.2,5700.5,4626.8,1073.7,5809.9,4715.6,1094.3
Eikefet,268,46,49.8,64.3,1976.8,1987.5,1988.3,1989.9,105.2,191.1,177.1,177.9,18.0,26.6,105.7,95.1,8.0,16.5,16.1,16.3,28.3,23.7,4.6,2124.6,1781.6,343.0,2165.4,1815.8,349.6
Siholmen,263,44,62.5,64.0,2008.9,1998.4,2011.8,2011.9,81.6,146.4,102.8,101.2,14.0,42.7,45.3,41.9,13.0,17.9,31.6,31.0,39.4,27.7,11.7,2910.4,2039.2,871.2,2966.3,2078.4,887.9
Farsund,262,107,117.1,148.4,1994.2,1995.9,1999.4,2000.3,136.0,201.3,175.3,164.0,18.0,57.7,80.4,45.7,12.0,53.0,43.3,36.9,68.0,45.3,22.7,5102.4,3399.7,1702.7,5200.4,3465.0,1735.4
Alvika,259,54,63.0,79.1,1980.0,1986.6,1991.6,1989.3,148.5,185.4,179.9,181.2,20.0,33.5,38.2,39.0,6.0,12.4,16.5,19.9,45.0,34.8,10.2,3340.2,2576.3,763.9,3404.3,2625.7,778.6
Byrknesoy,257,50,67.8,50.4,1992.4,1996.8,1997.3,1999.9,95.2,257.0,213.5,148.7,14.0,27.5,201.3,99.6,7.0,26.5,128.9,119.0,78.7,60.7,18.0,5891.6,4540.2,1351.4,6004.7,4627.4,1377.3
Kristoffervalen,257,85,45.5,39.7,1993.6,1995.3,1993.9,1993.2,91.2,141.7,147.8,129.0,13.0,30.8,75.2,54.4,5.0,25.4,36.3,23.8,36.1,27.7,8.5,2718.1,2083.4,634.7,2770.3,2123.4,646.9
Sunndalsora,256,52,242.8,266.6,1986.9,1990.5,1997.6,1999.8,197.0,229.8,263.3,274.6,22.0,29.1,40.9,47.2,9.0,30.6,76.7,109.4,73.4,56.5,16.9,5371.9,4139.1,1232.8,5475.1,4218.6,1256.5
Mjolstadneset,253,100,301.4,247.3,2003.2,2002.1,2006.4,2006.2,246.9,503.8,579.5,533.1,57.0,117.8,251.3,222.0,17.0,76.7,87.9,72.8,191.4,147.2,44.3,14360.6,11035.3,3325.4,14636.4,11247.1,3389.2
Havoysund,252,89,63.7,51.4,1998.8,1995.7,1995.2,1996.4,155.8,575.4,345.0,322.6,24.5,82.3,326.0,347.2,8.0,101.7,579.0,467.6,92.9,56.0,37.0,6982.5,4206.8,2775.7,7116.6,4287.6,2829.0
Brekstad,252,34,50.6,15.8,2003.5,1988.6,2004.3,1989.6,301.4,562.4,309.6,173.4,17.0,60.9,152.3,73.3,8.0,48.8,55.5,54.4,62.1,49.4,12.7,4667.0,3711.1,955.9,4756.6,3782.3,974.3
Haugesund,251,133,670.5,286.5,1998.2,1997.6,2005.3,2007.7,130.6,290.5,332.7,313.5,22.0,72.3,199.5,232.9,9.0,42.4,101.2,162.5,269.3,215.8,53.5,20197.4,16180.4,4017.1,20585.2,16491.0,4094.2
Slagen,249,24,1519.5,2312.2,2006.2,2003.9,2007.5,2007.5,343.0,400.1,587.0,590.1,34.0,55.0,87.9,89.5,10.0,31.3,53.5,57.9,346.1,289.9,56.2,25064.8,20844.9,4219.9,25546.1,21245.1,4301.0
Mjolkevikvarden,248,77,51.2,48.4,1986.2,1994.4,1994.3,1993.3,118.7,270.7,172.5,156.9,17.0,37.0,64.4,55.3,5.0,69.9,85.7,72.9,53.1,27.7,25.4,3986.9,2081.8,1905.2,4063.5,2121.7,1941.8
Vagaholmen,247,66,139.8,78.4,1998.9,1994.2,1998.7,2005.1,140.5,203.1,366.2,219.8,16.0,33.4,220.3,98.3,7.0,33.1,76.8,41.3,107.5,70.2,37.3,7968.2,5167.3,2801.0,8121.2,5266.5,2854.7
Tonnes,242,56,144.5,61.6,1995.6,1993.8,1994.9,1999.9,120.2,452.5,419.9,184.2,19.0,102.3,704.8,408.9,6.0,35.2,25.2,18.5,156.3,135.9,20.4,11692.2,10162.9,1529.3,11916.7,10358.0,1558.7
Skalevik,240,87,276.4,321.5,2002.9,2000.2,2008.5,2008.3,170.6,482.8,277.3,269.7,25.0,60.2,82.2,55.9,10.5,37.7,38.2,27.5,145.3,110.4,34.9,10443.1,7825.9,2617.2,10643.6,7976.2,2667.4
Stord Base,239,92,447.2,289.0,2000.4,1998.4,1999.8,2006.3,84.0,375.1,498.1,319.6,15.0,62.0,1230.8,474.5,14.0,37.2,107.5,135.7,240.1,201.7,38.4,18033.9,15144.4,2889.5,18380.1,15435.1,2945.0
Porsgrunn,237,115,210.7,295.5,1998.1,2000.2,2004.5,2004.7,171.2,224.9,253.6,251.7,19.0,27.3,60.4,63.8,13.0,18.7,24.2,25.8,63.7,53.7,10.0,4793.8,4041.4,752.5,4885.9,4118.9,766.9
Namsos,233,60,102.5,100.1,1987.5,1994.4,1989.2,1988.7,191.2,197.4,217.7,212.5,23.0,29.2,27.0,27.6,4.0,13.7,14.8,15.8,44.8,39.8,5.0,3347.5,2972.1,375.4,3411.8,3029.2,382.6
Visnes - Eide,233,104,115.9,133.3,1984.9,1991.0,1996.5,1995.7,123.2,280.7,265.7,276.2,20.0,41.0,56.5,56.1,7.0,31.5,19.5,19.8,51.2,43.0,8.2,3860.9,3240.6,620.3,3935.0,3302.8,632.2
Kjopsvik,233,42,184.6,267.3,1998.3,1995.3,2001.7,2002.0,159.6,252.5,283.2,288.8,21.0,34.9,45.5,45.9,10.0,28.3,14.6,13.9,93.4,67.1,26.4,7077.2,5098.1,1979.1,7213.0,5196.0,2017.1
Boneset - Karmoy,231,97,131.2,115.1,1988.1,1994.1,2003.2,2000.2,106.1,369.7,359.2,269.2,21.0,64.5,496.3,236.5,8.0,62.2,972.7,405.2,61.7,44.5,17.2,4623.1,3332.9,1290.2,4711.8,3396.9,1315.0
Brettesnes,230,35,39.0,46.8,1978.8,1992.3,1981.6,1980.9,139.4,249.3,178.6,181.9,17.0,56.0,52.7,35.7,6.0,24.6,17.9,17.4,51.8,41.4,10.4,3901.7,3118.0,783.7,3976.7,3177.9,798.7
Rafnes,228,46,308.7,386.3,1995.6,2002.2,1999.8,1998.3,239.1,217.3,263.7,261.2,23.0,31.8,34.5,33.6,13.0,23.7,28.5,27.8,128.2,79.4,48.7,9601.6,5941.3,3660.3,9786.0,6055.4,3730.6
Svelgen,226,84,175.0,221.4,1995.1,1995.9,1993.0,1993.2,145.5,470.1,217.0,219.9,15.0,119.3,657.1,373.8,5.0,13.7,10.1,11.2,176.5,170.5,6.0,13298.8,12846.4,452.5,13554.2,13093.0,461.1
Mosjoen,225,75,307.0,367.1,1996.4,1996.2,2005.1,2006.1,285.8,490.5,342.0,331.9,29.0,79.2,126.8,64.5,5.0,52.1,71.4,37.5,130.0,104.2,25.8,9400.6,7465.7,1934.9,9581.1,7609.0,1972.1
Ardal - Hjelmeland,223,26,32.6,42.2,1982.3,1985.5,1987.6,1989.8,109.0,117.1,115.1,115.6,16.0,17.2,21.4,21.2,6.0,10.6,12.9,13.9,16.8,14.5,2.3,1264.2,1092.8,171.3,1288.4,1113.8,174.6
Spjelkavik,222,80,302.9,176.0,2000.7,1996.6,2004.8,2003.2,168.3,1176.8,338.5,250.1,19.0,205.2,463.8,307.8,4.0,48.8,248.8,189.2,152.9,105.5,47.4,11321.0,7763.2,3557.8,11538.3,7912.3,3626.1
Gjosundet,220,105,160.3,83.5,1993.9,1993.0,1996.1,1996.5,153.0,334.3,270.7,256.2,17.0,79.4,198.9,213.4,7.0,71.1,355.6,276.7,122.7,80.3,42.4,9145.2,5962.8,3182.4,9320.7,6077.3,3243.5
Os,220,73,1479.6,260.5,1994.6,1991.1,2006.8,2005.5,135.5,1105.2,3951.4,989.6,27.0,114.2,2313.7,1974.4,12.0,20.9,40.3,39.6,668.3,645.1,23.3,41720.3,40014.8,1705.5,42521.4,40783.1,1738.2
Glomfjord,219,98,261.5,357.6,1998.0,1998.3,2001.7,2002.2,314.2,357.0,377.9,392.0,29.0,42.7,53.9,56.3,12.0,29.3,29.2,31.1,84.0,76.3,7.7,6360.5,5783.9,576.6,6482.6,5895.0,587.6
Dolmoy,217,61,44.4,44.5,1997.2,1993.5,2004.6,2004.1,99.0,141.0,129.5,129.2,17.0,35.8,74.4,63.2,7.0,28.1,26.8,24.9,45.6,33.9,11.7,3382.8,2513.4,869.4,3447.8,2561.6,886.1
Lysoysund,216,40,32.9,36.4,1989.5,1995.7,1992.8,1991.8,127.4,165.9,156.8,152.3,19.0,26.2,33.3,32.9,8.0,33.8,20.9,20.2,49.2,32.2,16.9,3696.7,2425.5,1271.3,3767.7,2472.0,1295.7
Verdal,215,86,285.3,408.3,1993.3,1995.4,1995.2,1994.7,282.2,278.4,423.1,447.4,30.0,34.5,59.4,61.4,9.0,17.9,21.5,22.2,83.5,74.9,8.6,6277.0,5633.7,643.3,6397.6,5741.9,655.7
Sorarnoy,214,46,60.1,70.0,2000.7,1991.1,2006.9,2007.1,109.3,184.0,145.5,133.7,14.5,32.5,44.3,40.4,6.0,17.8,27.9,28.6,32.7,25.3,7.5,2409.0,1849.7,559.3,2455.3,1885.2,570.1
Mandal,213,77,91.2,125.1,1993.2,1991.7,1999.8,2000.3,143.7,226.8,190.7,186.7,19.0,40.3,53.3,40.4,9.0,20.5,22.0,20.8,59.2,46.1,13.1,4449.3,3467.8,981.5,4534.7,3534.4,1000.3
Straume,212,58,77.4,51.8,1984.9,1992.2,2003.4,2000.2,105.4,550.8,339.6,231.9,14.0,45.1,129.0,99.2,6.0,39.2,159.1,201.3,72.8,51.5,21.3,5427.7,3827.6,1600.1,5531.9,3901.1,1630.8
Stokksund,212,58,40.6,41.2,2004.4,1995.4,2007.8,2008.0,99.1,141.7,109.4,104.8,13.0,27.0,27.8,26.0,9.0,135.0,30.1,25.5,45.8,24.6,21.2,3413.2,1825.3,1587.9,3478.7,1860.4,1618.4
Hã˜Gset,208,73,221.7,274.1,1996.6,1997.5,2007.4,2007.6,139.8,201.2,254.4,262.6,22.0,29.6,37.1,37.3,11.0,27.6,44.1,46.3,84.0,53.7,30.3,6353.7,4071.0,2282.7,6475.7,4149.2,2326.5
Sauda,207,70,81.8,105.7,1997.8,1996.0,1998.6,1997.9,131.4,142.3,156.5,153.4,16.0,19.1,31.4,28.9,10.0,19.0,20.2,17.2,36.3,29.5,6.8,2724.3,2215.1,509.2,2776.6,2257.6,519.0
Skipavik - Gulen,207,92,342.1,293.2,1997.4,1999.4,2007.2,2007.4,160.2,360.4,420.7,427.6,29.0,79.6,215.9,217.4,13.0,59.7,64.2,66.4,143.2,112.1,31.0,10699.4,8367.5,2331.9,10904.9,8528.1,2376.7
Fiskarstranda,205,116,396.1,184.1,2000.8,1998.9,2005.7,2004.1,291.9,1420.8,1085.6,877.4,72.0,260.8,1146.0,789.0,18.0,105.6,215.7,225.2,239.4,191.5,47.9,17873.2,14288.0,3585.3,18216.4,14562.3,3654.1
Tufjorden,203,55,19.7,15.7,1996.7,1995.7,1995.7,1990.6,126.1,174.4,142.5,134.1,17.0,25.8,38.7,33.4,6.0,24.5,36.8,42.6,26.6,16.7,9.9,1996.9,1252.0,744.9,2035.2,1276.0,759.2
Geiranger,202,74,3744.3,430.3,2000.5,1998.5,2007.9,2000.7,244.6,383.3,301.6,348.8,17.0,62.6,41.1,171.2,9.0,22.0,10.0,12.5,887.9,745.9,142.0,67917.1,57118.6,10798.5,69221.1,58215.3,11005.8
Blomvag,198,45,200.8,212.9,2002.7,1998.8,2010.8,2012.0,227.5,308.1,396.6,448.2,23.0,40.1,111.0,131.6,4.0,52.6,35.2,37.2,89.8,66.1,23.7,6094.1,4366.0,1728.1,6211.1,4449.8,1761.3
Rubbestadneset,198,97,172.3,76.3,1998.5,1993.8,1995.1,1999.3,105.2,775.8,543.5,239.7,20.0,159.3,1254.9,806.8,10.0,54.4,305.1,183.6,126.4,98.2,28.3,9492.8,7371.3,2121.5,9675.1,7512.8,2162.2
Andenes,196,93,139.6,84.9,1996.2,1996.4,1999.8,2002.2,135.8,572.1,651.4,526.2,18.0,109.7,693.8,537.9,10.0,48.8,34.7,33.3,89.2,74.9,14.3,6609.5,5536.4,1073.0,6736.4,5642.7,1093.6
Helle - Forsand,194,28,21.0,22.3,1978.9,1982.5,1982.6,1982.9,109.8,108.7,108.9,108.7,15.0,74.9,32.0,30.3,6.0,14.0,12.0,11.2,14.1,12.2,2.0,1062.0,914.8,147.2,1082.4,932.4,150.0
Elnesvagen,193,30,395.2,508.1,1987.9,1986.1,1991.1,1991.1,222.5,191.2,257.1,256.2,21.0,21.6,35.7,35.6,6.0,28.2,9.7,9.9,63.9,56.5,7.4,4901.7,4344.3,557.4,4995.8,4427.7,568.1
Orkanger,193,97,217.9,233.6,1997.1,1998.9,2004.5,2002.7,170.8,265.0,268.9,238.1,19.0,36.2,229.8,130.7,11.0,29.6,23.9,23.8,72.2,62.9,9.3,5470.5,4774.2,696.3,5575.5,4865.9,709.6
Vormedal,193,64,72.5,76.0,1988.4,1989.4,1991.8,1991.6,157.6,315.6,231.0,211.8,22.0,81.6,106.5,88.4,8.0,23.3,28.7,28.2,52.0,43.7,8.4,3908.2,3281.2,627.0,3983.3,3344.2,639.0
Brandasund,187,27,34.7,38.3,2003.8,1999.1,2008.2,2008.1,85.4,87.9,104.5,106.1,13.0,17.2,26.7,27.4,4.0,14.3,15.5,13.4,20.8,16.7,4.1,1565.1,1255.6,309.5,1595.2,1279.7,315.4
Kalvag,185,118,120.8,95.5,1996.6,1998.0,2000.1,2001.2,165.0,340.7,302.7,237.7,23.0,48.1,402.1,227.9,11.0,112.1,130.3,152.4,104.6,64.1,40.5,7783.0,4797.6,2985.3,7932.4,4889.8,3042.7
Langevag,183,58,82.8,48.9,2003.9,1997.8,1997.2,2002.2,92.0,617.0,300.7,160.8,18.0,104.0,772.0,392.1,8.0,53.0,72.8,43.9,81.0,64.0,17.0,6056.2,4782.5,1273.7,6172.5,4874.3,1298.2
Langoya,182,38,59.7,86.5,1987.2,1989.6,1995.4,1996.3,111.4,192.2,168.3,167.1,17.0,69.4,37.7,32.4,9.0,19.2,15.9,15.4,34.1,29.1,5.1,2562.4,2182.2,380.2,2611.6,2224.1,387.5
Sandnes,181,87,88.7,96.8,1992.4,1993.1,2001.3,2000.6,123.4,279.4,216.3,220.2,16.0,45.9,106.2,100.5,11.0,37.5,86.3,80.0,53.1,37.9,15.2,3959.9,2821.2,1138.7,4036.0,2875.4,1160.6
Anfinnsletta,181,36,26.7,36.0,1992.1,1991.5,1995.8,1996.5,86.5,149.0,110.3,108.7,15.0,21.6,29.6,27.9,6.0,13.5,18.1,18.3,17.3,13.6,3.7,1301.5,1025.7,275.9,1326.5,1045.3,281.2
Lutelandet,179,69,64.2,45.2,2002.6,1998.4,2007.1,2006.6,110.2,814.5,224.0,146.7,16.0,123.1,1541.6,996.3,7.0,48.9,105.8,65.5,78.6,57.1,21.5,5861.9,4254.1,1607.8,5974.5,4335.7,1638.7
Hoylandsbygda,177,44,84.8,35.3,1991.0,1994.7,1985.8,1986.0,103.6,688.7,506.1,222.1,29.0,146.0,1263.9,832.2,20.0,47.2,87.5,64.7,119.9,100.5,19.4,8986.7,7532.5,1454.2,9159.2,7677.2,1482.1
Olen,177,84,157.3,96.5,1992.6,1996.9,2005.1,2003.2,100.2,232.8,328.3,222.6,14.0,48.5,60.1,67.2,10.0,50.3,117.0,77.2,79.7,41.8,37.9,5555.3,3010.9,2544.4,5662.0,3068.7,2593.3
Hufthamer,177,39,190.4,46.9,2001.2,1994.3,2004.5,2001.5,261.3,907.9,1557.3,672.2,28.0,173.9,1226.1,1166.8,9.0,48.7,213.8,178.4,110.4,91.8,18.7,8292.1,6890.9,1401.2,8451.3,7023.2,1428.1
Ottersoy,176,63,66.5,44.4,2002.6,1996.9,2000.9,2005.1,127.2,212.6,166.6,171.0,21.5,44.0,48.6,63.0,10.0,40.0,28.3,28.4,45.8,34.6,11.3,3449.6,2601.8,847.8,3515.8,2651.7,864.1
Svolvar Osan,176,74,88.3,48.5,1999.9,1995.7,2001.6,2005.3,124.7,313.4,205.7,185.7,17.0,70.7,87.6,76.4,5.0,60.4,117.5,73.6,64.0,44.0,20.0,4732.4,3237.2,1495.3,4823.3,3299.3,1524.0
Odda,175,75,165.6,146.3,1995.9,1997.3,1997.1,2000.7,122.9,198.7,163.2,162.4,18.0,23.9,25.2,26.6,6.0,22.2,16.1,25.9,60.1,51.4,8.7,4520.3,3865.7,654.6,4607.0,3939.9,667.1
Brandsfjord,174,53,43.2,50.1,2003.7,1997.6,2006.8,2006.6,90.9,171.8,113.9,113.2,16.0,23.8,31.9,32.9,9.5,43.4,33.2,26.7,34.1,20.0,14.1,2562.2,1502.4,1059.8,2611.4,1531.2,1080.2
Utvorda,174,60,70.6,50.2,2000.4,1996.8,2002.6,2007.2,133.3,180.5,166.8,153.7,16.0,25.4,23.4,24.7,2.0,17.8,15.3,26.4,35.7,29.0,6.6,2672.4,2172.4,500.0,2723.7,2214.1,509.6
Holla,173,66,125.7,152.6,1992.6,1995.7,1995.3,1994.9,187.6,268.1,241.1,255.3,20.0,31.6,39.7,40.1,5.0,15.7,13.6,14.6,46.3,41.8,4.5,3489.0,3150.7,338.3,3556.0,3211.2,344.8
Sorvar,173,61,52.6,29.2,1998.2,1998.7,2002.1,2002.2,110.2,436.3,463.5,448.9,17.0,58.8,176.9,169.0,10.0,44.6,184.1,172.1,38.8,23.9,14.8,2909.5,1795.6,1114.0,2965.4,1830.1,1135.4
Sunde,172,45,73.6,50.1,2002.5,1994.4,1999.6,2004.3,86.9,400.3,273.7,159.7,16.5,84.8,1163.6,847.8,5.0,42.1,131.3,92.5,67.8,53.3,14.4,5085.8,4000.9,1084.9,5183.4,4077.7,1105.7
Kobbvagen,172,21,28.2,39.0,1995.5,1988.8,1999.3,2000.5,101.2,142.6,123.7,120.6,15.0,21.0,21.0,19.9,6.0,17.0,12.3,12.0,11.4,9.6,1.8,853.5,718.7,134.8,869.8,732.5,137.4
Flekkeroy,172,38,76.1,100.5,1992.9,1994.6,1998.9,1999.3,168.3,217.1,240.0,237.5,33.0,39.3,49.8,44.3,9.0,19.4,28.0,24.3,63.3,46.2,17.1,4756.9,3475.3,1281.6,4848.2,3542.0,1306.2
Flam,172,73,1907.2,202.6,1998.5,1995.6,2004.0,2001.3,209.7,620.0,242.3,246.7,15.0,113.4,46.7,90.9,9.0,13.6,8.9,9.5,483.0,387.6,95.4,36395.8,29189.0,7206.8,37094.6,29749.5,7345.1
Ansnes,171,27,43.6,45.1,2010.5,1997.3,2013.6,2014.8,72.0,147.1,91.0,84.4,15.0,34.3,25.1,25.6,6.0,63.1,38.1,26.4,30.3,19.6,10.8,2275.5,1467.6,807.8,2319.2,1495.8,823.4
Raudeberg,170,120,167.8,90.5,1997.1,1996.8,2004.9,2002.9,145.8,574.8,506.3,391.7,18.0,107.0,574.3,478.8,10.5,62.7,219.5,163.0,108.7,80.8,27.8,8151.6,6061.8,2089.8,8308.1,6178.2,2129.9
Kjollefjord,169,71,92.1,69.7,2003.1,1999.1,2010.5,2011.5,161.6,279.3,235.2,239.9,18.0,65.3,55.4,51.5,6.0,48.2,48.1,43.6,47.5,34.2,13.4,3549.6,2542.8,1006.8,3617.7,2591.6,1026.2
Bergsfjord,169,25,23.5,20.5,2001.7,2000.4,2004.0,2005.1,82.4,173.7,118.5,110.2,10.0,27.3,23.3,21.2,10.0,17.1,26.4,21.9,27.5,14.0,13.6,2055.6,1042.6,1013.0,2095.1,1062.6,1032.5
Selje,168,31,36.3,17.4,2009.1,2001.6,2010.5,2010.5,114.8,338.3,290.7,265.3,7.0,38.2,65.9,101.5,10.0,19.6,32.3,29.2,42.3,27.4,14.9,3139.3,2023.1,1116.2,3199.6,2061.9,1137.7
Tromsdalen,167,83,189.1,115.2,1993.1,1995.1,2003.4,2002.1,131.9,703.4,538.4,447.7,16.0,113.0,287.0,255.6,6.0,46.9,192.7,146.2,86.5,67.8,18.7,6367.6,4960.5,1407.2,6489.9,5055.7,1434.2
Fedje,167,80,366.5,451.9,2003.4,2003.4,2006.3,2007.0,120.8,633.9,250.0,198.9,17.0,141.6,1131.9,189.1,22.0,99.2,141.1,81.8,199.7,113.6,86.1,14959.6,8504.7,6454.9,15246.9,8668.0,6578.9
Mongstad,165,83,384.9,444.2,1999.2,2000.2,2006.5,2006.6,261.1,363.8,450.4,400.3,37.0,118.5,1209.1,445.1,22.0,50.8,129.1,119.6,232.7,138.6,94.2,17454.0,10382.5,7071.5,17789.1,10581.9,7207.2
Skogn,164,42,322.8,282.2,1994.3,1995.2,1998.8,1997.7,197.8,271.5,280.4,257.3,21.0,29.4,32.4,30.7,7.5,25.7,18.6,17.0,75.0,57.4,17.6,5739.5,4387.4,1352.1,5849.7,4471.6,1378.0
Ornes,164,73,170.1,141.1,1991.0,1994.4,1994.8,2001.5,143.7,244.8,239.4,351.3,14.0,34.7,92.9,101.8,3.0,33.7,41.2,58.0,79.3,64.0,15.3,6010.3,4856.1,1154.3,6125.7,4949.3,1176.4
Steinshamn,163,78,95.2,55.2,1996.2,1994.7,2005.6,2003.8,165.4,314.2,459.2,247.2,30.0,90.0,816.1,424.4,12.0,21.4,12.0,16.4,81.9,74.0,7.9,6154.4,5561.7,592.7,6272.6,5668.5,604.1
Mehamn,161,68,56.3,30.9,2001.4,1998.7,2008.4,2008.2,156.5,478.3,477.4,362.6,23.0,151.9,324.1,266.8,15.0,70.8,455.3,398.7,82.5,59.5,23.1,6201.2,4470.1,1731.1,6320.2,4555.9,1764.4
Fiska,160,34,55.8,64.0,1997.2,1995.2,2000.9,2000.4,123.6,160.3,172.4,173.3,20.0,31.1,55.5,41.5,3.0,16.7,18.2,21.1,30.3,26.6,3.7,2273.8,1995.9,277.9,2317.4,2034.2,283.2
Hoyanger,160,41,89.7,100.1,1994.9,1996.1,1999.5,2001.7,147.9,165.2,151.0,149.3,17.0,37.2,48.0,55.7,6.0,61.1,36.0,40.0,37.3,25.8,11.5,2806.5,1942.5,864.0,2860.4,1979.8,880.6
Moskenes,156,38,503.6,80.7,2003.1,1993.5,2009.8,2005.2,345.2,288.9,1014.3,815.9,28.5,48.3,243.8,221.1,12.0,35.2,45.5,56.2,226.1,174.7,51.4,15128.9,11595.9,3533.1,15419.4,11818.5,3600.9
Abelnes,156,58,85.6,81.1,2001.6,1997.8,2006.7,2006.7,114.0,310.9,243.1,218.0,17.0,92.0,141.3,111.5,9.0,102.2,112.8,94.8,69.8,45.5,24.3,5158.8,3330.9,1828.0,5257.9,3394.8,1863.1
Leknes,156,58,733.1,109.5,1992.0,1993.9,2001.9,2000.3,141.9,281.2,351.5,289.7,15.0,33.2,29.2,35.3,3.0,7.6,7.8,9.3,191.7,171.2,20.5,14778.8,13208.7,1570.0,15062.5,13462.3,1600.2
Leirvik I Hyllestad,155,50,142.8,73.1,2001.5,1999.2,2004.3,2005.3,104.0,888.9,434.5,215.9,13.0,230.0,1870.2,1268.1,4.0,84.5,262.9,181.8,107.9,80.6,27.3,8025.3,5976.7,2048.6,8179.3,6091.5,2087.9
Listraumen,154,46,39.0,34.9,1987.5,1992.8,2000.3,1995.7,87.8,226.3,177.7,136.9,13.0,24.0,37.5,36.3,9.0,26.4,108.3,42.1,21.5,14.0,7.5,1593.8,1029.6,564.2,1624.4,1049.3,575.1
Breivikbotn,153,49,31.7,31.9,1998.8,1994.7,2003.5,2005.0,108.3,227.0,164.3,137.8,15.0,29.5,42.5,32.1,9.0,34.3,132.6,73.4,31.6,16.3,15.3,2368.4,1217.0,1151.4,2413.9,1240.4,1173.5
Arnoyhamn,153,47,37.3,33.4,1998.9,1993.8,2001.7,2004.9,108.5,370.3,230.0,180.1,16.0,57.4,178.0,124.6,9.0,47.8,106.6,89.6,48.7,31.6,17.2,3657.9,2367.3,1290.6,3728.2,2412.8,1315.4
Nesna,152,59,83.1,52.5,1985.1,1993.0,1993.1,1995.5,96.2,426.8,248.6,215.2,13.5,101.6,805.9,516.0,6.0,38.5,56.6,47.3,77.9,63.1,14.9,5861.9,4746.7,1115.3,5974.5,4837.8,1136.7
Festvag,151,24,32.3,41.2,1974.9,1991.4,1989.4,1989.8,90.9,203.3,159.0,160.3,11.0,22.7,29.3,29.0,2.0,12.8,9.5,9.9,12.9,11.9,1.1,977.7,896.3,81.3,996.4,913.5,82.9
Leirpollen,151,42,339.3,508.0,1989.5,1999.1,1990.4,1989.5,583.8,599.5,640.5,642.4,62.0,77.0,90.8,87.7,36.0,41.8,52.3,52.0,137.4,121.4,16.0,10507.7,9302.9,1204.8,10709.5,9481.5,1227.9
Fosnavaag,150,80,84.6,69.9,1999.3,1999.1,2003.5,2005.7,310.1,489.0,573.6,574.7,57.0,94.1,230.9,259.4,15.5,124.9,55.8,58.9,89.6,64.2,25.4,6726.6,4823.0,1903.7,6855.8,4915.6,1940.2
Dimmelsvik,150,46,94.4,27.3,1983.4,1986.4,1984.6,1984.0,92.3,1241.6,279.1,185.5,19.5,228.3,2247.1,1346.6,4.0,19.3,17.3,19.1,70.7,62.1,8.5,5296.0,4655.9,640.1,5397.7,4745.3,652.4
Abelvar,150,51,40.8,28.7,2002.9,2000.2,2003.4,2005.8,120.0,178.0,144.8,122.5,16.0,30.9,39.8,22.2,5.0,32.6,16.8,12.5,33.4,24.8,8.6,2479.4,1830.6,648.8,2527.0,1865.7,661.3
Eggesbones,149,31,80.8,90.1,2009.3,2002.3,2011.3,2011.8,140.4,259.9,235.0,202.7,30.0,52.2,197.1,164.3,11.0,28.5,21.2,20.6,51.0,42.5,8.5,3826.1,3188.3,637.8,3899.5,3249.5,650.0
Bjarkoy,147,32,28.6,26.1,2002.9,1996.3,2004.5,2004.2,103.8,172.6,139.4,105.2,13.0,61.6,49.6,24.0,9.0,25.9,64.2,31.1,35.4,22.3,13.0,2657.6,1678.2,979.4,2708.6,1710.4,998.2
Gjesvar,147,54,46.4,38.9,2003.1,1999.6,2006.4,2009.3,145.3,519.1,240.3,206.3,20.0,80.1,636.2,429.7,8.0,69.8,454.2,300.8,38.9,24.9,14.0,2907.6,1865.5,1042.1,2963.5,1901.4,1062.1
Tjeldbergodden,147,31,35.8,36.2,2006.3,1996.3,2010.7,2010.8,79.0,121.6,126.2,123.2,16.0,54.1,62.2,59.0,4.0,33.4,40.1,37.7,22.9,16.8,6.2,1679.9,1217.9,461.9,1712.1,1241.3,470.8
Ardalstangen,146,35,72.5,80.7,1989.6,1996.4,1995.9,1996.6,64.8,155.4,146.0,147.4,11.0,20.3,28.0,29.6,16.0,23.2,26.0,30.6,26.8,17.7,9.1,2014.5,1331.3,683.2,2053.2,1356.9,696.3
Skarholmen,145,63,169.1,89.6,1992.1,1996.5,2005.2,2001.7,136.9,372.3,206.5,217.8,17.0,39.0,57.4,72.1,5.0,23.1,32.7,34.7,65.6,53.2,12.4,4865.1,3929.2,935.9,4958.5,4004.6,953.9
Uloybukt,145,31,47.0,42.5,1999.3,1991.0,2006.3,2007.3,87.4,1356.8,170.9,128.6,13.0,259.4,2164.4,768.3,2.0,112.4,42.9,22.2,61.1,51.4,9.7,4570.0,3841.6,728.4,4657.8,3915.4,742.4
Finnoy,145,38,187.2,52.2,1997.9,1997.7,2006.4,2005.2,102.3,377.5,679.5,240.4,18.0,49.5,226.2,176.5,9.0,53.1,215.4,155.8,69.4,32.0,37.4,4822.9,2265.5,2557.5,4915.5,2308.9,2606.6
Narvik,145,39,327.0,317.6,2003.6,1998.7,1999.7,2003.7,125.9,460.2,338.8,312.4,16.0,164.4,108.4,118.6,4.0,11.1,7.5,6.4,64.8,58.4,6.4,4951.0,4464.9,486.1,5046.1,4550.6,495.5
Skjerkoya,144,16,918.5,113.7,2003.3,1992.1,2013.2,2011.9,290.4,196.0,337.3,340.8,18.0,28.8,21.2,27.8,1.0,33.5,3.8,17.0,213.3,185.5,27.8,13316.3,11413.5,1902.7,13571.9,11632.7,1939.3
Kopervik,140,69,38.4,41.2,1993.2,1993.2,1993.7,1992.0,125.0,258.2,170.2,161.9,19.0,38.3,52.3,47.1,13.0,95.1,76.1,54.8,37.7,21.7,16.0,2833.8,1630.4,1203.4,2888.2,1661.7,1226.5
Blokken,140,34,22.6,28.6,1992.7,1990.4,1995.7,1996.6,91.3,140.6,125.0,118.0,14.0,47.2,25.1,22.9,5.0,9.2,12.3,10.3,13.1,11.3,1.8,988.8,853.9,134.9,1007.8,870.3,137.5
Sandsoy,140,36,66.5,45.5,2001.2,1995.5,2005.7,2006.3,135.1,296.5,331.9,244.6,18.0,67.9,367.9,196.7,4.0,38.9,44.1,33.5,73.6,67.3,6.2,5529.0,5060.8,468.2,5635.2,5158.0,477.2
Hasvik,138,40,122.1,23.1,2005.8,2000.0,2013.5,2008.8,198.1,223.3,581.7,296.9,43.0,41.2,365.0,250.5,6.0,23.6,6.0,8.6,102.5,93.7,8.8,7277.7,6616.8,660.9,7417.4,6743.8,673.6
Skudeneshavn,138,90,210.0,287.6,1992.7,1993.5,2005.8,2006.0,131.5,345.0,536.9,645.6,30.5,109.0,233.5,249.2,14.0,48.5,119.8,93.8,95.8,60.8,35.1,7205.5,4575.6,2629.9,7343.9,4663.4,2680.4
Jondal,137,40,108.4,51.0,1996.1,1991.8,1987.1,1994.1,99.5,1011.2,523.1,213.9,12.0,162.0,1936.9,1424.1,3.0,33.4,113.8,27.1,58.4,50.8,7.5,4364.7,3799.6,565.1,4448.5,3872.6,576.0
Melbu,137,46,281.9,138.8,2000.9,1998.0,2003.1,2003.3,240.2,707.4,828.1,542.9,28.0,135.6,794.6,465.3,5.0,50.6,196.0,132.9,139.9,110.4,29.5,10549.0,8333.1,2215.8,10751.5,8493.1,2258.4
Hjorungavag,135,83,104.6,75.6,1996.1,1998.0,2000.9,1999.5,182.1,456.8,377.1,394.2,29.0,104.4,248.6,241.3,9.0,47.0,57.4,58.6,77.0,65.0,12.0,5789.0,4888.3,900.6,5900.1,4982.2,917.9
Dyroyhamn,134,41,29.5,25.2,2003.4,1998.3,2002.6,2003.9,96.8,209.7,162.5,122.6,13.0,32.9,75.5,52.9,3.0,43.7,17.3,14.8,20.0,15.0,4.9,1497.0,1127.5,369.5,1525.7,1149.1,376.6
Karmoy,133,54,160.2,200.9,1995.5,1998.5,2003.2,2005.8,112.2,271.1,217.8,234.0,16.0,107.6,41.6,32.9,5.0,37.3,47.2,55.8,51.4,42.9,8.5,3882.0,3231.3,650.6,3956.5,3293.4,663.1
Tau,133,34,47.8,14.0,2005.3,1997.7,2000.0,2000.0,428.1,485.2,520.9,201.1,28.0,81.5,259.3,78.5,25.0,69.2,129.7,46.2,77.1,49.7,27.4,5786.9,3730.3,2056.7,5898.0,3801.9,2096.1
Salten,132,46,135.4,178.3,1993.6,1996.7,1995.5,1995.2,164.2,320.6,240.1,253.4,15.5,33.8,35.8,37.5,7.0,25.3,14.4,14.9,43.8,40.4,3.5,3352.8,3091.9,261.0,3417.2,3151.2,266.0
Lyngstad,130,40,22.2,26.6,1981.8,1986.4,1984.9,1984.4,116.4,234.2,162.0,159.6,18.0,146.4,67.5,58.9,8.0,41.9,36.0,27.6,30.7,23.6,7.1,2304.9,1772.3,532.5,2349.1,1806.4,542.8
Botn - Sandnessjoen,129,56,383.4,345.6,2003.4,2005.1,2008.0,2007.6,271.1,560.1,709.5,681.4,31.0,110.2,392.7,381.8,11.0,69.7,409.2,411.2,181.7,129.0,52.6,12831.8,9171.0,3660.8,13078.1,9347.1,3731.1
Sistranda,128,45,33.5,37.6,2006.4,2001.7,2008.5,2008.8,98.4,169.4,133.7,125.8,20.0,38.4,43.9,36.9,9.0,21.6,25.8,25.4,19.4,14.5,4.9,1427.6,1059.6,368.0,1455.0,1079.9,375.0
Ytroy,125,64,124.0,164.0,2000.7,1997.5,2006.6,2006.7,156.6,287.2,303.0,287.9,22.0,43.0,136.5,158.4,11.0,61.8,94.1,77.8,66.3,39.4,26.8,4947.5,2933.9,2013.7,5042.5,2990.2,2052.3
Leka,125,36,47.9,37.8,2002.7,1995.9,2003.9,2005.7,133.4,224.4,257.9,181.5,21.0,44.9,331.8,102.3,11.0,24.8,86.5,39.3,48.5,36.4,12.0,3616.6,2713.4,903.2,3686.0,2765.5,920.5
Utsira,125,63,280.4,374.8,2002.3,2002.4,2010.5,2012.2,158.4,366.8,384.2,388.7,14.0,62.5,112.9,87.4,31.0,56.5,179.7,181.7,110.5,51.4,59.1,8247.3,3826.7,4420.6,8405.7,3900.1,4505.5
Uskedalen,125,45,28.7,28.8,1992.7,1992.3,1999.2,1994.4,85.8,136.8,133.3,115.6,14.0,29.3,24.2,25.5,9.0,24.6,14.6,19.1,16.4,11.7,4.7,1234.3,881.1,353.2,1258.0,898.0,359.9
Fjellstrand,124,31,26.2,29.1,2000.1,1999.7,2005.4,2005.0,121.1,134.8,147.4,140.9,15.5,22.1,27.6,25.4,4.0,34.6,28.3,25.5,20.8,16.5,4.4,1517.2,1188.5,328.7,1546.4,1211.3,335.0
Berlevag,119,49,17.7,11.2,1995.6,1994.6,1993.4,1992.7,181.8,315.9,270.8,262.1,30.0,106.2,306.5,244.5,11.0,40.0,49.1,50.3,55.3,44.0,11.2,4151.3,3308.9,842.4,4231.0,3372.4,858.6
Skiftun,118,19,23.4,17.7,2006.7,2002.2,2000.9,2005.7,94.2,318.5,120.2,111.5,11.0,78.0,58.4,56.7,6.0,10.9,15.4,15.8,16.0,12.9,3.0,1187.2,959.0,228.2,1210.0,977.4,232.6
Hammerfall,117,41,128.2,180.1,1999.2,1995.9,2001.2,2001.2,303.9,372.7,375.2,390.7,30.0,44.4,60.1,62.3,6.0,23.5,13.6,13.3,42.2,38.3,3.9,3173.1,2884.5,288.6,3234.0,2939.9,294.1
Hordvik,117,49,34.1,31.7,1993.8,1988.6,1994.9,1994.2,106.3,516.1,191.8,167.3,16.0,79.4,373.0,266.4,9.0,84.5,72.8,67.0,34.9,22.5,12.4,2618.7,1684.5,934.2,2669.0,1716.9,952.1
Bokn,117,48,919.1,160.7,1999.5,1995.8,2008.1,2008.1,134.7,525.6,2853.4,888.7,26.0,135.3,2144.4,1856.9,14.0,64.9,70.1,66.1,303.7,279.0,24.7,20080.7,18365.4,1715.3,20466.3,18718.1,1748.2
Tjotta,117,37,42.9,33.9,2004.8,1995.1,2002.8,2008.9,79.9,195.7,144.2,110.9,8.0,49.4,137.7,49.4,9.0,15.9,41.1,25.1,29.9,23.9,6.1,2203.8,1753.5,450.3,2246.1,1787.2,459.0
Hollen,116,47,33.5,39.2,1992.3,1992.9,1993.2,1995.3,147.4,230.2,179.5,171.0,18.5,30.7,43.7,37.0,8.0,26.0,20.0,19.0,22.7,18.6,4.1,1705.0,1398.5,306.5,1737.7,1425.3,312.4
Hanoytangen,116,60,45.4,35.7,1996.3,1995.5,2005.4,2003.8,126.7,347.8,247.3,200.1,26.0,93.2,209.7,129.0,14.0,63.4,78.3,84.2,40.0,27.8,12.2,2994.8,2077.3,917.5,3052.3,2117.2,935.1
Leines,115,28,14.6,7.1,2000.6,1994.4,1999.1,2000.5,188.7,183.3,236.3,158.8,17.0,26.6,80.4,47.5,22.0,19.5,48.0,33.3,27.2,15.8,11.4,2042.4,1183.9,858.5,2081.6,1206.6,875.0
Burfjord,115,56,23.8,24.2,1997.7,1997.9,2003.5,2004.4,132.8,204.2,216.3,227.9,18.0,38.4,56.7,54.0,8.0,19.0,19.7,17.6,22.2,19.3,2.9,1669.8,1451.5,218.3,1701.8,1479.4,222.5
Vingsand,114,38,27.4,27.5,2000.0,1996.6,2004.7,2003.9,87.6,185.5,114.7,109.3,12.0,29.7,29.3,24.5,5.0,21.1,24.7,24.6,17.0,12.6,4.4,1216.0,884.0,332.0,1239.4,901.0,338.4
Halden,114,44,54.4,82.7,1991.4,1991.4,2000.3,2001.1,122.9,187.0,209.1,220.1,11.5,60.3,41.7,39.5,15.0,22.4,22.3,23.3,27.3,21.9,5.4,2052.4,1644.8,407.7,2091.9,1676.3,415.5
Igeroy,111,33,139.5,54.1,2003.0,1995.3,2001.6,2005.1,107.7,552.9,617.9,253.8,12.0,148.0,1433.3,703.5,6.0,81.4,533.7,324.9,105.0,81.4,23.5,7868.0,6101.3,1766.7,8019.0,6218.4,1800.6
Grovfjord,110,39,19.6,16.6,1996.1,1993.6,1998.2,2000.4,109.0,142.2,134.1,115.1,15.0,44.0,26.2,23.8,4.0,22.5,11.5,12.1,17.6,13.9,3.7,1322.0,1043.1,278.9,1347.4,1063.2,284.3
Fusa,110,38,24.0,30.4,1998.6,1992.1,2004.2,2005.1,107.6,144.0,130.5,130.0,16.5,22.9,32.0,30.6,5.5,12.3,16.5,14.8,14.5,11.4,3.0,1085.0,858.0,227.0,1105.8,874.5,231.3
Forsol,109,26,7.6,4.4,1992.2,1995.2,1993.9,1993.4,137.4,194.0,249.3,229.8,21.0,55.8,181.8,170.6,5.0,82.9,63.5,61.3,33.1,24.3,8.9,2488.5,1820.9,667.6,2536.2,1855.9,680.4
Brensholmen,109,48,30.9,25.2,2001.9,1998.2,2003.8,2005.1,112.4,225.1,197.5,154.1,17.0,59.2,244.1,150.9,5.0,19.3,105.2,67.3,41.2,34.7,6.4,3091.1,2607.4,483.7,3150.4,2657.5,493.0
Karhamn,109,35,100.7,150.9,1998.1,1994.7,2009.1,2009.9,108.2,204.1,368.5,466.6,15.0,81.3,1581.0,1730.0,3.0,16.4,13.5,13.6,46.9,42.6,4.3,3578.4,3253.0,325.4,3647.1,3315.4,331.7
Aukra,108,56,185.0,59.7,1999.9,1995.7,2006.5,2003.9,145.8,1085.8,608.8,387.9,20.0,100.0,1210.2,1238.1,13.0,132.8,2506.7,2539.0,102.7,39.9,62.8,7705.4,2987.7,4717.7,7853.4,3045.1,4808.3
Ulsteinvik,106,61,63.5,65.5,1995.9,1996.5,2006.7,2005.0,142.1,232.1,248.2,279.9,21.5,33.8,58.2,56.0,9.5,33.1,82.8,81.5,37.0,26.2,10.8,2776.9,1960.8,816.2,2830.2,1998.4,831.8
Halsa,105,35,96.0,90.8,2004.4,1998.2,1994.8,1994.5,93.8,1355.9,487.8,445.1,13.0,346.2,3579.4,4701.5,4.0,59.8,225.7,178.7,56.6,48.0,8.6,4224.7,3579.6,645.2,4305.9,3648.3,657.5
Forus,104,51,34.7,42.0,1987.6,1989.8,1996.0,1995.6,118.9,162.5,155.6,165.8,17.0,23.6,28.6,30.2,6.0,17.9,18.3,18.8,20.8,14.2,6.6,1544.4,1048.7,495.7,1574.1,1068.9,505.2
Nordfjordeid,104,49,283.0,50.9,1996.7,1997.2,2008.3,2002.9,131.7,196.7,228.0,174.5,14.0,39.3,19.8,20.9,3.0,20.1,10.7,12.3,69.1,56.5,12.7,5214.8,4256.4,958.5,5315.0,4338.1,976.9
Moss,102,43,253.2,129.1,1994.5,1993.9,1999.3,1999.9,160.4,798.8,786.5,325.9,27.0,374.4,3764.6,2362.7,14.0,36.1,131.9,104.2,234.2,224.2,10.0,17585.4,16835.6,749.8,17923.0,17158.8,764.2
Karsto,101,41,309.9,440.3,2004.8,2004.7,2009.9,2010.7,243.1,238.0,279.1,289.7,23.0,33.0,54.8,60.6,23.0,30.9,36.7,37.5,108.0,58.1,50.0,8107.6,4355.8,3751.8,8263.3,4439.4,3823.8
Jelsa,101,57,398.2,320.8,1995.7,1996.7,2003.3,2003.2,81.8,1007.3,771.8,584.8,22.0,167.0,1195.4,486.4,9.0,29.1,53.5,47.6,77.2,71.2,6.0,5797.3,5349.0,448.3,5908.6,5451.7,456.9
Rost,101,56,49.2,27.4,1998.4,1995.9,2002.9,2002.8,231.0,589.6,465.3,414.2,28.0,118.4,187.6,142.5,10.0,90.5,245.9,274.3,46.5,28.5,18.0,3448.9,2124.4,1324.5,3515.1,2165.2,1350.0
Mausund,101,35,30.7,26.2,2001.3,2000.9,1997.0,2004.3,83.0,603.0,162.2,115.7,19.0,96.8,661.3,195.2,17.0,27.9,43.3,34.5,38.7,31.2,7.4,2895.5,2338.4,557.1,2951.1,2383.3,567.8
Midsund,101,37,25.4,24.1,1996.3,1995.2,2001.9,2004.2,136.1,180.0,187.0,175.8,18.0,33.7,77.1,71.0,4.0,25.8,22.7,18.6,21.2,15.3,5.9,1582.1,1136.5,445.6,1612.4,1158.3,454.2
Risoyhamn,100,34,43.5,28.2,1991.2,1995.4,1995.7,1993.9,117.4,170.2,132.2,180.5,15.0,25.1,26.4,38.9,2.5,8.1,8.4,18.8,22.3,17.5,4.7,1666.7,1310.1,356.6,1698.7,1335.2,363.5
Eydehavn,99,61,48.5,62.8,1989.4,1992.0,1997.5,1998.4,171.8,195.4,220.0,216.8,22.0,27.1,41.9,39.8,8.0,48.3,133.1,97.3,27.0,18.3,8.6,2025.4,1376.2,649.3,2064.3,1402.6,661.7
Stamsund,99,36,52.5,23.0,1995.1,1993.1,1998.3,2000.9,135.8,243.2,184.3,200.7,18.0,41.0,40.8,45.2,3.0,23.6,6.7,12.4,29.8,26.0,3.7,2253.9,1974.3,279.6,2297.1,2012.2,284.9
Reinfjord,98,59,11.5,6.4,1996.7,1995.6,2002.3,2000.8,141.1,176.2,198.7,173.9,24.0,29.8,49.6,39.7,16.0,22.6,27.4,28.1,18.3,13.3,5.0,1368.3,991.7,376.6,1394.6,1010.7,383.8
Skarsvag,97,45,33.2,14.5,2000.5,1996.5,1998.8,1998.0,132.0,329.0,272.7,246.3,20.0,58.7,199.7,178.6,4.0,29.4,167.4,142.4,22.0,15.5,6.5,1656.9,1168.9,488.0,1688.7,1191.4,497.3
Ballstad,97,44,29.7,11.9,1994.4,1991.4,2007.2,1996.5,151.5,226.6,260.7,172.3,22.0,173.7,62.7,87.4,7.0,33.9,15.4,21.3,37.6,29.4,8.2,2834.3,2216.6,617.6,2888.7,2259.2,629.5
Follafoss,96,22,55.5,72.9,1997.6,1997.1,1997.2,1997.1,164.2,250.4,243.5,248.5,21.0,30.8,44.7,44.8,5.0,14.4,16.8,18.6,20.7,18.9,1.8,1566.8,1432.8,134.0,1596.9,1460.3,136.6
Agskardet,96,32,25.4,19.7,1998.7,1993.3,2000.7,2005.9,132.4,157.1,139.5,120.4,16.0,23.3,37.1,30.0,6.0,20.1,46.3,32.7,30.4,16.9,13.5,2272.5,1262.0,1010.6,2316.2,1286.2,1030.0
Skrolsvik,96,26,20.0,13.4,2003.7,2001.4,2007.8,2007.6,123.0,300.6,188.5,137.8,20.0,70.0,116.5,43.9,8.0,78.2,36.6,35.5,26.2,19.1,7.1,1968.9,1436.3,532.7,2006.7,1463.8,542.9
Stokkvaagan,96,36,248.4,65.9,1994.3,1990.8,2008.7,2003.7,184.0,689.4,1935.5,773.8,25.5,160.1,1559.6,1897.8,7.0,15.1,13.1,11.6,171.0,162.7,8.3,12835.5,12216.9,618.6,13081.9,12451.5,630.4
Kambo,96,46,70.7,101.9,1998.2,1998.4,2000.1,2000.9,269.8,245.5,296.1,294.0,27.0,33.3,60.0,59.8,17.5,23.8,25.0,25.5,27.7,25.0,2.7,2077.6,1874.6,203.0,2117.5,1910.6,206.9
Sandviksberget,96,41,18.3,16.2,1997.9,1993.2,2002.3,2001.7,156.2,174.7,189.0,182.6,22.5,30.1,54.4,58.0,12.0,25.0,27.3,26.4,22.4,16.5,6.0,1682.8,1235.4,447.4,1715.1,1259.1,456.0
Solund,95,45,33.7,27.0,1999.5,1996.5,2006.2,2007.4,112.5,299.6,246.2,182.3,16.0,77.9,134.0,105.4,15.0,55.6,71.4,47.5,35.2,23.5,11.8,2635.7,1751.5,884.3,2686.3,1785.1,901.2
Stjernoya,95,33,32.9,45.0,1997.5,1998.0,2002.0,2002.9,104.5,233.9,208.8,229.3,13.0,32.1,55.4,58.7,1.0,17.1,9.1,7.8,15.1,13.5,1.6,1134.8,1016.9,117.9,1156.6,1036.4,120.1
Sorkjosen,95,22,16.2,15.3,1990.7,1994.6,1997.4,1998.4,93.9,123.7,108.6,104.7,13.0,22.2,23.6,21.1,16.0,14.2,22.3,19.8,8.4,7.0,1.4,627.5,525.3,102.1,639.5,535.4,104.1
Vega,95,15,20.6,10.5,2001.3,2008.3,2005.6,2012.3,178.0,135.5,167.0,120.6,22.0,21.9,59.6,24.1,2.0,18.4,32.8,34.3,19.9,16.0,3.9,1492.3,1196.9,295.4,1520.9,1219.8,301.1
Finneid,95,26,32.0,43.6,1985.6,1992.4,1992.3,1992.1,114.0,260.4,204.9,208.2,18.0,40.4,58.6,59.6,3.0,16.3,22.1,22.0,12.4,11.3,1.1,934.9,849.8,85.1,952.9,866.2,86.7
Surnadal,95,29,39.5,42.9,1984.4,1985.5,1992.8,1992.1,120.4,168.1,141.6,145.8,14.0,22.3,20.0,20.5,9.0,11.8,15.9,17.2,17.0,13.6,3.4,1288.3,1028.8,259.4,1313.0,1048.6,264.4
Hekkelstrand,94,40,71.5,105.5,1996.9,1995.8,1996.4,1996.4,239.5,459.6,482.0,542.3,30.0,61.4,93.2,95.8,4.0,13.4,13.8,13.9,26.9,25.5,1.4,2025.3,1918.9,106.4,2064.2,1955.8,108.4
Bjordal,93,21,24.6,26.2,2004.5,1998.4,2004.9,2008.9,112.0,332.6,141.5,121.4,15.0,34.3,41.5,25.0,7.0,29.6,30.6,22.0,18.1,13.8,4.3,1318.9,998.6,320.3,1344.2,1017.8,326.4
Steinkjer,93,41,68.8,98.6,1993.1,1997.4,2000.2,2000.6,248.9,292.2,276.9,286.2,26.0,28.2,36.4,37.0,9.0,26.8,26.3,26.4,25.4,20.6,4.8,1909.0,1551.4,357.6,1945.6,1581.2,364.4
Fitjar,93,48,31.1,18.5,1990.5,1993.3,2005.1,2001.1,85.9,601.3,364.7,221.0,24.0,140.8,1957.9,1491.1,9.0,73.8,220.7,133.3,52.8,38.2,14.6,3962.3,2865.9,1096.4,4038.4,2920.9,1117.5
Smola,92,48,15.8,9.6,1994.4,1995.2,1997.6,1997.3,117.5,142.8,125.2,117.9,18.0,28.7,23.7,22.4,6.0,23.6,20.3,31.2,13.0,8.5,4.5,976.7,638.3,338.4,995.5,650.5,344.9
Sogndal,92,12,4.0,1.6,2000.0,1985.2,1996.4,1974.1,85.2,159.6,134.8,124.9,6.0,10.0,24.8,41.9,3.0,25.6,63.7,26.1,7.9,4.8,3.1,594.8,363.6,231.2,606.2,370.6,235.6
Stura,91,46,310.7,493.2,2001.4,1998.4,2003.6,2003.8,121.5,421.0,358.2,338.2,31.0,146.3,307.8,193.6,8.0,48.1,95.8,103.7,201.9,103.2,98.7,15112.2,7700.1,7412.1,15402.3,7847.9,7554.4
Torsken,91,28,17.6,17.8,2000.7,1995.2,2002.8,2004.5,105.5,148.5,159.9,153.4,13.0,18.3,40.1,36.4,7.0,49.7,31.5,27.2,16.6,11.4,5.2,1246.5,855.3,391.2,1270.4,871.7,398.7
Vistdal,90,13,13.0,16.1,1981.7,1978.5,1981.8,1982.2,132.8,119.5,140.1,137.7,19.0,18.3,27.1,26.5,5.0,9.4,8.6,8.2,7.0,6.5,0.6,526.5,484.7,41.7,536.6,494.1,42.5
Stadlandet,89,55,36.4,30.3,1993.9,1991.6,1998.9,2000.4,174.4,479.6,265.8,227.3,17.0,93.7,299.7,200.3,10.0,31.5,41.0,34.4,34.4,27.8,6.6,2522.2,2028.1,494.1,2570.6,2067.1,503.6
Lillesand,89,47,21.9,27.5,1989.8,1988.6,1992.1,1992.7,154.7,191.9,166.9,163.8,21.0,28.6,34.0,32.3,8.0,16.4,14.9,14.5,13.9,11.8,2.2,1045.6,883.0,162.7,1065.7,899.9,165.8
Hammarvika - Froya,89,25,7.6,7.8,2001.2,1995.3,2002.0,2001.7,82.7,93.9,103.2,99.8,18.0,25.4,37.1,32.1,15.0,25.0,31.4,31.2,13.7,9.1,4.6,1030.2,685.5,344.7,1049.9,698.6,351.3
Lenvik,89,34,34.9,27.2,2002.7,1999.1,2002.2,2003.2,166.8,328.5,288.7,208.4,21.0,48.9,123.8,68.1,7.0,59.3,45.4,56.4,22.6,17.0,5.6,1700.4,1278.7,421.7,1733.0,1303.2,429.8
Atloy,89,51,29.8,18.8,1994.9,1993.3,2000.5,2000.0,142.7,537.1,289.2,200.2,19.0,78.1,657.6,498.7,14.0,53.7,36.3,37.1,39.3,31.0,8.4,2943.7,2316.8,627.0,3000.2,2361.2,639.0
Eidfjord,89,34,993.5,116.1,2003.6,1994.1,2006.1,2004.3,182.6,308.1,227.2,232.9,15.0,29.8,21.4,22.7,9.0,84.1,13.4,14.1,292.8,212.0,80.8,22072.5,15969.6,6103.0,22496.3,16276.2,6220.1
Glesvar,89,23,19.2,19.0,2007.8,2005.0,2008.6,2009.1,92.5,214.4,136.2,106.4,16.0,26.3,40.7,33.3,8.0,19.7,46.7,36.4,14.7,9.5,5.3,1098.8,705.3,393.5,1119.9,718.9,401.0
Hagavika,88,37,32.6,29.0,2002.2,1999.1,2000.3,2003.8,140.7,964.7,227.9,183.3,16.5,218.5,642.2,263.4,5.5,83.8,98.9,61.9,43.2,33.9,9.3,3240.7,2543.1,697.6,3302.9,2591.9,711.0
Fiskarstrand,88,44,97.7,117.5,1995.8,1998.2,2006.1,2006.3,175.2,336.5,217.0,204.9,18.0,54.1,32.7,30.3,9.0,35.5,26.0,18.0,47.3,33.8,13.5,3299.0,2279.3,1019.7,3362.3,2323.1,1039.3
Ellingsoy,88,75,58.9,45.7,1997.9,1998.5,2002.7,2000.9,175.2,391.4,425.7,401.3,21.5,78.9,196.8,160.0,10.0,41.9,73.1,63.2,44.3,34.4,10.0,3328.9,2581.9,747.1,3392.9,2631.4,761.4
Etne,88,35,21.5,25.6,1990.6,1991.8,1999.8,1998.9,86.2,118.0,146.1,152.3,11.0,18.0,23.0,24.4,7.0,10.4,11.8,12.1,10.9,9.2,1.7,815.7,691.8,123.9,831.4,705.1,126.3
Tovik,88,30,32.6,23.1,2003.3,2000.2,2002.6,2001.8,93.7,204.7,178.7,118.4,14.0,23.4,92.8,33.1,5.0,15.6,15.1,15.4,18.8,15.8,3.0,1415.7,1189.1,226.6,1442.9,1212.0,230.9
Vestnes,88,46,22.7,21.5,1993.9,1994.4,1998.3,2001.4,123.5,233.9,194.2,184.9,21.0,68.3,103.2,81.8,9.0,41.5,32.8,33.2,31.8,25.5,6.3,2386.9,1912.2,474.8,2432.8,1948.9,483.9
Sorreisa,86,50,179.5,134.6,1994.8,1996.0,2003.0,1999.4,197.2,251.2,432.6,364.7,20.5,25.9,57.6,52.6,9.0,19.6,10.2,11.7,40.7,37.7,3.0,3069.8,2842.6,227.2,3128.8,2897.2,231.6
Fornes,85,27,13.7,13.2,2000.5,1996.1,2003.9,2003.0,93.2,132.6,105.1,106.2,12.0,20.7,19.9,19.9,4.0,16.4,11.1,11.3,8.7,7.2,1.5,647.4,536.2,111.2,659.9,546.5,113.3
Vaksdal,85,34,35.9,39.9,1994.8,1995.8,1994.4,1994.6,131.4,336.0,182.7,171.5,15.0,23.8,32.3,27.6,7.0,79.2,91.2,26.7,28.4,16.4,12.0,2137.9,1234.9,902.9,2178.9,1258.6,920.3
Lonevag,85,39,37.7,45.0,1993.0,1995.3,1993.0,1990.8,99.3,289.4,198.4,182.1,13.0,25.5,39.1,33.0,5.0,10.3,17.5,16.8,17.7,14.8,2.9,1328.1,1111.2,216.9,1353.6,1132.5,221.1
Gutvik,83,20,28.8,16.5,2006.0,1997.8,2005.9,2008.0,172.2,235.9,231.8,146.9,19.0,40.6,210.8,78.8,11.0,22.4,55.4,24.2,28.8,21.1,7.7,2119.2,1543.1,576.2,2159.9,1572.7,587.2
Orstav,82,29,44.8,41.7,1990.8,1993.4,1992.3,1992.7,159.1,152.1,173.6,175.5,17.0,18.8,21.1,21.2,6.0,6.4,29.9,28.3,17.3,14.7,2.6,1303.3,1105.4,198.0,1328.4,1126.6,201.8
Berg,82,33,119.8,69.1,1995.9,1996.0,1992.8,1993.3,86.6,1190.4,515.4,309.3,13.0,176.6,1504.7,507.8,9.5,174.1,2778.6,912.8,76.5,37.9,38.6,5755.3,2857.7,2897.7,5865.8,2912.5,2953.3
Mosterhamn,81,48,10.0,11.1,1991.4,1991.3,1997.9,1998.9,80.3,152.5,117.9,120.5,14.0,36.9,30.2,30.7,8.0,39.7,27.6,31.9,13.8,9.5,4.4,1037.8,710.0,327.8,1057.7,723.7,334.1
Grotavar,80,33,23.3,14.7,1996.2,1997.5,1996.5,1995.2,88.4,124.6,111.4,123.3,10.5,19.0,20.9,28.2,4.0,14.0,11.2,15.9,11.0,8.8,2.2,831.0,662.3,168.6,846.9,675.1,171.9
Godoya,80,54,122.5,36.7,1994.9,1993.9,2000.0,1997.1,180.8,361.3,403.1,374.6,26.0,69.9,265.1,345.4,5.5,24.8,68.0,97.3,53.4,46.3,7.1,4023.8,3488.6,535.2,4101.1,3555.6,545.5
Tomrefjord,79,52,98.0,46.1,1996.5,1995.9,1993.1,1994.9,113.2,844.7,754.8,459.3,27.0,229.8,1617.4,1002.3,13.0,72.5,147.7,145.0,89.2,64.9,24.3,6698.2,4870.8,1827.5,6826.8,4964.3,1862.6
Stranda - Froya,79,21,12.9,11.7,2008.0,2005.2,2001.7,2006.8,64.0,400.4,102.7,81.8,15.0,66.0,257.8,74.7,13.0,30.5,61.5,23.7,23.3,18.9,4.4,1739.1,1409.3,329.8,1772.5,1436.3,336.1
Vagsvag,78,31,21.2,16.2,1995.2,1990.6,1999.2,2001.1,131.5,612.2,172.8,142.7,15.5,91.0,189.9,97.0,4.5,97.2,99.7,80.4,29.9,19.1,10.8,2204.5,1394.2,810.3,2246.8,1421.0,825.8
Rekefjord,78,41,24.5,33.4,1988.6,1990.6,1997.6,1998.6,121.2,205.2,159.0,163.1,22.0,43.9,71.2,78.0,7.5,18.4,33.6,39.0,13.2,10.6,2.6,993.0,800.7,192.4,1012.1,816.0,196.1
Isdalsto,78,35,15.5,11.0,1996.8,1996.4,2006.2,2004.0,126.6,211.3,188.1,117.5,17.5,25.1,36.9,22.6,11.0,21.8,27.8,26.2,18.7,12.6,6.1,1393.4,934.5,458.9,1420.2,952.5,467.7
Stjordal,77,24,40.9,41.3,2001.3,1999.5,2006.0,2006.2,184.5,248.6,222.6,230.3,26.0,34.2,35.0,34.8,1.0,20.8,13.9,15.8,18.6,15.0,3.6,1401.9,1129.7,272.2,1428.9,1151.4,277.4
Bjugn,77,30,30.7,43.7,1982.2,1988.6,1985.3,1985.8,225.5,203.5,219.3,222.2,24.0,26.4,31.1,30.9,7.0,12.0,10.7,10.6,16.9,15.0,1.8,1289.5,1151.5,138.0,1314.2,1173.6,140.6
Utne,76,42,53.6,60.7,1994.7,1994.1,1995.5,1989.9,109.5,243.8,266.4,227.5,13.0,30.8,308.5,112.3,11.0,11.3,25.9,15.1,30.3,25.6,4.7,2287.8,1934.5,353.3,2331.7,1971.6,360.1
Hareid,75,49,171.2,91.6,2001.4,2001.4,2008.7,2007.6,256.3,648.3,630.3,517.1,49.0,154.7,546.7,450.7,18.0,65.3,41.3,45.4,93.5,80.8,12.7,7055.2,6101.1,954.0,7190.6,6218.3,972.4
Kvithylla,75,37,74.3,33.3,1991.2,1996.3,2002.3,1998.2,169.3,767.8,324.3,292.2,19.0,101.9,256.0,311.9,6.0,30.6,29.5,36.3,41.6,36.0,5.6,3139.8,2724.8,415.0,3200.0,2777.1,422.9
Sarpsborg,75,41,36.5,54.4,1988.1,1994.1,1996.4,1996.8,194.6,250.0,266.8,268.6,29.0,43.3,54.8,52.7,16.0,44.5,30.8,29.3,26.5,20.4,6.1,1991.6,1536.6,455.0,2029.8,1566.1,463.7
Sirevag,74,43,12.9,12.7,1992.2,1995.9,1998.0,1997.7,130.1,209.3,146.9,127.2,21.0,39.3,83.5,64.2,11.5,107.2,93.9,73.6,22.6,10.9,11.7,1695.1,817.2,877.9,1727.7,832.9,894.8
Espevik,74,19,27.0,24.7,2004.5,1998.8,2006.8,2006.2,107.1,324.0,177.2,157.0,15.0,47.9,78.3,58.9,6.0,31.1,47.1,35.5,13.9,12.5,1.5,992.9,883.3,109.6,1012.0,900.3,111.7
Salangsverket,74,25,11.9,10.6,2002.4,1996.9,2004.8,2003.1,93.0,147.0,126.4,134.5,19.0,21.8,39.3,36.1,5.5,32.6,47.0,49.8,10.0,6.7,3.3,748.9,500.4,248.5,763.2,510.0,253.3
Torsvag,74,61,42.2,25.8,1999.1,1999.3,2002.5,2003.8,239.7,392.2,431.9,393.9,30.5,49.7,94.5,80.1,22.5,90.2,203.5,151.1,31.1,19.1,12.0,2332.5,1432.7,899.7,2377.2,1460.2,917.0
Kleppesto,74,32,12.0,9.4,1979.2,1987.0,1989.0,1985.9,120.5,535.6,199.7,160.2,18.0,59.1,141.2,76.1,13.5,29.1,34.8,33.4,17.5,11.9,5.6,1311.3,892.3,419.0,1336.4,909.4,427.0
Herre,74,53,60.4,85.0,1993.1,1994.0,1998.6,1998.8,229.4,285.6,307.5,310.4,25.5,34.8,52.8,53.2,12.0,23.3,34.1,34.0,21.9,19.5,2.4,1649.2,1469.0,180.2,1680.9,1497.2,183.7
Talavag,74,35,77.5,111.9,2004.2,2005.9,2003.0,2001.3,99.4,154.1,252.6,249.1,13.0,33.4,145.1,135.4,11.0,28.8,50.0,50.8,27.1,16.2,10.9,2037.5,1217.4,820.2,2076.7,1240.7,835.9
Tytebarvika,74,14,27.9,24.6,1995.4,1991.4,2005.1,2001.5,126.5,393.5,255.2,169.1,26.0,31.0,36.3,38.1,7.0,86.3,486.8,179.4,11.6,6.2,5.4,873.5,465.4,408.1,890.3,474.4,415.9
Aaheim,73,40,141.3,175.6,1990.8,1990.2,1993.2,1993.2,249.0,241.7,398.8,406.6,33.0,33.4,41.0,41.4,16.0,28.9,38.4,39.6,33.6,28.3,5.3,2518.9,2124.2,394.7,2567.2,2165.0,402.3
Husoy,73,33,13.9,8.6,1995.1,1991.9,2001.3,1998.0,176.2,374.5,269.0,203.0,24.0,282.1,892.4,654.7,6.0,30.7,40.1,32.8,48.8,44.0,4.9,3667.2,3301.2,365.9,3737.6,3364.6,373.0
Horten,73,41,29.3,22.2,1996.4,1994.1,2001.0,2001.6,114.2,309.5,285.1,223.3,24.0,50.8,90.3,67.2,17.0,87.0,160.9,97.7,30.2,15.8,14.5,2258.1,1174.1,1084.0,2301.5,1196.6,1104.9
Randaberg,73,49,101.4,107.8,1997.3,1996.9,2003.6,2001.7,132.2,303.5,345.8,335.3,23.0,52.1,151.1,132.1,16.0,38.0,32.5,33.8,45.9,38.9,7.0,3422.7,2899.5,523.2,3488.4,2955.1,533.3
Akkarfjord,72,42,226.2,249.2,1999.9,1998.7,2012.6,2013.6,83.1,294.1,548.4,680.8,10.5,52.5,246.1,211.2,5.5,19.2,46.6,54.5,41.1,29.1,12.0,3128.6,2228.3,900.3,3188.7,2271.1,917.6
Risavika,72,45,140.9,142.0,2003.7,2005.2,2009.8,2009.7,142.5,505.1,485.8,448.3,22.0,65.0,162.9,155.5,13.5,89.0,186.6,184.8,73.2,46.1,27.1,5288.8,3335.7,1953.1,5390.3,3399.7,1990.6
Hundeidvika,72,20,71.0,29.0,1998.4,1990.4,2009.6,2006.9,195.8,219.5,442.4,306.0,25.5,72.2,121.6,100.1,28.5,22.5,150.4,120.4,40.9,20.2,20.6,3040.5,1491.0,1549.5,3098.9,1519.6,1579.3
Kabelvag,72,49,34.7,9.9,1994.1,1992.8,1997.1,1998.6,111.4,204.6,155.7,110.0,17.0,27.5,25.2,32.3,3.0,36.4,12.4,39.6,41.7,33.4,8.3,3145.6,2523.7,621.9,3206.0,2572.2,633.8
Askoy,72,41,144.7,28.7,1995.4,1996.8,1999.6,1997.7,235.4,726.0,314.0,246.9,25.5,84.9,260.9,195.1,14.0,19.4,21.6,27.0,96.4,82.4,13.9,7217.4,6168.1,1049.3,7355.9,6286.5,1069.4
Stavern,72,22,6.6,6.0,1990.6,1990.3,1995.8,2000.1,146.1,261.8,92.9,60.8,29.0,104.6,74.9,45.9,15.0,31.0,47.5,43.2,20.1,13.2,6.9,1512.5,993.0,519.6,1541.6,1012.0,529.5
Herfjord,71,24,13.7,14.6,2001.1,1998.7,2003.7,2003.6,118.2,119.7,129.9,129.8,14.0,17.5,22.9,23.8,9.0,20.1,19.5,19.9,11.2,6.4,4.8,838.9,482.0,357.0,855.1,491.2,363.8
Austevollrhella,71,33,175.6,45.6,1994.2,1995.2,2008.2,2005.2,178.3,1011.5,1718.7,615.6,28.0,180.8,1687.3,1315.7,10.0,33.2,83.5,69.3,50.6,43.2,7.4,3790.8,3238.8,552.0,3863.6,3301.0,562.6
Nordlenangen,71,24,21.5,7.1,1998.8,1993.7,2003.7,2002.8,200.7,362.3,564.1,274.4,27.0,33.6,70.2,76.5,15.0,52.7,118.1,95.2,30.0,16.6,13.4,2248.9,1243.5,1005.4,2292.1,1267.4,1024.7
Kaldfjord,71,38,13.5,8.9,1995.4,1992.8,1993.7,1993.0,159.7,293.2,248.0,192.3,20.0,57.1,81.8,71.1,10.0,112.2,255.8,134.0,35.2,18.0,17.2,2640.2,1348.8,1291.4,2690.9,1374.7,1316.2
Kvitsoy,70,41,505.0,529.3,1993.0,1998.0,2005.7,2007.2,164.3,894.7,777.4,604.8,22.0,153.5,1634.3,459.0,19.0,69.5,112.0,96.9,154.8,111.7,43.0,11579.6,8348.3,3231.4,11802.0,8508.6,3293.4
Olderdalen,70,31,79.8,38.8,1989.0,1993.2,1985.1,1990.5,108.8,899.7,810.7,323.9,15.0,122.2,2597.9,1671.4,7.0,38.1,322.6,215.3,67.7,62.1,5.6,5087.3,4663.9,423.4,5185.0,4753.4,431.6
Aure,70,37,23.0,26.2,1997.1,1993.8,1998.7,2000.6,121.2,286.4,195.9,193.3,18.0,57.3,119.8,53.6,7.0,17.5,25.8,18.9,16.8,14.2,2.6,1260.5,1067.7,192.8,1284.7,1088.2,196.5
Skipavik,69,28,28.2,16.6,1991.0,1988.7,2004.4,2000.8,156.6,343.0,386.5,279.1,23.0,40.6,205.0,189.2,9.0,18.1,21.6,20.6,26.9,20.0,6.9,1970.0,1453.7,516.3,2007.8,1481.6,526.2
Rennesoy,68,20,7.6,7.8,1984.2,1993.6,1999.5,2001.7,109.2,136.5,130.8,126.3,23.5,30.0,55.2,50.3,11.0,28.8,63.2,51.0,12.1,6.9,5.2,909.1,519.4,389.7,926.5,529.3,397.2
Eivindvik,68,27,36.0,11.4,1994.6,1995.0,1995.6,1990.5,239.3,787.5,720.7,256.3,21.0,37.8,163.5,144.7,16.5,51.9,110.7,91.8,54.8,31.4,23.5,4117.2,2356.4,1760.8,4196.2,2401.7,1794.6
Gismarvik,68,49,36.5,34.7,1990.1,1992.7,2004.5,2003.1,146.1,300.5,273.1,237.0,20.0,49.5,242.8,179.9,8.5,44.2,28.6,25.5,24.8,18.5,6.3,1865.8,1389.9,475.8,1901.6,1416.6,485.0
Sand,68,23,13.1,8.5,1999.0,1991.1,2003.9,2001.7,173.2,189.0,180.8,116.2,21.0,41.3,57.4,28.8,10.5,9.0,70.8,17.3,18.0,11.7,6.3,1355.0,878.7,476.2,1381.0,895.6,485.4
Savlandsvik,67,16,8.0,5.9,1975.1,1978.6,1993.7,1987.7,74.3,260.8,198.0,140.8,17.0,53.8,136.7,106.7,6.0,37.4,64.1,60.5,9.8,5.6,4.2,732.6,414.5,318.1,746.6,422.5,324.2
Vartdal Sore,67,39,104.6,60.0,1997.9,1997.4,2012.5,2010.2,155.8,495.7,777.2,473.0,20.0,80.6,1188.5,983.9,4.0,47.4,468.1,398.6,27.5,21.2,6.3,2053.9,1579.0,475.0,2093.4,1609.3,484.1
Skorgeneset,66,29,26.4,37.6,2000.1,1995.4,1999.2,1999.4,137.2,221.8,158.8,161.0,19.0,45.8,35.5,30.4,11.5,17.7,21.0,21.3,15.8,12.9,2.9,1188.2,970.2,218.0,1211.1,988.8,222.2
Brattvag,65,50,135.1,65.7,1994.3,1996.1,2002.2,2000.1,170.9,1770.7,1482.6,910.8,39.0,402.8,4145.1,3152.5,14.0,166.8,326.2,293.8,118.8,102.0,16.8,8916.6,7653.5,1263.1,9087.8,7800.4,1287.4
Talvik,65,17,10.6,13.1,1996.6,1992.2,2004.9,2006.2,103.7,145.7,144.6,139.1,12.0,20.2,46.5,38.6,2.0,4.9,8.8,9.5,11.5,9.7,1.8,863.4,730.6,132.7,879.9,744.7,135.3
Leirfjord,65,18,32.1,35.8,1998.1,1992.9,2003.3,2003.7,140.5,242.5,218.1,244.5,16.0,24.9,36.9,39.6,1.0,8.7,9.5,9.1,12.6,11.5,1.0,951.5,874.8,76.7,969.8,891.6,78.1
Ingoy,64,34,159.6,149.1,2003.2,2000.4,2004.0,2008.5,178.3,1149.0,1098.4,959.3,22.0,204.4,956.1,568.5,29.0,136.0,326.9,185.2,43.5,30.5,13.0,3277.0,2303.1,973.8,3339.9,2347.4,992.5
Froan,64,20,66.5,52.3,2002.9,1999.0,2005.5,2003.3,95.3,831.0,562.5,551.5,14.0,85.6,362.2,420.0,2.0,162.5,373.7,339.4,49.2,35.7,13.5,3663.9,2647.8,1016.1,3734.2,2698.6,1035.6
Bomlo,64,21,10.7,9.7,2003.5,1999.2,2005.0,2005.5,98.4,268.1,130.9,112.1,18.0,48.7,76.2,72.4,8.0,31.4,33.1,26.2,13.3,9.4,3.9,1001.3,705.9,295.4,1020.6,719.5,301.1
Karvikhamn,63,28,154.8,81.6,2003.7,2003.1,2001.4,2000.9,156.0,772.0,858.2,632.8,20.0,124.9,516.0,479.9,4.0,39.8,402.1,374.6,41.2,29.8,11.4,3080.4,2225.8,854.7,3139.6,2268.5,871.1
Espenesbogen,63,26,136.6,73.7,2003.1,1997.0,1994.2,1995.4,90.1,847.5,1261.4,659.4,13.0,102.7,1985.3,1839.7,7.0,24.0,260.4,242.3,23.4,19.3,4.1,1757.8,1449.5,308.3,1791.5,1477.4,314.2
Valldal,63,25,8.8,10.5,1985.5,1983.8,1989.7,1989.9,119.4,148.0,136.8,136.8,18.0,20.7,23.3,22.8,7.0,13.2,14.0,13.7,6.0,4.6,1.5,451.7,342.8,108.9,460.4,349.4,111.0
Botnhamn,63,24,10.0,8.8,2002.0,1998.4,2003.9,2004.2,136.9,205.9,222.3,200.7,28.0,42.1,93.4,65.7,4.0,39.6,41.0,26.8,16.8,12.4,4.5,1264.8,929.8,335.0,1289.1,947.7,341.4
Ombo,62,23,11.7,9.9,2004.7,2001.0,2010.0,2010.5,73.7,469.4,134.0,109.3,10.0,49.2,63.7,32.6,9.0,45.5,74.4,30.7,11.8,7.4,4.4,876.9,549.3,327.6,893.8,559.9,333.9
Flem,62,49,62.5,41.6,1992.1,1993.8,2002.8,2004.5,212.8,618.9,484.9,544.9,26.0,83.9,721.5,772.0,6.0,67.9,64.2,56.6,39.6,26.8,12.8,2971.5,2013.4,958.1,3028.6,2052.1,976.5
Gursken,62,32,39.0,24.0,2000.7,1997.1,1994.1,2006.0,122.3,327.3,284.0,145.3,33.0,73.0,408.1,185.1,9.0,74.0,51.6,51.3,43.1,34.9,8.2,3236.4,2624.0,612.4,3298.5,2674.4,624.1
Vik - Sogn,62,23,14.6,5.8,1996.0,1986.2,1995.9,1989.9,286.7,533.1,375.8,164.6,21.0,37.5,275.8,122.8,3.5,12.7,78.1,37.0,18.7,12.6,6.1,1403.1,948.3,454.8,1430.1,966.5,463.6
Bjorkas,61,14,15.1,11.6,1992.8,1993.8,2004.1,2001.4,123.6,521.5,170.0,98.3,18.0,37.5,125.6,26.0,15.0,105.5,51.7,34.0,17.6,12.4,5.2,1314.3,925.7,388.7,1339.6,943.5,396.1
Snefjord,61,11,15.6,18.7,1997.9,1999.3,1999.7,2002.2,203.0,230.5,197.3,188.6,20.0,26.3,29.2,28.1,1.0,16.0,9.1,9.7,10.9,9.4,1.4,814.7,706.4,108.2,830.3,720.0,110.3
Petrojarl Varg Fpso,61,40,105.0,90.4,2009.2,2007.8,2010.4,2010.7,231.8,467.0,377.7,354.2,37.0,105.2,127.7,113.6,21.0,65.6,135.7,117.9,49.8,40.9,9.0,3708.5,3046.8,661.7,3779.7,3105.3,674.4
Bovagen - Radoy,61,32,11.7,11.5,2000.7,1998.0,2003.9,2003.5,114.4,266.3,173.8,159.5,20.0,60.2,43.7,39.4,5.0,120.9,151.6,148.5,18.7,8.5,10.2,1390.3,621.1,769.3,1417.0,633.0,784.0
Fjelldal,61,26,13.6,18.0,1990.0,1986.1,1997.2,1998.7,104.1,216.2,210.4,221.7,15.0,22.4,44.1,46.1,4.0,38.2,18.3,14.6,11.4,7.8,3.6,859.8,592.0,267.9,876.3,603.3,273.0
Vadheim,60,24,37.2,47.7,1995.2,1998.5,1999.9,2000.1,149.4,233.3,239.7,242.5,19.0,41.3,94.8,99.4,6.5,12.8,14.6,14.7,15.0,13.1,1.9,1120.8,977.1,143.7,1142.3,995.9,146.5
Innhavet,59,21,11.7,11.2,1999.5,1991.0,2003.6,2004.2,108.4,236.9,140.7,141.7,16.0,38.5,41.3,39.5,2.0,49.3,21.4,24.0,8.8,7.3,1.6,661.4,544.5,116.9,674.1,555.0,119.2
Standal,59,12,7.4,7.5,1976.1,1980.7,1981.1,1979.9,110.9,390.8,163.9,136.8,21.0,213.4,605.4,226.6,9.0,15.1,39.4,29.9,17.2,15.0,2.2,1290.9,1128.6,162.3,1315.7,1150.3,165.4
Lyngdal,59,20,26.3,25.2,1994.4,1997.0,1995.7,1995.6,125.2,158.6,136.8,135.8,17.0,94.4,35.5,30.8,7.0,79.3,16.0,14.1,11.5,9.7,1.8,855.0,722.1,133.0,871.4,735.9,135.5
Melkoya,59,30,315.9,366.1,2001.1,1999.2,2010.4,2011.7,155.5,415.1,613.0,954.2,19.0,143.9,165.1,149.6,2.0,12.7,35.9,38.4,75.4,67.7,7.7,5619.5,5040.2,579.4,5727.4,5136.9,590.5
Bognes,59,15,102.8,65.2,2003.8,1992.3,1999.8,2001.3,94.3,2749.6,1088.8,468.3,10.0,505.7,6384.1,4952.9,5.0,9.2,4.5,6.2,49.4,47.7,1.6,3707.6,3584.1,123.5,3778.8,3652.9,125.9
Bygstad,58,21,20.5,16.8,1997.9,1991.6,2002.9,2002.8,123.2,164.7,151.2,151.5,14.0,16.5,19.1,18.8,1.0,7.0,4.0,3.2,10.5,9.0,1.5,792.1,680.3,111.8,807.3,693.3,113.9
Rognan,58,16,9.1,11.3,1988.1,1989.4,1987.7,1986.6,115.6,163.5,132.8,129.4,16.5,26.9,29.6,25.6,2.0,24.9,15.4,11.9,9.0,6.3,2.6,670.3,473.4,196.9,683.2,482.5,200.7
Inndyr,58,19,9.2,9.7,1987.4,1990.5,1995.4,1996.7,95.0,141.6,125.2,118.4,12.0,17.4,20.1,18.7,2.0,13.1,14.7,13.3,6.1,5.1,1.1,458.6,379.3,79.3,467.4,386.6,80.8
Norheimsund,58,20,5.0,5.0,1980.5,1985.9,1982.8,1982.8,101.1,104.7,102.6,100.8,13.0,22.0,60.5,56.5,3.0,55.9,110.0,57.6,6.5,4.9,1.6,487.0,365.3,121.6,496.3,372.4,123.9
Arendal,57,40,23.7,16.4,1989.0,1988.8,1995.2,1996.3,133.4,230.4,151.7,153.9,15.0,23.7,23.5,27.8,14.0,78.7,51.2,67.4,23.1,11.9,11.2,1738.3,893.8,844.5,1771.6,910.9,860.7
Vengsoy,57,16,15.6,10.0,1994.4,1996.6,1989.8,2000.9,124.3,174.7,189.4,123.8,20.0,28.0,216.3,90.1,3.0,7.6,26.3,13.2,20.2,17.5,2.8,1518.5,1309.7,208.8,1547.7,1334.9,212.8
Drag,56,20,16.4,13.4,1999.6,1994.2,1990.9,2002.5,84.1,416.3,200.5,140.7,11.0,244.4,1429.6,197.7,7.5,44.9,77.6,18.6,37.7,31.6,6.1,2832.5,2374.6,457.9,2886.9,2420.2,466.7
Tromvik,56,26,12.6,13.3,1987.1,1987.5,1996.2,1996.6,135.3,218.2,174.7,173.9,19.5,44.7,60.6,55.0,4.0,36.6,30.3,20.0,13.8,10.5,3.3,1036.0,789.3,246.7,1055.9,804.5,251.4
Hansnes,55,30,49.5,17.6,1995.5,1993.8,2000.9,2002.3,123.6,661.1,738.7,218.0,19.0,115.5,1693.3,680.6,11.0,37.7,33.5,45.8,30.3,26.0,4.3,2274.3,1950.3,324.0,2318.0,1987.8,330.2
Ramsund,54,24,17.0,11.4,2005.6,2001.4,2008.5,2010.7,90.5,786.5,168.7,142.7,13.5,46.4,64.9,44.0,8.0,33.4,67.3,30.7,13.5,7.0,6.5,1015.0,524.3,490.7,1034.5,534.4,500.1
Skaland,53,20,23.1,26.7,1994.9,1991.6,1992.1,1992.9,123.1,261.3,208.7,211.2,18.0,60.8,53.3,41.4,5.0,12.3,7.9,7.6,18.8,16.7,2.1,1411.7,1252.7,159.0,1438.8,1276.8,162.0
Gamvik,51,25,5.1,3.9,2002.6,2001.6,2001.4,2004.2,103.8,263.7,216.8,293.6,18.0,57.5,117.4,177.1,17.0,66.7,110.8,50.8,19.9,9.0,11.0,1495.9,673.6,822.4,1524.7,686.5,838.2
Holmestrand,51,18,22.4,28.4,1986.6,1984.7,1989.0,1989.1,118.9,186.3,221.3,222.0,25.0,48.2,37.1,36.1,15.0,14.8,18.6,18.9,8.7,7.4,1.3,654.7,558.4,96.3,667.2,569.1,98.2
Eidet,50,23,10.4,10.5,1997.3,1993.9,2004.2,2003.4,109.6,184.9,135.1,133.2,15.5,36.5,29.2,27.4,8.0,32.1,44.1,40.4,9.6,6.0,3.6,719.0,446.9,272.1,732.8,455.5,277.3
Gryllefjord,50,25,8.9,7.1,1991.7,1994.4,1992.3,1997.6,151.9,210.5,183.4,177.9,21.0,44.0,99.8,75.2,6.5,29.4,18.9,18.6,15.7,12.5,3.2,1176.8,939.9,236.9,1199.4,958.0,241.5
Ramsvik,50,28,16.7,19.0,2005.7,2003.2,2009.2,2009.7,131.9,182.5,189.7,187.0,17.0,34.0,42.7,40.9,4.5,24.6,15.0,15.6,10.0,8.3,1.7,735.3,607.5,127.8,749.4,619.2,130.2
Husnes,50,28,38.8,46.0,1990.0,1992.2,1998.0,2000.6,93.7,179.2,180.0,192.2,11.5,19.6,28.9,30.3,13.5,24.7,41.3,48.2,14.7,9.2,5.5,1114.6,693.7,420.9,1136.0,707.0,429.0
Steinvig,50,18,5.8,6.3,1989.8,1989.1,1996.3,1999.4,97.0,313.8,129.7,114.2,15.0,128.6,289.9,131.5,10.0,13.3,25.4,23.4,10.1,8.1,2.0,757.3,606.7,150.6,771.9,618.4,153.5
Rovde,49,28,12.1,12.2,1998.8,1999.7,2004.5,2002.1,142.4,148.4,143.9,138.4,18.0,29.1,36.7,40.3,3.0,10.8,12.4,11.4,7.7,6.1,1.6,556.6,437.9,118.7,567.3,446.3,121.0
Henningsvar,49,33,24.4,10.5,2001.1,1999.4,2002.7,2007.0,90.8,181.6,217.4,283.5,15.0,36.7,84.3,114.1,6.0,17.6,11.7,12.7,15.1,10.6,4.5,1138.1,801.5,336.6,1160.0,816.9,343.0
Havik,48,39,25.8,21.4,1998.2,1997.7,2005.0,2003.3,143.9,532.5,339.1,258.0,26.0,62.2,125.3,73.3,15.0,57.0,220.9,160.1,19.2,9.7,9.4,1437.0,729.9,707.1,1464.6,743.9,720.7
Fauske,48,15,8.8,10.4,2001.6,1996.6,2001.2,2001.1,93.1,141.9,102.6,100.8,13.0,32.4,20.4,18.5,3.0,11.1,16.3,15.9,4.9,4.1,0.8,364.8,303.2,61.6,371.8,309.0,62.8
Vikedal,48,26,8.6,10.9,1999.8,2001.6,2003.4,2003.4,105.1,118.6,126.6,128.0,17.5,38.4,29.2,28.6,8.0,10.7,11.4,11.6,6.9,5.8,1.1,514.5,432.1,82.3,524.3,440.4,83.9
Tyssedal,47,30,71.1,110.3,1994.0,1991.7,2006.0,2006.5,138.8,223.5,330.0,339.1,17.0,28.6,95.9,98.6,10.0,24.3,97.4,101.5,12.7,10.9,1.8,959.6,823.1,136.5,978.0,838.9,139.1
Andalsnes,47,31,431.7,66.3,1991.3,1989.7,2001.1,1997.7,219.3,268.1,270.6,292.1,18.0,30.6,26.0,30.9,9.0,61.4,40.9,129.8,131.9,92.4,39.5,10140.7,7106.2,3034.5,10335.4,7242.6,3092.8
Nevlunghamn,46,22,42.3,11.7,1999.2,2000.5,2011.0,2005.1,132.9,105.1,203.3,74.1,24.0,27.1,25.3,33.5,26.5,48.7,16.4,67.8,20.1,11.5,8.7,1412.2,761.2,651.0,1439.3,775.8,663.5
Dale,46,23,18.1,23.8,1994.6,1991.4,1998.8,1999.1,108.3,160.5,172.0,177.6,15.0,17.9,25.4,26.3,4.0,11.2,14.4,14.8,7.8,6.9,0.9,577.8,507.7,70.0,588.9,517.5,71.4
Tyssebotn,45,5,3.3,2.2,1958.6,1977.0,1983.0,1962.5,71.7,1930.6,174.6,95.9,16.0,85.4,201.2,86.5,8.0,16.8,35.5,17.5,6.4,5.1,1.3,481.3,386.3,94.9,490.5,393.7,96.7
Husoy - Lenvik,45,16,9.2,11.4,1998.2,1990.8,2005.0,2005.5,101.7,139.8,116.7,121.9,12.0,16.4,18.3,19.8,3.0,34.3,14.7,15.2,6.6,5.0,1.7,499.0,373.7,125.3,508.5,380.8,127.7
Frekhaug,45,18,22.6,7.4,2003.8,1997.0,2008.3,1999.0,722.3,507.9,623.3,302.4,29.0,38.5,54.4,38.9,10.0,24.5,31.4,56.8,31.7,21.9,9.8,2377.5,1645.1,732.4,2423.2,1676.7,746.5
Heroysundet,45,34,12.1,7.2,1991.5,1989.9,1985.5,1987.5,115.5,297.6,140.6,127.5,19.0,29.8,50.5,81.0,12.0,71.1,213.5,407.1,15.6,8.6,7.0,1169.9,646.9,523.0,1192.4,659.4,533.0
Luroy,45,17,7.4,10.7,1991.7,1993.0,2001.9,2003.7,116.7,126.6,152.3,157.9,16.0,24.8,28.1,28.3,9.0,14.8,17.1,18.0,6.1,4.6,1.5,456.2,344.4,111.8,465.0,351.0,114.0
Sto,45,18,14.8,13.5,2003.6,1995.8,2008.5,2010.4,97.8,425.4,212.9,184.9,12.0,142.6,87.5,67.3,4.0,67.2,155.0,102.5,14.2,10.2,4.0,1067.4,764.8,302.6,1087.9,779.5,308.4
Litangen,44,14,15.2,21.6,1987.4,1989.9,1989.0,1989.5,151.9,204.8,164.8,162.6,21.5,31.2,30.8,30.5,7.5,8.7,12.2,12.5,6.4,6.1,0.3,479.0,457.5,21.6,488.2,466.2,22.0
Bellvika,43,20,21.6,6.9,1991.9,1995.4,1981.5,1992.8,160.0,529.5,471.3,177.7,30.0,344.9,838.7,264.6,13.0,71.8,321.2,66.3,59.0,46.5,12.5,4427.5,3491.7,935.9,4512.5,3558.7,953.8
Matre - Masfjorden,43,23,11.8,7.6,2000.0,2000.8,2006.6,2007.7,113.7,960.2,223.8,124.6,12.0,14.6,20.2,15.8,5.0,41.4,264.7,61.6,16.9,4.6,12.3,1265.5,343.1,922.4,1289.8,349.7,940.1
Dyrstad,43,28,40.0,45.0,1997.7,1996.8,1996.7,1995.5,212.1,402.0,283.9,288.4,18.0,24.6,45.2,51.7,11.0,27.7,61.7,77.6,20.8,12.5,8.3,1561.7,936.0,625.7,1591.7,954.0,637.8
Stranda,42,17,13.2,12.2,1993.3,1988.8,1989.2,1994.0,125.4,447.8,231.0,181.0,16.0,142.6,642.8,220.5,8.0,125.0,356.3,135.7,28.0,14.8,13.2,2104.9,1112.9,992.0,2145.3,1134.3,1011.0
Erfjord - Suldal,42,23,6.6,8.5,1988.7,1990.2,1991.8,1993.2,114.0,153.0,148.2,148.6,15.0,24.5,48.9,53.1,4.5,17.0,9.9,9.7,4.8,3.7,1.1,359.4,276.3,83.1,366.3,281.6,84.7
Innvik,41,20,661.5,70.3,1997.4,1995.4,2007.2,2003.5,214.3,205.6,247.1,235.5,15.0,15.4,15.6,16.1,9.0,7.9,8.3,8.2,137.2,108.3,28.9,10362.3,8164.8,2197.5,10561.2,8321.6,2239.6
Molstrevag,41,12,22.5,31.3,1988.8,1992.9,1992.0,1991.4,282.7,220.8,307.6,313.8,29.0,23.3,43.3,42.6,14.0,15.5,24.3,23.0,10.7,8.7,2.0,803.7,652.2,151.5,819.1,664.8,154.4
Vannavalen,41,16,4.4,5.0,1991.2,1994.2,1994.6,1993.5,92.8,160.3,97.5,88.2,12.0,30.2,31.3,19.4,9.0,20.9,20.8,21.8,3.6,2.6,1.0,269.4,193.7,75.6,274.5,197.4,77.1
Jovik,41,16,91.2,32.0,1991.1,1985.3,2000.0,1997.7,170.8,2941.7,2003.6,566.2,23.0,602.2,6592.1,4723.2,5.0,55.3,509.9,366.9,72.0,65.7,6.3,5409.6,4933.2,476.4,5513.5,5027.9,485.5
Risor,41,18,8.9,4.4,1990.4,1991.9,1997.7,2001.3,107.7,210.1,156.5,194.7,23.0,28.2,44.1,48.5,12.0,19.4,40.7,48.6,11.5,7.2,4.3,865.6,539.2,326.4,882.2,549.6,332.6
Bjoa,41,20,13.3,8.8,1996.5,1994.8,1988.6,1992.6,103.9,377.0,215.5,115.6,17.0,54.3,363.6,144.7,4.0,16.2,56.4,27.7,10.7,8.8,1.9,800.9,660.9,140.0,816.3,673.6,142.7
Repvag,41,14,13.7,14.3,2002.8,1994.6,2006.4,2007.5,153.2,226.0,162.6,163.7,22.0,34.4,32.1,31.9,11.0,22.9,23.5,23.1,7.7,6.1,1.6,581.1,460.7,120.4,592.3,469.6,122.7
Strandvik,40,23,9.5,8.5,1993.5,1996.3,2000.8,1999.1,126.4,207.0,201.4,165.2,24.0,46.2,72.3,55.6,6.0,27.5,16.7,18.4,6.7,5.4,1.3,498.2,397.1,101.1,507.8,404.7,103.0
Eikefjord,40,23,28.6,32.9,1986.9,1993.4,1990.6,1988.9,217.8,576.2,300.4,277.0,27.0,111.2,63.9,43.7,8.5,68.0,53.4,19.7,15.0,11.3,3.7,1132.6,857.3,275.3,1154.4,873.8,280.6
Stathelle,40,14,7.0,6.7,1987.0,1989.6,1993.2,1995.2,151.3,190.1,257.4,236.1,24.5,30.2,96.1,100.6,16.5,24.5,39.7,36.2,17.6,11.8,5.8,1318.4,885.0,433.3,1343.7,902.0,441.7
Kaupanger,40,15,196.7,63.8,1986.9,1984.5,1993.5,1998.8,220.1,2491.0,1902.7,816.5,34.0,386.2,3297.1,1922.7,7.0,129.2,76.0,85.5,119.9,101.1,18.8,9001.0,7588.7,1412.3,9173.9,7734.4,1439.4
Valevag,40,21,59.7,14.8,1992.7,1990.0,1989.0,1990.9,181.9,1111.8,834.4,384.8,23.5,99.3,213.5,191.6,47.0,186.5,516.7,491.4,53.9,18.8,35.1,4046.3,1410.3,2636.0,4124.0,1437.4,2686.7
Flekkefjord,39,28,15.4,19.0,1998.1,1995.6,2008.4,2010.1,138.0,245.4,173.7,171.4,21.0,107.2,164.8,127.0,16.0,38.3,70.4,82.1,18.0,14.2,3.8,1347.8,1062.7,285.1,1373.6,1083.1,290.5
Jakobsnes,39,18,101.6,58.9,1994.0,1993.0,1999.9,2000.2,164.3,1013.3,1368.8,1066.8,24.0,270.6,1844.0,1727.9,2.0,80.6,730.9,683.5,29.3,26.2,3.1,2186.4,1955.9,230.5,2228.4,1993.5,234.9
Hausvikstrand,39,21,8.7,8.7,1986.6,1992.0,1997.5,1995.7,177.6,273.4,246.7,222.0,26.0,49.2,89.4,73.5,8.0,21.9,20.0,21.8,10.9,8.5,2.4,821.4,640.5,180.9,837.2,652.8,184.4
Halsnoy,38,22,17.8,11.5,1993.8,1990.6,2002.4,2002.9,102.1,490.1,398.9,261.4,14.5,46.4,67.1,60.5,9.0,38.8,98.4,88.2,10.5,6.4,4.1,787.6,476.9,310.6,802.7,486.1,316.6
Rutledal,38,23,28.5,9.9,1991.1,1993.8,2008.5,2003.9,140.0,602.2,561.8,231.3,22.0,58.1,429.1,285.9,8.0,28.9,36.8,36.9,19.9,15.8,4.1,1496.5,1188.9,307.6,1525.2,1211.7,313.5
Stakkvik,38,18,36.5,26.4,1991.6,1994.4,1992.8,1993.3,98.2,1335.2,526.7,330.4,14.0,262.8,2366.1,2372.4,2.0,37.8,233.3,216.8,26.9,21.2,5.7,2015.4,1587.7,427.7,2054.1,1618.2,436.0
Gjerdsvika,38,20,8.3,4.0,1991.3,1991.7,1991.7,1995.4,221.3,422.5,267.9,195.3,27.0,117.1,230.7,167.0,12.0,19.4,36.1,21.1,10.7,8.2,2.5,804.5,613.7,190.9,820.0,625.4,194.5
Morsvikbotn,38,14,7.9,10.0,2005.8,2002.3,2007.5,2008.4,116.2,123.5,127.7,121.4,16.0,25.3,19.3,17.9,2.0,4.7,31.6,23.4,5.2,3.9,1.3,391.7,292.8,98.9,399.2,298.4,100.8
Tonsberg,37,23,18.2,22.8,1988.5,1991.4,2000.6,2002.0,175.3,188.8,187.6,192.8,26.0,34.1,33.4,35.2,10.0,25.8,11.2,11.2,7.6,5.8,1.7,568.4,438.2,130.2,579.3,446.7,132.7
Tranoy,36,21,25.2,20.2,2004.5,2003.0,2005.3,2011.0,245.1,248.5,328.4,258.2,27.0,26.5,59.0,38.5,8.0,19.7,20.6,16.1,12.6,10.3,2.3,943.6,771.4,172.2,961.7,786.2,175.5
Vedavagen,36,11,4.6,3.6,1975.7,1975.4,1978.9,1979.3,121.2,494.8,209.3,169.5,26.5,281.4,602.3,491.2,11.5,32.8,102.6,85.1,22.5,19.5,3.0,1691.3,1466.5,224.9,1723.8,1494.6,229.2
Flatoy,36,19,10.2,4.4,1995.9,1992.8,2004.8,1995.6,138.9,527.9,240.0,133.2,19.0,29.6,41.7,26.9,14.0,24.8,52.2,19.7,11.3,7.0,4.3,847.2,526.7,320.5,863.5,536.8,326.7
Ardal,36,18,5.8,7.9,1985.3,1983.8,1993.6,1996.2,110.6,113.4,109.0,109.0,15.0,17.3,21.2,21.5,6.0,8.6,13.0,12.7,2.7,2.3,0.4,204.5,172.1,32.4,208.4,175.4,33.0
Volda,35,17,11.2,10.3,1998.8,1998.5,1998.5,2005.1,120.8,252.5,180.6,139.1,17.0,127.1,807.8,229.7,6.0,20.9,55.8,26.1,22.0,19.6,2.4,1641.7,1467.0,174.8,1673.3,1495.1,178.1
Savareid,34,15,5.7,6.3,2000.9,1999.1,2003.2,2005.1,112.2,115.6,116.6,115.0,17.0,23.6,23.3,22.6,9.5,10.6,12.0,11.1,3.2,2.8,0.4,240.2,209.0,31.2,244.8,213.0,31.8
Nyelv,34,11,17.1,20.8,1999.8,2000.3,2001.6,2002.0,361.2,264.4,308.5,300.6,39.5,31.0,46.7,46.3,9.5,21.5,18.3,18.2,7.4,6.6,0.9,558.6,493.1,65.5,569.3,502.5,66.7
Oldervik,34,19,30.1,19.0,2003.3,2001.8,1995.2,1995.9,104.9,677.7,862.3,491.2,27.0,151.3,460.4,439.7,7.0,45.0,198.3,179.6,38.6,32.6,6.0,2899.4,2447.4,452.0,2955.1,2494.4,460.7
Nordfosen,34,12,13.3,12.6,1985.9,1994.8,1999.7,2002.2,135.9,219.5,213.1,249.5,21.5,28.2,62.8,82.7,6.5,28.8,17.3,21.1,8.3,6.4,2.0,628.6,481.5,147.2,640.7,490.7,150.0
Osnes - Vindafjord,33,17,8.6,11.9,2008.0,2002.9,2013.9,2014.5,78.2,107.6,124.0,130.9,13.0,18.9,41.5,44.2,8.0,10.9,32.8,35.8,6.1,4.7,1.4,461.5,353.8,107.7,470.3,360.6,109.8
Torvika,33,21,29.6,9.9,1995.9,1993.0,1997.3,2002.9,182.1,369.0,188.3,219.9,20.0,50.2,29.9,51.0,7.0,44.4,21.3,50.3,18.0,13.0,5.0,1359.2,982.1,377.1,1385.3,1001.0,384.4
Raudsand,32,22,33.1,14.6,1986.9,1986.1,1993.0,1992.5,113.3,195.7,315.6,199.1,15.0,65.1,37.2,31.1,9.5,84.0,13.3,19.0,12.0,9.4,2.6,916.2,716.0,200.2,933.8,729.7,204.1
Ortnevik,32,10,4.8,5.9,1998.1,1993.8,2006.3,2006.6,100.2,231.3,106.8,103.4,12.0,66.9,43.9,21.4,3.0,6.8,9.8,10.5,5.6,5.1,0.6,420.3,377.2,43.1,428.3,384.5,43.9
Granvin,32,16,18.4,20.0,1983.4,1984.6,1980.6,1982.2,117.8,169.5,180.7,161.3,19.5,18.6,28.3,29.9,10.5,23.1,15.1,17.0,6.9,5.5,1.4,521.6,414.7,106.9,531.7,422.7,109.0
Litle Ballangen,32,8,5.3,7.3,1979.4,1984.1,1988.6,1989.1,83.0,142.2,139.1,144.2,12.0,19.8,29.1,29.7,20.0,20.3,20.9,20.4,2.5,1.9,0.6,191.3,146.8,44.5,195.0,149.7,45.3
Lakselv,31,6,6.4,7.0,2003.2,1991.2,2003.9,2003.9,150.1,136.0,165.3,165.1,14.0,19.7,27.0,26.9,1.0,6.5,4.9,5.2,2.5,2.3,0.2,190.5,172.3,18.2,194.1,175.6,18.6
Buvika,31,19,22.0,32.8,1998.4,2000.4,1999.0,1999.1,277.3,284.5,279.5,279.4,29.0,40.5,59.0,58.6,11.0,18.7,19.1,19.2,7.0,6.6,0.4,527.1,493.7,33.4,537.2,503.2,34.0
Fagerstrand,30,8,224.3,18.4,2007.3,2003.6,2006.3,2006.3,482.9,449.6,728.9,715.8,19.5,31.1,44.3,44.1,20.0,27.5,3.5,4.0,33.3,30.2,3.0,2499.2,2270.3,228.9,2547.2,2313.9,233.3
Kyrksaterora,30,17,4.4,4.0,1974.2,1978.9,1973.5,1973.4,91.0,219.3,179.9,157.8,11.5,34.9,143.0,135.9,7.5,22.2,37.0,37.5,4.3,3.4,1.0,324.0,252.2,71.8,330.2,257.1,73.1
Repparfjord,30,11,4.3,4.7,1988.8,1997.2,1999.8,2004.6,73.5,174.0,105.9,114.4,11.0,51.7,25.0,23.2,2.5,9.5,16.5,15.1,3.6,3.2,0.4,272.5,239.4,33.2,277.8,244.0,33.8
Salsbruket,30,10,11.8,15.4,2004.4,1996.6,2011.0,2011.2,131.4,136.3,146.9,151.8,16.0,18.2,26.0,27.3,1.0,6.8,7.2,7.2,5.3,4.8,0.5,388.7,352.1,36.6,396.1,358.9,37.3
Sykkylven,30,19,154.9,65.2,1995.2,1993.5,2006.4,2004.4,174.7,2782.7,1861.3,842.3,26.0,586.2,5245.7,4367.7,9.5,120.8,210.4,184.0,100.4,90.6,9.8,7546.8,6811.2,735.6,7691.7,6941.9,749.7
Selva,30,16,4.1,3.1,1995.2,1991.8,1996.2,1994.7,135.1,181.7,153.8,156.2,25.5,41.2,40.1,40.4,22.0,68.2,71.2,48.1,8.7,4.8,3.9,654.4,361.2,293.2,666.9,368.1,298.8
Borkenes,30,16,96.6,26.3,1999.3,1998.5,2001.9,2001.3,131.6,2934.0,2969.2,822.1,20.0,407.2,5888.8,5386.9,7.5,96.4,1203.9,1102.1,48.7,39.0,9.7,3654.8,2927.6,727.2,3725.0,2983.8,741.2
Grip,29,23,9.7,6.2,1989.0,1991.3,1995.5,1995.5,168.1,327.1,142.6,134.0,21.0,53.7,38.9,39.1,16.0,69.8,71.8,77.6,10.1,5.6,4.5,762.3,426.0,336.4,777.0,434.1,342.9
Hjelset,29,10,6.2,7.7,1983.4,1985.5,1995.0,1996.2,88.7,106.8,106.9,109.0,13.0,14.2,15.6,15.8,6.0,6.6,12.8,13.2,2.5,2.2,0.4,191.3,164.8,26.5,194.9,168.0,27.0
Vadso,29,19,22.9,19.0,2000.1,1996.5,2001.2,2005.8,183.7,261.8,285.7,297.6,28.0,43.6,38.4,39.2,10.0,52.2,55.4,59.4,15.9,11.1,4.8,1206.1,849.3,356.8,1229.3,865.6,363.7
Kalvneset,28,20,24.8,8.3,1996.3,1997.2,2007.4,1998.9,130.7,204.1,159.4,158.6,14.5,45.4,21.3,46.9,9.0,16.2,11.5,16.8,10.3,8.4,1.9,768.8,623.6,145.2,783.5,635.5,148.0
Misten,28,10,17.4,11.4,1994.5,1998.6,1986.4,1995.3,102.1,503.6,306.3,155.6,12.5,294.8,2127.7,1044.7,3.0,17.4,12.1,11.3,30.3,29.6,0.7,2275.9,2222.9,53.0,2319.6,2265.6,54.0
Hemnesberget,28,11,11.8,13.2,1997.1,1991.4,1998.3,1998.1,133.6,223.1,201.7,199.3,16.0,31.7,31.4,30.2,5.0,24.0,14.9,12.2,6.6,5.4,1.2,451.7,363.8,88.0,460.4,370.7,89.7
Larsnes,27,24,14.8,8.7,2009.3,2008.8,2014.6,2014.0,171.8,306.7,214.8,172.5,22.0,106.1,291.3,179.3,9.0,113.3,214.2,152.3,10.9,5.9,5.0,810.3,439.0,371.3,825.9,447.4,378.4
Straumsjoen,27,16,6.4,3.6,1995.3,1995.4,1992.0,1993.0,190.8,321.9,424.0,374.5,66.0,92.8,108.2,107.2,13.0,58.6,98.8,83.7,10.6,7.3,3.3,795.1,550.4,244.7,810.3,561.0,249.4
Dafjord,26,14,6.9,7.1,2006.7,2007.4,2009.1,2010.1,81.2,499.0,170.3,136.9,14.5,302.8,958.9,264.2,11.0,39.2,61.6,23.2,20.7,19.1,1.7,1557.4,1432.0,125.4,1587.3,1459.5,127.8
Iglandsvik,26,19,15.6,9.3,2000.1,1996.6,1999.5,2000.9,413.2,810.0,359.6,451.4,57.0,157.6,238.7,252.5,21.5,122.8,130.9,95.8,22.6,16.0,6.7,1699.5,1199.5,500.0,1732.1,1222.5,509.6
Horsoy,26,18,15.6,11.9,1993.6,1997.1,2006.3,2006.6,114.0,179.7,193.7,187.1,15.5,29.0,25.8,23.9,12.5,84.6,191.0,136.7,8.0,4.9,3.1,599.9,368.6,231.3,611.4,375.7,235.7
Vallersund,26,18,5.8,6.3,1994.6,1995.3,2009.7,2009.1,104.6,171.7,149.0,146.7,19.5,71.9,54.3,47.2,16.5,211.2,97.1,88.5,11.9,4.2,7.7,890.6,313.1,577.5,907.7,319.1,588.6
Jarlsoy,25,9,2.9,2.7,1985.5,1982.6,1983.5,1980.6,129.7,121.9,130.4,131.1,13.0,40.3,27.3,25.6,19.0,41.5,35.4,39.7,3.9,2.4,1.5,291.0,180.6,110.5,296.6,184.0,112.6
Byggnes - Karmoy,25,20,22.0,16.9,2002.0,2002.8,2005.9,2005.7,111.0,430.2,539.0,560.5,82.0,100.8,121.5,122.7,18.0,101.9,66.0,50.1,17.0,12.0,5.0,1277.9,904.7,373.2,1302.4,922.1,380.3
Hommelvik,25,18,23.3,32.2,1999.4,2000.4,2003.8,2003.6,285.0,417.8,458.4,482.8,37.0,51.8,65.8,66.7,25.0,63.9,32.8,32.4,9.1,7.4,1.7,686.9,560.1,126.8,700.1,570.9,129.2
Kragero,25,16,21.2,19.3,1985.4,1985.4,2002.2,2003.7,147.2,665.2,743.4,1215.8,55.0,222.8,1621.2,1784.7,15.0,23.8,66.9,72.5,18.2,15.9,2.2,1365.1,1196.3,168.8,1391.3,1219.3,172.0
Engene,25,19,14.1,21.3,1996.7,1998.1,2001.8,2001.8,99.3,169.0,158.8,158.5,20.0,30.7,42.1,42.4,17.0,42.8,25.0,21.1,9.2,6.1,3.1,692.2,459.6,232.6,705.4,468.4,237.0
Gudvangen,25,13,26.5,26.5,1987.2,1989.2,1983.4,1991.3,353.4,1540.9,572.2,424.3,44.0,136.9,474.0,159.6,14.0,50.0,116.3,47.0,23.4,20.8,2.6,1758.1,1559.9,198.2,1791.9,1589.8,202.0
Skjolden,24,17,252.5,26.9,1992.2,1993.9,2004.0,2002.5,224.6,230.7,252.0,242.3,17.0,26.1,19.0,25.7,7.5,9.3,8.9,8.8,56.9,47.3,9.5,4283.3,3561.8,721.4,4365.5,3630.2,735.3
Hellesylt,23,15,127.3,20.6,1980.7,1985.3,1999.1,1989.5,249.6,279.9,294.0,283.4,20.0,44.7,35.9,34.3,11.0,62.0,13.4,30.6,37.2,31.0,6.1,2846.0,2381.2,464.8,2900.7,2426.9,473.7
Dirdal,23,10,114.2,102.4,1998.0,1991.9,2011.2,2011.0,75.5,254.0,688.7,632.2,19.0,46.6,175.9,174.2,7.0,14.9,38.5,38.6,18.6,15.6,3.1,1400.8,1170.1,230.7,1427.7,1192.6,235.1
Kjerringoy,23,11,11.6,16.9,1978.7,1989.9,1999.2,1999.2,197.3,287.8,354.4,383.1,21.0,32.0,54.9,56.0,4.0,11.0,11.9,11.5,4.6,4.3,0.3,347.8,322.7,25.1,354.4,328.9,25.5
Tofte,23,10,12.5,16.6,1988.5,1989.2,1993.1,1993.4,257.0,217.8,221.3,216.5,25.0,36.2,62.9,60.2,11.0,20.3,20.3,20.8,5.5,4.5,1.0,412.2,336.5,75.7,420.1,343.0,77.2
Hvasser,23,13,4.6,4.1,1993.7,1995.3,1991.6,1995.0,95.5,222.8,78.3,85.4,21.0,37.7,44.2,57.4,18.0,29.4,26.5,33.2,9.5,6.4,3.1,711.6,477.5,234.1,725.2,486.7,238.5
Kirkehamn,23,16,7.2,6.4,1995.1,1988.0,2006.8,2008.5,87.6,278.6,225.2,208.2,19.0,85.1,73.9,60.0,5.0,17.7,32.5,32.5,5.8,4.6,1.2,407.8,316.2,91.6,415.6,322.2,93.4
Grimstad,22,13,3.8,4.5,1987.3,1987.5,1992.1,1995.7,108.5,205.3,139.9,123.1,19.5,34.5,26.4,22.2,8.0,12.9,13.9,14.8,4.8,3.4,1.4,359.4,257.9,101.5,366.3,262.8,103.5
Eikelandsosen,22,9,6.4,8.9,1977.9,1984.3,1979.7,1980.3,131.6,117.4,162.6,163.8,16.5,17.1,27.8,28.0,5.0,7.1,16.6,16.7,2.4,1.9,0.5,178.7,142.4,36.3,182.2,145.2,37.0
Sandefjorden,22,17,37.5,17.9,1989.6,1988.6,1991.3,1998.5,188.7,273.0,318.9,155.2,22.5,54.8,20.0,25.8,17.5,103.4,88.3,43.5,18.8,6.7,12.2,1403.0,489.8,913.3,1430.0,499.2,930.8
Hermansverk,22,11,2.9,3.3,1983.5,1983.8,1987.2,1987.7,112.0,206.4,162.9,175.7,17.0,25.8,35.1,37.9,1.5,5.4,17.8,15.6,2.7,2.1,0.6,203.5,159.8,43.7,207.4,162.9,44.6
Lardal,22,12,27.7,12.4,1987.0,1985.5,1993.9,1994.3,252.5,872.0,780.8,486.2,27.5,98.9,233.3,186.8,15.5,63.8,129.8,137.1,18.4,13.1,5.2,1377.8,985.5,392.3,1404.3,1004.4,399.8
Grytestranda,21,12,6.1,5.7,1992.7,1993.6,1996.5,1996.3,45.5,102.1,117.4,127.1,12.0,18.2,32.1,32.6,3.0,6.5,6.0,5.7,4.8,4.1,0.7,357.3,306.4,50.9,364.2,312.3,51.9
Baly,21,18,3.1,1.8,1988.4,1991.2,1985.4,1985.2,147.3,373.7,238.4,162.5,23.0,94.4,209.8,155.1,14.0,47.9,104.7,77.1,8.6,5.9,2.8,646.4,439.8,206.6,658.8,448.3,210.6
Olden,21,13,211.0,20.4,1997.8,1996.1,2000.5,1998.4,193.8,196.9,218.5,213.2,15.0,15.7,15.5,15.6,10.0,11.6,12.3,12.6,59.5,46.1,13.4,4518.0,3496.4,1021.7,4604.7,3563.5,1041.3
Balestrand,21,18,52.2,19.1,1986.3,1985.8,1999.2,1994.2,157.6,2130.5,1179.8,1014.8,17.0,350.1,1275.3,1231.1,7.0,135.3,442.0,331.5,45.6,33.3,12.3,3425.8,2498.9,926.9,3491.6,2546.9,944.7
Ikornnes,20,8,14.3,15.0,2002.4,2005.4,2002.8,2001.4,165.4,261.5,153.4,141.7,18.5,21.3,20.7,20.0,6.0,32.3,20.0,9.9,6.4,4.6,1.8,482.4,345.5,136.9,491.6,352.1,139.5
Drobak,20,5,6.6,0.7,2003.1,1998.0,2008.2,2006.1,929.3,367.2,1308.5,581.7,34.0,48.3,271.4,259.8,35.5,74.2,161.2,153.8,12.8,9.1,3.7,959.6,679.9,279.7,978.0,692.9,285.1
Finneidfjord,20,9,5.1,4.7,1990.2,1990.3,1996.7,1996.1,120.3,128.2,140.3,142.4,14.5,15.2,17.0,17.6,2.0,3.1,4.2,4.6,2.2,2.1,0.1,166.2,159.6,6.6,169.4,162.7,6.8
Lysebotn,20,10,2.7,1.6,1972.9,1979.7,1975.7,1975.3,120.0,250.4,197.6,140.7,21.0,50.2,54.8,30.3,10.5,14.8,61.1,44.7,7.5,3.2,4.3,562.8,242.7,320.1,573.7,247.4,326.3
Hyllestad,19,12,3.5,3.9,2002.5,1998.7,2007.6,2006.7,107.9,221.9,152.2,143.4,18.0,25.8,40.6,46.4,8.0,15.0,10.6,9.0,5.2,3.3,1.9,393.3,249.0,144.3,400.8,253.8,147.1
Kinsarvik,19,11,25.7,9.5,1973.2,1972.1,1973.0,1973.2,196.5,2217.5,1172.2,437.6,16.0,288.3,1607.0,1169.1,28.0,334.9,783.1,753.0,68.7,46.3,22.4,5161.3,3476.7,1684.6,5260.4,3543.4,1717.0
Sandefjord,19,12,4.6,3.2,1978.0,1979.5,1980.6,1975.2,114.9,170.8,125.3,133.7,28.0,53.2,28.5,43.2,13.0,29.9,22.3,33.2,4.7,3.6,1.0,350.4,271.7,78.7,357.1,276.9,80.3
Bjerkvik,19,9,20.6,28.6,1986.6,1991.0,2004.6,2004.6,128.1,138.3,286.1,288.2,14.0,15.4,36.9,37.0,2.0,6.6,18.0,17.9,6.4,5.2,1.2,420.1,329.3,90.7,428.1,335.7,92.5
Valberg,19,8,9.2,12.8,1975.1,1985.8,1989.6,1989.6,111.6,521.5,607.8,798.3,40.0,53.9,95.6,98.2,11.0,36.1,112.3,117.3,6.6,4.4,2.2,493.5,331.6,161.8,503.0,338.0,165.0
Akrehamn,19,9,3.2,2.0,1984.6,1989.0,1992.2,1992.4,259.4,357.6,267.4,254.2,120.0,128.7,220.4,216.8,33.0,95.3,134.6,137.8,10.3,6.6,3.7,772.8,496.6,276.2,787.6,506.1,281.5
Sandeid,18,11,2.8,3.2,1978.4,1980.1,1984.0,1983.6,127.5,156.2,145.1,141.8,17.5,21.3,28.4,27.6,3.0,9.0,7.2,8.0,1.7,1.6,0.1,130.1,122.6,7.4,132.5,125.0,7.6
Hjelmeland,18,14,67.8,15.9,1993.8,1996.1,2010.3,2007.6,129.8,2408.4,3726.3,1495.0,59.0,546.9,3928.9,3459.1,28.0,77.1,264.1,288.8,41.5,36.2,5.4,3119.6,2717.7,401.9,3179.5,2769.8,409.6
Skodje,18,11,9.4,12.0,1984.8,1985.4,1983.4,1982.9,177.0,162.2,208.2,204.3,20.0,33.2,28.7,28.0,10.0,27.5,14.4,17.6,3.6,3.0,0.6,268.7,224.3,44.4,273.9,228.6,45.3
Sigerfjord,18,13,14.3,17.4,1987.3,1987.5,2007.2,2007.2,135.3,216.5,377.1,359.2,20.5,23.4,65.5,64.0,10.0,22.5,9.3,8.5,5.6,4.4,1.2,425.6,335.8,89.9,433.8,342.2,91.6
Muruvik,17,6,16.2,15.7,2003.8,1994.0,2005.6,2001.5,168.8,278.6,183.3,204.8,15.0,30.7,23.6,28.6,1.0,6.6,4.0,5.3,5.1,4.9,0.2,395.0,377.7,17.4,402.6,384.9,17.7
Ny Alesund,17,11,103.3,29.2,1991.6,1992.7,1993.3,1997.9,802.1,948.2,856.2,751.5,86.0,153.7,109.0,103.8,11.0,31.2,16.2,36.3,37.1,34.1,3.1,2824.3,2592.9,231.5,2878.6,2642.6,235.9
Sveio,16,10,13.9,6.0,1997.6,1996.0,2008.1,2005.1,140.4,957.8,932.5,428.4,12.0,45.0,132.6,82.5,13.5,119.6,281.2,231.9,5.1,2.8,2.3,381.0,211.4,169.6,388.3,215.5,172.8
Raunes - Vindafjord,16,13,11.4,14.6,1991.4,1992.5,1990.5,1990.6,573.8,407.5,423.1,434.6,65.5,47.2,64.0,63.8,30.0,63.8,79.8,73.7,5.2,4.3,0.9,389.4,323.4,66.0,396.9,329.6,67.3
Kvalsund,16,11,5.2,4.9,1990.9,1989.6,1994.3,1998.3,266.5,360.4,280.3,308.4,26.5,114.0,161.0,138.5,10.0,18.6,25.7,23.5,5.6,4.1,1.5,418.1,309.0,109.1,426.1,314.9,111.2
Snaroya,16,6,3.5,0.5,2001.1,1988.7,2006.9,1992.7,500.6,459.7,880.1,351.8,33.0,50.9,92.4,77.2,22.0,91.6,126.6,102.4,6.5,3.5,3.0,489.8,265.5,224.3,499.2,270.6,228.6
Lyngseidet,16,13,5.1,7.0,1987.4,1984.2,2004.8,2009.9,105.2,167.3,223.7,260.4,17.0,22.0,66.7,77.6,11.0,25.4,34.5,28.4,5.1,3.6,1.6,386.1,266.8,119.3,393.5,271.9,121.6
Jossingfjord,16,10,15.8,23.1,1994.2,1998.7,1988.7,1988.7,208.5,187.7,214.9,215.4,23.0,23.8,25.5,25.4,20.5,14.7,22.1,22.2,4.1,3.4,0.7,305.5,254.2,51.3,311.3,259.1,52.2
Lysaker,16,4,8.4,0.9,2006.6,2000.0,2004.8,2000.9,1707.5,1317.8,2068.9,2009.6,68.0,384.0,469.9,587.2,29.5,303.5,190.0,304.0,17.7,12.6,5.2,1332.2,943.7,388.6,1357.8,961.8,396.0
Bugoynes,16,6,7.8,10.6,1996.8,2003.2,2003.0,2004.7,344.7,371.3,387.6,404.0,34.0,42.3,54.3,58.1,3.0,7.7,5.5,4.9,5.4,5.3,0.2,406.5,395.0,11.5,414.3,402.6,11.7
Vanvikan-Leksvik,15,3,3.1,0.7,2004.2,1989.0,2005.2,1992.5,521.3,390.7,949.9,519.9,39.0,24.0,282.0,150.5,24.0,38.7,49.3,64.5,5.8,4.5,1.4,437.4,334.3,103.1,445.8,340.7,105.1
Skibotn,15,10,2.7,1.8,1994.9,1993.6,1991.0,1990.7,74.0,101.4,86.7,95.4,14.0,18.5,17.2,21.4,4.0,14.7,16.0,12.6,3.3,2.1,1.2,252.3,156.5,95.8,257.1,159.5,97.7
Nusfjord,14,10,1.8,2.1,1995.4,1998.0,2003.6,2004.0,87.2,107.7,105.9,102.4,12.5,27.2,67.2,52.8,20.0,18.6,16.8,13.7,4.1,2.2,1.8,305.5,168.6,137.0,311.4,171.8,139.6
Straumsnes,14,9,2.7,2.6,2005.8,2006.2,2004.7,2006.3,119.6,152.1,127.4,124.8,13.5,27.1,26.7,23.4,32.5,47.3,66.4,63.1,3.2,1.7,1.5,238.1,125.3,112.8,242.6,127.7,114.9
Svartebukt,14,5,2.0,1.3,1989.9,1994.6,2001.9,2003.2,174.1,299.6,360.0,334.5,49.5,59.6,136.1,138.4,16.0,20.4,32.3,32.8,4.0,3.3,0.8,303.8,246.1,57.6,309.6,250.8,58.8
Ulvik,14,9,2.0,2.2,1988.9,1989.3,1993.5,1991.4,105.1,130.6,120.8,117.4,16.5,30.4,20.5,19.1,1.0,25.3,5.0,3.7,1.7,1.3,0.4,129.7,99.9,29.8,132.2,101.8,30.4
Forde,13,9,7.8,12.0,1995.4,1987.3,1996.7,1998.3,117.9,232.9,225.6,218.1,12.0,26.7,35.8,35.1,6.0,6.7,6.9,7.3,2.7,2.5,0.1,191.0,180.0,11.0,194.6,183.4,11.2
Eidangerfjorden,13,8,2.9,3.7,1986.7,1986.8,2002.5,2005.1,105.1,161.6,166.4,177.0,14.0,21.4,32.5,34.7,32.0,38.9,21.0,17.9,3.1,1.9,1.2,231.4,144.2,87.3,235.9,146.9,89.0
Lenangsoyra,12,9,7.0,3.3,1993.8,1996.4,2014.3,2011.2,166.5,275.5,494.7,332.8,26.5,66.2,260.8,218.7,40.5,84.7,39.5,68.3,4.5,2.1,2.4,337.1,158.4,178.7,343.6,161.5,182.1
Sovik,12,7,2.6,1.9,1992.4,1991.3,1997.5,1991.6,514.6,823.7,526.2,342.4,21.0,25.6,51.1,56.7,85.0,69.5,113.7,99.2,4.6,1.4,3.2,343.5,104.1,239.4,350.1,106.1,244.0
Fiskabygd - Vanylven,12,9,2.4,1.3,1985.5,1986.7,2003.8,1997.7,113.4,432.9,397.4,208.0,14.5,27.1,90.8,83.0,15.0,28.5,56.3,50.6,8.6,7.1,1.5,648.3,535.2,113.2,660.8,545.4,115.3
Runde,12,11,2.5,1.0,1998.0,1997.7,1997.6,1998.9,229.7,314.8,262.4,220.5,44.0,67.0,114.5,97.3,5.0,24.1,22.4,25.9,2.9,2.3,0.6,217.1,170.9,46.2,221.3,174.2,47.1
Moldtustranda,12,11,4.4,5.3,1994.4,1994.5,2000.4,2000.0,267.9,267.5,252.2,263.6,40.5,107.7,190.3,181.1,41.0,228.7,79.4,79.0,8.3,4.2,4.1,624.3,318.7,305.6,636.3,324.8,311.5
Torjulvagen,12,11,4.2,4.4,1989.1,1986.7,1992.8,1991.7,173.9,171.0,187.1,196.2,23.5,27.9,25.2,25.0,10.0,14.4,17.3,18.1,2.6,2.2,0.4,198.7,165.9,32.8,202.5,169.1,33.4
Bogen,12,7,2.6,3.1,1993.7,1997.4,1999.7,2000.7,168.7,246.7,165.8,166.8,25.5,25.3,30.8,29.7,14.5,26.2,19.7,19.7,1.5,1.1,0.4,113.0,82.0,31.0,115.1,83.5,31.6
Kjorebonn,11,10,4.3,4.2,1988.5,1986.9,2001.6,2002.7,466.4,441.1,281.3,231.8,25.0,107.6,357.9,362.0,46.0,63.8,270.1,274.5,7.0,4.2,2.8,528.2,318.7,209.4,538.3,324.9,213.5
Halvorshavn,11,6,3.5,3.6,1990.5,1994.2,1986.2,1982.4,357.9,575.4,271.4,276.8,104.0,135.3,247.2,286.5,21.0,42.7,73.2,86.3,5.7,4.0,1.7,427.9,301.8,126.1,436.1,307.6,128.5
Maurholen,11,10,4.2,5.2,1994.4,1992.4,1994.4,1993.2,284.1,334.1,342.2,346.4,42.0,46.4,58.1,58.4,36.0,163.3,103.7,79.6,4.3,1.9,2.4,319.5,139.2,180.3,325.7,141.9,183.8
Vikkilen,11,9,1.9,1.6,1988.3,1987.4,1989.7,1989.1,102.0,165.6,118.9,113.8,26.0,70.7,42.9,29.1,15.0,67.1,22.3,14.3,3.3,1.6,1.7,247.4,117.1,130.3,252.1,119.3,132.8
Ramberg,11,10,12.1,7.3,2006.0,2005.4,1998.3,2000.5,90.4,770.5,813.1,491.6,18.0,79.4,252.1,222.9,6.0,107.1,442.6,382.8,5.8,2.7,3.0,432.7,204.7,228.0,441.0,208.6,232.4
Hvaler,10,2,0.2,0.2,1978.6,1978.5,1978.5,1978.4,115.4,97.3,125.3,127.0,43.0,49.5,75.5,89.4,12.5,8.8,14.4,11.7,2.0,1.7,0.4,151.2,124.8,26.4,154.1,127.2,26.9
Helle - Kragero,10,2,2.8,3.1,2002.1,1994.5,1997.1,1998.0,145.3,234.1,176.3,170.5,17.5,26.5,23.8,22.9,6.5,24.0,20.5,18.9,1.1,1.0,0.1,82.4,77.2,5.2,84.0,78.7,5.3
Levanger,10,4,12.5,19.8,1993.0,1987.8,1990.5,1992.1,343.5,266.3,368.3,359.9,30.5,27.0,42.2,41.3,12.5,19.1,10.9,11.1,3.8,3.6,0.2,271.0,255.2,15.7,276.2,260.1,16.0
Utgardskilen,10,7,0.6,0.5,1992.8,1987.9,1994.5,1995.5,119.3,153.9,95.5,80.2,22.5,49.5,35.1,21.6,17.5,153.7,126.1,58.9,4.7,1.4,3.3,349.7,103.0,246.7,356.4,105.0,251.5
Kvanndal,10,3,10.2,2.6,1986.1,1988.7,1991.2,1991.2,1200.2,1011.2,1148.2,1142.6,156.0,173.0,285.4,283.6,76.5,83.8,159.8,160.1,16.7,11.6,5.1,1252.1,867.3,384.8,1276.2,884.0,392.2
Nordmela,10,7,36.6,16.0,1986.1,1993.9,2011.3,2010.6,218.3,1625.1,3218.7,2717.4,53.0,358.1,1825.4,1816.3,8.0,25.6,33.0,32.7,11.7,11.4,0.4,882.1,852.6,29.5,899.0,869.0,30.1
A I Lofoten,10,10,5.2,2.5,1996.6,1996.6,1991.0,1992.1,172.1,414.3,380.5,553.4,42.5,109.5,133.7,130.1,12.5,52.8,126.4,157.2,4.7,3.7,1.0,349.2,274.6,74.5,355.9,279.9,75.9
Gaupne,10,6,2.0,2.5,1979.4,1979.7,1981.6,1984.0,117.0,174.0,165.6,157.9,13.5,22.4,30.1,28.5,12.0,16.4,15.7,15.8,1.1,1.0,0.1,83.3,76.2,7.1,84.9,77.7,7.2
Aurland,9,5,1.1,1.4,1976.9,1980.2,1977.2,1978.2,96.0,134.7,116.4,123.2,12.0,15.0,16.5,17.6,5.0,14.8,17.6,19.4,0.7,0.5,0.2,51.3,38.7,12.6,52.3,39.5,12.8
Raudbergvika,9,7,13.3,2.5,1984.0,1984.3,2001.6,1995.6,150.3,197.5,144.4,151.9,17.0,19.6,10.0,14.6,10.0,32.6,14.3,19.7,5.3,3.6,1.7,404.8,272.6,132.1,412.5,277.9,134.7
Sjovegan,9,4,1.0,0.8,1989.1,1996.2,1992.3,1993.0,135.3,113.8,115.1,115.0,18.0,15.9,32.3,34.0,3.0,2.9,3.3,3.4,0.7,0.6,0.1,50.6,45.9,4.7,51.5,46.8,4.8
Svelvik,9,7,3.4,4.5,1992.2,1993.1,2001.8,2001.5,93.7,127.4,135.8,144.4,17.0,21.1,20.2,21.1,7.0,20.0,23.9,24.1,1.6,1.1,0.5,119.9,82.4,37.5,122.2,83.9,38.2
Kilvik,9,9,4.0,5.4,1989.8,1989.8,2001.0,2003.8,163.6,279.6,335.2,327.7,21.0,32.0,64.6,66.5,9.0,15.8,18.5,14.0,1.8,1.5,0.3,133.1,112.4,20.7,135.7,114.6,21.1
Stordal,9,4,20.1,8.6,1995.2,1989.8,1979.5,1980.1,72.2,6042.9,2704.9,1217.4,30.0,1103.8,4185.7,4025.1,13.0,81.8,268.2,258.3,27.7,26.1,1.6,2076.4,1958.8,117.6,2116.3,1996.4,119.9
Stavneset - Rissa,9,6,1.0,1.0,2004.4,2002.2,2003.7,2000.6,108.9,146.4,132.4,135.3,23.0,33.8,24.1,22.3,27.0,25.7,32.3,33.7,1.3,0.9,0.4,100.4,70.0,30.4,102.4,71.3,31.0
Gravdal,9,5,7.8,4.1,2000.4,1999.2,2008.0,2007.9,114.5,548.2,1085.8,984.6,26.0,127.2,342.7,340.6,6.0,7.6,3.2,3.2,2.4,2.3,0.1,172.3,163.4,8.9,175.6,166.6,9.0
Eidsdal,8,5,10.7,7.1,1989.2,1992.0,1981.3,1981.9,330.1,1060.0,1138.2,791.0,447.5,558.7,2268.6,2269.1,15.0,17.6,27.1,24.8,32.8,31.6,1.2,2465.7,2372.7,93.0,2513.0,2418.2,94.8
Ullensvang,8,8,1.4,1.7,1992.6,1992.6,1989.9,1989.4,143.0,164.3,153.0,154.9,18.0,17.5,18.9,19.3,10.0,60.0,40.2,37.5,1.3,0.6,0.6,95.1,46.6,48.5,96.9,47.5,49.4
Ersfjord,8,8,4.3,2.6,2000.8,2000.8,1988.9,1993.5,155.3,530.5,428.0,248.6,18.5,25.4,40.1,36.9,6.5,121.6,587.9,466.9,2.7,0.6,2.1,206.4,46.9,159.6,210.4,47.8,162.6
Hellvik,8,6,0.8,1.0,1986.5,1988.7,1991.9,1992.9,118.3,135.1,123.6,117.3,20.5,27.3,29.0,24.9,5.0,7.6,7.1,6.7,1.1,1.0,0.1,81.8,72.4,9.4,83.4,73.8,9.6
Kjopmannskjar,8,2,0.4,0.2,1994.2,1982.5,2002.2,2001.7,77.4,108.8,78.3,78.7,32.0,78.8,37.6,38.1,13.5,35.0,17.1,17.8,1.0,0.8,0.3,77.6,56.4,21.2,79.1,57.5,21.6
Ramber,8,6,0.9,0.6,1993.6,1995.5,2003.6,2001.4,171.1,175.3,132.7,140.7,29.5,42.6,42.2,47.1,29.0,31.4,22.3,21.2,1.6,0.9,0.7,120.4,67.6,52.9,122.8,68.9,53.9
Valloy,8,4,1.1,1.1,1985.4,1985.0,1981.6,1979.7,129.6,111.0,122.5,125.9,16.5,28.4,34.3,30.2,28.5,25.6,41.5,45.4,0.8,0.4,0.4,63.2,32.5,30.7,64.4,33.1,31.3
Kvafjord,7,7,1.4,1.4,1999.4,1999.4,2002.5,2005.2,197.5,393.0,199.2,160.6,37.0,57.6,78.8,62.5,15.0,26.1,19.8,17.9,1.6,1.2,0.4,120.2,87.1,33.1,122.6,88.8,33.8
Laukvik,7,5,0.6,0.9,1989.0,1990.6,1998.9,2000.1,96.5,103.7,96.7,92.9,12.0,31.0,24.5,16.1,3.0,4.2,3.8,3.6,0.6,0.6,0.0,44.5,41.7,2.9,45.4,42.5,2.9
Loen,7,5,55.1,6.3,2004.0,2003.6,2004.7,2005.2,183.5,173.3,218.0,216.6,15.0,16.4,15.7,15.7,9.0,9.5,10.8,10.6,13.2,9.9,3.3,989.1,741.6,247.5,1008.1,755.9,252.2
Leksvik,6,5,0.7,0.6,1980.7,1982.6,1978.9,1978.3,191.6,271.4,208.6,238.3,30.5,51.3,59.8,73.9,27.5,36.8,31.9,21.1,0.7,0.5,0.2,53.9,38.2,15.7,54.9,38.9,16.0
Greaker,6,5,4.1,4.7,1993.7,1999.6,2010.8,2010.8,121.8,221.7,302.1,271.1,16.0,26.6,57.9,54.5,11.5,17.6,4.8,5.0,1.9,1.8,0.1,144.1,133.2,10.8,146.8,135.8,11.1
Larkollen,6,4,3.4,4.3,2002.8,2002.0,2003.6,2004.0,266.6,310.6,370.1,454.4,30.5,39.1,61.6,66.5,6.5,131.2,264.5,300.3,11.0,1.9,9.1,828.2,143.5,684.8,844.1,146.2,697.9
Eide,6,4,1.2,0.9,2004.5,2003.2,2009.1,2010.2,143.4,117.7,140.0,125.0,23.5,17.8,33.3,27.8,2.0,6.8,7.8,9.1,0.5,0.5,0.0,35.5,32.7,2.8,36.1,33.3,2.8
Skien,5,5,1.9,2.9,1993.2,1993.2,1995.1,1994.6,181.7,190.3,193.0,190.9,24.0,25.4,27.6,26.7,7.0,13.2,13.4,14.8,0.6,0.6,0.0,45.0,42.1,2.9,45.8,42.9,3.0
Eidslandet,5,2,0.2,0.2,1964.4,1963.0,1965.9,1966.7,52.3,51.2,66.2,67.2,15.0,29.0,24.5,22.8,11.0,8.5,15.8,16.6,0.3,0.2,0.1,19.7,12.9,6.8,20.1,13.1,6.9
Lavangen,5,4,0.8,1.0,1987.4,1991.5,1984.3,1980.6,123.5,120.1,116.9,111.7,22.0,20.6,21.2,19.7,2.0,3.6,3.0,1.6,0.5,0.5,0.0,35.8,33.8,1.9,36.4,34.5,2.0
Tvedestrand,5,3,1.3,1.1,2003.8,2002.3,1995.0,1995.7,65.2,108.7,129.3,116.2,17.0,15.7,19.1,18.2,26.0,52.7,43.7,50.1,0.5,0.3,0.1,37.1,25.9,11.2,37.8,26.4,11.4
Vats,5,5,0.6,0.7,1967.8,1967.8,1981.2,1984.6,72.2,82.5,75.0,82.2,15.0,207.0,105.5,61.3,3.0,4.8,6.5,6.5,1.9,1.9,0.0,141.9,140.1,1.8,144.6,142.8,1.8
Skjarhalden,5,4,0.6,0.9,1996.0,2000.5,2010.5,2010.8,47.5,79.3,77.8,76.8,27.0,40.4,24.3,23.8,37.0,26.9,17.4,17.5,0.9,0.5,0.4,71.1,39.2,31.9,72.5,40.0,32.5
Melsomvik,4,4,0.9,1.1,1989.8,1989.8,2000.2,2000.1,84.2,96.0,118.7,115.7,24.5,22.5,18.2,17.9,18.5,17.5,15.9,16.0,0.4,0.3,0.1,30.2,24.6,5.6,30.8,25.1,5.7
Stanghelle,4,3,14.5,1.1,1995.2,1988.3,2015.2,2005.8,578.4,3261.8,4643.3,624.1,40.5,293.2,1511.1,1202.5,83.5,101.3,314.3,264.0,7.5,6.2,1.3,564.4,465.5,98.9,575.3,474.4,100.8
Voll,4,3,0.2,0.1,1972.0,1978.3,1979.1,1976.5,142.5,127.4,117.8,121.6,19.5,16.8,15.0,15.3,3.5,18.2,12.0,10.1,0.5,0.4,0.1,35.7,28.6,7.2,36.4,29.1,7.3
Tjorvag,4,4,1.3,1.1,2000.0,2000.0,1990.9,1989.5,217.8,295.5,383.8,395.0,28.0,36.2,63.9,67.0,18.5,15.5,17.5,17.0,1.3,0.9,0.4,96.0,64.5,31.5,97.8,65.8,32.1
Hovland,4,4,0.8,1.1,1981.0,1981.0,1984.3,1984.8,224.3,228.3,188.5,186.9,21.0,23.5,22.3,21.9,47.5,51.5,49.4,47.9,0.6,0.4,0.2,43.2,27.3,15.8,44.0,27.8,16.1
Slagenstangen,3,3,0.2,0.1,1996.3,1996.3,2003.7,2003.1,75.1,103.8,116.6,110.4,21.0,128.3,47.3,54.1,18.0,71.7,22.6,26.3,1.3,0.8,0.4,95.2,62.4,32.8,97.0,63.6,33.4
Fjarland,3,3,0.5,0.7,1988.3,1988.3,1993.7,1995.0,113.4,106.7,113.5,121.6,10.0,11.3,14.3,14.5,20.0,27.7,24.3,25.5,0.2,0.2,0.0,17.9,15.0,2.9,18.2,15.3,3.0
Oteren,3,2,0.2,0.1,2000.0,2000.5,1999.7,1999.6,51.7,80.0,87.4,87.7,7.0,9.8,13.6,13.6,1.0,2.5,5.0,5.0,0.2,0.2,0.0,17.6,16.5,1.1,17.9,16.8,1.1
Fiskebol,3,3,1.0,0.2,1998.0,1998.0,1996.7,1998.5,107.4,134.4,84.4,94.0,29.0,25.0,10.5,17.0,12.0,10.0,1.4,5.3,0.6,0.5,0.1,43.6,39.5,4.1,44.5,40.3,4.2
Langesund,3,3,1.0,1.1,1988.3,1988.3,1998.1,1998.4,223.4,778.4,1100.6,1239.4,24.0,87.7,209.3,214.9,31.0,27.3,31.1,30.8,3.4,2.9,0.5,256.0,219.6,36.4,260.9,223.8,37.1
Florvag,3,3,1.7,0.1,1986.3,1986.3,2007.2,1999.6,202.9,1334.2,1465.6,170.7,26.0,112.7,288.3,154.7,20.0,366.3,1002.4,505.2,3.3,1.2,2.0,245.1,93.3,151.8,249.8,95.1,154.7
Rissa,2,2,0.2,0.1,1994.0,1994.0,2000.3,1999.9,220.2,220.2,223.7,223.5,26.0,26.0,31.8,31.4,97.0,97.0,50.8,53.8,0.4,0.1,0.2,29.3,10.6,18.7,29.9,10.8,19.0
Atangen,2,2,0.7,1.2,2005.5,2005.5,2012.2,2013.8,296.3,296.3,331.2,344.5,35.5,35.5,37.3,37.7,7.0,7.0,4.9,4.4,0.4,0.4,0.0,32.4,30.5,1.8,33.0,31.1,1.9
Liavag,2,2,0.1,0.1,1975.0,1975.0,1975.5,1972.1,106.7,106.7,100.4,88.3,36.0,36.0,37.3,28.0,5.0,5.0,4.8,6.3,0.1,0.1,0.0,8.4,7.8,0.6,8.6,8.0,0.6
Kongsfjord,2,2,0.4,0.2,1995.5,1995.5,2005.9,2006.0,309.9,309.9,433.9,441.0,33.5,33.5,54.7,55.0,96.0,96.0,18.3,17.3,0.4,0.1,0.3,33.4,8.9,24.6,34.1,9.0,25.0
Avaldsnes,2,2,1.6,0.6,1975.5,1975.5,1990.7,1989.8,1607.7,1607.7,2293.0,2144.2,118.5,118.5,200.7,196.1,411.5,411.5,719.7,702.4,2.7,0.5,2.2,203.8,39.9,163.9,207.7,40.7,167.0
Arnafjord,2,2,1.2,0.3,1988.0,1988.0,2003.9,1990.6,3203.1,3203.1,2066.2,539.3,134.5,134.5,216.8,147.8,472.5,472.5,135.3,417.8,4.0,1.7,2.3,301.9,130.2,171.7,307.7,132.7,175.0
Sund - Karmoy,2,2,0.2,0.2,1972.5,1972.5,1972.9,1971.7,141.4,141.4,142.0,133.5,35.0,35.0,32.0,40.4,10.0,10.0,11.5,7.3,0.2,0.1,0.0,13.3,10.4,3.0,13.6,10.6,3.0
Seljeli,2,1,0.5,0.4,1971.0,1971.0,1971.0,1971.0,177.6,177.6,177.6,177.6,22.5,22.5,24.7,24.7,9.5,9.5,10.0,10.0,0.2,0.2,0.0,15.4,14.5,0.9,15.7,14.8,1.0
Stryn,2,2,0.4,0.6,1980.5,1980.5,1979.6,1979.5,127.8,127.8,128.0,128.1,25.0,25.0,26.1,26.1,9.0,9.0,9.8,9.8,0.2,0.2,0.0,14.6,13.5,1.1,14.9,13.8,1.1
Lilandsgrunnen,2,2,0.6,0.7,2012.5,2012.5,2012.8,2012.6,304.9,304.9,253.9,180.9,46.5,46.5,66.9,54.1,16.5,16.5,23.5,19.1,0.4,0.3,0.1,29.7,23.7,6.0,30.2,24.1,6.1
Balsfjord,1,1,0.1,0.2,1985.0,1985.0,1985.0,1985.0,278.5,278.5,278.5,278.5,32.0,32.0,32.0,32.0,20.0,20.0,20.0,20.0,0.3,0.3,0.0,21.6,18.8,2.8,22.0,19.1,2.9
Malm,1,1,0.2,0.0,1967.0,1967.0,1967.0,1967.0,720.0,720.0,720.0,720.0,436.0,436.0,436.0,436.0,2222.0,2222.0,2222.0,2222.0,11.7,1.8,9.8,875.5,138.4,737.1,892.3,141.0,751.3
Snekkevik,1,1,0.4,0.6,1991.0,1991.0,1991.0,1991.0,141.4,141.4,141.4,141.4,15.0,15.0,15.0,15.0,6.0,6.0,6.0,6.0,0.1,0.1,0.0,9.9,9.7,0.2,10.1,9.9,0.2
Luster,1,1,0.1,0.0,1993.0,1993.0,1993.0,1993.0,99.4,99.4,99.4,99.4,29.0,29.0,29.0,29.0,6.0,6.0,6.0,6.0,0.1,0.1,0.0,6.4,5.6,0.8,6.5,5.7,0.8
Lura,1,1,0.1,0.1,1995.0,1995.0,1995.0,1995.0,50.1,50.1,50.1,50.1,7.0,7.0,7.0,7.0,34.0,34.0,34.0,34.0,0.0,0.0,0.0,3.7,1.8,1.9,3.7,1.8,1.9
Trollasen,1,1,0.7,0.5,1999.0,1999.0,1999.0,1999.0,301.6,301.6,301.6,301.6,126.0,126.0,126.0,126.0,256.0,256.0,256.0,256.0,0.6,0.2,0.4,46.5,15.4,31.2,47.4,15.6,31.8
Agnefest,1,1,3.9,0.8,1973.0,1973.0,1973.0,1973.0,136.7,136.7,136.7,136.7,20.0,20.0,20.0,20.0,7.0,7.0,7.0,7.0,1.7,1.3,0.3,125.6,99.5,26.1,128.0,101.5,26.6
Salangen,1,1,0.1,0.0,2006.0,2006.0,2006.0,2006.0,110.6,110.6,110.6,110.6,11.0,11.0,11.0,11.0,34.0,34.0,34.0,34.0,0.1,0.1,0.1,10.1,5.2,4.8,10.2,5.3,4.9
Alefjar,1,1,0.1,0.1,2006.0,2006.0,2006.0,2006.0,163.9,163.9,163.9,163.9,41.0,41.0,41.0,41.0,17.0,17.0,17.0,17.0,0.1,0.1,0.0,7.6,5.3,2.2,7.7,5.5,2.3
